player_id,name,team,position,slot,salary,ownership_pct,method,status,model_digest,forecast_digest
44312562,Jaxon Smith-Njigba,SEA,WR,OVERALL,9100,39.74038698076991,historical_ridge,experimental_uncalibrated,01867041f59fc7446b6020cc1bf4c189e838660ca5eaa153ab7808ef2b049318,8a9ed4f3d580516f9ddc55941dc9153d23dd27e37c40e1e743a261ab6a9b643e
44313308,Vikings,MIN,DST,OVERALL,4000,35.6762336894411,historical_ridge,experimental_uncalibrated,01867041f59fc7446b6020cc1bf4c189e838660ca5eaa153ab7808ef2b049318,8a9ed4f3d580516f9ddc55941dc9153d23dd27e37c40e1e743a261ab6a9b643e
44312278,Kenneth Walker III,KC,RB,OVERALL,8200,21.27984869613828,historical_ridge,experimental_uncalibrated,01867041f59fc7446b6020cc1bf4c189e838660ca5eaa153ab7808ef2b049318,8a9ed4f3d580516f9ddc55941dc9153d23dd27e37c40e1e743a261ab6a9b643e
44312276,Derrick Henry,BAL,RB,OVERALL,8400,21.05418130987052,historical_ridge,experimental_uncalibrated,01867041f59fc7446b6020cc1bf4c189e838660ca5eaa153ab7808ef2b049318,8a9ed4f3d580516f9ddc55941dc9153d23dd27e37c40e1e743a261ab6a9b643e
44312197,Josh Allen,BUF,QB,OVERALL,7700,19.474209153224635,historical_ridge,experimental_uncalibrated,01867041f59fc7446b6020cc1bf4c189e838660ca5eaa153ab7808ef2b049318,8a9ed4f3d580516f9ddc55941dc9153d23dd27e37c40e1e743a261ab6a9b643e
44312576,Davante Adams,LAR,WR,OVERALL,7000,15.74426050682236,historical_ridge,experimental_uncalibrated,01867041f59fc7446b6020cc1bf4c189e838660ca5eaa153ab7808ef2b049318,8a9ed4f3d580516f9ddc55941dc9153d23dd27e37c40e1e743a261ab6a9b643e
44312582,Christian Watson,GB,WR,OVERALL,6700,15.050445411121443,historical_ridge,experimental_uncalibrated,01867041f59fc7446b6020cc1bf4c189e838660ca5eaa153ab7808ef2b049318,8a9ed4f3d580516f9ddc55941dc9153d23dd27e37c40e1e743a261ab6a9b643e
44312578,Zay Flowers,BAL,WR,OVERALL,6900,14.49557517886877,historical_ridge,experimental_uncalibrated,01867041f59fc7446b6020cc1bf4c189e838660ca5eaa153ab7808ef2b049318,8a9ed4f3d580516f9ddc55941dc9153d23dd27e37c40e1e743a261ab6a9b643e
44312566,CeeDee Lamb,DAL,WR,OVERALL,7800,14.082129733067157,historical_ridge,experimental_uncalibrated,01867041f59fc7446b6020cc1bf4c189e838660ca5eaa153ab7808ef2b049318,8a9ed4f3d580516f9ddc55941dc9153d23dd27e37c40e1e743a261ab6a9b643e
44312292,D'Andre Swift,CHI,RB,OVERALL,6400,13.868217839105936,historical_ridge,experimental_uncalibrated,01867041f59fc7446b6020cc1bf4c189e838660ca5eaa153ab7808ef2b049318,8a9ed4f3d580516f9ddc55941dc9153d23dd27e37c40e1e743a261ab6a9b643e
44313310,Seahawks,SEA,DST,OVERALL,3500,13.14121038217586,historical_ridge,experimental_uncalibrated,01867041f59fc7446b6020cc1bf4c189e838660ca5eaa153ab7808ef2b049318,8a9ed4f3d580516f9ddc55941dc9153d23dd27e37c40e1e743a261ab6a9b643e
44313018,Brock Bowers,LV,TE,OVERALL,6900,12.856447959514792,historical_ridge,experimental_uncalibrated,01867041f59fc7446b6020cc1bf4c189e838660ca5eaa153ab7808ef2b049318,8a9ed4f3d580516f9ddc55941dc9153d23dd27e37c40e1e743a261ab6a9b643e
44312200,Brock Purdy,SF,QB,OVERALL,6700,12.73573714115696,historical_ridge,experimental_uncalibrated,01867041f59fc7446b6020cc1bf4c189e838660ca5eaa153ab7808ef2b049318,8a9ed4f3d580516f9ddc55941dc9153d23dd27e37c40e1e743a261ab6a9b643e
44312280,Christian McCaffrey,SF,RB,OVERALL,7700,12.333266001600432,historical_ridge,experimental_uncalibrated,01867041f59fc7446b6020cc1bf4c189e838660ca5eaa153ab7808ef2b049318,8a9ed4f3d580516f9ddc55941dc9153d23dd27e37c40e1e743a261ab6a9b643e
44312308,Kyren Williams,LAR,RB,OVERALL,5900,11.989615875920315,historical_ridge,experimental_uncalibrated,01867041f59fc7446b6020cc1bf4c189e838660ca5eaa153ab7808ef2b049318,8a9ed4f3d580516f9ddc55941dc9153d23dd27e37c40e1e743a261ab6a9b643e
44312282,James Cook III,BUF,RB,OVERALL,7400,11.659909011620474,historical_ridge,experimental_uncalibrated,01867041f59fc7446b6020cc1bf4c189e838660ca5eaa153ab7808ef2b049318,8a9ed4f3d580516f9ddc55941dc9153d23dd27e37c40e1e743a261ab6a9b643e
44312284,Ashton Jeanty,LV,RB,OVERALL,7100,10.880919058318984,historical_ridge,experimental_uncalibrated,01867041f59fc7446b6020cc1bf4c189e838660ca5eaa153ab7808ef2b049318,8a9ed4f3d580516f9ddc55941dc9153d23dd27e37c40e1e743a261ab6a9b643e
44312572,Nico Collins,HOU,WR,OVERALL,7200,10.759177547423635,historical_ridge,experimental_uncalibrated,01867041f59fc7446b6020cc1bf4c189e838660ca5eaa153ab7808ef2b049318,8a9ed4f3d580516f9ddc55941dc9153d23dd27e37c40e1e743a261ab6a9b643e
44312580,Garrett Wilson,NYJ,WR,OVERALL,6800,9.250631843029856,historical_ridge,experimental_uncalibrated,01867041f59fc7446b6020cc1bf4c189e838660ca5eaa153ab7808ef2b049318,8a9ed4f3d580516f9ddc55941dc9153d23dd27e37c40e1e743a261ab6a9b643e
44312288,Javonte Williams,DAL,RB,OVERALL,6600,9.084270042604354,historical_ridge,experimental_uncalibrated,01867041f59fc7446b6020cc1bf4c189e838660ca5eaa153ab7808ef2b049318,8a9ed4f3d580516f9ddc55941dc9153d23dd27e37c40e1e743a261ab6a9b643e
44312302,Chase Brown,CIN,RB,OVERALL,6100,8.870364191907328,historical_ridge,experimental_uncalibrated,01867041f59fc7446b6020cc1bf4c189e838660ca5eaa153ab7808ef2b049318,8a9ed4f3d580516f9ddc55941dc9153d23dd27e37c40e1e743a261ab6a9b643e
44312564,Ja'Marr Chase,CIN,WR,OVERALL,8100,8.05025295695452,historical_ridge,experimental_uncalibrated,01867041f59fc7446b6020cc1bf4c189e838660ca5eaa153ab7808ef2b049318,8a9ed4f3d580516f9ddc55941dc9153d23dd27e37c40e1e743a261ab6a9b643e
44312594,Tee Higgins,CIN,WR,OVERALL,6100,7.794079410514514,historical_ridge,experimental_uncalibrated,01867041f59fc7446b6020cc1bf4c189e838660ca5eaa153ab7808ef2b049318,8a9ed4f3d580516f9ddc55941dc9153d23dd27e37c40e1e743a261ab6a9b643e
44312310,Jeremiyah Love,ARI,RB,OVERALL,5800,7.584842756907881,historical_ridge,experimental_uncalibrated,01867041f59fc7446b6020cc1bf4c189e838660ca5eaa153ab7808ef2b049318,8a9ed4f3d580516f9ddc55941dc9153d23dd27e37c40e1e743a261ab6a9b643e
44312586,Parker Washington,JAX,WR,OVERALL,6500,7.5745731016602145,historical_ridge,experimental_uncalibrated,01867041f59fc7446b6020cc1bf4c189e838660ca5eaa153ab7808ef2b049318,8a9ed4f3d580516f9ddc55941dc9153d23dd27e37c40e1e743a261ab6a9b643e
44313311,Chiefs,KC,DST,OVERALL,3400,7.527064319468954,historical_ridge,experimental_uncalibrated,01867041f59fc7446b6020cc1bf4c189e838660ca5eaa153ab7808ef2b049318,8a9ed4f3d580516f9ddc55941dc9153d23dd27e37c40e1e743a261ab6a9b643e
44313309,Ravens,BAL,DST,OVERALL,3800,7.429343026596776,historical_ridge,experimental_uncalibrated,01867041f59fc7446b6020cc1bf4c189e838660ca5eaa153ab7808ef2b049318,8a9ed4f3d580516f9ddc55941dc9153d23dd27e37c40e1e743a261ab6a9b643e
44312202,Patrick Mahomes,KC,QB,OVERALL,6500,7.312451285752928,historical_ridge,experimental_uncalibrated,01867041f59fc7446b6020cc1bf4c189e838660ca5eaa153ab7808ef2b049318,8a9ed4f3d580516f9ddc55941dc9153d23dd27e37c40e1e743a261ab6a9b643e
44312606,Michael Wilson,ARI,WR,OVERALL,5500,7.081872980381802,historical_ridge,experimental_uncalibrated,01867041f59fc7446b6020cc1bf4c189e838660ca5eaa153ab7808ef2b049318,8a9ed4f3d580516f9ddc55941dc9153d23dd27e37c40e1e743a261ab6a9b643e
44313024,George Kittle,SF,TE,OVERALL,5100,6.744752511093324,historical_ridge,experimental_uncalibrated,01867041f59fc7446b6020cc1bf4c189e838660ca5eaa153ab7808ef2b049318,8a9ed4f3d580516f9ddc55941dc9153d23dd27e37c40e1e743a261ab6a9b643e
44313026,Travis Kelce,KC,TE,OVERALL,5000,6.670106806501746,historical_ridge,experimental_uncalibrated,01867041f59fc7446b6020cc1bf4c189e838660ca5eaa153ab7808ef2b049318,8a9ed4f3d580516f9ddc55941dc9153d23dd27e37c40e1e743a261ab6a9b643e
44312306,Bucky Irving,TB,RB,OVERALL,6000,6.449805170099574,historical_ridge,experimental_uncalibrated,01867041f59fc7446b6020cc1bf4c189e838660ca5eaa153ab7808ef2b049318,8a9ed4f3d580516f9ddc55941dc9153d23dd27e37c40e1e743a261ab6a9b643e
44312300,Cam Skattebo,NYG,RB,OVERALL,6100,6.3792522527067685,historical_ridge,experimental_uncalibrated,01867041f59fc7446b6020cc1bf4c189e838660ca5eaa153ab7808ef2b049318,8a9ed4f3d580516f9ddc55941dc9153d23dd27e37c40e1e743a261ab6a9b643e
44312608,Matthew Golden,GB,WR,OVERALL,5400,6.376703141168442,historical_ridge,experimental_uncalibrated,01867041f59fc7446b6020cc1bf4c189e838660ca5eaa153ab7808ef2b049318,8a9ed4f3d580516f9ddc55941dc9153d23dd27e37c40e1e743a261ab6a9b643e
44313020,Trey McBride,ARI,TE,OVERALL,6500,6.1943617802323105,historical_ridge,experimental_uncalibrated,01867041f59fc7446b6020cc1bf4c189e838660ca5eaa153ab7808ef2b049318,8a9ed4f3d580516f9ddc55941dc9153d23dd27e37c40e1e743a261ab6a9b643e
44312314,Bhayshul Tuten,JAX,RB,OVERALL,5600,5.948660245241304,historical_ridge,experimental_uncalibrated,01867041f59fc7446b6020cc1bf4c189e838660ca5eaa153ab7808ef2b049318,8a9ed4f3d580516f9ddc55941dc9153d23dd27e37c40e1e743a261ab6a9b643e
44312304,Aaron Jones Sr.,MIN,RB,OVERALL,6000,5.947270985293446,historical_ridge,experimental_uncalibrated,01867041f59fc7446b6020cc1bf4c189e838660ca5eaa153ab7808ef2b049318,8a9ed4f3d580516f9ddc55941dc9153d23dd27e37c40e1e743a261ab6a9b643e
44312686,Kalif Raymond,CHI,WR,OVERALL,3600,5.925889675240467,historical_ridge,experimental_uncalibrated,01867041f59fc7446b6020cc1bf4c189e838660ca5eaa153ab7808ef2b049318,8a9ed4f3d580516f9ddc55941dc9153d23dd27e37c40e1e743a261ab6a9b643e
44312312,David Montgomery,HOU,RB,OVERALL,5700,5.907709038216083,historical_ridge,experimental_uncalibrated,01867041f59fc7446b6020cc1bf4c189e838660ca5eaa153ab7808ef2b049318,8a9ed4f3d580516f9ddc55941dc9153d23dd27e37c40e1e743a261ab6a9b643e
44312568,Puka Nacua,LAR,WR,OVERALL,7500,5.721527996704186,historical_ridge,experimental_uncalibrated,01867041f59fc7446b6020cc1bf4c189e838660ca5eaa153ab7808ef2b049318,8a9ed4f3d580516f9ddc55941dc9153d23dd27e37c40e1e743a261ab6a9b643e
44313315,Bears,CHI,DST,OVERALL,3000,5.629776464292327,historical_ridge,experimental_uncalibrated,01867041f59fc7446b6020cc1bf4c189e838660ca5eaa153ab7808ef2b049318,8a9ed4f3d580516f9ddc55941dc9153d23dd27e37c40e1e743a261ab6a9b643e
44312604,Deebo Samuel Sr.,SF,WR,OVERALL,5600,5.55215902786527,historical_ridge,experimental_uncalibrated,01867041f59fc7446b6020cc1bf4c189e838660ca5eaa153ab7808ef2b049318,8a9ed4f3d580516f9ddc55941dc9153d23dd27e37c40e1e743a261ab6a9b643e
44312588,Rashee Rice,KC,WR,OVERALL,6400,5.479089064957611,historical_ridge,experimental_uncalibrated,01867041f59fc7446b6020cc1bf4c189e838660ca5eaa153ab7808ef2b049318,8a9ed4f3d580516f9ddc55941dc9153d23dd27e37c40e1e743a261ab6a9b643e
44312612,Luther Burden III,CHI,WR,OVERALL,5200,5.476167242719858,historical_ridge,experimental_uncalibrated,01867041f59fc7446b6020cc1bf4c189e838660ca5eaa153ab7808ef2b049318,8a9ed4f3d580516f9ddc55941dc9153d23dd27e37c40e1e743a261ab6a9b643e
44313022,Dalton Kincaid,BUF,TE,OVERALL,5300,5.4016736533726215,historical_ridge,experimental_uncalibrated,01867041f59fc7446b6020cc1bf4c189e838660ca5eaa153ab7808ef2b049318,8a9ed4f3d580516f9ddc55941dc9153d23dd27e37c40e1e743a261ab6a9b643e
44312618,Jakobi Meyers,JAX,WR,OVERALL,5000,5.369968173340384,historical_ridge,experimental_uncalibrated,01867041f59fc7446b6020cc1bf4c189e838660ca5eaa153ab7808ef2b049318,8a9ed4f3d580516f9ddc55941dc9153d23dd27e37c40e1e743a261ab6a9b643e
44313042,Kenyon Sadiq,NYJ,TE,OVERALL,4000,5.321656578995622,historical_ridge,experimental_uncalibrated,01867041f59fc7446b6020cc1bf4c189e838660ca5eaa153ab7808ef2b049318,8a9ed4f3d580516f9ddc55941dc9153d23dd27e37c40e1e743a261ab6a9b643e
44312614,Tre Tucker,LV,WR,OVERALL,5100,5.220564140733794,historical_ridge,experimental_uncalibrated,01867041f59fc7446b6020cc1bf4c189e838660ca5eaa153ab7808ef2b049318,8a9ed4f3d580516f9ddc55941dc9153d23dd27e37c40e1e743a261ab6a9b643e
44312205,Matthew Stafford,LAR,QB,OVERALL,6200,5.212411899222425,historical_ridge,experimental_uncalibrated,01867041f59fc7446b6020cc1bf4c189e838660ca5eaa153ab7808ef2b049318,8a9ed4f3d580516f9ddc55941dc9153d23dd27e37c40e1e743a261ab6a9b643e
44312296,Omarion Hampton,LAC,RB,OVERALL,6300,5.170206252869108,historical_ridge,experimental_uncalibrated,01867041f59fc7446b6020cc1bf4c189e838660ca5eaa153ab7808ef2b049318,8a9ed4f3d580516f9ddc55941dc9153d23dd27e37c40e1e743a261ab6a9b643e
44312198,Lamar Jackson,BAL,QB,OVERALL,7300,5.0126647759500615,historical_ridge,experimental_uncalibrated,01867041f59fc7446b6020cc1bf4c189e838660ca5eaa153ab7808ef2b049318,8a9ed4f3d580516f9ddc55941dc9153d23dd27e37c40e1e743a261ab6a9b643e
44313028,Dalton Schultz,HOU,TE,OVERALL,4800,4.993309539534475,historical_ridge,experimental_uncalibrated,01867041f59fc7446b6020cc1bf4c189e838660ca5eaa153ab7808ef2b049318,8a9ed4f3d580516f9ddc55941dc9153d23dd27e37c40e1e743a261ab6a9b643e
44312199,Joe Burrow,CIN,QB,OVERALL,6800,4.915017424140088,historical_ridge,experimental_uncalibrated,01867041f59fc7446b6020cc1bf4c189e838660ca5eaa153ab7808ef2b049318,8a9ed4f3d580516f9ddc55941dc9153d23dd27e37c40e1e743a261ab6a9b643e
44312602,DJ Moore,BUF,WR,OVERALL,5700,4.763346017109899,historical_ridge,experimental_uncalibrated,01867041f59fc7446b6020cc1bf4c189e838660ca5eaa153ab7808ef2b049318,8a9ed4f3d580516f9ddc55941dc9153d23dd27e37c40e1e743a261ab6a9b643e
44312203,Dak Prescott,DAL,QB,OVERALL,6400,4.75096780152161,historical_ridge,experimental_uncalibrated,01867041f59fc7446b6020cc1bf4c189e838660ca5eaa153ab7808ef2b049318,8a9ed4f3d580516f9ddc55941dc9153d23dd27e37c40e1e743a261ab6a9b643e
44313312,Bills,BUF,DST,OVERALL,3300,4.683736515115333,historical_ridge,experimental_uncalibrated,01867041f59fc7446b6020cc1bf4c189e838660ca5eaa153ab7808ef2b049318,8a9ed4f3d580516f9ddc55941dc9153d23dd27e37c40e1e743a261ab6a9b643e
44312584,Mike Evans,SF,WR,OVERALL,6600,4.5832295730720976,historical_ridge,experimental_uncalibrated,01867041f59fc7446b6020cc1bf4c189e838660ca5eaa153ab7808ef2b049318,8a9ed4f3d580516f9ddc55941dc9153d23dd27e37c40e1e743a261ab6a9b643e
44312600,Ladd McConkey,LAC,WR,OVERALL,5800,4.332937815982529,historical_ridge,experimental_uncalibrated,01867041f59fc7446b6020cc1bf4c189e838660ca5eaa153ab7808ef2b049318,8a9ed4f3d580516f9ddc55941dc9153d23dd27e37c40e1e743a261ab6a9b643e
44312634,Wan'Dale Robinson,TEN,WR,OVERALL,4600,4.308681740565859,historical_ridge,experimental_uncalibrated,01867041f59fc7446b6020cc1bf4c189e838660ca5eaa153ab7808ef2b049318,8a9ed4f3d580516f9ddc55941dc9153d23dd27e37c40e1e743a261ab6a9b643e
44312332,RJ Harvey,DEN,RB,OVERALL,5000,4.25879967620279,historical_ridge,experimental_uncalibrated,01867041f59fc7446b6020cc1bf4c189e838660ca5eaa153ab7808ef2b049318,8a9ed4f3d580516f9ddc55941dc9153d23dd27e37c40e1e743a261ab6a9b643e
44312207,Trevor Lawrence,JAX,QB,OVERALL,5900,4.2377183584932165,historical_ridge,experimental_uncalibrated,01867041f59fc7446b6020cc1bf4c189e838660ca5eaa153ab7808ef2b049318,8a9ed4f3d580516f9ddc55941dc9153d23dd27e37c40e1e743a261ab6a9b643e
44312328,Rhamondre Stevenson,NE,RB,OVERALL,5100,4.079156892534703,historical_ridge,experimental_uncalibrated,01867041f59fc7446b6020cc1bf4c189e838660ca5eaa153ab7808ef2b049318,8a9ed4f3d580516f9ddc55941dc9153d23dd27e37c40e1e743a261ab6a9b643e
44312336,Kyle Monangai,CHI,RB,OVERALL,4900,4.061162047856803,historical_ridge,experimental_uncalibrated,01867041f59fc7446b6020cc1bf4c189e838660ca5eaa153ab7808ef2b049318,8a9ed4f3d580516f9ddc55941dc9153d23dd27e37c40e1e743a261ab6a9b643e
44313314,Giants,NYG,DST,OVERALL,3100,4.0314747279000445,historical_ridge,experimental_uncalibrated,01867041f59fc7446b6020cc1bf4c189e838660ca5eaa153ab7808ef2b049318,8a9ed4f3d580516f9ddc55941dc9153d23dd27e37c40e1e743a261ab6a9b643e
44312324,TreVeyon Henderson,NE,RB,OVERALL,5200,3.951196751569042,historical_ridge,experimental_uncalibrated,01867041f59fc7446b6020cc1bf4c189e838660ca5eaa153ab7808ef2b049318,8a9ed4f3d580516f9ddc55941dc9153d23dd27e37c40e1e743a261ab6a9b643e
44313052,Mike Gesicki,CIN,TE,OVERALL,3300,3.9081821961999554,historical_ridge,experimental_uncalibrated,01867041f59fc7446b6020cc1bf4c189e838660ca5eaa153ab7808ef2b049318,8a9ed4f3d580516f9ddc55941dc9153d23dd27e37c40e1e743a261ab6a9b643e
44313319,Bengals,CIN,DST,OVERALL,2800,3.885259969873921,historical_ridge,experimental_uncalibrated,01867041f59fc7446b6020cc1bf4c189e838660ca5eaa153ab7808ef2b049318,8a9ed4f3d580516f9ddc55941dc9153d23dd27e37c40e1e743a261ab6a9b643e
44312590,George Pickens,DAL,WR,OVERALL,6300,3.846113649807596,historical_ridge,experimental_uncalibrated,01867041f59fc7446b6020cc1bf4c189e838660ca5eaa153ab7808ef2b049318,8a9ed4f3d580516f9ddc55941dc9153d23dd27e37c40e1e743a261ab6a9b643e
44312208,Jordan Love,GB,QB,OVERALL,5800,3.70740192687422,historical_ridge,experimental_uncalibrated,01867041f59fc7446b6020cc1bf4c189e838660ca5eaa153ab7808ef2b049318,8a9ed4f3d580516f9ddc55941dc9153d23dd27e37c40e1e743a261ab6a9b643e
44313034,Isaiah Likely,NYG,TE,OVERALL,4500,3.7059555836462947,historical_ridge,experimental_uncalibrated,01867041f59fc7446b6020cc1bf4c189e838660ca5eaa153ab7808ef2b049318,8a9ed4f3d580516f9ddc55941dc9153d23dd27e37c40e1e743a261ab6a9b643e
44312592,Jaylen Waddle,DEN,WR,OVERALL,6200,3.701502605388288,historical_ridge,experimental_uncalibrated,01867041f59fc7446b6020cc1bf4c189e838660ca5eaa153ab7808ef2b049318,8a9ed4f3d580516f9ddc55941dc9153d23dd27e37c40e1e743a261ab6a9b643e
44312318,Tony Pollard,TEN,RB,OVERALL,5400,3.697853263873388,historical_ridge,experimental_uncalibrated,01867041f59fc7446b6020cc1bf4c189e838660ca5eaa153ab7808ef2b049318,8a9ed4f3d580516f9ddc55941dc9153d23dd27e37c40e1e743a261ab6a9b643e
44312644,Dontayvion Wicks,PHI,WR,OVERALL,4300,3.6680368085318418,historical_ridge,experimental_uncalibrated,01867041f59fc7446b6020cc1bf4c189e838660ca5eaa153ab7808ef2b049318,8a9ed4f3d580516f9ddc55941dc9153d23dd27e37c40e1e743a261ab6a9b643e
44312598,Emeka Egbuka,TB,WR,OVERALL,5900,3.61593289319201,historical_ridge,experimental_uncalibrated,01867041f59fc7446b6020cc1bf4c189e838660ca5eaa153ab7808ef2b049318,8a9ed4f3d580516f9ddc55941dc9153d23dd27e37c40e1e743a261ab6a9b643e
44312201,Jalen Hurts,PHI,QB,OVERALL,6600,3.482972103942028,historical_ridge,experimental_uncalibrated,01867041f59fc7446b6020cc1bf4c189e838660ca5eaa153ab7808ef2b049318,8a9ed4f3d580516f9ddc55941dc9153d23dd27e37c40e1e743a261ab6a9b643e
44313038,Jake Ferguson,DAL,TE,OVERALL,4300,3.377274869812972,historical_ridge,experimental_uncalibrated,01867041f59fc7446b6020cc1bf4c189e838660ca5eaa153ab7808ef2b049318,8a9ed4f3d580516f9ddc55941dc9153d23dd27e37c40e1e743a261ab6a9b643e
44312664,Mack Hollins,NE,WR,OVERALL,4000,3.339248116596633,historical_ridge,experimental_uncalibrated,01867041f59fc7446b6020cc1bf4c189e838660ca5eaa153ab7808ef2b049318,8a9ed4f3d580516f9ddc55941dc9153d23dd27e37c40e1e743a261ab6a9b643e
44312221,Case Keenum,CHI,QB,OVERALL,4600,3.285672257160603,historical_ridge,experimental_uncalibrated,01867041f59fc7446b6020cc1bf4c189e838660ca5eaa153ab7808ef2b049318,8a9ed4f3d580516f9ddc55941dc9153d23dd27e37c40e1e743a261ab6a9b643e
44312610,Jordan Addison,MIN,WR,OVERALL,5300,3.126050240965527,historical_ridge,experimental_uncalibrated,01867041f59fc7446b6020cc1bf4c189e838660ca5eaa153ab7808ef2b049318,8a9ed4f3d580516f9ddc55941dc9153d23dd27e37c40e1e743a261ab6a9b643e
44312620,Chris Godwin Jr.,TB,WR,OVERALL,4900,3.082231179256252,historical_ridge,experimental_uncalibrated,01867041f59fc7446b6020cc1bf4c189e838660ca5eaa153ab7808ef2b049318,8a9ed4f3d580516f9ddc55941dc9153d23dd27e37c40e1e743a261ab6a9b643e
44312642,Malik Washington,MIA,WR,OVERALL,4400,3.0809631242526003,historical_ridge,experimental_uncalibrated,01867041f59fc7446b6020cc1bf4c189e838660ca5eaa153ab7808ef2b049318,8a9ed4f3d580516f9ddc55941dc9153d23dd27e37c40e1e743a261ab6a9b643e
44312286,Saquon Barkley,PHI,RB,OVERALL,6800,3.040265162368219,historical_ridge,experimental_uncalibrated,01867041f59fc7446b6020cc1bf4c189e838660ca5eaa153ab7808ef2b049318,8a9ed4f3d580516f9ddc55941dc9153d23dd27e37c40e1e743a261ab6a9b643e
44312650,Rashod Bateman,BAL,WR,OVERALL,4200,3.036890745686626,historical_ridge,experimental_uncalibrated,01867041f59fc7446b6020cc1bf4c189e838660ca5eaa153ab7808ef2b049318,8a9ed4f3d580516f9ddc55941dc9153d23dd27e37c40e1e743a261ab6a9b643e
44312626,Carnell Tate,TEN,WR,OVERALL,4800,3.0315664355227283,historical_ridge,experimental_uncalibrated,01867041f59fc7446b6020cc1bf4c189e838660ca5eaa153ab7808ef2b049318,8a9ed4f3d580516f9ddc55941dc9153d23dd27e37c40e1e743a261ab6a9b643e
44312616,Rome Odunze,CHI,WR,OVERALL,5000,2.9430879247017696,historical_ridge,experimental_uncalibrated,01867041f59fc7446b6020cc1bf4c189e838660ca5eaa153ab7808ef2b049318,8a9ed4f3d580516f9ddc55941dc9153d23dd27e37c40e1e743a261ab6a9b643e
44313317,Texans,HOU,DST,OVERALL,2900,2.886055345360451,historical_ridge,experimental_uncalibrated,01867041f59fc7446b6020cc1bf4c189e838660ca5eaa153ab7808ef2b049318,8a9ed4f3d580516f9ddc55941dc9153d23dd27e37c40e1e743a261ab6a9b643e
44312660,Cooper Kupp,SEA,WR,OVERALL,4100,2.883025549385557,historical_ridge,experimental_uncalibrated,01867041f59fc7446b6020cc1bf4c189e838660ca5eaa153ab7808ef2b049318,8a9ed4f3d580516f9ddc55941dc9153d23dd27e37c40e1e743a261ab6a9b643e
44312596,Malik Nabers,NYG,WR,OVERALL,6000,2.8760948390096472,historical_ridge,experimental_uncalibrated,01867041f59fc7446b6020cc1bf4c189e838660ca5eaa153ab7808ef2b049318,8a9ed4f3d580516f9ddc55941dc9153d23dd27e37c40e1e743a261ab6a9b643e
44313050,Michael Mayer,LV,TE,OVERALL,3400,2.8643479165861234,historical_ridge,experimental_uncalibrated,01867041f59fc7446b6020cc1bf4c189e838660ca5eaa153ab7808ef2b049318,8a9ed4f3d580516f9ddc55941dc9153d23dd27e37c40e1e743a261ab6a9b643e
44312654,Pat Bryant,DEN,WR,OVERALL,4200,2.8079946710309023,historical_ridge,experimental_uncalibrated,01867041f59fc7446b6020cc1bf4c189e838660ca5eaa153ab7808ef2b049318,8a9ed4f3d580516f9ddc55941dc9153d23dd27e37c40e1e743a261ab6a9b643e
44312632,Xavier Worthy,KC,WR,OVERALL,4600,2.7699572642379136,historical_ridge,experimental_uncalibrated,01867041f59fc7446b6020cc1bf4c189e838660ca5eaa153ab7808ef2b049318,8a9ed4f3d580516f9ddc55941dc9153d23dd27e37c40e1e743a261ab6a9b643e
44312216,Kirk Cousins,LV,QB,OVERALL,5100,2.761916069012033,historical_ridge,experimental_uncalibrated,01867041f59fc7446b6020cc1bf4c189e838660ca5eaa153ab7808ef2b049318,8a9ed4f3d580516f9ddc55941dc9153d23dd27e37c40e1e743a261ab6a9b643e
44312628,Romeo Doubs,NE,WR,OVERALL,4700,2.738023732220455,historical_ridge,experimental_uncalibrated,01867041f59fc7446b6020cc1bf4c189e838660ca5eaa153ab7808ef2b049318,8a9ed4f3d580516f9ddc55941dc9153d23dd27e37c40e1e743a261ab6a9b643e
44312209,C.J. Stroud,HOU,QB,OVERALL,5700,2.709503285643821,historical_ridge,experimental_uncalibrated,01867041f59fc7446b6020cc1bf4c189e838660ca5eaa153ab7808ef2b049318,8a9ed4f3d580516f9ddc55941dc9153d23dd27e37c40e1e743a261ab6a9b643e
44313062,Tyler Higbee,LAR,TE,OVERALL,3100,2.6807807402207984,historical_ridge,experimental_uncalibrated,01867041f59fc7446b6020cc1bf4c189e838660ca5eaa153ab7808ef2b049318,8a9ed4f3d580516f9ddc55941dc9153d23dd27e37c40e1e743a261ab6a9b643e
44312622,Courtland Sutton,DEN,WR,OVERALL,4900,2.673174894301754,historical_ridge,experimental_uncalibrated,01867041f59fc7446b6020cc1bf4c189e838660ca5eaa153ab7808ef2b049318,8a9ed4f3d580516f9ddc55941dc9153d23dd27e37c40e1e743a261ab6a9b643e
44313048,Cade Otton,TB,TE,OVERALL,3400,2.637731855652879,historical_ridge,experimental_uncalibrated,01867041f59fc7446b6020cc1bf4c189e838660ca5eaa153ab7808ef2b049318,8a9ed4f3d580516f9ddc55941dc9153d23dd27e37c40e1e743a261ab6a9b643e
44312656,Tre' Harris,LAC,WR,OVERALL,4100,2.6239863006492965,historical_ridge,experimental_uncalibrated,01867041f59fc7446b6020cc1bf4c189e838660ca5eaa153ab7808ef2b049318,8a9ed4f3d580516f9ddc55941dc9153d23dd27e37c40e1e743a261ab6a9b643e
44312210,Bo Nix,DEN,QB,OVERALL,5600,2.6188478560591117,historical_ridge,experimental_uncalibrated,01867041f59fc7446b6020cc1bf4c189e838660ca5eaa153ab7808ef2b049318,8a9ed4f3d580516f9ddc55941dc9153d23dd27e37c40e1e743a261ab6a9b643e
44312211,Sam Darnold,SEA,QB,OVERALL,5500,2.5163004440851986,historical_ridge,experimental_uncalibrated,01867041f59fc7446b6020cc1bf4c189e838660ca5eaa153ab7808ef2b049318,8a9ed4f3d580516f9ddc55941dc9153d23dd27e37c40e1e743a261ab6a9b643e
44312648,Xavier Hutchinson,HOU,WR,OVERALL,4300,2.491562878619412,historical_ridge,experimental_uncalibrated,01867041f59fc7446b6020cc1bf4c189e838660ca5eaa153ab7808ef2b049318,8a9ed4f3d580516f9ddc55941dc9153d23dd27e37c40e1e743a261ab6a9b643e
44312342,Woody Marks,HOU,RB,OVERALL,4700,2.4683315927366833,historical_ridge,experimental_uncalibrated,01867041f59fc7446b6020cc1bf4c189e838660ca5eaa153ab7808ef2b049318,8a9ed4f3d580516f9ddc55941dc9153d23dd27e37c40e1e743a261ab6a9b643e
44312630,Khalil Shakir,BUF,WR,OVERALL,4700,2.46735363392457,historical_ridge,experimental_uncalibrated,01867041f59fc7446b6020cc1bf4c189e838660ca5eaa153ab7808ef2b049318,8a9ed4f3d580516f9ddc55941dc9153d23dd27e37c40e1e743a261ab6a9b643e
44313066,AJ Barner,SEA,TE,OVERALL,3000,2.4526818330821714,historical_ridge,experimental_uncalibrated,01867041f59fc7446b6020cc1bf4c189e838660ca5eaa153ab7808ef2b049318,8a9ed4f3d580516f9ddc55941dc9153d23dd27e37c40e1e743a261ab6a9b643e
44312378,Ty Johnson,BUF,RB,OVERALL,4400,2.4300942134953716,historical_ridge,experimental_uncalibrated,01867041f59fc7446b6020cc1bf4c189e838660ca5eaa153ab7808ef2b049318,8a9ed4f3d580516f9ddc55941dc9153d23dd27e37c40e1e743a261ab6a9b643e
44312215,Geno Smith,NYJ,QB,OVERALL,5200,2.4196515096916595,historical_ridge,experimental_uncalibrated,01867041f59fc7446b6020cc1bf4c189e838660ca5eaa153ab7808ef2b049318,8a9ed4f3d580516f9ddc55941dc9153d23dd27e37c40e1e743a261ab6a9b643e
44313054,T.J. Hockenson,MIN,TE,OVERALL,3300,2.4028185400274134,historical_ridge,experimental_uncalibrated,01867041f59fc7446b6020cc1bf4c189e838660ca5eaa153ab7808ef2b049318,8a9ed4f3d580516f9ddc55941dc9153d23dd27e37c40e1e743a261ab6a9b643e
44313056,Brenton Strange,JAX,TE,OVERALL,3200,2.3928862439559846,historical_ridge,experimental_uncalibrated,01867041f59fc7446b6020cc1bf4c189e838660ca5eaa153ab7808ef2b049318,8a9ed4f3d580516f9ddc55941dc9153d23dd27e37c40e1e743a261ab6a9b643e
44313040,Mark Andrews,BAL,TE,OVERALL,4200,2.392622143352724,historical_ridge,experimental_uncalibrated,01867041f59fc7446b6020cc1bf4c189e838660ca5eaa153ab7808ef2b049318,8a9ed4f3d580516f9ddc55941dc9153d23dd27e37c40e1e743a261ab6a9b643e
44312217,Jacoby Brissett,ARI,QB,OVERALL,5000,2.3616391134810777,historical_ridge,experimental_uncalibrated,01867041f59fc7446b6020cc1bf4c189e838660ca5eaa153ab7808ef2b049318,8a9ed4f3d580516f9ddc55941dc9153d23dd27e37c40e1e743a261ab6a9b643e
44312320,J.K. Dobbins,DEN,RB,OVERALL,5300,2.32854317245989,historical_ridge,experimental_uncalibrated,01867041f59fc7446b6020cc1bf4c189e838660ca5eaa153ab7808ef2b049318,8a9ed4f3d580516f9ddc55941dc9153d23dd27e37c40e1e743a261ab6a9b643e
44313322,Jaguars,JAX,DST,OVERALL,2600,2.3220896671072904,historical_ridge,experimental_uncalibrated,01867041f59fc7446b6020cc1bf4c189e838660ca5eaa153ab7808ef2b049318,8a9ed4f3d580516f9ddc55941dc9153d23dd27e37c40e1e743a261ab6a9b643e
44312646,Brian Thomas Jr.,JAX,WR,OVERALL,4300,2.307498178791831,historical_ridge,experimental_uncalibrated,01867041f59fc7446b6020cc1bf4c189e838660ca5eaa153ab7808ef2b049318,8a9ed4f3d580516f9ddc55941dc9153d23dd27e37c40e1e743a261ab6a9b643e
44312666,Keon Coleman,BUF,WR,OVERALL,4000,2.2898163834296397,historical_ridge,experimental_uncalibrated,01867041f59fc7446b6020cc1bf4c189e838660ca5eaa153ab7808ef2b049318,8a9ed4f3d580516f9ddc55941dc9153d23dd27e37c40e1e743a261ab6a9b643e
44312340,Blake Corum,LAR,RB,OVERALL,4900,2.2882226903800382,historical_ridge,experimental_uncalibrated,01867041f59fc7446b6020cc1bf4c189e838660ca5eaa153ab7808ef2b049318,8a9ed4f3d580516f9ddc55941dc9153d23dd27e37c40e1e743a261ab6a9b643e
44313036,Tucker Kraft,GB,TE,OVERALL,4400,2.273798778908372,historical_ridge,experimental_uncalibrated,01867041f59fc7446b6020cc1bf4c189e838660ca5eaa153ab7808ef2b049318,8a9ed4f3d580516f9ddc55941dc9153d23dd27e37c40e1e743a261ab6a9b643e
44313313,Packers,GB,DST,OVERALL,3200,2.2475792847586473,historical_ridge,experimental_uncalibrated,01867041f59fc7446b6020cc1bf4c189e838660ca5eaa153ab7808ef2b049318,8a9ed4f3d580516f9ddc55941dc9153d23dd27e37c40e1e743a261ab6a9b643e
44313316,49ers,SF,DST,OVERALL,2900,2.2339265177404872,historical_ridge,experimental_uncalibrated,01867041f59fc7446b6020cc1bf4c189e838660ca5eaa153ab7808ef2b049318,8a9ed4f3d580516f9ddc55941dc9153d23dd27e37c40e1e743a261ab6a9b643e
44312624,Quentin Johnston,LAC,WR,OVERALL,4800,2.153680710338459,historical_ridge,experimental_uncalibrated,01867041f59fc7446b6020cc1bf4c189e838660ca5eaa153ab7808ef2b049318,8a9ed4f3d580516f9ddc55941dc9153d23dd27e37c40e1e743a261ab6a9b643e
44313046,Hunter Henry,NE,TE,OVERALL,3500,2.1082336781538413,historical_ridge,experimental_uncalibrated,01867041f59fc7446b6020cc1bf4c189e838660ca5eaa153ab7808ef2b049318,8a9ed4f3d580516f9ddc55941dc9153d23dd27e37c40e1e743a261ab6a9b643e
44312696,Kendrick Bourne,ARI,WR,OVERALL,3500,2.0622837365481335,historical_ridge,experimental_uncalibrated,01867041f59fc7446b6020cc1bf4c189e838660ca5eaa153ab7808ef2b049318,8a9ed4f3d580516f9ddc55941dc9153d23dd27e37c40e1e743a261ab6a9b643e
44312574,DeVonta Smith,PHI,WR,OVERALL,7100,2.0284616625291454,historical_ridge,experimental_uncalibrated,01867041f59fc7446b6020cc1bf4c189e838660ca5eaa153ab7808ef2b049318,8a9ed4f3d580516f9ddc55941dc9153d23dd27e37c40e1e743a261ab6a9b643e
44312640,Kayshon Boutte,HOU,WR,OVERALL,4400,2.0157939470371047,historical_ridge,experimental_uncalibrated,01867041f59fc7446b6020cc1bf4c189e838660ca5eaa153ab7808ef2b049318,8a9ed4f3d580516f9ddc55941dc9153d23dd27e37c40e1e743a261ab6a9b643e
44312678,Ryan Flournoy,DAL,WR,OVERALL,3800,1.9922140627841043,historical_ridge,experimental_uncalibrated,01867041f59fc7446b6020cc1bf4c189e838660ca5eaa153ab7808ef2b049318,8a9ed4f3d580516f9ddc55941dc9153d23dd27e37c40e1e743a261ab6a9b643e
44312638,Marvin Harrison Jr.,ARI,WR,OVERALL,4500,1.9193424682343065,historical_ridge,experimental_uncalibrated,01867041f59fc7446b6020cc1bf4c189e838660ca5eaa153ab7808ef2b049318,8a9ed4f3d580516f9ddc55941dc9153d23dd27e37c40e1e743a261ab6a9b643e
44312712,Joshua Palmer,BUF,WR,OVERALL,3300,1.9146683724520313,historical_ridge,experimental_uncalibrated,01867041f59fc7446b6020cc1bf4c189e838660ca5eaa153ab7808ef2b049318,8a9ed4f3d580516f9ddc55941dc9153d23dd27e37c40e1e743a261ab6a9b643e
44312674,Darnell Mooney,NYG,WR,OVERALL,3800,1.9065400340416434,historical_ridge,experimental_uncalibrated,01867041f59fc7446b6020cc1bf4c189e838660ca5eaa153ab7808ef2b049318,8a9ed4f3d580516f9ddc55941dc9153d23dd27e37c40e1e743a261ab6a9b643e
44313058,Greg Dulcich,MIA,TE,OVERALL,3200,1.894881044975597,historical_ridge,experimental_uncalibrated,01867041f59fc7446b6020cc1bf4c189e838660ca5eaa153ab7808ef2b049318,8a9ed4f3d580516f9ddc55941dc9153d23dd27e37c40e1e743a261ab6a9b643e
44313044,Oronde Gadsden II,LAC,TE,OVERALL,3600,1.8708546713154213,historical_ridge,experimental_uncalibrated,01867041f59fc7446b6020cc1bf4c189e838660ca5eaa153ab7808ef2b049318,8a9ed4f3d580516f9ddc55941dc9153d23dd27e37c40e1e743a261ab6a9b643e
44312716,Jordan Watkins,SF,WR,OVERALL,3300,1.8588766331620126,historical_ridge,experimental_uncalibrated,01867041f59fc7446b6020cc1bf4c189e838660ca5eaa153ab7808ef2b049318,8a9ed4f3d580516f9ddc55941dc9153d23dd27e37c40e1e743a261ab6a9b643e
44312706,Konata Mumpfield,LAR,WR,OVERALL,3400,1.8583892992028135,historical_ridge,experimental_uncalibrated,01867041f59fc7446b6020cc1bf4c189e838660ca5eaa153ab7808ef2b049318,8a9ed4f3d580516f9ddc55941dc9153d23dd27e37c40e1e743a261ab6a9b643e
44312348,Tyler Allgeier,ARI,RB,OVERALL,4800,1.8469500870263151,historical_ridge,experimental_uncalibrated,01867041f59fc7446b6020cc1bf4c189e838660ca5eaa153ab7808ef2b049318,8a9ed4f3d580516f9ddc55941dc9153d23dd27e37c40e1e743a261ab6a9b643e
44312338,Tyjae Spears,TEN,RB,OVERALL,4900,1.830165366879836,historical_ridge,experimental_uncalibrated,01867041f59fc7446b6020cc1bf4c189e838660ca5eaa153ab7808ef2b049318,8a9ed4f3d580516f9ddc55941dc9153d23dd27e37c40e1e743a261ab6a9b643e
44312326,Braelon Allen,NYJ,RB,OVERALL,5200,1.81302207972966,historical_ridge,experimental_uncalibrated,01867041f59fc7446b6020cc1bf4c189e838660ca5eaa153ab7808ef2b049318,8a9ed4f3d580516f9ddc55941dc9153d23dd27e37c40e1e743a261ab6a9b643e
44312736,Ted Hurst III,TB,WR,OVERALL,3100,1.7234793271431366,historical_ridge,experimental_uncalibrated,01867041f59fc7446b6020cc1bf4c189e838660ca5eaa153ab7808ef2b049318,8a9ed4f3d580516f9ddc55941dc9153d23dd27e37c40e1e743a261ab6a9b643e
44312316,Ollie Gordon II,MIA,RB,OVERALL,5500,1.71701919677343,historical_ridge,experimental_uncalibrated,01867041f59fc7446b6020cc1bf4c189e838660ca5eaa153ab7808ef2b049318,8a9ed4f3d580516f9ddc55941dc9153d23dd27e37c40e1e743a261ab6a9b643e
44313070,Evan Engram,DEN,TE,OVERALL,2900,1.6970097999434817,historical_ridge,experimental_uncalibrated,01867041f59fc7446b6020cc1bf4c189e838660ca5eaa153ab7808ef2b049318,8a9ed4f3d580516f9ddc55941dc9153d23dd27e37c40e1e743a261ab6a9b643e
44312322,Tank Bigsby,PHI,RB,OVERALL,5300,1.694937244751673,historical_ridge,experimental_uncalibrated,01867041f59fc7446b6020cc1bf4c189e838660ca5eaa153ab7808ef2b049318,8a9ed4f3d580516f9ddc55941dc9153d23dd27e37c40e1e743a261ab6a9b643e
44312344,MarShawn Lloyd,GB,RB,OVERALL,4800,1.6858023624544816,historical_ridge,experimental_uncalibrated,01867041f59fc7446b6020cc1bf4c189e838660ca5eaa153ab7808ef2b049318,8a9ed4f3d580516f9ddc55941dc9153d23dd27e37c40e1e743a261ab6a9b643e
44312672,Rashid Shaheed,SEA,WR,OVERALL,3900,1.667416974716673,historical_ridge,experimental_uncalibrated,01867041f59fc7446b6020cc1bf4c189e838660ca5eaa153ab7808ef2b049318,8a9ed4f3d580516f9ddc55941dc9153d23dd27e37c40e1e743a261ab6a9b643e
44312350,Kenny Gainwell,TB,RB,OVERALL,4700,1.6418139000623435,historical_ridge,experimental_uncalibrated,01867041f59fc7446b6020cc1bf4c189e838660ca5eaa153ab7808ef2b049318,8a9ed4f3d580516f9ddc55941dc9153d23dd27e37c40e1e743a261ab6a9b643e
44312682,Chris Bell,MIA,WR,OVERALL,3700,1.6340592451883955,historical_ridge,experimental_uncalibrated,01867041f59fc7446b6020cc1bf4c189e838660ca5eaa153ab7808ef2b049318,8a9ed4f3d580516f9ddc55941dc9153d23dd27e37c40e1e743a261ab6a9b643e
44312702,Tyquan Thornton,KC,WR,OVERALL,3400,1.6301789547156762,historical_ridge,experimental_uncalibrated,01867041f59fc7446b6020cc1bf4c189e838660ca5eaa153ab7808ef2b049318,8a9ed4f3d580516f9ddc55941dc9153d23dd27e37c40e1e743a261ab6a9b643e
44312698,Jaylin Noel,HOU,WR,OVERALL,3400,1.6279065553778964,historical_ridge,experimental_uncalibrated,01867041f59fc7446b6020cc1bf4c189e838660ca5eaa153ab7808ef2b049318,8a9ed4f3d580516f9ddc55941dc9153d23dd27e37c40e1e743a261ab6a9b643e
44312694,Isaiah Williams,NYJ,WR,OVERALL,3500,1.6240625097391006,historical_ridge,experimental_uncalibrated,01867041f59fc7446b6020cc1bf4c189e838660ca5eaa153ab7808ef2b049318,8a9ed4f3d580516f9ddc55941dc9153d23dd27e37c40e1e743a261ab6a9b643e
44312730,Cody White,LV,WR,OVERALL,3100,1.6168748127385733,historical_ridge,experimental_uncalibrated,01867041f59fc7446b6020cc1bf4c189e838660ca5eaa153ab7808ef2b049318,8a9ed4f3d580516f9ddc55941dc9153d23dd27e37c40e1e743a261ab6a9b643e
44312354,Chris Rodriguez Jr.,JAX,RB,OVERALL,4600,1.58234165410898,historical_ridge,experimental_uncalibrated,01867041f59fc7446b6020cc1bf4c189e838660ca5eaa153ab7808ef2b049318,8a9ed4f3d580516f9ddc55941dc9153d23dd27e37c40e1e743a261ab6a9b643e
44312662,Malachi Fields,NYG,WR,OVERALL,4000,1.574951126659077,historical_ridge,experimental_uncalibrated,01867041f59fc7446b6020cc1bf4c189e838660ca5eaa153ab7808ef2b049318,8a9ed4f3d580516f9ddc55941dc9153d23dd27e37c40e1e743a261ab6a9b643e
44313318,Buccaneers,TB,DST,OVERALL,2800,1.5421965965911648,historical_ridge,experimental_uncalibrated,01867041f59fc7446b6020cc1bf4c189e838660ca5eaa153ab7808ef2b049318,8a9ed4f3d580516f9ddc55941dc9153d23dd27e37c40e1e743a261ab6a9b643e
44313030,Colston Loveland,CHI,TE,OVERALL,4700,1.51802986578523,historical_ridge,experimental_uncalibrated,01867041f59fc7446b6020cc1bf4c189e838660ca5eaa153ab7808ef2b049318,8a9ed4f3d580516f9ddc55941dc9153d23dd27e37c40e1e743a261ab6a9b643e
44312676,Jauan Jennings,MIN,WR,OVERALL,3800,1.508325869884169,historical_ridge,experimental_uncalibrated,01867041f59fc7446b6020cc1bf4c189e838660ca5eaa153ab7808ef2b049318,8a9ed4f3d580516f9ddc55941dc9153d23dd27e37c40e1e743a261ab6a9b643e
44312692,DeMario Douglas,NE,WR,OVERALL,3500,1.4770881904455662,historical_ridge,experimental_uncalibrated,01867041f59fc7446b6020cc1bf4c189e838660ca5eaa153ab7808ef2b049318,8a9ed4f3d580516f9ddc55941dc9153d23dd27e37c40e1e743a261ab6a9b643e
44312212,Justin Herbert,LAC,QB,OVERALL,5400,1.4452685620549914,historical_ridge,experimental_uncalibrated,01867041f59fc7446b6020cc1bf4c189e838660ca5eaa153ab7808ef2b049318,8a9ed4f3d580516f9ddc55941dc9153d23dd27e37c40e1e743a261ab6a9b643e
44313084,Foster Moreau,HOU,TE,OVERALL,2700,1.3986669608567013,historical_ridge,experimental_uncalibrated,01867041f59fc7446b6020cc1bf4c189e838660ca5eaa153ab7808ef2b049318,8a9ed4f3d580516f9ddc55941dc9153d23dd27e37c40e1e743a261ab6a9b643e
44313080,Eli Raridon,NE,TE,OVERALL,2700,1.3971141952762098,historical_ridge,experimental_uncalibrated,01867041f59fc7446b6020cc1bf4c189e838660ca5eaa153ab7808ef2b049318,8a9ed4f3d580516f9ddc55941dc9153d23dd27e37c40e1e743a261ab6a9b643e
44312370,Keaton Mitchell,LAC,RB,OVERALL,4300,1.3823178242197929,historical_ridge,experimental_uncalibrated,01867041f59fc7446b6020cc1bf4c189e838660ca5eaa153ab7808ef2b049318,8a9ed4f3d580516f9ddc55941dc9153d23dd27e37c40e1e743a261ab6a9b643e
44313076,Dawson Knox,BUF,TE,OVERALL,2800,1.3778262413764164,historical_ridge,experimental_uncalibrated,01867041f59fc7446b6020cc1bf4c189e838660ca5eaa153ab7808ef2b049318,8a9ed4f3d580516f9ddc55941dc9153d23dd27e37c40e1e743a261ab6a9b643e
44312206,Drake Maye,NE,QB,OVERALL,6000,1.375752938063212,historical_ridge,experimental_uncalibrated,01867041f59fc7446b6020cc1bf4c189e838660ca5eaa153ab7808ef2b049318,8a9ed4f3d580516f9ddc55941dc9153d23dd27e37c40e1e743a261ab6a9b643e
44312690,Jalen Nailor,LV,WR,OVERALL,3600,1.374994149423548,historical_ridge,experimental_uncalibrated,01867041f59fc7446b6020cc1bf4c189e838660ca5eaa153ab7808ef2b049318,8a9ed4f3d580516f9ddc55941dc9153d23dd27e37c40e1e743a261ab6a9b643e
44312658,Makai Lemon,PHI,WR,OVERALL,4100,1.343942244474192,historical_ridge,experimental_uncalibrated,01867041f59fc7446b6020cc1bf4c189e838660ca5eaa153ab7808ef2b049318,8a9ed4f3d580516f9ddc55941dc9153d23dd27e37c40e1e743a261ab6a9b643e
44312680,Calvin Ridley,TEN,WR,OVERALL,3700,1.3346214986837062,historical_ridge,experimental_uncalibrated,01867041f59fc7446b6020cc1bf4c189e838660ca5eaa153ab7808ef2b049318,8a9ed4f3d580516f9ddc55941dc9153d23dd27e37c40e1e743a261ab6a9b643e
44312720,Chris Moore,BAL,WR,OVERALL,3200,1.3185409090531577,historical_ridge,experimental_uncalibrated,01867041f59fc7446b6020cc1bf4c189e838660ca5eaa153ab7808ef2b049318,8a9ed4f3d580516f9ddc55941dc9153d23dd27e37c40e1e743a261ab6a9b643e
44312364,Emmett Johnson,KC,RB,OVERALL,4400,1.3101071170882401,historical_ridge,experimental_uncalibrated,01867041f59fc7446b6020cc1bf4c189e838660ca5eaa153ab7808ef2b049318,8a9ed4f3d580516f9ddc55941dc9153d23dd27e37c40e1e743a261ab6a9b643e
44313078,Gunnar Helm,TEN,TE,OVERALL,2800,1.2882002406546211,historical_ridge,experimental_uncalibrated,01867041f59fc7446b6020cc1bf4c189e838660ca5eaa153ab7808ef2b049318,8a9ed4f3d580516f9ddc55941dc9153d23dd27e37c40e1e743a261ab6a9b643e
44313072,Jonnu Smith,GB,TE,OVERALL,2900,1.2860073124190101,historical_ridge,experimental_uncalibrated,01867041f59fc7446b6020cc1bf4c189e838660ca5eaa153ab7808ef2b049318,8a9ed4f3d580516f9ddc55941dc9153d23dd27e37c40e1e743a261ab6a9b643e
44312352,Emanuel Wilson,SEA,RB,OVERALL,4700,1.2837971789343312,historical_ridge,experimental_uncalibrated,01867041f59fc7446b6020cc1bf4c189e838660ca5eaa153ab7808ef2b049318,8a9ed4f3d580516f9ddc55941dc9153d23dd27e37c40e1e743a261ab6a9b643e
44312218,Malik Willis,MIA,QB,OVERALL,4900,1.2636903381379168,historical_ridge,experimental_uncalibrated,01867041f59fc7446b6020cc1bf4c189e838660ca5eaa153ab7808ef2b049318,8a9ed4f3d580516f9ddc55941dc9153d23dd27e37c40e1e743a261ab6a9b643e
44312220,Cam Ward,TEN,QB,OVERALL,4700,1.2625823638613323,historical_ridge,experimental_uncalibrated,01867041f59fc7446b6020cc1bf4c189e838660ca5eaa153ab7808ef2b049318,8a9ed4f3d580516f9ddc55941dc9153d23dd27e37c40e1e743a261ab6a9b643e
44313068,Colby Parkinson,LAR,TE,OVERALL,2900,1.2395456675224374,historical_ridge,experimental_uncalibrated,01867041f59fc7446b6020cc1bf4c189e838660ca5eaa153ab7808ef2b049318,8a9ed4f3d580516f9ddc55941dc9153d23dd27e37c40e1e743a261ab6a9b643e
44313324,Broncos,DEN,DST,OVERALL,2500,1.2363653409226243,historical_ridge,experimental_uncalibrated,01867041f59fc7446b6020cc1bf4c189e838660ca5eaa153ab7808ef2b049318,8a9ed4f3d580516f9ddc55941dc9153d23dd27e37c40e1e743a261ab6a9b643e
44312362,George Holani,SEA,RB,OVERALL,4500,1.231316957478828,historical_ridge,experimental_uncalibrated,01867041f59fc7446b6020cc1bf4c189e838660ca5eaa153ab7808ef2b049318,8a9ed4f3d580516f9ddc55941dc9153d23dd27e37c40e1e743a261ab6a9b643e
44312704,Troy Franklin,DEN,WR,OVERALL,3400,1.2174744811014078,historical_ridge,experimental_uncalibrated,01867041f59fc7446b6020cc1bf4c189e838660ca5eaa153ab7808ef2b049318,8a9ed4f3d580516f9ddc55941dc9153d23dd27e37c40e1e743a261ab6a9b643e
44313327,Raiders,LV,DST,OVERALL,2400,1.2005897986311374,historical_ridge,experimental_uncalibrated,01867041f59fc7446b6020cc1bf4c189e838660ca5eaa153ab7808ef2b049318,8a9ed4f3d580516f9ddc55941dc9153d23dd27e37c40e1e743a261ab6a9b643e
44313074,Cole Kmet,CHI,TE,OVERALL,2800,1.193487713383773,historical_ridge,experimental_uncalibrated,01867041f59fc7446b6020cc1bf4c189e838660ca5eaa153ab7808ef2b049318,8a9ed4f3d580516f9ddc55941dc9153d23dd27e37c40e1e743a261ab6a9b643e
44312714,Jahdae Walker,CHI,WR,OVERALL,3300,1.1850854484156745,historical_ridge,experimental_uncalibrated,01867041f59fc7446b6020cc1bf4c189e838660ca5eaa153ab7808ef2b049318,8a9ed4f3d580516f9ddc55941dc9153d23dd27e37c40e1e743a261ab6a9b643e
44312356,Kaelon Black,SF,RB,OVERALL,4600,1.1827416410538514,historical_ridge,experimental_uncalibrated,01867041f59fc7446b6020cc1bf4c189e838660ca5eaa153ab7808ef2b049318,8a9ed4f3d580516f9ddc55941dc9153d23dd27e37c40e1e743a261ab6a9b643e
44312700,Devontez Walker,BAL,WR,OVERALL,3400,1.171829243866523,historical_ridge,experimental_uncalibrated,01867041f59fc7446b6020cc1bf4c189e838660ca5eaa153ab7808ef2b049318,8a9ed4f3d580516f9ddc55941dc9153d23dd27e37c40e1e743a261ab6a9b643e
44312366,Mike Washington Jr.,LV,RB,OVERALL,4100,1.1616444394498193,historical_ridge,experimental_uncalibrated,01867041f59fc7446b6020cc1bf4c189e838660ca5eaa153ab7808ef2b049318,8a9ed4f3d580516f9ddc55941dc9153d23dd27e37c40e1e743a261ab6a9b643e
44312380,Samaje Perine,CIN,RB,OVERALL,4100,1.1164062884823973,historical_ridge,experimental_uncalibrated,01867041f59fc7446b6020cc1bf4c189e838660ca5eaa153ab7808ef2b049318,8a9ed4f3d580516f9ddc55941dc9153d23dd27e37c40e1e743a261ab6a9b643e
44312684,Marvin Mims Jr.,DEN,WR,OVERALL,3700,1.0534155302210737,historical_ridge,experimental_uncalibrated,01867041f59fc7446b6020cc1bf4c189e838660ca5eaa153ab7808ef2b049318,8a9ed4f3d580516f9ddc55941dc9153d23dd27e37c40e1e743a261ab6a9b643e
44312374,Justice Hill,BAL,RB,OVERALL,4200,1.0298741222939982,historical_ridge,experimental_uncalibrated,01867041f59fc7446b6020cc1bf4c189e838660ca5eaa153ab7808ef2b049318,8a9ed4f3d580516f9ddc55941dc9153d23dd27e37c40e1e743a261ab6a9b643e
44312334,Jaylen Wright,MIA,RB,OVERALL,5000,1.0144758334394364,historical_ridge,experimental_uncalibrated,01867041f59fc7446b6020cc1bf4c189e838660ca5eaa153ab7808ef2b049318,8a9ed4f3d580516f9ddc55941dc9153d23dd27e37c40e1e743a261ab6a9b643e
44312346,Will Shipley,PHI,RB,OVERALL,4800,1.0107817452762737,historical_ridge,experimental_uncalibrated,01867041f59fc7446b6020cc1bf4c189e838660ca5eaa153ab7808ef2b049318,8a9ed4f3d580516f9ddc55941dc9153d23dd27e37c40e1e743a261ab6a9b643e
44313082,Noah Gray,KC,TE,OVERALL,2700,0.9715809222844339,historical_ridge,experimental_uncalibrated,01867041f59fc7446b6020cc1bf4c189e838660ca5eaa153ab7808ef2b049318,8a9ed4f3d580516f9ddc55941dc9153d23dd27e37c40e1e743a261ab6a9b643e
44312728,Darius Cooper,PHI,WR,OVERALL,3100,0.9632916420680749,historical_ridge,experimental_uncalibrated,01867041f59fc7446b6020cc1bf4c189e838660ca5eaa153ab7808ef2b049318,8a9ed4f3d580516f9ddc55941dc9153d23dd27e37c40e1e743a261ab6a9b643e
44313323,Rams,LAR,DST,OVERALL,2600,0.9481217550880068,historical_ridge,experimental_uncalibrated,01867041f59fc7446b6020cc1bf4c189e838660ca5eaa153ab7808ef2b049318,8a9ed4f3d580516f9ddc55941dc9153d23dd27e37c40e1e743a261ab6a9b643e
44312360,Najee Harris,NYG,RB,OVERALL,4500,0.9436874416604978,historical_ridge,experimental_uncalibrated,01867041f59fc7446b6020cc1bf4c189e838660ca5eaa153ab7808ef2b049318,8a9ed4f3d580516f9ddc55941dc9153d23dd27e37c40e1e743a261ab6a9b643e
44312382,Tyler Badie,DEN,RB,OVERALL,4500,0.9395926753380843,historical_ridge,experimental_uncalibrated,01867041f59fc7446b6020cc1bf4c189e838660ca5eaa153ab7808ef2b049318,8a9ed4f3d580516f9ddc55941dc9153d23dd27e37c40e1e743a261ab6a9b643e
44312722,Kyle Williams,NE,WR,OVERALL,3200,0.920657462868859,historical_ridge,experimental_uncalibrated,01867041f59fc7446b6020cc1bf4c189e838660ca5eaa153ab7808ef2b049318,8a9ed4f3d580516f9ddc55941dc9153d23dd27e37c40e1e743a261ab6a9b643e
44312724,Skyy Moore,GB,WR,OVERALL,3200,0.886414978275891,historical_ridge,experimental_uncalibrated,01867041f59fc7446b6020cc1bf4c189e838660ca5eaa153ab7808ef2b049318,8a9ed4f3d580516f9ddc55941dc9153d23dd27e37c40e1e743a261ab6a9b643e
44313321,Eagles,PHI,DST,OVERALL,2700,0.8793919011323901,historical_ridge,experimental_uncalibrated,01867041f59fc7446b6020cc1bf4c189e838660ca5eaa153ab7808ef2b049318,8a9ed4f3d580516f9ddc55941dc9153d23dd27e37c40e1e743a261ab6a9b643e
44312384,Tyrone Tracy Jr.,NYG,RB,OVERALL,4100,0.8510197299293134,historical_ridge,experimental_uncalibrated,01867041f59fc7446b6020cc1bf4c189e838660ca5eaa153ab7808ef2b049318,8a9ed4f3d580516f9ddc55941dc9153d23dd27e37c40e1e743a261ab6a9b643e
44313088,Drew Sample,CIN,TE,OVERALL,2600,0.8331574949303452,historical_ridge,experimental_uncalibrated,01867041f59fc7446b6020cc1bf4c189e838660ca5eaa153ab7808ef2b049318,8a9ed4f3d580516f9ddc55941dc9153d23dd27e37c40e1e743a261ab6a9b643e
44312213,Kyler Murray,MIN,QB,OVERALL,5300,0.817623937808528,historical_ridge,experimental_uncalibrated,01867041f59fc7446b6020cc1bf4c189e838660ca5eaa153ab7808ef2b049318,8a9ed4f3d580516f9ddc55941dc9153d23dd27e37c40e1e743a261ab6a9b643e
44313060,Zach Ertz,PHI,TE,OVERALL,3100,0.7990054968137289,historical_ridge,experimental_uncalibrated,01867041f59fc7446b6020cc1bf4c189e838660ca5eaa153ab7808ef2b049318,8a9ed4f3d580516f9ddc55941dc9153d23dd27e37c40e1e743a261ab6a9b643e
44312368,Chris Brooks,GB,RB,OVERALL,4300,0.7706308422034669,historical_ridge,experimental_uncalibrated,01867041f59fc7446b6020cc1bf4c189e838660ca5eaa153ab7808ef2b049318,8a9ed4f3d580516f9ddc55941dc9153d23dd27e37c40e1e743a261ab6a9b643e
44312358,Kaleb Johnson,GB,RB,OVERALL,4600,0.7650007045571641,historical_ridge,experimental_uncalibrated,01867041f59fc7446b6020cc1bf4c189e838660ca5eaa153ab7808ef2b049318,8a9ed4f3d580516f9ddc55941dc9153d23dd27e37c40e1e743a261ab6a9b643e
44312688,Brandin Cooks,SF,WR,OVERALL,3600,0.7366344313294901,historical_ridge,experimental_uncalibrated,01867041f59fc7446b6020cc1bf4c189e838660ca5eaa153ab7808ef2b049318,8a9ed4f3d580516f9ddc55941dc9153d23dd27e37c40e1e743a261ab6a9b643e
44312718,Jordan Whittington,LAR,WR,OVERALL,3200,0.7288587004479096,historical_ridge,experimental_uncalibrated,01867041f59fc7446b6020cc1bf4c189e838660ca5eaa153ab7808ef2b049318,8a9ed4f3d580516f9ddc55941dc9153d23dd27e37c40e1e743a261ab6a9b643e
44313086,Johnny Mundt,PHI,TE,OVERALL,2600,0.6781909441390545,historical_ridge,experimental_uncalibrated,01867041f59fc7446b6020cc1bf4c189e838660ca5eaa153ab7808ef2b049318,8a9ed4f3d580516f9ddc55941dc9153d23dd27e37c40e1e743a261ab6a9b643e
44312372,Isaiah Davis,NYJ,RB,OVERALL,4200,0.624825298959613,historical_ridge,experimental_uncalibrated,01867041f59fc7446b6020cc1bf4c189e838660ca5eaa153ab7808ef2b049318,8a9ed4f3d580516f9ddc55941dc9153d23dd27e37c40e1e743a261ab6a9b643e
44312726,Cyrus Allen,KC,WR,OVERALL,3200,0.6233861246397062,historical_ridge,experimental_uncalibrated,01867041f59fc7446b6020cc1bf4c189e838660ca5eaa153ab7808ef2b049318,8a9ed4f3d580516f9ddc55941dc9153d23dd27e37c40e1e743a261ab6a9b643e
44313320,Cowboys,DAL,DST,OVERALL,2700,0.6195004289909314,historical_ridge,experimental_uncalibrated,01867041f59fc7446b6020cc1bf4c189e838660ca5eaa153ab7808ef2b049318,8a9ed4f3d580516f9ddc55941dc9153d23dd27e37c40e1e743a261ab6a9b643e
44312376,DeeJay Dallas,MIN,RB,OVERALL,4200,0.5876140777064924,historical_ridge,experimental_uncalibrated,01867041f59fc7446b6020cc1bf4c189e838660ca5eaa153ab7808ef2b049318,8a9ed4f3d580516f9ddc55941dc9153d23dd27e37c40e1e743a261ab6a9b643e
44312734,Jacob Cowing,SF,WR,OVERALL,3100,0.5790261133106461,historical_ridge,experimental_uncalibrated,01867041f59fc7446b6020cc1bf4c189e838660ca5eaa153ab7808ef2b049318,8a9ed4f3d580516f9ddc55941dc9153d23dd27e37c40e1e743a261ab6a9b643e
44313328,Patriots,NE,DST,OVERALL,2300,0.5556741097986434,historical_ridge,experimental_uncalibrated,01867041f59fc7446b6020cc1bf4c189e838660ca5eaa153ab7808ef2b049318,8a9ed4f3d580516f9ddc55941dc9153d23dd27e37c40e1e743a261ab6a9b643e
44312222,Jameis Winston,NYG,QB,OVERALL,4500,0.4809321525338823,historical_ridge,experimental_uncalibrated,01867041f59fc7446b6020cc1bf4c189e838660ca5eaa153ab7808ef2b049318,8a9ed4f3d580516f9ddc55941dc9153d23dd27e37c40e1e743a261ab6a9b643e
44312386,Devin Singletary,NYG,RB,OVERALL,4000,0.41637623033447124,historical_ridge,experimental_uncalibrated,01867041f59fc7446b6020cc1bf4c189e838660ca5eaa153ab7808ef2b049318,8a9ed4f3d580516f9ddc55941dc9153d23dd27e37c40e1e743a261ab6a9b643e
44312754,Tory Horton,SEA,WR,OVERALL,3000,0.4010743304719523,historical_ridge,experimental_uncalibrated,01867041f59fc7446b6020cc1bf4c189e838660ca5eaa153ab7808ef2b049318,8a9ed4f3d580516f9ddc55941dc9153d23dd27e37c40e1e743a261ab6a9b643e
44312740,Elic Ayomanor,TEN,WR,OVERALL,3000,0.3939724848859719,historical_ridge,experimental_uncalibrated,01867041f59fc7446b6020cc1bf4c189e838660ca5eaa153ab7808ef2b049318,8a9ed4f3d580516f9ddc55941dc9153d23dd27e37c40e1e743a261ab6a9b643e
44312970,Josh Cameron,JAX,WR,OVERALL,3000,0.3927084545835875,historical_ridge,experimental_uncalibrated,01867041f59fc7446b6020cc1bf4c189e838660ca5eaa153ab7808ef2b049318,8a9ed4f3d580516f9ddc55941dc9153d23dd27e37c40e1e743a261ab6a9b643e
44313329,Chargers,LAC,DST,OVERALL,2200,0.36338087934255653,historical_ridge,experimental_uncalibrated,01867041f59fc7446b6020cc1bf4c189e838660ca5eaa153ab7808ef2b049318,8a9ed4f3d580516f9ddc55941dc9153d23dd27e37c40e1e743a261ab6a9b643e
44312226,Drew Lock,SEA,QB,OVERALL,4000,0.3505956970939053,historical_ridge,experimental_uncalibrated,01867041f59fc7446b6020cc1bf4c189e838660ca5eaa153ab7808ef2b049318,8a9ed4f3d580516f9ddc55941dc9153d23dd27e37c40e1e743a261ab6a9b643e
44313325,Cardinals,ARI,DST,OVERALL,2500,0.34137226262495435,historical_ridge,experimental_uncalibrated,01867041f59fc7446b6020cc1bf4c189e838660ca5eaa153ab7808ef2b049318,8a9ed4f3d580516f9ddc55941dc9153d23dd27e37c40e1e743a261ab6a9b643e
44313326,Jets,NYJ,DST,OVERALL,2400,0.32860239371407135,historical_ridge,experimental_uncalibrated,01867041f59fc7446b6020cc1bf4c189e838660ca5eaa153ab7808ef2b049318,8a9ed4f3d580516f9ddc55941dc9153d23dd27e37c40e1e743a261ab6a9b643e
44312750,Ryan Miller,MIA,WR,OVERALL,3000,0.32489408732054964,historical_ridge,experimental_uncalibrated,01867041f59fc7446b6020cc1bf4c189e838660ca5eaa153ab7808ef2b049318,8a9ed4f3d580516f9ddc55941dc9153d23dd27e37c40e1e743a261ab6a9b643e
44312224,Joe Flacco,CIN,QB,OVERALL,4300,0.300791686687097,historical_ridge,experimental_uncalibrated,01867041f59fc7446b6020cc1bf4c189e838660ca5eaa153ab7808ef2b049318,8a9ed4f3d580516f9ddc55941dc9153d23dd27e37c40e1e743a261ab6a9b643e
44312806,KaVontae Turpin,DAL,WR,OVERALL,3000,0.29011769229333645,historical_ridge,experimental_uncalibrated,01867041f59fc7446b6020cc1bf4c189e838660ca5eaa153ab7808ef2b049318,8a9ed4f3d580516f9ddc55941dc9153d23dd27e37c40e1e743a261ab6a9b643e
44313178,Nate Adkins,DEN,TE,OVERALL,2500,0.2863629037784366,historical_ridge,experimental_uncalibrated,01867041f59fc7446b6020cc1bf4c189e838660ca5eaa153ab7808ef2b049318,8a9ed4f3d580516f9ddc55941dc9153d23dd27e37c40e1e743a261ab6a9b643e
44312227,Carson Wentz,MIN,QB,OVERALL,4000,0.2727026170568933,historical_ridge,experimental_uncalibrated,01867041f59fc7446b6020cc1bf4c189e838660ca5eaa153ab7808ef2b049318,8a9ed4f3d580516f9ddc55941dc9153d23dd27e37c40e1e743a261ab6a9b643e
44312834,Sterling Shepard,NYJ,WR,OVERALL,3000,0.27095083830653616,historical_ridge,experimental_uncalibrated,01867041f59fc7446b6020cc1bf4c189e838660ca5eaa153ab7808ef2b049318,8a9ed4f3d580516f9ddc55941dc9153d23dd27e37c40e1e743a261ab6a9b643e
44313150,Jeremy Ruckert,NYJ,TE,OVERALL,2500,0.26564290008036456,historical_ridge,experimental_uncalibrated,01867041f59fc7446b6020cc1bf4c189e838660ca5eaa153ab7808ef2b049318,8a9ed4f3d580516f9ddc55941dc9153d23dd27e37c40e1e743a261ab6a9b643e
44312742,Jared Wayne,HOU,WR,OVERALL,3000,0.26478703884182725,historical_ridge,experimental_uncalibrated,01867041f59fc7446b6020cc1bf4c189e838660ca5eaa153ab7808ef2b049318,8a9ed4f3d580516f9ddc55941dc9153d23dd27e37c40e1e743a261ab6a9b643e
44312984,Dohnte Meyers,CIN,WR,OVERALL,3000,0.2547589305281047,historical_ridge,experimental_uncalibrated,01867041f59fc7446b6020cc1bf4c189e838660ca5eaa153ab7808ef2b049318,8a9ed4f3d580516f9ddc55941dc9153d23dd27e37c40e1e743a261ab6a9b643e
44312738,Tutu Atwell,LAR,WR,OVERALL,3000,0.25179097666305916,historical_ridge,experimental_uncalibrated,01867041f59fc7446b6020cc1bf4c189e838660ca5eaa153ab7808ef2b049318,8a9ed4f3d580516f9ddc55941dc9153d23dd27e37c40e1e743a261ab6a9b643e
44312794,Jalen Royals,KC,WR,OVERALL,3000,0.2511306979680118,historical_ridge,experimental_uncalibrated,01867041f59fc7446b6020cc1bf4c189e838660ca5eaa153ab7808ef2b049318,8a9ed4f3d580516f9ddc55941dc9153d23dd27e37c40e1e743a261ab6a9b643e
44312776,Theo Wease Jr.,LAC,WR,OVERALL,3000,0.25010896767861496,historical_ridge,experimental_uncalibrated,01867041f59fc7446b6020cc1bf4c189e838660ca5eaa153ab7808ef2b049318,8a9ed4f3d580516f9ddc55941dc9153d23dd27e37c40e1e743a261ab6a9b643e
44312219,Tyson Bagent,CHI,QB,OVERALL,4800,0.24177392027489655,historical_ridge,experimental_uncalibrated,01867041f59fc7446b6020cc1bf4c189e838660ca5eaa153ab7808ef2b049318,8a9ed4f3d580516f9ddc55941dc9153d23dd27e37c40e1e743a261ab6a9b643e
44312950,Tez Johnson,TB,WR,OVERALL,3000,0.23446273107947896,historical_ridge,experimental_uncalibrated,01867041f59fc7446b6020cc1bf4c189e838660ca5eaa153ab7808ef2b049318,8a9ed4f3d580516f9ddc55941dc9153d23dd27e37c40e1e743a261ab6a9b643e
44361604,Audric Estime,MIN,RB,OVERALL,4000,0.2298964719623637,historical_ridge,experimental_uncalibrated,01867041f59fc7446b6020cc1bf4c189e838660ca5eaa153ab7808ef2b049318,8a9ed4f3d580516f9ddc55941dc9153d23dd27e37c40e1e743a261ab6a9b643e
44361602,Devin Neal,MIN,RB,OVERALL,4000,0.22558870906486844,historical_ridge,experimental_uncalibrated,01867041f59fc7446b6020cc1bf4c189e838660ca5eaa153ab7808ef2b049318,8a9ed4f3d580516f9ddc55941dc9153d23dd27e37c40e1e743a261ab6a9b643e
44312962,J. Michael Sturdivant,GB,WR,OVERALL,3000,0.2223348939416643,historical_ridge,experimental_uncalibrated,01867041f59fc7446b6020cc1bf4c189e838660ca5eaa153ab7808ef2b049318,8a9ed4f3d580516f9ddc55941dc9153d23dd27e37c40e1e743a261ab6a9b643e
44312488,Bam Knight,ARI,RB,OVERALL,4000,0.21606419037274627,historical_ridge,experimental_uncalibrated,01867041f59fc7446b6020cc1bf4c189e838660ca5eaa153ab7808ef2b049318,8a9ed4f3d580516f9ddc55941dc9153d23dd27e37c40e1e743a261ab6a9b643e
44312442,Jawhar Jordan,HOU,RB,OVERALL,4000,0.21185178173327177,historical_ridge,experimental_uncalibrated,01867041f59fc7446b6020cc1bf4c189e838660ca5eaa153ab7808ef2b049318,8a9ed4f3d580516f9ddc55941dc9153d23dd27e37c40e1e743a261ab6a9b643e
44312468,Sincere McCormick,SF,RB,OVERALL,4000,0.20678690724249033,historical_ridge,experimental_uncalibrated,01867041f59fc7446b6020cc1bf4c189e838660ca5eaa153ab7808ef2b049318,8a9ed4f3d580516f9ddc55941dc9153d23dd27e37c40e1e743a261ab6a9b643e
44312942,Chimere Dike,TEN,WR,OVERALL,3000,0.20622718935644832,historical_ridge,experimental_uncalibrated,01867041f59fc7446b6020cc1bf4c189e838660ca5eaa153ab7808ef2b049318,8a9ed4f3d580516f9ddc55941dc9153d23dd27e37c40e1e743a261ab6a9b643e
44313008,Greg Dortch,BUF,WR,OVERALL,3000,0.20601007511138722,historical_ridge,experimental_uncalibrated,01867041f59fc7446b6020cc1bf4c189e838660ca5eaa153ab7808ef2b049318,8a9ed4f3d580516f9ddc55941dc9153d23dd27e37c40e1e743a261ab6a9b643e
44312522,Michael Carter,TEN,RB,OVERALL,4000,0.20283897660942682,historical_ridge,experimental_uncalibrated,01867041f59fc7446b6020cc1bf4c189e838660ca5eaa153ab7808ef2b049318,8a9ed4f3d580516f9ddc55941dc9153d23dd27e37c40e1e743a261ab6a9b643e
44312864,Lil'Jordan Humphrey,DEN,WR,OVERALL,3000,0.19786181147169712,historical_ridge,experimental_uncalibrated,01867041f59fc7446b6020cc1bf4c189e838660ca5eaa153ab7808ef2b049318,8a9ed4f3d580516f9ddc55941dc9153d23dd27e37c40e1e743a261ab6a9b643e
44312460,Salvon Ahmed,CHI,RB,OVERALL,4000,0.1963012904672077,historical_ridge,experimental_uncalibrated,01867041f59fc7446b6020cc1bf4c189e838660ca5eaa153ab7808ef2b049318,8a9ed4f3d580516f9ddc55941dc9153d23dd27e37c40e1e743a261ab6a9b643e
44312828,Mitch Tinsley,CIN,WR,OVERALL,3000,0.19599953811929763,historical_ridge,experimental_uncalibrated,01867041f59fc7446b6020cc1bf4c189e838660ca5eaa153ab7808ef2b049318,8a9ed4f3d580516f9ddc55941dc9153d23dd27e37c40e1e743a261ab6a9b643e
44312842,Tyler Johnson,NYJ,WR,OVERALL,3000,0.1956306469348183,historical_ridge,experimental_uncalibrated,01867041f59fc7446b6020cc1bf4c189e838660ca5eaa153ab7808ef2b049318,8a9ed4f3d580516f9ddc55941dc9153d23dd27e37c40e1e743a261ab6a9b643e
44312994,Efton Chism III,NE,WR,OVERALL,3000,0.19539009194470358,historical_ridge,experimental_uncalibrated,01867041f59fc7446b6020cc1bf4c189e838660ca5eaa153ab7808ef2b049318,8a9ed4f3d580516f9ddc55941dc9153d23dd27e37c40e1e743a261ab6a9b643e
44312884,Jalen Tolbert,MIA,WR,OVERALL,3000,0.1929453240096525,historical_ridge,experimental_uncalibrated,01867041f59fc7446b6020cc1bf4c189e838660ca5eaa153ab7808ef2b049318,8a9ed4f3d580516f9ddc55941dc9153d23dd27e37c40e1e743a261ab6a9b643e
44312404,Kimani Vidal,LAC,RB,OVERALL,4000,0.19115299674483777,historical_ridge,experimental_uncalibrated,01867041f59fc7446b6020cc1bf4c189e838660ca5eaa153ab7808ef2b049318,8a9ed4f3d580516f9ddc55941dc9153d23dd27e37c40e1e743a261ab6a9b643e
44312770,Marquez Valdes-Scantling,LAC,WR,OVERALL,3000,0.1907304995576142,historical_ridge,experimental_uncalibrated,01867041f59fc7446b6020cc1bf4c189e838660ca5eaa153ab7808ef2b049318,8a9ed4f3d580516f9ddc55941dc9153d23dd27e37c40e1e743a261ab6a9b643e
44312874,Myles Price,MIN,WR,OVERALL,3000,0.18850695356461242,historical_ridge,experimental_uncalibrated,01867041f59fc7446b6020cc1bf4c189e838660ca5eaa153ab7808ef2b049318,8a9ed4f3d580516f9ddc55941dc9153d23dd27e37c40e1e743a261ab6a9b643e
44312392,Ray Davis,BUF,RB,OVERALL,4000,0.18539550110483716,historical_ridge,experimental_uncalibrated,01867041f59fc7446b6020cc1bf4c189e838660ca5eaa153ab7808ef2b049318,8a9ed4f3d580516f9ddc55941dc9153d23dd27e37c40e1e743a261ab6a9b643e
44312944,K.J. Osborn,TEN,WR,OVERALL,3000,0.18536616844230147,historical_ridge,experimental_uncalibrated,01867041f59fc7446b6020cc1bf4c189e838660ca5eaa153ab7808ef2b049318,8a9ed4f3d580516f9ddc55941dc9153d23dd27e37c40e1e743a261ab6a9b643e
44312946,Xavier Restrepo,TEN,WR,OVERALL,3000,0.18426158161749834,historical_ridge,experimental_uncalibrated,01867041f59fc7446b6020cc1bf4c189e838660ca5eaa153ab7808ef2b049318,8a9ed4f3d580516f9ddc55941dc9153d23dd27e37c40e1e743a261ab6a9b643e
44312916,Elijah Moore,PHI,WR,OVERALL,3000,0.18363225729020444,historical_ridge,experimental_uncalibrated,01867041f59fc7446b6020cc1bf4c189e838660ca5eaa153ab7808ef2b049318,8a9ed4f3d580516f9ddc55941dc9153d23dd27e37c40e1e743a261ab6a9b643e
44312932,LaJohntay Wester,BAL,WR,OVERALL,3000,0.18304897382782626,historical_ridge,experimental_uncalibrated,01867041f59fc7446b6020cc1bf4c189e838660ca5eaa153ab7808ef2b049318,8a9ed4f3d580516f9ddc55941dc9153d23dd27e37c40e1e743a261ab6a9b643e
44312792,Ronnie Bell,LV,WR,OVERALL,3000,0.181704937884619,historical_ridge,experimental_uncalibrated,01867041f59fc7446b6020cc1bf4c189e838660ca5eaa153ab7808ef2b049318,8a9ed4f3d580516f9ddc55941dc9153d23dd27e37c40e1e743a261ab6a9b643e
44313330,Titans,TEN,DST,OVERALL,2100,0.18124270540829737,historical_ridge,experimental_uncalibrated,01867041f59fc7446b6020cc1bf4c189e838660ca5eaa153ab7808ef2b049318,8a9ed4f3d580516f9ddc55941dc9153d23dd27e37c40e1e743a261ab6a9b643e
44312538,Ameer Abdullah,JAX,RB,OVERALL,4000,0.1810744588891112,historical_ridge,experimental_uncalibrated,01867041f59fc7446b6020cc1bf4c189e838660ca5eaa153ab7808ef2b049318,8a9ed4f3d580516f9ddc55941dc9153d23dd27e37c40e1e743a261ab6a9b643e
44312870,Michael Bandy,DEN,WR,OVERALL,3000,0.18091330588253826,historical_ridge,experimental_uncalibrated,01867041f59fc7446b6020cc1bf4c189e838660ca5eaa153ab7808ef2b049318,8a9ed4f3d580516f9ddc55941dc9153d23dd27e37c40e1e743a261ab6a9b643e
44313290,Tanner Hudson,CIN,TE,OVERALL,2500,0.17803509449276653,historical_ridge,experimental_uncalibrated,01867041f59fc7446b6020cc1bf4c189e838660ca5eaa153ab7808ef2b049318,8a9ed4f3d580516f9ddc55941dc9153d23dd27e37c40e1e743a261ab6a9b643e
44312466,Kyle Juszczyk,SF,RB,OVERALL,4000,0.17414671034702536,historical_ridge,experimental_uncalibrated,01867041f59fc7446b6020cc1bf4c189e838660ca5eaa153ab7808ef2b049318,8a9ed4f3d580516f9ddc55941dc9153d23dd27e37c40e1e743a261ab6a9b643e
44312886,Jalen Reagor,MIA,WR,OVERALL,3000,0.1732100960674956,historical_ridge,experimental_uncalibrated,01867041f59fc7446b6020cc1bf4c189e838660ca5eaa153ab7808ef2b049318,8a9ed4f3d580516f9ddc55941dc9153d23dd27e37c40e1e743a261ab6a9b643e
44312808,Jonathan Mingo,DAL,WR,OVERALL,3000,0.17295455341427837,historical_ridge,experimental_uncalibrated,01867041f59fc7446b6020cc1bf4c189e838660ca5eaa153ab7808ef2b049318,8a9ed4f3d580516f9ddc55941dc9153d23dd27e37c40e1e743a261ab6a9b643e
44312924,Xavier Smith,LAR,WR,OVERALL,3000,0.1712719598557989,historical_ridge,experimental_uncalibrated,01867041f59fc7446b6020cc1bf4c189e838660ca5eaa153ab7808ef2b049318,8a9ed4f3d580516f9ddc55941dc9153d23dd27e37c40e1e743a261ab6a9b643e
44312782,Dareke Young,LV,WR,OVERALL,3000,0.17095207801402507,historical_ridge,experimental_uncalibrated,01867041f59fc7446b6020cc1bf4c189e838660ca5eaa153ab7808ef2b049318,8a9ed4f3d580516f9ddc55941dc9153d23dd27e37c40e1e743a261ab6a9b643e
44312746,Bo Melton,GB,WR,OVERALL,3000,0.17094532168611593,historical_ridge,experimental_uncalibrated,01867041f59fc7446b6020cc1bf4c189e838660ca5eaa153ab7808ef2b049318,8a9ed4f3d580516f9ddc55941dc9153d23dd27e37c40e1e743a261ab6a9b643e
44312476,Jaret Patterson,MIN,RB,OVERALL,4000,0.1695125659445652,historical_ridge,experimental_uncalibrated,01867041f59fc7446b6020cc1bf4c189e838660ca5eaa153ab7808ef2b049318,8a9ed4f3d580516f9ddc55941dc9153d23dd27e37c40e1e743a261ab6a9b643e
44313092,Davis Allen,LAR,TE,OVERALL,2500,0.1693580203915859,historical_ridge,experimental_uncalibrated,01867041f59fc7446b6020cc1bf4c189e838660ca5eaa153ab7808ef2b049318,8a9ed4f3d580516f9ddc55941dc9153d23dd27e37c40e1e743a261ab6a9b643e
44312388,Emari Demercado,DAL,RB,OVERALL,4000,0.16870067300442168,historical_ridge,experimental_uncalibrated,01867041f59fc7446b6020cc1bf4c189e838660ca5eaa153ab7808ef2b049318,8a9ed4f3d580516f9ddc55941dc9153d23dd27e37c40e1e743a261ab6a9b643e
44312506,Jaydon Blue,PHI,RB,OVERALL,4000,0.16864891655895434,historical_ridge,experimental_uncalibrated,01867041f59fc7446b6020cc1bf4c189e838660ca5eaa153ab7808ef2b049318,8a9ed4f3d580516f9ddc55941dc9153d23dd27e37c40e1e743a261ab6a9b643e
44312225,Fernando Mendoza,LV,QB,OVERALL,4100,0.16715810576817453,historical_ridge,experimental_uncalibrated,01867041f59fc7446b6020cc1bf4c189e838660ca5eaa153ab7808ef2b049318,8a9ed4f3d580516f9ddc55941dc9153d23dd27e37c40e1e743a261ab6a9b643e
44312914,Jalin Hyatt,NYG,WR,OVERALL,3000,0.16630071910528854,historical_ridge,experimental_uncalibrated,01867041f59fc7446b6020cc1bf4c189e838660ca5eaa153ab7808ef2b049318,8a9ed4f3d580516f9ddc55941dc9153d23dd27e37c40e1e743a261ab6a9b643e
44312850,KhaDarel Hodge,SF,WR,OVERALL,3000,0.16548289216552883,historical_ridge,experimental_uncalibrated,01867041f59fc7446b6020cc1bf4c189e838660ca5eaa153ab7808ef2b049318,8a9ed4f3d580516f9ddc55941dc9153d23dd27e37c40e1e743a261ab6a9b643e
44313094,Theo Johnson,NYG,TE,OVERALL,2500,0.16536698786450316,historical_ridge,experimental_uncalibrated,01867041f59fc7446b6020cc1bf4c189e838660ca5eaa153ab7808ef2b049318,8a9ed4f3d580516f9ddc55941dc9153d23dd27e37c40e1e743a261ab6a9b643e
44312824,Bryce Oliver,HOU,WR,OVERALL,3000,0.16454968268678724,historical_ridge,experimental_uncalibrated,01867041f59fc7446b6020cc1bf4c189e838660ca5eaa153ab7808ef2b049318,8a9ed4f3d580516f9ddc55941dc9153d23dd27e37c40e1e743a261ab6a9b643e
44312223,Jalon Daniels,TB,QB,OVERALL,4400,0.16412864326362175,historical_ridge,experimental_uncalibrated,01867041f59fc7446b6020cc1bf4c189e838660ca5eaa153ab7808ef2b049318,8a9ed4f3d580516f9ddc55941dc9153d23dd27e37c40e1e743a261ab6a9b643e
44312748,Travis Hunter,JAX,WR,OVERALL,3000,0.16368758498067698,historical_ridge,experimental_uncalibrated,01867041f59fc7446b6020cc1bf4c189e838660ca5eaa153ab7808ef2b049318,8a9ed4f3d580516f9ddc55941dc9153d23dd27e37c40e1e743a261ab6a9b643e
44313098,Eric Saubert,SEA,TE,OVERALL,2500,0.16367350745384976,historical_ridge,experimental_uncalibrated,01867041f59fc7446b6020cc1bf4c189e838660ca5eaa153ab7808ef2b049318,8a9ed4f3d580516f9ddc55941dc9153d23dd27e37c40e1e743a261ab6a9b643e
44312552,Lan Larison,NE,RB,OVERALL,4000,0.16362781642005927,historical_ridge,experimental_uncalibrated,01867041f59fc7446b6020cc1bf4c189e838660ca5eaa153ab7808ef2b049318,8a9ed4f3d580516f9ddc55941dc9153d23dd27e37c40e1e743a261ab6a9b643e
44353496,Tyler Scott,LV,WR,OVERALL,3000,0.1630141673870853,historical_ridge,experimental_uncalibrated,01867041f59fc7446b6020cc1bf4c189e838660ca5eaa153ab7808ef2b049318,8a9ed4f3d580516f9ddc55941dc9153d23dd27e37c40e1e743a261ab6a9b643e
44313208,Elijah Higgins,ARI,TE,OVERALL,2500,0.16224221409284306,historical_ridge,experimental_uncalibrated,01867041f59fc7446b6020cc1bf4c189e838660ca5eaa153ab7808ef2b049318,8a9ed4f3d580516f9ddc55941dc9153d23dd27e37c40e1e743a261ab6a9b643e
44312892,Jalen Brooks,ARI,WR,OVERALL,3000,0.16132735628514955,historical_ridge,experimental_uncalibrated,01867041f59fc7446b6020cc1bf4c189e838660ca5eaa153ab7808ef2b049318,8a9ed4f3d580516f9ddc55941dc9153d23dd27e37c40e1e743a261ab6a9b643e
44312528,Sean Tucker,TB,RB,OVERALL,4000,0.1613106298071316,historical_ridge,experimental_uncalibrated,01867041f59fc7446b6020cc1bf4c189e838660ca5eaa153ab7808ef2b049318,8a9ed4f3d580516f9ddc55941dc9153d23dd27e37c40e1e743a261ab6a9b643e
44313014,Trent Sherfield Sr.,BUF,WR,OVERALL,3000,0.15968449502222265,historical_ridge,experimental_uncalibrated,01867041f59fc7446b6020cc1bf4c189e838660ca5eaa153ab7808ef2b049318,8a9ed4f3d580516f9ddc55941dc9153d23dd27e37c40e1e743a261ab6a9b643e
44312424,Brashard Smith,KC,RB,OVERALL,4000,0.159275332414128,historical_ridge,experimental_uncalibrated,01867041f59fc7446b6020cc1bf4c189e838660ca5eaa153ab7808ef2b049318,8a9ed4f3d580516f9ddc55941dc9153d23dd27e37c40e1e743a261ab6a9b643e
44313250,Daniel Bellinger,TEN,TE,OVERALL,2500,0.15905797778497105,historical_ridge,experimental_uncalibrated,01867041f59fc7446b6020cc1bf4c189e838660ca5eaa153ab7808ef2b049318,8a9ed4f3d580516f9ddc55941dc9153d23dd27e37c40e1e743a261ab6a9b643e
44312978,Tim Jones,JAX,WR,OVERALL,3000,0.1586585905670424,historical_ridge,experimental_uncalibrated,01867041f59fc7446b6020cc1bf4c189e838660ca5eaa153ab7808ef2b049318,8a9ed4f3d580516f9ddc55941dc9153d23dd27e37c40e1e743a261ab6a9b643e
44312432,Tyler Goodson,DAL,RB,OVERALL,4000,0.15793827968221333,historical_ridge,experimental_uncalibrated,01867041f59fc7446b6020cc1bf4c189e838660ca5eaa153ab7808ef2b049318,8a9ed4f3d580516f9ddc55941dc9153d23dd27e37c40e1e743a261ab6a9b643e
44312548,Corey Kiner,NE,RB,OVERALL,4000,0.15748412614996624,historical_ridge,experimental_uncalibrated,01867041f59fc7446b6020cc1bf4c189e838660ca5eaa153ab7808ef2b049318,8a9ed4f3d580516f9ddc55941dc9153d23dd27e37c40e1e743a261ab6a9b643e
44312882,Kevin Coleman Jr.,MIA,WR,OVERALL,3000,0.15591324656968558,historical_ridge,experimental_uncalibrated,01867041f59fc7446b6020cc1bf4c189e838660ca5eaa153ab7808ef2b049318,8a9ed4f3d580516f9ddc55941dc9153d23dd27e37c40e1e743a261ab6a9b643e
44312400,Brady Russell,SEA,RB,OVERALL,4000,0.15581878065363697,historical_ridge,experimental_uncalibrated,01867041f59fc7446b6020cc1bf4c189e838660ca5eaa153ab7808ef2b049318,8a9ed4f3d580516f9ddc55941dc9153d23dd27e37c40e1e743a261ab6a9b643e
44312936,Gage Larvadain,BAL,WR,OVERALL,3000,0.15581376226955043,historical_ridge,experimental_uncalibrated,01867041f59fc7446b6020cc1bf4c189e838660ca5eaa153ab7808ef2b049318,8a9ed4f3d580516f9ddc55941dc9153d23dd27e37c40e1e743a261ab6a9b643e
44313288,Erick All Jr.,CIN,TE,OVERALL,2500,0.15544893433452242,historical_ridge,experimental_uncalibrated,01867041f59fc7446b6020cc1bf4c189e838660ca5eaa153ab7808ef2b049318,8a9ed4f3d580516f9ddc55941dc9153d23dd27e37c40e1e743a261ab6a9b643e
44312904,Braxton Berrios,NYG,WR,OVERALL,3000,0.15524020755840268,historical_ridge,experimental_uncalibrated,01867041f59fc7446b6020cc1bf4c189e838660ca5eaa153ab7808ef2b049318,8a9ed4f3d580516f9ddc55941dc9153d23dd27e37c40e1e743a261ab6a9b643e
44312844,Zavion Thomas,CHI,WR,OVERALL,3000,0.15475741356054276,historical_ridge,experimental_uncalibrated,01867041f59fc7446b6020cc1bf4c189e838660ca5eaa153ab7808ef2b049318,8a9ed4f3d580516f9ddc55941dc9153d23dd27e37c40e1e743a261ab6a9b643e
44313242,Matt Hibner,BAL,TE,OVERALL,2500,0.1547181996716485,historical_ridge,experimental_uncalibrated,01867041f59fc7446b6020cc1bf4c189e838660ca5eaa153ab7808ef2b049318,8a9ed4f3d580516f9ddc55941dc9153d23dd27e37c40e1e743a261ab6a9b643e
44312980,Austin Trammell,JAX,WR,OVERALL,3000,0.15466725440531415,historical_ridge,experimental_uncalibrated,01867041f59fc7446b6020cc1bf4c189e838660ca5eaa153ab7808ef2b049318,8a9ed4f3d580516f9ddc55941dc9153d23dd27e37c40e1e743a261ab6a9b643e
44312744,Elijah Sarratt,BAL,WR,OVERALL,3000,0.15380044820880287,historical_ridge,experimental_uncalibrated,01867041f59fc7446b6020cc1bf4c189e838660ca5eaa153ab7808ef2b049318,8a9ed4f3d580516f9ddc55941dc9153d23dd27e37c40e1e743a261ab6a9b643e
44312756,Montorie Foster Jr.,SEA,WR,OVERALL,3000,0.15380044820880287,historical_ridge,experimental_uncalibrated,01867041f59fc7446b6020cc1bf4c189e838660ca5eaa153ab7808ef2b049318,8a9ed4f3d580516f9ddc55941dc9153d23dd27e37c40e1e743a261ab6a9b643e
44312762,Ricky White III,SEA,WR,OVERALL,3000,0.15380044820880287,historical_ridge,experimental_uncalibrated,01867041f59fc7446b6020cc1bf4c189e838660ca5eaa153ab7808ef2b049318,8a9ed4f3d580516f9ddc55941dc9153d23dd27e37c40e1e743a261ab6a9b643e
44312764,Julian Hicks,SEA,WR,OVERALL,3000,0.15380044820880287,historical_ridge,experimental_uncalibrated,01867041f59fc7446b6020cc1bf4c189e838660ca5eaa153ab7808ef2b049318,8a9ed4f3d580516f9ddc55941dc9153d23dd27e37c40e1e743a261ab6a9b643e
44312766,Emmanuel Henderson Jr.,SEA,WR,OVERALL,3000,0.15380044820880287,historical_ridge,experimental_uncalibrated,01867041f59fc7446b6020cc1bf4c189e838660ca5eaa153ab7808ef2b049318,8a9ed4f3d580516f9ddc55941dc9153d23dd27e37c40e1e743a261ab6a9b643e
44312778,Gary Jennings,LAC,WR,OVERALL,3000,0.15380044820880287,historical_ridge,experimental_uncalibrated,01867041f59fc7446b6020cc1bf4c189e838660ca5eaa153ab7808ef2b049318,8a9ed4f3d580516f9ddc55941dc9153d23dd27e37c40e1e743a261ab6a9b643e
44312802,Andrew Armstrong,KC,WR,OVERALL,3000,0.15380044820880287,historical_ridge,experimental_uncalibrated,01867041f59fc7446b6020cc1bf4c189e838660ca5eaa153ab7808ef2b049318,8a9ed4f3d580516f9ddc55941dc9153d23dd27e37c40e1e743a261ab6a9b643e
44312804,Omari Evans,KC,WR,OVERALL,3000,0.15380044820880287,historical_ridge,experimental_uncalibrated,01867041f59fc7446b6020cc1bf4c189e838660ca5eaa153ab7808ef2b049318,8a9ed4f3d580516f9ddc55941dc9153d23dd27e37c40e1e743a261ab6a9b643e
44312810,Camden Brown,DAL,WR,OVERALL,3000,0.15380044820880287,historical_ridge,experimental_uncalibrated,01867041f59fc7446b6020cc1bf4c189e838660ca5eaa153ab7808ef2b049318,8a9ed4f3d580516f9ddc55941dc9153d23dd27e37c40e1e743a261ab6a9b643e
44312812,Anthony Smith,DAL,WR,OVERALL,3000,0.15380044820880287,historical_ridge,experimental_uncalibrated,01867041f59fc7446b6020cc1bf4c189e838660ca5eaa153ab7808ef2b049318,8a9ed4f3d580516f9ddc55941dc9153d23dd27e37c40e1e743a261ab6a9b643e
44312814,Jordan Hudson,DAL,WR,OVERALL,3000,0.15380044820880287,historical_ridge,experimental_uncalibrated,01867041f59fc7446b6020cc1bf4c189e838660ca5eaa153ab7808ef2b049318,8a9ed4f3d580516f9ddc55941dc9153d23dd27e37c40e1e743a261ab6a9b643e
44312816,Lewis Bond,HOU,WR,OVERALL,3000,0.15380044820880287,historical_ridge,experimental_uncalibrated,01867041f59fc7446b6020cc1bf4c189e838660ca5eaa153ab7808ef2b049318,8a9ed4f3d580516f9ddc55941dc9153d23dd27e37c40e1e743a261ab6a9b643e
44312822,Josh Kelly,HOU,WR,OVERALL,3000,0.15380044820880287,historical_ridge,experimental_uncalibrated,01867041f59fc7446b6020cc1bf4c189e838660ca5eaa153ab7808ef2b049318,8a9ed4f3d580516f9ddc55941dc9153d23dd27e37c40e1e743a261ab6a9b643e
44312826,Daniel Sobkowicz,HOU,WR,OVERALL,3000,0.15380044820880287,historical_ridge,experimental_uncalibrated,01867041f59fc7446b6020cc1bf4c189e838660ca5eaa153ab7808ef2b049318,8a9ed4f3d580516f9ddc55941dc9153d23dd27e37c40e1e743a261ab6a9b643e
44312830,Malik McClain,NYJ,WR,OVERALL,3000,0.15380044820880287,historical_ridge,experimental_uncalibrated,01867041f59fc7446b6020cc1bf4c189e838660ca5eaa153ab7808ef2b049318,8a9ed4f3d580516f9ddc55941dc9153d23dd27e37c40e1e743a261ab6a9b643e
44312832,Jamaal Pritchett,NYJ,WR,OVERALL,3000,0.15380044820880287,historical_ridge,experimental_uncalibrated,01867041f59fc7446b6020cc1bf4c189e838660ca5eaa153ab7808ef2b049318,8a9ed4f3d580516f9ddc55941dc9153d23dd27e37c40e1e743a261ab6a9b643e
44312848,JP Richardson,CHI,WR,OVERALL,3000,0.15380044820880287,historical_ridge,experimental_uncalibrated,01867041f59fc7446b6020cc1bf4c189e838660ca5eaa153ab7808ef2b049318,8a9ed4f3d580516f9ddc55941dc9153d23dd27e37c40e1e743a261ab6a9b643e
44312858,Wesley Grimes,SF,WR,OVERALL,3000,0.15380044820880287,historical_ridge,experimental_uncalibrated,01867041f59fc7446b6020cc1bf4c189e838660ca5eaa153ab7808ef2b049318,8a9ed4f3d580516f9ddc55941dc9153d23dd27e37c40e1e743a261ab6a9b643e
44312862,Will Pauling,SF,WR,OVERALL,3000,0.15380044820880287,historical_ridge,experimental_uncalibrated,01867041f59fc7446b6020cc1bf4c189e838660ca5eaa153ab7808ef2b049318,8a9ed4f3d580516f9ddc55941dc9153d23dd27e37c40e1e743a261ab6a9b643e
44312866,Kolbe Katsis,DEN,WR,OVERALL,3000,0.15380044820880287,historical_ridge,experimental_uncalibrated,01867041f59fc7446b6020cc1bf4c189e838660ca5eaa153ab7808ef2b049318,8a9ed4f3d580516f9ddc55941dc9153d23dd27e37c40e1e743a261ab6a9b643e
44312868,Dane Key,DEN,WR,OVERALL,3000,0.15380044820880287,historical_ridge,experimental_uncalibrated,01867041f59fc7446b6020cc1bf4c189e838660ca5eaa153ab7808ef2b049318,8a9ed4f3d580516f9ddc55941dc9153d23dd27e37c40e1e743a261ab6a9b643e
44312876,Jeshaun Jones,MIN,WR,OVERALL,3000,0.15380044820880287,historical_ridge,experimental_uncalibrated,01867041f59fc7446b6020cc1bf4c189e838660ca5eaa153ab7808ef2b049318,8a9ed4f3d580516f9ddc55941dc9153d23dd27e37c40e1e743a261ab6a9b643e
44312878,Dillon Bell,MIN,WR,OVERALL,3000,0.15380044820880287,historical_ridge,experimental_uncalibrated,01867041f59fc7446b6020cc1bf4c189e838660ca5eaa153ab7808ef2b049318,8a9ed4f3d580516f9ddc55941dc9153d23dd27e37c40e1e743a261ab6a9b643e
44312880,Michael Briscoe,MIN,WR,OVERALL,3000,0.15380044820880287,historical_ridge,experimental_uncalibrated,01867041f59fc7446b6020cc1bf4c189e838660ca5eaa153ab7808ef2b049318,8a9ed4f3d580516f9ddc55941dc9153d23dd27e37c40e1e743a261ab6a9b643e
44312888,Will Sheppard,MIA,WR,OVERALL,3000,0.15380044820880287,historical_ridge,experimental_uncalibrated,01867041f59fc7446b6020cc1bf4c189e838660ca5eaa153ab7808ef2b049318,8a9ed4f3d580516f9ddc55941dc9153d23dd27e37c40e1e743a261ab6a9b643e
44312890,AJ Henning,MIA,WR,OVERALL,3000,0.15380044820880287,historical_ridge,experimental_uncalibrated,01867041f59fc7446b6020cc1bf4c189e838660ca5eaa153ab7808ef2b049318,8a9ed4f3d580516f9ddc55941dc9153d23dd27e37c40e1e743a261ab6a9b643e
44312898,Reggie Virgil,ARI,WR,OVERALL,3000,0.15380044820880287,historical_ridge,experimental_uncalibrated,01867041f59fc7446b6020cc1bf4c189e838660ca5eaa153ab7808ef2b049318,8a9ed4f3d580516f9ddc55941dc9153d23dd27e37c40e1e743a261ab6a9b643e
44312900,Ihmir Smith-Marsette,ARI,WR,OVERALL,3000,0.15380044820880287,historical_ridge,experimental_uncalibrated,01867041f59fc7446b6020cc1bf4c189e838660ca5eaa153ab7808ef2b049318,8a9ed4f3d580516f9ddc55941dc9153d23dd27e37c40e1e743a261ab6a9b643e
44312902,Harrison Wallace III,ARI,WR,OVERALL,3000,0.15380044820880287,historical_ridge,experimental_uncalibrated,01867041f59fc7446b6020cc1bf4c189e838660ca5eaa153ab7808ef2b049318,8a9ed4f3d580516f9ddc55941dc9153d23dd27e37c40e1e743a261ab6a9b643e
44312926,CJ Daniels,LAR,WR,OVERALL,3000,0.15380044820880287,historical_ridge,experimental_uncalibrated,01867041f59fc7446b6020cc1bf4c189e838660ca5eaa153ab7808ef2b049318,8a9ed4f3d580516f9ddc55941dc9153d23dd27e37c40e1e743a261ab6a9b643e
44312930,Brennan Presley,LAR,WR,OVERALL,3000,0.15380044820880287,historical_ridge,experimental_uncalibrated,01867041f59fc7446b6020cc1bf4c189e838660ca5eaa153ab7808ef2b049318,8a9ed4f3d580516f9ddc55941dc9153d23dd27e37c40e1e743a261ab6a9b643e
44312938,Shedrick Jackson,BAL,WR,OVERALL,3000,0.15380044820880287,historical_ridge,experimental_uncalibrated,01867041f59fc7446b6020cc1bf4c189e838660ca5eaa153ab7808ef2b049318,8a9ed4f3d580516f9ddc55941dc9153d23dd27e37c40e1e743a261ab6a9b643e
44312940,Xavier Guillory,BAL,WR,OVERALL,3000,0.15380044820880287,historical_ridge,experimental_uncalibrated,01867041f59fc7446b6020cc1bf4c189e838660ca5eaa153ab7808ef2b049318,8a9ed4f3d580516f9ddc55941dc9153d23dd27e37c40e1e743a261ab6a9b643e
44312948,Tyren Montgomery,TEN,WR,OVERALL,3000,0.15380044820880287,historical_ridge,experimental_uncalibrated,01867041f59fc7446b6020cc1bf4c189e838660ca5eaa153ab7808ef2b049318,8a9ed4f3d580516f9ddc55941dc9153d23dd27e37c40e1e743a261ab6a9b643e
44312956,Garrett Greene,TB,WR,OVERALL,3000,0.15380044820880287,historical_ridge,experimental_uncalibrated,01867041f59fc7446b6020cc1bf4c189e838660ca5eaa153ab7808ef2b049318,8a9ed4f3d580516f9ddc55941dc9153d23dd27e37c40e1e743a261ab6a9b643e
44312958,Eric Rivers Jr.,TB,WR,OVERALL,3000,0.15380044820880287,historical_ridge,experimental_uncalibrated,01867041f59fc7446b6020cc1bf4c189e838660ca5eaa153ab7808ef2b049318,8a9ed4f3d580516f9ddc55941dc9153d23dd27e37c40e1e743a261ab6a9b643e
44312960,Dean Patterson IV,TB,WR,OVERALL,3000,0.15380044820880287,historical_ridge,experimental_uncalibrated,01867041f59fc7446b6020cc1bf4c189e838660ca5eaa153ab7808ef2b049318,8a9ed4f3d580516f9ddc55941dc9153d23dd27e37c40e1e743a261ab6a9b643e
44312966,Quincy Skinner Jr.,GB,WR,OVERALL,3000,0.15380044820880287,historical_ridge,experimental_uncalibrated,01867041f59fc7446b6020cc1bf4c189e838660ca5eaa153ab7808ef2b049318,8a9ed4f3d580516f9ddc55941dc9153d23dd27e37c40e1e743a261ab6a9b643e
44312968,Isaiah Neyor,GB,WR,OVERALL,3000,0.15380044820880287,historical_ridge,experimental_uncalibrated,01867041f59fc7446b6020cc1bf4c189e838660ca5eaa153ab7808ef2b049318,8a9ed4f3d580516f9ddc55941dc9153d23dd27e37c40e1e743a261ab6a9b643e
44312972,CJ Williams,JAX,WR,OVERALL,3000,0.15380044820880287,historical_ridge,experimental_uncalibrated,01867041f59fc7446b6020cc1bf4c189e838660ca5eaa153ab7808ef2b049318,8a9ed4f3d580516f9ddc55941dc9153d23dd27e37c40e1e743a261ab6a9b643e
44312974,Michael Wortham,JAX,WR,OVERALL,3000,0.15380044820880287,historical_ridge,experimental_uncalibrated,01867041f59fc7446b6020cc1bf4c189e838660ca5eaa153ab7808ef2b049318,8a9ed4f3d580516f9ddc55941dc9153d23dd27e37c40e1e743a261ab6a9b643e
44312976,Trebor Pena,JAX,WR,OVERALL,3000,0.15380044820880287,historical_ridge,experimental_uncalibrated,01867041f59fc7446b6020cc1bf4c189e838660ca5eaa153ab7808ef2b049318,8a9ed4f3d580516f9ddc55941dc9153d23dd27e37c40e1e743a261ab6a9b643e
44312990,Jordan Moore,CIN,WR,OVERALL,3000,0.15380044820880287,historical_ridge,experimental_uncalibrated,01867041f59fc7446b6020cc1bf4c189e838660ca5eaa153ab7808ef2b049318,8a9ed4f3d580516f9ddc55941dc9153d23dd27e37c40e1e743a261ab6a9b643e
44312992,Noah Thomas,CIN,WR,OVERALL,3000,0.15380044820880287,historical_ridge,experimental_uncalibrated,01867041f59fc7446b6020cc1bf4c189e838660ca5eaa153ab7808ef2b049318,8a9ed4f3d580516f9ddc55941dc9153d23dd27e37c40e1e743a261ab6a9b643e
44313000,Kyle Dixon,NE,WR,OVERALL,3000,0.15380044820880287,historical_ridge,experimental_uncalibrated,01867041f59fc7446b6020cc1bf4c189e838660ca5eaa153ab7808ef2b049318,8a9ed4f3d580516f9ddc55941dc9153d23dd27e37c40e1e743a261ab6a9b643e
44313002,Cameron Dorner,NE,WR,OVERALL,3000,0.15380044820880287,historical_ridge,experimental_uncalibrated,01867041f59fc7446b6020cc1bf4c189e838660ca5eaa153ab7808ef2b049318,8a9ed4f3d580516f9ddc55941dc9153d23dd27e37c40e1e743a261ab6a9b643e
44313004,Chandler Brayboy,NE,WR,OVERALL,3000,0.15380044820880287,historical_ridge,experimental_uncalibrated,01867041f59fc7446b6020cc1bf4c189e838660ca5eaa153ab7808ef2b049318,8a9ed4f3d580516f9ddc55941dc9153d23dd27e37c40e1e743a261ab6a9b643e
44313006,Skyler Bell,BUF,WR,OVERALL,3000,0.15380044820880287,historical_ridge,experimental_uncalibrated,01867041f59fc7446b6020cc1bf4c189e838660ca5eaa153ab7808ef2b049318,8a9ed4f3d580516f9ddc55941dc9153d23dd27e37c40e1e743a261ab6a9b643e
44313012,Stephen Gosnell,BUF,WR,OVERALL,3000,0.15380044820880287,historical_ridge,experimental_uncalibrated,01867041f59fc7446b6020cc1bf4c189e838660ca5eaa153ab7808ef2b049318,8a9ed4f3d580516f9ddc55941dc9153d23dd27e37c40e1e743a261ab6a9b643e
44313016,Ja'Mori Maclin,BUF,WR,OVERALL,3000,0.15380044820880287,historical_ridge,experimental_uncalibrated,01867041f59fc7446b6020cc1bf4c189e838660ca5eaa153ab7808ef2b049318,8a9ed4f3d580516f9ddc55941dc9153d23dd27e37c40e1e743a261ab6a9b643e
44361606,Malick Meiga,SEA,WR,OVERALL,3000,0.15380044820880287,historical_ridge,experimental_uncalibrated,01867041f59fc7446b6020cc1bf4c189e838660ca5eaa153ab7808ef2b049318,8a9ed4f3d580516f9ddc55941dc9153d23dd27e37c40e1e743a261ab6a9b643e
44361608,Treyvhon Saunders,HOU,WR,OVERALL,3000,0.15380044820880287,historical_ridge,experimental_uncalibrated,01867041f59fc7446b6020cc1bf4c189e838660ca5eaa153ab7808ef2b049318,8a9ed4f3d580516f9ddc55941dc9153d23dd27e37c40e1e743a261ab6a9b643e
44361610,Dante Pettis,SF,WR,OVERALL,3000,0.15380044820880287,historical_ridge,experimental_uncalibrated,01867041f59fc7446b6020cc1bf4c189e838660ca5eaa153ab7808ef2b049318,8a9ed4f3d580516f9ddc55941dc9153d23dd27e37c40e1e743a261ab6a9b643e
44312406,Alec Ingold,LAC,RB,OVERALL,4000,0.15374428981772612,historical_ridge,experimental_uncalibrated,01867041f59fc7446b6020cc1bf4c189e838660ca5eaa153ab7808ef2b049318,8a9ed4f3d580516f9ddc55941dc9153d23dd27e37c40e1e743a261ab6a9b643e
44312480,Jerome Ford,MIN,RB,OVERALL,4000,0.15363398194407218,historical_ridge,experimental_uncalibrated,01867041f59fc7446b6020cc1bf4c189e838660ca5eaa153ab7808ef2b049318,8a9ed4f3d580516f9ddc55941dc9153d23dd27e37c40e1e743a261ab6a9b643e
44313176,Adam Trautman,DEN,TE,OVERALL,2500,0.1533535311119567,historical_ridge,experimental_uncalibrated,01867041f59fc7446b6020cc1bf4c189e838660ca5eaa153ab7808ef2b049318,8a9ed4f3d580516f9ddc55941dc9153d23dd27e37c40e1e743a261ab6a9b643e
44312790,Deven Thompkins,LV,WR,OVERALL,3000,0.14999448473505367,historical_ridge,experimental_uncalibrated,01867041f59fc7446b6020cc1bf4c189e838660ca5eaa153ab7808ef2b049318,8a9ed4f3d580516f9ddc55941dc9153d23dd27e37c40e1e743a261ab6a9b643e
44312780,Malik Benson,LV,WR,OVERALL,3000,0.14870730795403062,historical_ridge,experimental_uncalibrated,01867041f59fc7446b6020cc1bf4c189e838660ca5eaa153ab7808ef2b049318,8a9ed4f3d580516f9ddc55941dc9153d23dd27e37c40e1e743a261ab6a9b643e
44312912,Charlie Jones,NYG,WR,OVERALL,3000,0.14865554426004718,historical_ridge,experimental_uncalibrated,01867041f59fc7446b6020cc1bf4c189e838660ca5eaa153ab7808ef2b049318,8a9ed4f3d580516f9ddc55941dc9153d23dd27e37c40e1e743a261ab6a9b643e
44313144,Brevin Jordan,HOU,TE,OVERALL,2500,0.14852749841026963,historical_ridge,experimental_uncalibrated,01867041f59fc7446b6020cc1bf4c189e838660ca5eaa153ab7808ef2b049318,8a9ed4f3d580516f9ddc55941dc9153d23dd27e37c40e1e743a261ab6a9b643e
44312918,Britain Covey,PHI,WR,OVERALL,3000,0.14802668053901863,historical_ridge,experimental_uncalibrated,01867041f59fc7446b6020cc1bf4c189e838660ca5eaa153ab7808ef2b049318,8a9ed4f3d580516f9ddc55941dc9153d23dd27e37c40e1e743a261ab6a9b643e
44312532,Pierre Strong Jr.,GB,RB,OVERALL,4000,0.147745330559845,historical_ridge,experimental_uncalibrated,01867041f59fc7446b6020cc1bf4c189e838660ca5eaa153ab7808ef2b049318,8a9ed4f3d580516f9ddc55941dc9153d23dd27e37c40e1e743a261ab6a9b643e
44312894,Simi Fehoko,ARI,WR,OVERALL,3000,0.14756026761046773,historical_ridge,experimental_uncalibrated,01867041f59fc7446b6020cc1bf4c189e838660ca5eaa153ab7808ef2b049318,8a9ed4f3d580516f9ddc55941dc9153d23dd27e37c40e1e743a261ab6a9b643e
44313128,Brevyn Spann-Ford,DAL,TE,OVERALL,2500,0.14705337735739363,historical_ridge,experimental_uncalibrated,01867041f59fc7446b6020cc1bf4c189e838660ca5eaa153ab7808ef2b049318,8a9ed4f3d580516f9ddc55941dc9153d23dd27e37c40e1e743a261ab6a9b643e
44312872,Tai Felton,MIN,WR,OVERALL,3000,0.14702355202422948,historical_ridge,experimental_uncalibrated,01867041f59fc7446b6020cc1bf4c189e838660ca5eaa153ab7808ef2b049318,8a9ed4f3d580516f9ddc55941dc9153d23dd27e37c40e1e743a261ab6a9b643e
44312436,Israel Abanikanda,DAL,RB,OVERALL,4000,0.14632763038663757,historical_ridge,experimental_uncalibrated,01867041f59fc7446b6020cc1bf4c189e838660ca5eaa153ab7808ef2b049318,8a9ed4f3d580516f9ddc55941dc9153d23dd27e37c40e1e743a261ab6a9b643e
44312772,Derius Davis,LAC,WR,OVERALL,3000,0.14601056272565782,historical_ridge,experimental_uncalibrated,01867041f59fc7446b6020cc1bf4c189e838660ca5eaa153ab7808ef2b049318,8a9ed4f3d580516f9ddc55941dc9153d23dd27e37c40e1e743a261ab6a9b643e
44312922,Xavier Gipson,PHI,WR,OVERALL,3000,0.1454368893591781,historical_ridge,experimental_uncalibrated,01867041f59fc7446b6020cc1bf4c189e838660ca5eaa153ab7808ef2b049318,8a9ed4f3d580516f9ddc55941dc9153d23dd27e37c40e1e743a261ab6a9b643e
44312458,Zavier Scott,CHI,RB,OVERALL,4000,0.14516846583768334,historical_ridge,experimental_uncalibrated,01867041f59fc7446b6020cc1bf4c189e838660ca5eaa153ab7808ef2b049318,8a9ed4f3d580516f9ddc55941dc9153d23dd27e37c40e1e743a261ab6a9b643e
44312846,Kaden Davis,CHI,WR,OVERALL,3000,0.14418084694786545,historical_ridge,experimental_uncalibrated,01867041f59fc7446b6020cc1bf4c189e838660ca5eaa153ab7808ef2b049318,8a9ed4f3d580516f9ddc55941dc9153d23dd27e37c40e1e743a261ab6a9b643e
44312928,Alex Bachman,LAR,WR,OVERALL,3000,0.14375741914502718,historical_ridge,experimental_uncalibrated,01867041f59fc7446b6020cc1bf4c189e838660ca5eaa153ab7808ef2b049318,8a9ed4f3d580516f9ddc55941dc9153d23dd27e37c40e1e743a261ab6a9b643e
44312910,Dalen Cambre,NYG,WR,OVERALL,3000,0.1432415262440384,historical_ridge,experimental_uncalibrated,01867041f59fc7446b6020cc1bf4c189e838660ca5eaa153ab7808ef2b049318,8a9ed4f3d580516f9ddc55941dc9153d23dd27e37c40e1e743a261ab6a9b643e
44361612,Coleman Owen,GB,WR,OVERALL,3000,0.14274559693876962,historical_ridge,experimental_uncalibrated,01867041f59fc7446b6020cc1bf4c189e838660ca5eaa153ab7808ef2b049318,8a9ed4f3d580516f9ddc55941dc9153d23dd27e37c40e1e743a261ab6a9b643e
44312536,LeQuint Allen Jr.,JAX,RB,OVERALL,4000,0.1425992228116682,historical_ridge,experimental_uncalibrated,01867041f59fc7446b6020cc1bf4c189e838660ca5eaa153ab7808ef2b049318,8a9ed4f3d580516f9ddc55941dc9153d23dd27e37c40e1e743a261ab6a9b643e
44312502,Dameon Pierce,PHI,RB,OVERALL,4000,0.14257529800170793,historical_ridge,experimental_uncalibrated,01867041f59fc7446b6020cc1bf4c189e838660ca5eaa153ab7808ef2b049318,8a9ed4f3d580516f9ddc55941dc9153d23dd27e37c40e1e743a261ab6a9b643e
44313130,Luke Schoonmaker,DAL,TE,OVERALL,2500,0.14256957970137116,historical_ridge,experimental_uncalibrated,01867041f59fc7446b6020cc1bf4c189e838660ca5eaa153ab7808ef2b049318,8a9ed4f3d580516f9ddc55941dc9153d23dd27e37c40e1e743a261ab6a9b643e
44313156,Sam Roush,CHI,TE,OVERALL,2500,0.14251856189442105,historical_ridge,experimental_uncalibrated,01867041f59fc7446b6020cc1bf4c189e838660ca5eaa153ab7808ef2b049318,8a9ed4f3d580516f9ddc55941dc9153d23dd27e37c40e1e743a261ab6a9b643e
44312428,Nate Carter,KC,RB,OVERALL,4000,0.14210036102487952,historical_ridge,experimental_uncalibrated,01867041f59fc7446b6020cc1bf4c189e838660ca5eaa153ab7808ef2b049318,8a9ed4f3d580516f9ddc55941dc9153d23dd27e37c40e1e743a261ab6a9b643e
44312896,Devin Duvernay,ARI,WR,OVERALL,3000,0.14202800945085403,historical_ridge,experimental_uncalibrated,01867041f59fc7446b6020cc1bf4c189e838660ca5eaa153ab7808ef2b049318,8a9ed4f3d580516f9ddc55941dc9153d23dd27e37c40e1e743a261ab6a9b643e
44312438,Hunter Luepke,DAL,RB,OVERALL,4000,0.14164144025460187,historical_ridge,experimental_uncalibrated,01867041f59fc7446b6020cc1bf4c189e838660ca5eaa153ab7808ef2b049318,8a9ed4f3d580516f9ddc55941dc9153d23dd27e37c40e1e743a261ab6a9b643e
44353498,Phillip Dorsett II,LV,WR,OVERALL,3000,0.14160952180822126,historical_ridge,experimental_uncalibrated,01867041f59fc7446b6020cc1bf4c189e838660ca5eaa153ab7808ef2b049318,8a9ed4f3d580516f9ddc55941dc9153d23dd27e37c40e1e743a261ab6a9b643e
44312952,Kameron Johnson,TB,WR,OVERALL,3000,0.14064507528042314,historical_ridge,experimental_uncalibrated,01867041f59fc7446b6020cc1bf4c189e838660ca5eaa153ab7808ef2b049318,8a9ed4f3d580516f9ddc55941dc9153d23dd27e37c40e1e743a261ab6a9b643e
44312786,Justin Shorter,LV,WR,OVERALL,3000,0.14024708891261303,historical_ridge,experimental_uncalibrated,01867041f59fc7446b6020cc1bf4c189e838660ca5eaa153ab7808ef2b049318,8a9ed4f3d580516f9ddc55941dc9153d23dd27e37c40e1e743a261ab6a9b643e
44312420,Dare Ogunbowale,HOU,RB,OVERALL,4000,0.1398531999719695,historical_ridge,experimental_uncalibrated,01867041f59fc7446b6020cc1bf4c189e838660ca5eaa153ab7808ef2b049318,8a9ed4f3d580516f9ddc55941dc9153d23dd27e37c40e1e743a261ab6a9b643e
44312796,Nikko Remigio,KC,WR,OVERALL,3000,0.13947261332270872,historical_ridge,experimental_uncalibrated,01867041f59fc7446b6020cc1bf4c189e838660ca5eaa153ab7808ef2b049318,8a9ed4f3d580516f9ddc55941dc9153d23dd27e37c40e1e743a261ab6a9b643e
44313110,Ian Thomas,LV,TE,OVERALL,2500,0.1375669831270203,historical_ridge,experimental_uncalibrated,01867041f59fc7446b6020cc1bf4c189e838660ca5eaa153ab7808ef2b049318,8a9ed4f3d580516f9ddc55941dc9153d23dd27e37c40e1e743a261ab6a9b643e
44313304,Jackson Hawes,BUF,TE,OVERALL,2500,0.13614697329016237,historical_ridge,experimental_uncalibrated,01867041f59fc7446b6020cc1bf4c189e838660ca5eaa153ab7808ef2b049318,8a9ed4f3d580516f9ddc55941dc9153d23dd27e37c40e1e743a261ab6a9b643e
44312462,Jordan James,SF,RB,OVERALL,4000,0.135732145640044,historical_ridge,experimental_uncalibrated,01867041f59fc7446b6020cc1bf4c189e838660ca5eaa153ab7808ef2b049318,8a9ed4f3d580516f9ddc55941dc9153d23dd27e37c40e1e743a261ab6a9b643e
44312504,Carson Steele,PHI,RB,OVERALL,4000,0.13465992185023476,historical_ridge,experimental_uncalibrated,01867041f59fc7446b6020cc1bf4c189e838660ca5eaa153ab7808ef2b049318,8a9ed4f3d580516f9ddc55941dc9153d23dd27e37c40e1e743a261ab6a9b643e
44312484,DJ Herman,MIA,RB,OVERALL,4000,0.13464449460652061,historical_ridge,experimental_uncalibrated,01867041f59fc7446b6020cc1bf4c189e838660ca5eaa153ab7808ef2b049318,8a9ed4f3d580516f9ddc55941dc9153d23dd27e37c40e1e743a261ab6a9b643e
44313100,Elijah Arroyo,SEA,TE,OVERALL,2500,0.1344599737377393,historical_ridge,experimental_uncalibrated,01867041f59fc7446b6020cc1bf4c189e838660ca5eaa153ab7808ef2b049318,8a9ed4f3d580516f9ddc55941dc9153d23dd27e37c40e1e743a261ab6a9b643e
44313136,James Mitchell,DAL,TE,OVERALL,2500,0.13223298846357473,historical_ridge,experimental_uncalibrated,01867041f59fc7446b6020cc1bf4c189e838660ca5eaa153ab7808ef2b049318,8a9ed4f3d580516f9ddc55941dc9153d23dd27e37c40e1e743a261ab6a9b643e
44312520,Nick Singleton,TEN,RB,OVERALL,4000,0.13215584279376175,historical_ridge,experimental_uncalibrated,01867041f59fc7446b6020cc1bf4c189e838660ca5eaa153ab7808ef2b049318,8a9ed4f3d580516f9ddc55941dc9153d23dd27e37c40e1e743a261ab6a9b643e
44313142,Cade Stover,HOU,TE,OVERALL,2500,0.1320478786548973,historical_ridge,experimental_uncalibrated,01867041f59fc7446b6020cc1bf4c189e838660ca5eaa153ab7808ef2b049318,8a9ed4f3d580516f9ddc55941dc9153d23dd27e37c40e1e743a261ab6a9b643e
44313272,Josh Whyle,GB,TE,OVERALL,2500,0.13159303385941376,historical_ridge,experimental_uncalibrated,01867041f59fc7446b6020cc1bf4c189e838660ca5eaa153ab7808ef2b049318,8a9ed4f3d580516f9ddc55941dc9153d23dd27e37c40e1e743a261ab6a9b643e
44312454,Roschon Johnson,CHI,RB,OVERALL,4000,0.13155247049655272,historical_ridge,experimental_uncalibrated,01867041f59fc7446b6020cc1bf4c189e838660ca5eaa153ab7808ef2b049318,8a9ed4f3d580516f9ddc55941dc9153d23dd27e37c40e1e743a261ab6a9b643e
44312470,Adam Prentice,DEN,RB,OVERALL,4000,0.13098480565593834,historical_ridge,experimental_uncalibrated,01867041f59fc7446b6020cc1bf4c189e838660ca5eaa153ab7808ef2b049318,8a9ed4f3d580516f9ddc55941dc9153d23dd27e37c40e1e743a261ab6a9b643e
44313184,Lucas Krull,DEN,TE,OVERALL,2500,0.1309798263533211,historical_ridge,experimental_uncalibrated,01867041f59fc7446b6020cc1bf4c189e838660ca5eaa153ab7808ef2b049318,8a9ed4f3d580516f9ddc55941dc9153d23dd27e37c40e1e743a261ab6a9b643e
44312986,Ke'Shawn Williams,CIN,WR,OVERALL,3000,0.12905942930409042,historical_ridge,experimental_uncalibrated,01867041f59fc7446b6020cc1bf4c189e838660ca5eaa153ab7808ef2b049318,8a9ed4f3d580516f9ddc55941dc9153d23dd27e37c40e1e743a261ab6a9b643e
44312556,Frank Gore Jr.,BUF,RB,OVERALL,4000,0.12867376922520893,historical_ridge,experimental_uncalibrated,01867041f59fc7446b6020cc1bf4c189e838660ca5eaa153ab7808ef2b049318,8a9ed4f3d580516f9ddc55941dc9153d23dd27e37c40e1e743a261ab6a9b643e
44312514,Rasheen Ali,BAL,RB,OVERALL,4000,0.12782860390080386,historical_ridge,experimental_uncalibrated,01867041f59fc7446b6020cc1bf4c189e838660ca5eaa153ab7808ef2b049318,8a9ed4f3d580516f9ddc55941dc9153d23dd27e37c40e1e743a261ab6a9b643e
44312422,Connor Heyward,LV,RB,OVERALL,4000,0.12753358685232996,historical_ridge,experimental_uncalibrated,01867041f59fc7446b6020cc1bf4c189e838660ca5eaa153ab7808ef2b049318,8a9ed4f3d580516f9ddc55941dc9153d23dd27e37c40e1e743a261ab6a9b643e
44313282,Quintin Morris,JAX,TE,OVERALL,2500,0.12706710620858938,historical_ridge,experimental_uncalibrated,01867041f59fc7446b6020cc1bf4c189e838660ca5eaa153ab7808ef2b049318,8a9ed4f3d580516f9ddc55941dc9153d23dd27e37c40e1e743a261ab6a9b643e
44312554,Reggie Gilliam,NE,RB,OVERALL,4000,0.12667382864179758,historical_ridge,experimental_uncalibrated,01867041f59fc7446b6020cc1bf4c189e838660ca5eaa153ab7808ef2b049318,8a9ed4f3d580516f9ddc55941dc9153d23dd27e37c40e1e743a261ab6a9b643e
44313210,Hunter Long,ARI,TE,OVERALL,2500,0.1266673268866414,historical_ridge,experimental_uncalibrated,01867041f59fc7446b6020cc1bf4c189e838660ca5eaa153ab7808ef2b049318,8a9ed4f3d580516f9ddc55941dc9153d23dd27e37c40e1e743a261ab6a9b643e
44312398,Jacardia Wright,SEA,RB,OVERALL,4000,0.12640350767182054,historical_ridge,experimental_uncalibrated,01867041f59fc7446b6020cc1bf4c189e838660ca5eaa153ab7808ef2b049318,8a9ed4f3d580516f9ddc55941dc9153d23dd27e37c40e1e743a261ab6a9b643e
44312408,Amar Johnson,LAC,RB,OVERALL,4000,0.12640350767182054,historical_ridge,experimental_uncalibrated,01867041f59fc7446b6020cc1bf4c189e838660ca5eaa153ab7808ef2b049318,8a9ed4f3d580516f9ddc55941dc9153d23dd27e37c40e1e743a261ab6a9b643e
44312410,Gregory Desrosiers,LAC,RB,OVERALL,4000,0.12640350767182054,historical_ridge,experimental_uncalibrated,01867041f59fc7446b6020cc1bf4c189e838660ca5eaa153ab7808ef2b049318,8a9ed4f3d580516f9ddc55941dc9153d23dd27e37c40e1e743a261ab6a9b643e
44312418,Roman Hemby,LV,RB,OVERALL,4000,0.12640350767182054,historical_ridge,experimental_uncalibrated,01867041f59fc7446b6020cc1bf4c189e838660ca5eaa153ab7808ef2b049318,8a9ed4f3d580516f9ddc55941dc9153d23dd27e37c40e1e743a261ab6a9b643e
44312426,Jaydn Ott,KC,RB,OVERALL,4000,0.12640350767182054,historical_ridge,experimental_uncalibrated,01867041f59fc7446b6020cc1bf4c189e838660ca5eaa153ab7808ef2b049318,8a9ed4f3d580516f9ddc55941dc9153d23dd27e37c40e1e743a261ab6a9b643e
44312448,Andrew Beck,NYJ,RB,OVERALL,4000,0.12640350767182054,historical_ridge,experimental_uncalibrated,01867041f59fc7446b6020cc1bf4c189e838660ca5eaa153ab7808ef2b049318,8a9ed4f3d580516f9ddc55941dc9153d23dd27e37c40e1e743a261ab6a9b643e
44312452,Al-Jay Henderson,NYJ,RB,OVERALL,4000,0.12640350767182054,historical_ridge,experimental_uncalibrated,01867041f59fc7446b6020cc1bf4c189e838660ca5eaa153ab7808ef2b049318,8a9ed4f3d580516f9ddc55941dc9153d23dd27e37c40e1e743a261ab6a9b643e
44312472,Cody Schrader,DEN,RB,OVERALL,4000,0.12640350767182054,historical_ridge,experimental_uncalibrated,01867041f59fc7446b6020cc1bf4c189e838660ca5eaa153ab7808ef2b049318,8a9ed4f3d580516f9ddc55941dc9153d23dd27e37c40e1e743a261ab6a9b643e
44312478,Max Bredeson,MIN,RB,OVERALL,4000,0.12640350767182054,historical_ridge,experimental_uncalibrated,01867041f59fc7446b6020cc1bf4c189e838660ca5eaa153ab7808ef2b049318,8a9ed4f3d580516f9ddc55941dc9153d23dd27e37c40e1e743a261ab6a9b643e
44312482,Jarquez Hunter,MIA,RB,OVERALL,4000,0.12640350767182054,historical_ridge,experimental_uncalibrated,01867041f59fc7446b6020cc1bf4c189e838660ca5eaa153ab7808ef2b049318,8a9ed4f3d580516f9ddc55941dc9153d23dd27e37c40e1e743a261ab6a9b643e
44312486,Carlos Washington Jr.,MIA,RB,OVERALL,4000,0.12640350767182054,historical_ridge,experimental_uncalibrated,01867041f59fc7446b6020cc1bf4c189e838660ca5eaa153ab7808ef2b049318,8a9ed4f3d580516f9ddc55941dc9153d23dd27e37c40e1e743a261ab6a9b643e
44312496,Grant Finley,NYG,RB,OVERALL,4000,0.12640350767182054,historical_ridge,experimental_uncalibrated,01867041f59fc7446b6020cc1bf4c189e838660ca5eaa153ab7808ef2b049318,8a9ed4f3d580516f9ddc55941dc9153d23dd27e37c40e1e743a261ab6a9b643e
44312500,Phil Mafah,NYG,RB,OVERALL,4000,0.12640350767182054,historical_ridge,experimental_uncalibrated,01867041f59fc7446b6020cc1bf4c189e838660ca5eaa153ab7808ef2b049318,8a9ed4f3d580516f9ddc55941dc9153d23dd27e37c40e1e743a261ab6a9b643e
44312508,Dean Connors,LAR,RB,OVERALL,4000,0.12640350767182054,historical_ridge,experimental_uncalibrated,01867041f59fc7446b6020cc1bf4c189e838660ca5eaa153ab7808ef2b049318,8a9ed4f3d580516f9ddc55941dc9153d23dd27e37c40e1e743a261ab6a9b643e
44312512,Jordan Waters,LAR,RB,OVERALL,4000,0.12640350767182054,historical_ridge,experimental_uncalibrated,01867041f59fc7446b6020cc1bf4c189e838660ca5eaa153ab7808ef2b049318,8a9ed4f3d580516f9ddc55941dc9153d23dd27e37c40e1e743a261ab6a9b643e
44312518,Jonathan Ward,BAL,RB,OVERALL,4000,0.12640350767182054,historical_ridge,experimental_uncalibrated,01867041f59fc7446b6020cc1bf4c189e838660ca5eaa153ab7808ef2b049318,8a9ed4f3d580516f9ddc55941dc9153d23dd27e37c40e1e743a261ab6a9b643e
44312534,Damon Bankston,GB,RB,OVERALL,4000,0.12640350767182054,historical_ridge,experimental_uncalibrated,01867041f59fc7446b6020cc1bf4c189e838660ca5eaa153ab7808ef2b049318,8a9ed4f3d580516f9ddc55941dc9153d23dd27e37c40e1e743a261ab6a9b643e
44312540,J'Mari Taylor,JAX,RB,OVERALL,4000,0.12640350767182054,historical_ridge,experimental_uncalibrated,01867041f59fc7446b6020cc1bf4c189e838660ca5eaa153ab7808ef2b049318,8a9ed4f3d580516f9ddc55941dc9153d23dd27e37c40e1e743a261ab6a9b643e
44312544,Kendall Milton,CIN,RB,OVERALL,4000,0.12640350767182054,historical_ridge,experimental_uncalibrated,01867041f59fc7446b6020cc1bf4c189e838660ca5eaa153ab7808ef2b049318,8a9ed4f3d580516f9ddc55941dc9153d23dd27e37c40e1e743a261ab6a9b643e
44312546,Kentrel Bullock,CIN,RB,OVERALL,4000,0.12640350767182054,historical_ridge,experimental_uncalibrated,01867041f59fc7446b6020cc1bf4c189e838660ca5eaa153ab7808ef2b049318,8a9ed4f3d580516f9ddc55941dc9153d23dd27e37c40e1e743a261ab6a9b643e
44312558,Brock Lampe,BUF,RB,OVERALL,4000,0.12640350767182054,historical_ridge,experimental_uncalibrated,01867041f59fc7446b6020cc1bf4c189e838660ca5eaa153ab7808ef2b049318,8a9ed4f3d580516f9ddc55941dc9153d23dd27e37c40e1e743a261ab6a9b643e
44312446,Kene Nwangwu,NYJ,RB,OVERALL,4000,0.12620928411323246,historical_ridge,experimental_uncalibrated,01867041f59fc7446b6020cc1bf4c189e838660ca5eaa153ab7808ef2b049318,8a9ed4f3d580516f9ddc55941dc9153d23dd27e37c40e1e743a261ab6a9b643e
44312560,Demond Claiborne,MIN,RB,OVERALL,4000,0.12555399156306,historical_ridge,experimental_uncalibrated,01867041f59fc7446b6020cc1bf4c189e838660ca5eaa153ab7808ef2b049318,8a9ed4f3d580516f9ddc55941dc9153d23dd27e37c40e1e743a261ab6a9b643e
44313152,Jelani Woods,NYJ,TE,OVERALL,2500,0.1248166586601412,historical_ridge,experimental_uncalibrated,01867041f59fc7446b6020cc1bf4c189e838660ca5eaa153ab7808ef2b049318,8a9ed4f3d580516f9ddc55941dc9153d23dd27e37c40e1e743a261ab6a9b643e
44313166,Luke Farrell,SF,TE,OVERALL,2500,0.12470275999854809,historical_ridge,experimental_uncalibrated,01867041f59fc7446b6020cc1bf4c189e838660ca5eaa153ab7808ef2b049318,8a9ed4f3d580516f9ddc55941dc9153d23dd27e37c40e1e743a261ab6a9b643e
44312494,Evan Hull,ARI,RB,OVERALL,4000,0.1229844501112625,historical_ridge,experimental_uncalibrated,01867041f59fc7446b6020cc1bf4c189e838660ca5eaa153ab7808ef2b049318,8a9ed4f3d580516f9ddc55941dc9153d23dd27e37c40e1e743a261ab6a9b643e
44313232,Josiah Deguara,PHI,TE,OVERALL,2500,0.12258794596492592,historical_ridge,experimental_uncalibrated,01867041f59fc7446b6020cc1bf4c189e838660ca5eaa153ab7808ef2b049318,8a9ed4f3d580516f9ddc55941dc9153d23dd27e37c40e1e743a261ab6a9b643e
44312394,Velus Jones Jr.,SEA,RB,OVERALL,4000,0.12196019415587463,historical_ridge,experimental_uncalibrated,01867041f59fc7446b6020cc1bf4c189e838660ca5eaa153ab7808ef2b049318,8a9ed4f3d580516f9ddc55941dc9153d23dd27e37c40e1e743a261ab6a9b643e
44312498,Patrick Ricard,NYG,RB,OVERALL,4000,0.12014752809009298,historical_ridge,experimental_uncalibrated,01867041f59fc7446b6020cc1bf4c189e838660ca5eaa153ab7808ef2b049318,8a9ed4f3d580516f9ddc55941dc9153d23dd27e37c40e1e743a261ab6a9b643e
44312542,Tahj Brooks,CIN,RB,OVERALL,4000,0.11858186621140682,historical_ridge,experimental_uncalibrated,01867041f59fc7446b6020cc1bf4c189e838660ca5eaa153ab7808ef2b049318,8a9ed4f3d580516f9ddc55941dc9153d23dd27e37c40e1e743a261ab6a9b643e
44313302,Tanner Conner,NE,TE,OVERALL,2500,0.11809303145490486,historical_ridge,experimental_uncalibrated,01867041f59fc7446b6020cc1bf4c189e838660ca5eaa153ab7808ef2b049318,8a9ed4f3d580516f9ddc55941dc9153d23dd27e37c40e1e743a261ab6a9b643e
44313196,Cam Grandy,MIN,TE,OVERALL,2500,0.11734383848202583,historical_ridge,experimental_uncalibrated,01867041f59fc7446b6020cc1bf4c189e838660ca5eaa153ab7808ef2b049318,8a9ed4f3d580516f9ddc55941dc9153d23dd27e37c40e1e743a261ab6a9b643e
44361600,Owen Wright,LV,RB,OVERALL,4000,0.11681428033503949,historical_ridge,experimental_uncalibrated,01867041f59fc7446b6020cc1bf4c189e838660ca5eaa153ab7808ef2b049318,8a9ed4f3d580516f9ddc55941dc9153d23dd27e37c40e1e743a261ab6a9b643e
44313226,E.J. Jenkins,PHI,TE,OVERALL,2500,0.11601756578820803,historical_ridge,experimental_uncalibrated,01867041f59fc7446b6020cc1bf4c189e838660ca5eaa153ab7808ef2b049318,8a9ed4f3d580516f9ddc55941dc9153d23dd27e37c40e1e743a261ab6a9b643e
44312530,Josh Williams,TB,RB,OVERALL,4000,0.11596416045283187,historical_ridge,experimental_uncalibrated,01867041f59fc7446b6020cc1bf4c189e838660ca5eaa153ab7808ef2b049318,8a9ed4f3d580516f9ddc55941dc9153d23dd27e37c40e1e743a261ab6a9b643e
44313140,Marlin Klein,HOU,TE,OVERALL,2500,0.11534043891016547,historical_ridge,experimental_uncalibrated,01867041f59fc7446b6020cc1bf4c189e838660ca5eaa153ab7808ef2b049318,8a9ed4f3d580516f9ddc55941dc9153d23dd27e37c40e1e743a261ab6a9b643e
44313254,Kylen Granson,TEN,TE,OVERALL,2500,0.11514209172228784,historical_ridge,experimental_uncalibrated,01867041f59fc7446b6020cc1bf4c189e838660ca5eaa153ab7808ef2b049318,8a9ed4f3d580516f9ddc55941dc9153d23dd27e37c40e1e743a261ab6a9b643e
44312526,Kalel Mullings,TEN,RB,OVERALL,4000,0.11506630300027103,historical_ridge,experimental_uncalibrated,01867041f59fc7446b6020cc1bf4c189e838660ca5eaa153ab7808ef2b049318,8a9ed4f3d580516f9ddc55941dc9153d23dd27e37c40e1e743a261ab6a9b643e
44313244,Josh Cuevas,BAL,TE,OVERALL,2500,0.11431840360244615,historical_ridge,experimental_uncalibrated,01867041f59fc7446b6020cc1bf4c189e838660ca5eaa153ab7808ef2b049318,8a9ed4f3d580516f9ddc55941dc9153d23dd27e37c40e1e743a261ab6a9b643e
44312430,Ben VanSumeren,KC,RB,OVERALL,4000,0.11415032454690814,historical_ridge,experimental_uncalibrated,01867041f59fc7446b6020cc1bf4c189e838660ca5eaa153ab7808ef2b049318,8a9ed4f3d580516f9ddc55941dc9153d23dd27e37c40e1e743a261ab6a9b643e
44313286,Brenden Bates,JAX,TE,OVERALL,2500,0.11358318243732228,historical_ridge,experimental_uncalibrated,01867041f59fc7446b6020cc1bf4c189e838660ca5eaa153ab7808ef2b049318,8a9ed4f3d580516f9ddc55941dc9153d23dd27e37c40e1e743a261ab6a9b643e
44313280,Nate Boerkircher,JAX,TE,OVERALL,2500,0.11298823878648652,historical_ridge,experimental_uncalibrated,01867041f59fc7446b6020cc1bf4c189e838660ca5eaa153ab7808ef2b049318,8a9ed4f3d580516f9ddc55941dc9153d23dd27e37c40e1e743a261ab6a9b643e
44313306,Keleki Latu,BUF,TE,OVERALL,2500,0.11296399771783637,historical_ridge,experimental_uncalibrated,01867041f59fc7446b6020cc1bf4c189e838660ca5eaa153ab7808ef2b049318,8a9ed4f3d580516f9ddc55941dc9153d23dd27e37c40e1e743a261ab6a9b643e
44312524,Julius Chestnut,TEN,RB,OVERALL,4000,0.11266281319795443,historical_ridge,experimental_uncalibrated,01867041f59fc7446b6020cc1bf4c189e838660ca5eaa153ab7808ef2b049318,8a9ed4f3d580516f9ddc55941dc9153d23dd27e37c40e1e743a261ab6a9b643e
44313240,Durham Smythe,BAL,TE,OVERALL,2500,0.11260857013013455,historical_ridge,experimental_uncalibrated,01867041f59fc7446b6020cc1bf4c189e838660ca5eaa153ab7808ef2b049318,8a9ed4f3d580516f9ddc55941dc9153d23dd27e37c40e1e743a261ab6a9b643e
44313118,Jake Briningstool,KC,TE,OVERALL,2500,0.11236078084111957,historical_ridge,experimental_uncalibrated,01867041f59fc7446b6020cc1bf4c189e838660ca5eaa153ab7808ef2b049318,8a9ed4f3d580516f9ddc55941dc9153d23dd27e37c40e1e743a261ab6a9b643e
44313172,Jack Stoll,SF,TE,OVERALL,2500,0.11227966998187384,historical_ridge,experimental_uncalibrated,01867041f59fc7446b6020cc1bf4c189e838660ca5eaa153ab7808ef2b049318,8a9ed4f3d580516f9ddc55941dc9153d23dd27e37c40e1e743a261ab6a9b643e
44313146,Zaire Mitchell-Paden,HOU,TE,OVERALL,2500,0.11171610611034148,historical_ridge,experimental_uncalibrated,01867041f59fc7446b6020cc1bf4c189e838660ca5eaa153ab7808ef2b049318,8a9ed4f3d580516f9ddc55941dc9153d23dd27e37c40e1e743a261ab6a9b643e
44313331,Dolphins,MIA,DST,OVERALL,2000,0.10981191792401937,historical_ridge,experimental_uncalibrated,01867041f59fc7446b6020cc1bf4c189e838660ca5eaa153ab7808ef2b049318,8a9ed4f3d580516f9ddc55941dc9153d23dd27e37c40e1e743a261ab6a9b643e
44313120,Jared Wiley,KC,TE,OVERALL,2500,0.10882038471122912,historical_ridge,experimental_uncalibrated,01867041f59fc7446b6020cc1bf4c189e838660ca5eaa153ab7808ef2b049318,8a9ed4f3d580516f9ddc55941dc9153d23dd27e37c40e1e743a261ab6a9b643e
44313216,Teagan Quitoriano,ARI,TE,OVERALL,2500,0.1082858101012905,historical_ridge,experimental_uncalibrated,01867041f59fc7446b6020cc1bf4c189e838660ca5eaa153ab7808ef2b049318,8a9ed4f3d580516f9ddc55941dc9153d23dd27e37c40e1e743a261ab6a9b643e
44313198,Will Kacmarek,MIA,TE,OVERALL,2500,0.10762472680926392,historical_ridge,experimental_uncalibrated,01867041f59fc7446b6020cc1bf4c189e838660ca5eaa153ab7808ef2b049318,8a9ed4f3d580516f9ddc55941dc9153d23dd27e37c40e1e743a261ab6a9b643e
44313106,Patrick Herbert,LAC,TE,OVERALL,2500,0.10646149545969408,historical_ridge,experimental_uncalibrated,01867041f59fc7446b6020cc1bf4c189e838660ca5eaa153ab7808ef2b049318,8a9ed4f3d580516f9ddc55941dc9153d23dd27e37c40e1e743a261ab6a9b643e
44313108,Evan Svoboda,LAC,TE,OVERALL,2500,0.10646149545969408,historical_ridge,experimental_uncalibrated,01867041f59fc7446b6020cc1bf4c189e838660ca5eaa153ab7808ef2b049318,8a9ed4f3d580516f9ddc55941dc9153d23dd27e37c40e1e743a261ab6a9b643e
44313114,Chris Myarick,LV,TE,OVERALL,2500,0.10646149545969408,historical_ridge,experimental_uncalibrated,01867041f59fc7446b6020cc1bf4c189e838660ca5eaa153ab7808ef2b049318,8a9ed4f3d580516f9ddc55941dc9153d23dd27e37c40e1e743a261ab6a9b643e
44313116,Patrick Gurd,LV,TE,OVERALL,2500,0.10646149545969408,historical_ridge,experimental_uncalibrated,01867041f59fc7446b6020cc1bf4c189e838660ca5eaa153ab7808ef2b049318,8a9ed4f3d580516f9ddc55941dc9153d23dd27e37c40e1e743a261ab6a9b643e
44313124,James Winchester,KC,TE,OVERALL,2500,0.10646149545969408,historical_ridge,experimental_uncalibrated,01867041f59fc7446b6020cc1bf4c189e838660ca5eaa153ab7808ef2b049318,8a9ed4f3d580516f9ddc55941dc9153d23dd27e37c40e1e743a261ab6a9b643e
44313126,Thomas Odukoya,KC,TE,OVERALL,2500,0.10646149545969408,historical_ridge,experimental_uncalibrated,01867041f59fc7446b6020cc1bf4c189e838660ca5eaa153ab7808ef2b049318,8a9ed4f3d580516f9ddc55941dc9153d23dd27e37c40e1e743a261ab6a9b643e
44313138,Michael Trigg,DAL,TE,OVERALL,2500,0.10646149545969408,historical_ridge,experimental_uncalibrated,01867041f59fc7446b6020cc1bf4c189e838660ca5eaa153ab7808ef2b049318,8a9ed4f3d580516f9ddc55941dc9153d23dd27e37c40e1e743a261ab6a9b643e
44313154,Cody Hardy,NYJ,TE,OVERALL,2500,0.10646149545969408,historical_ridge,experimental_uncalibrated,01867041f59fc7446b6020cc1bf4c189e838660ca5eaa153ab7808ef2b049318,8a9ed4f3d580516f9ddc55941dc9153d23dd27e37c40e1e743a261ab6a9b643e
44313162,Qadir Ismail,CHI,TE,OVERALL,2500,0.10646149545969408,historical_ridge,experimental_uncalibrated,01867041f59fc7446b6020cc1bf4c189e838660ca5eaa153ab7808ef2b049318,8a9ed4f3d580516f9ddc55941dc9153d23dd27e37c40e1e743a261ab6a9b643e
44313164,Stephen Carlson,CHI,TE,OVERALL,2500,0.10646149545969408,historical_ridge,experimental_uncalibrated,01867041f59fc7446b6020cc1bf4c189e838660ca5eaa153ab7808ef2b049318,8a9ed4f3d580516f9ddc55941dc9153d23dd27e37c40e1e743a261ab6a9b643e
44313174,Khalil Dinkins,SF,TE,OVERALL,2500,0.10646149545969408,historical_ridge,experimental_uncalibrated,01867041f59fc7446b6020cc1bf4c189e838660ca5eaa153ab7808ef2b049318,8a9ed4f3d580516f9ddc55941dc9153d23dd27e37c40e1e743a261ab6a9b643e
44313180,Dallen Bentley,DEN,TE,OVERALL,2500,0.10646149545969408,historical_ridge,experimental_uncalibrated,01867041f59fc7446b6020cc1bf4c189e838660ca5eaa153ab7808ef2b049318,8a9ed4f3d580516f9ddc55941dc9153d23dd27e37c40e1e743a261ab6a9b643e
44313186,Mitchell Fraboni,DEN,TE,OVERALL,2500,0.10646149545969408,historical_ridge,experimental_uncalibrated,01867041f59fc7446b6020cc1bf4c189e838660ca5eaa153ab7808ef2b049318,8a9ed4f3d580516f9ddc55941dc9153d23dd27e37c40e1e743a261ab6a9b643e
44313190,Gavin Bartholomew,MIN,TE,OVERALL,2500,0.10646149545969408,historical_ridge,experimental_uncalibrated,01867041f59fc7446b6020cc1bf4c189e838660ca5eaa153ab7808ef2b049318,8a9ed4f3d580516f9ddc55941dc9153d23dd27e37c40e1e743a261ab6a9b643e
44313194,Andrew DePaola,MIN,TE,OVERALL,2500,0.10646149545969408,historical_ridge,experimental_uncalibrated,01867041f59fc7446b6020cc1bf4c189e838660ca5eaa153ab7808ef2b049318,8a9ed4f3d580516f9ddc55941dc9153d23dd27e37c40e1e743a261ab6a9b643e
44313200,Seydou Traore,MIA,TE,OVERALL,2500,0.10646149545969408,historical_ridge,experimental_uncalibrated,01867041f59fc7446b6020cc1bf4c189e838660ca5eaa153ab7808ef2b049318,8a9ed4f3d580516f9ddc55941dc9153d23dd27e37c40e1e743a261ab6a9b643e
44313202,Justin Joly,MIA,TE,OVERALL,2500,0.10646149545969408,historical_ridge,experimental_uncalibrated,01867041f59fc7446b6020cc1bf4c189e838660ca5eaa153ab7808ef2b049318,8a9ed4f3d580516f9ddc55941dc9153d23dd27e37c40e1e743a261ab6a9b643e
44313206,Tre Watson,MIA,TE,OVERALL,2500,0.10646149545969408,historical_ridge,experimental_uncalibrated,01867041f59fc7446b6020cc1bf4c189e838660ca5eaa153ab7808ef2b049318,8a9ed4f3d580516f9ddc55941dc9153d23dd27e37c40e1e743a261ab6a9b643e
44313218,Shawn Bowman,ARI,TE,OVERALL,2500,0.10646149545969408,historical_ridge,experimental_uncalibrated,01867041f59fc7446b6020cc1bf4c189e838660ca5eaa153ab7808ef2b049318,8a9ed4f3d580516f9ddc55941dc9153d23dd27e37c40e1e743a261ab6a9b643e
44313222,Thomas Fidone II,NYG,TE,OVERALL,2500,0.10646149545969408,historical_ridge,experimental_uncalibrated,01867041f59fc7446b6020cc1bf4c189e838660ca5eaa153ab7808ef2b049318,8a9ed4f3d580516f9ddc55941dc9153d23dd27e37c40e1e743a261ab6a9b643e
44313224,Ben Mann,NYG,TE,OVERALL,2500,0.10646149545969408,historical_ridge,experimental_uncalibrated,01867041f59fc7446b6020cc1bf4c189e838660ca5eaa153ab7808ef2b049318,8a9ed4f3d580516f9ddc55941dc9153d23dd27e37c40e1e743a261ab6a9b643e
44313234,Rocco Underwood,PHI,TE,OVERALL,2500,0.10646149545969408,historical_ridge,experimental_uncalibrated,01867041f59fc7446b6020cc1bf4c189e838660ca5eaa153ab7808ef2b049318,8a9ed4f3d580516f9ddc55941dc9153d23dd27e37c40e1e743a261ab6a9b643e
44313236,Max Klare,LAR,TE,OVERALL,2500,0.10646149545969408,historical_ridge,experimental_uncalibrated,01867041f59fc7446b6020cc1bf4c189e838660ca5eaa153ab7808ef2b049318,8a9ed4f3d580516f9ddc55941dc9153d23dd27e37c40e1e743a261ab6a9b643e
44313238,Dan Villari,LAR,TE,OVERALL,2500,0.10646149545969408,historical_ridge,experimental_uncalibrated,01867041f59fc7446b6020cc1bf4c189e838660ca5eaa153ab7808ef2b049318,8a9ed4f3d580516f9ddc55941dc9153d23dd27e37c40e1e743a261ab6a9b643e
44313246,Nick Vannett,BAL,TE,OVERALL,2500,0.10646149545969408,historical_ridge,experimental_uncalibrated,01867041f59fc7446b6020cc1bf4c189e838660ca5eaa153ab7808ef2b049318,8a9ed4f3d580516f9ddc55941dc9153d23dd27e37c40e1e743a261ab6a9b643e
44313248,Ty Pezza,BAL,TE,OVERALL,2500,0.10646149545969408,historical_ridge,experimental_uncalibrated,01867041f59fc7446b6020cc1bf4c189e838660ca5eaa153ab7808ef2b049318,8a9ed4f3d580516f9ddc55941dc9153d23dd27e37c40e1e743a261ab6a9b643e
44313258,Joel Wilson,TEN,TE,OVERALL,2500,0.10646149545969408,historical_ridge,experimental_uncalibrated,01867041f59fc7446b6020cc1bf4c189e838660ca5eaa153ab7808ef2b049318,8a9ed4f3d580516f9ddc55941dc9153d23dd27e37c40e1e743a261ab6a9b643e
44313266,CJ Dippre,TB,TE,OVERALL,2500,0.10646149545969408,historical_ridge,experimental_uncalibrated,01867041f59fc7446b6020cc1bf4c189e838660ca5eaa153ab7808ef2b049318,8a9ed4f3d580516f9ddc55941dc9153d23dd27e37c40e1e743a261ab6a9b643e
44313268,Evan Deckers,TB,TE,OVERALL,2500,0.10646149545969408,historical_ridge,experimental_uncalibrated,01867041f59fc7446b6020cc1bf4c189e838660ca5eaa153ab7808ef2b049318,8a9ed4f3d580516f9ddc55941dc9153d23dd27e37c40e1e743a261ab6a9b643e
44313270,Mark Redman,GB,TE,OVERALL,2500,0.10646149545969408,historical_ridge,experimental_uncalibrated,01867041f59fc7446b6020cc1bf4c189e838660ca5eaa153ab7808ef2b049318,8a9ed4f3d580516f9ddc55941dc9153d23dd27e37c40e1e743a261ab6a9b643e
44313278,Drake Dabney,GB,TE,OVERALL,2500,0.10646149545969408,historical_ridge,experimental_uncalibrated,01867041f59fc7446b6020cc1bf4c189e838660ca5eaa153ab7808ef2b049318,8a9ed4f3d580516f9ddc55941dc9153d23dd27e37c40e1e743a261ab6a9b643e
44313284,Tanner Koziol,JAX,TE,OVERALL,2500,0.10646149545969408,historical_ridge,experimental_uncalibrated,01867041f59fc7446b6020cc1bf4c189e838660ca5eaa153ab7808ef2b049318,8a9ed4f3d580516f9ddc55941dc9153d23dd27e37c40e1e743a261ab6a9b643e
44313292,Jack Endries,CIN,TE,OVERALL,2500,0.10646149545969408,historical_ridge,experimental_uncalibrated,01867041f59fc7446b6020cc1bf4c189e838660ca5eaa153ab7808ef2b049318,8a9ed4f3d580516f9ddc55941dc9153d23dd27e37c40e1e743a261ab6a9b643e
44313294,William Wagner,CIN,TE,OVERALL,2500,0.10646149545969408,historical_ridge,experimental_uncalibrated,01867041f59fc7446b6020cc1bf4c189e838660ca5eaa153ab7808ef2b049318,8a9ed4f3d580516f9ddc55941dc9153d23dd27e37c40e1e743a261ab6a9b643e
44313298,Tanner Arkin,NE,TE,OVERALL,2500,0.10646149545969408,historical_ridge,experimental_uncalibrated,01867041f59fc7446b6020cc1bf4c189e838660ca5eaa153ab7808ef2b049318,8a9ed4f3d580516f9ddc55941dc9153d23dd27e37c40e1e743a261ab6a9b643e
44313252,David Martin-Robinson,TEN,TE,OVERALL,2500,0.10599243556205866,historical_ridge,experimental_uncalibrated,01867041f59fc7446b6020cc1bf4c189e838660ca5eaa153ab7808ef2b049318,8a9ed4f3d580516f9ddc55941dc9153d23dd27e37c40e1e743a261ab6a9b643e
44313260,Payne Durham,TB,TE,OVERALL,2500,0.10484868910404901,historical_ridge,experimental_uncalibrated,01867041f59fc7446b6020cc1bf4c189e838660ca5eaa153ab7808ef2b049318,8a9ed4f3d580516f9ddc55941dc9153d23dd27e37c40e1e743a261ab6a9b643e
44313220,Chris Manhertz,NYG,TE,OVERALL,2500,0.10397627131759557,historical_ridge,experimental_uncalibrated,01867041f59fc7446b6020cc1bf4c189e838660ca5eaa153ab7808ef2b049318,8a9ed4f3d580516f9ddc55941dc9153d23dd27e37c40e1e743a261ab6a9b643e
44313264,Bauer Sharp,TB,TE,OVERALL,2500,0.101799531198631,historical_ridge,experimental_uncalibrated,01867041f59fc7446b6020cc1bf4c189e838660ca5eaa153ab7808ef2b049318,8a9ed4f3d580516f9ddc55941dc9153d23dd27e37c40e1e743a261ab6a9b643e
44313104,Hayden Rucci,LAC,TE,OVERALL,2500,0.10132021273800446,historical_ridge,experimental_uncalibrated,01867041f59fc7446b6020cc1bf4c189e838660ca5eaa153ab7808ef2b049318,8a9ed4f3d580516f9ddc55941dc9153d23dd27e37c40e1e743a261ab6a9b643e
44313102,Nick Kallerup,SEA,TE,OVERALL,2500,0.10067644535203603,historical_ridge,experimental_uncalibrated,01867041f59fc7446b6020cc1bf4c189e838660ca5eaa153ab7808ef2b049318,8a9ed4f3d580516f9ddc55941dc9153d23dd27e37c40e1e743a261ab6a9b643e
44312235,Justin Fields,KC,QB,OVERALL,4000,0.09944351029157318,historical_ridge,experimental_uncalibrated,01867041f59fc7446b6020cc1bf4c189e838660ca5eaa153ab7808ef2b049318,8a9ed4f3d580516f9ddc55941dc9153d23dd27e37c40e1e743a261ab6a9b643e
44313168,Brayden Willis,SF,TE,OVERALL,2500,0.09863039595597733,historical_ridge,experimental_uncalibrated,01867041f59fc7446b6020cc1bf4c189e838660ca5eaa153ab7808ef2b049318,8a9ed4f3d580516f9ddc55941dc9153d23dd27e37c40e1e743a261ab6a9b643e
44313296,Cameron Latu,NE,TE,OVERALL,2500,0.0981066089783015,historical_ridge,experimental_uncalibrated,01867041f59fc7446b6020cc1bf4c189e838660ca5eaa153ab7808ef2b049318,8a9ed4f3d580516f9ddc55941dc9153d23dd27e37c40e1e743a261ab6a9b643e
44312414,Dylan Laube,LV,RB,OVERALL,4000,0.09488301904332398,historical_ridge,experimental_uncalibrated,01867041f59fc7446b6020cc1bf4c189e838660ca5eaa153ab7808ef2b049318,8a9ed4f3d580516f9ddc55941dc9153d23dd27e37c40e1e743a261ab6a9b643e
44312265,Easton Stick,TB,QB,OVERALL,4000,0.08049178187514631,historical_ridge,experimental_uncalibrated,01867041f59fc7446b6020cc1bf4c189e838660ca5eaa153ab7808ef2b049318,8a9ed4f3d580516f9ddc55941dc9153d23dd27e37c40e1e743a261ab6a9b643e
44312228,J.J. McCarthy,NYG,QB,OVERALL,4000,0.07865778724611346,historical_ridge,experimental_uncalibrated,01867041f59fc7446b6020cc1bf4c189e838660ca5eaa153ab7808ef2b049318,8a9ed4f3d580516f9ddc55941dc9153d23dd27e37c40e1e743a261ab6a9b643e
44312234,Aidan O'Connell,LV,QB,OVERALL,4000,0.07504620058398745,historical_ridge,experimental_uncalibrated,01867041f59fc7446b6020cc1bf4c189e838660ca5eaa153ab7808ef2b049318,8a9ed4f3d580516f9ddc55941dc9153d23dd27e37c40e1e743a261ab6a9b643e
44312237,Sam Howell,DAL,QB,OVERALL,4000,0.07292095323555406,historical_ridge,experimental_uncalibrated,01867041f59fc7446b6020cc1bf4c189e838660ca5eaa153ab7808ef2b049318,8a9ed4f3d580516f9ddc55941dc9153d23dd27e37c40e1e743a261ab6a9b643e
44312260,Tyler Huntley,BAL,QB,OVERALL,4000,0.06864621970121668,historical_ridge,experimental_uncalibrated,01867041f59fc7446b6020cc1bf4c189e838660ca5eaa153ab7808ef2b049318,8a9ed4f3d580516f9ddc55941dc9153d23dd27e37c40e1e743a261ab6a9b643e
44312239,Davis Mills,HOU,QB,OVERALL,4000,0.06794474098228462,historical_ridge,experimental_uncalibrated,01867041f59fc7446b6020cc1bf4c189e838660ca5eaa153ab7808ef2b049318,8a9ed4f3d580516f9ddc55941dc9153d23dd27e37c40e1e743a261ab6a9b643e
44312242,Will Levis,NYJ,QB,OVERALL,4000,0.06724817857362378,historical_ridge,experimental_uncalibrated,01867041f59fc7446b6020cc1bf4c189e838660ca5eaa153ab7808ef2b049318,8a9ed4f3d580516f9ddc55941dc9153d23dd27e37c40e1e743a261ab6a9b643e
44312267,Quinn Ewers,JAX,QB,OVERALL,4000,0.0664931269568605,historical_ridge,experimental_uncalibrated,01867041f59fc7446b6020cc1bf4c189e838660ca5eaa153ab7808ef2b049318,8a9ed4f3d580516f9ddc55941dc9153d23dd27e37c40e1e743a261ab6a9b643e
44312229,Tyrod Taylor,GB,QB,OVERALL,4000,0.06600122292841516,historical_ridge,experimental_uncalibrated,01867041f59fc7446b6020cc1bf4c189e838660ca5eaa153ab7808ef2b049318,8a9ed4f3d580516f9ddc55941dc9153d23dd27e37c40e1e743a261ab6a9b643e
44312272,Tommy DeVito,NE,QB,OVERALL,4000,0.062037246058378154,historical_ridge,experimental_uncalibrated,01867041f59fc7446b6020cc1bf4c189e838660ca5eaa153ab7808ef2b049318,8a9ed4f3d580516f9ddc55941dc9153d23dd27e37c40e1e743a261ab6a9b643e
44312244,Mac Jones,SF,QB,OVERALL,4000,0.05957961059125861,historical_ridge,experimental_uncalibrated,01867041f59fc7446b6020cc1bf4c189e838660ca5eaa153ab7808ef2b049318,8a9ed4f3d580516f9ddc55941dc9153d23dd27e37c40e1e743a261ab6a9b643e
44312271,Josh Johnson,CIN,QB,OVERALL,4000,0.059525207819244544,historical_ridge,experimental_uncalibrated,01867041f59fc7446b6020cc1bf4c189e838660ca5eaa153ab7808ef2b049318,8a9ed4f3d580516f9ddc55941dc9153d23dd27e37c40e1e743a261ab6a9b643e
44312255,Tanner McKee,PHI,QB,OVERALL,4000,0.0571625397020403,historical_ridge,experimental_uncalibrated,01867041f59fc7446b6020cc1bf4c189e838660ca5eaa153ab7808ef2b049318,8a9ed4f3d580516f9ddc55941dc9153d23dd27e37c40e1e743a261ab6a9b643e
44312250,Brady Cook,MIA,QB,OVERALL,4000,0.056349685063343126,historical_ridge,experimental_uncalibrated,01867041f59fc7446b6020cc1bf4c189e838660ca5eaa153ab7808ef2b049318,8a9ed4f3d580516f9ddc55941dc9153d23dd27e37c40e1e743a261ab6a9b643e
44312263,Mitchell Trubisky,TEN,QB,OVERALL,4000,0.05521431389376502,historical_ridge,experimental_uncalibrated,01867041f59fc7446b6020cc1bf4c189e838660ca5eaa153ab7808ef2b049318,8a9ed4f3d580516f9ddc55941dc9153d23dd27e37c40e1e743a261ab6a9b643e
44312238,Joe Milton III,DAL,QB,OVERALL,4000,0.05365884349213573,historical_ridge,experimental_uncalibrated,01867041f59fc7446b6020cc1bf4c189e838660ca5eaa153ab7808ef2b049318,8a9ed4f3d580516f9ddc55941dc9153d23dd27e37c40e1e743a261ab6a9b643e
44312251,Gardner Minshew II,ARI,QB,OVERALL,4000,0.051948947273878665,historical_ridge,experimental_uncalibrated,01867041f59fc7446b6020cc1bf4c189e838660ca5eaa153ab7808ef2b049318,8a9ed4f3d580516f9ddc55941dc9153d23dd27e37c40e1e743a261ab6a9b643e
44312270,Sean Clifford,CIN,QB,OVERALL,4000,0.05113106328665541,historical_ridge,experimental_uncalibrated,01867041f59fc7446b6020cc1bf4c189e838660ca5eaa153ab7808ef2b049318,8a9ed4f3d580516f9ddc55941dc9153d23dd27e37c40e1e743a261ab6a9b643e
44312246,Jarrett Stidham,DEN,QB,OVERALL,4000,0.050490148872273544,historical_ridge,experimental_uncalibrated,01867041f59fc7446b6020cc1bf4c189e838660ca5eaa153ab7808ef2b049318,8a9ed4f3d580516f9ddc55941dc9153d23dd27e37c40e1e743a261ab6a9b643e
44312232,Trey Lance,LAC,QB,OVERALL,4000,0.04892156051908562,historical_ridge,experimental_uncalibrated,01867041f59fc7446b6020cc1bf4c189e838660ca5eaa153ab7808ef2b049318,8a9ed4f3d580516f9ddc55941dc9153d23dd27e37c40e1e743a261ab6a9b643e
44312266,Kedon Slovis,GB,QB,OVERALL,4000,0.047336609994440615,historical_ridge,experimental_uncalibrated,01867041f59fc7446b6020cc1bf4c189e838660ca5eaa153ab7808ef2b049318,8a9ed4f3d580516f9ddc55941dc9153d23dd27e37c40e1e743a261ab6a9b643e
44312231,Jalen Milroe,SEA,QB,OVERALL,4000,0.04621269564423518,historical_ridge,experimental_uncalibrated,01867041f59fc7446b6020cc1bf4c189e838660ca5eaa153ab7808ef2b049318,8a9ed4f3d580516f9ddc55941dc9153d23dd27e37c40e1e743a261ab6a9b643e
44312257,Stetson Bennett IV,LAR,QB,OVERALL,4000,0.045276780266271084,historical_ridge,experimental_uncalibrated,01867041f59fc7446b6020cc1bf4c189e838660ca5eaa153ab7808ef2b049318,8a9ed4f3d580516f9ddc55941dc9153d23dd27e37c40e1e743a261ab6a9b643e
44312264,Hendon Hooker,TEN,QB,OVERALL,4000,0.04478420805143234,historical_ridge,experimental_uncalibrated,01867041f59fc7446b6020cc1bf4c189e838660ca5eaa153ab7808ef2b049318,8a9ed4f3d580516f9ddc55941dc9153d23dd27e37c40e1e743a261ab6a9b643e
44312254,Andy Dalton,PHI,QB,OVERALL,4000,0.04421536775196336,historical_ridge,experimental_uncalibrated,01867041f59fc7446b6020cc1bf4c189e838660ca5eaa153ab7808ef2b049318,8a9ed4f3d580516f9ddc55941dc9153d23dd27e37c40e1e743a261ab6a9b643e
44312248,Max Brosmer,MIN,QB,OVERALL,4000,0.043448683511932526,historical_ridge,experimental_uncalibrated,01867041f59fc7446b6020cc1bf4c189e838660ca5eaa153ab7808ef2b049318,8a9ed4f3d580516f9ddc55941dc9153d23dd27e37c40e1e743a261ab6a9b643e
44312268,Nick Mullens,JAX,QB,OVERALL,4000,0.04151063507943411,historical_ridge,experimental_uncalibrated,01867041f59fc7446b6020cc1bf4c189e838660ca5eaa153ab7808ef2b049318,8a9ed4f3d580516f9ddc55941dc9153d23dd27e37c40e1e743a261ab6a9b643e
44312274,Kyle Allen,BUF,QB,OVERALL,4000,0.040661790260508104,historical_ridge,experimental_uncalibrated,01867041f59fc7446b6020cc1bf4c189e838660ca5eaa153ab7808ef2b049318,8a9ed4f3d580516f9ddc55941dc9153d23dd27e37c40e1e743a261ab6a9b643e
44312233,DJ Uiagalelei,LAC,QB,OVERALL,4000,0.03997231077979992,historical_ridge,experimental_uncalibrated,01867041f59fc7446b6020cc1bf4c189e838660ca5eaa153ab7808ef2b049318,8a9ed4f3d580516f9ddc55941dc9153d23dd27e37c40e1e743a261ab6a9b643e
44312236,Garrett Nussmeier,KC,QB,OVERALL,4000,0.03997231077979992,historical_ridge,experimental_uncalibrated,01867041f59fc7446b6020cc1bf4c189e838660ca5eaa153ab7808ef2b049318,8a9ed4f3d580516f9ddc55941dc9153d23dd27e37c40e1e743a261ab6a9b643e
44312241,Cade Klubnik,NYJ,QB,OVERALL,4000,0.03997231077979992,historical_ridge,experimental_uncalibrated,01867041f59fc7446b6020cc1bf4c189e838660ca5eaa153ab7808ef2b049318,8a9ed4f3d580516f9ddc55941dc9153d23dd27e37c40e1e743a261ab6a9b643e
44312243,Miller Moss,CHI,QB,OVERALL,4000,0.03997231077979992,historical_ridge,experimental_uncalibrated,01867041f59fc7446b6020cc1bf4c189e838660ca5eaa153ab7808ef2b049318,8a9ed4f3d580516f9ddc55941dc9153d23dd27e37c40e1e743a261ab6a9b643e
44312245,Kurtis Rourke,SF,QB,OVERALL,4000,0.03997231077979992,historical_ridge,experimental_uncalibrated,01867041f59fc7446b6020cc1bf4c189e838660ca5eaa153ab7808ef2b049318,8a9ed4f3d580516f9ddc55941dc9153d23dd27e37c40e1e743a261ab6a9b643e
44312247,Sam Ehlinger,DEN,QB,OVERALL,4000,0.03997231077979992,historical_ridge,experimental_uncalibrated,01867041f59fc7446b6020cc1bf4c189e838660ca5eaa153ab7808ef2b049318,8a9ed4f3d580516f9ddc55941dc9153d23dd27e37c40e1e743a261ab6a9b643e
44312249,Kyle McCord,MIA,QB,OVERALL,4000,0.03997231077979992,historical_ridge,experimental_uncalibrated,01867041f59fc7446b6020cc1bf4c189e838660ca5eaa153ab7808ef2b049318,8a9ed4f3d580516f9ddc55941dc9153d23dd27e37c40e1e743a261ab6a9b643e
44312252,Carson Beck,ARI,QB,OVERALL,4000,0.03997231077979992,historical_ridge,experimental_uncalibrated,01867041f59fc7446b6020cc1bf4c189e838660ca5eaa153ab7808ef2b049318,8a9ed4f3d580516f9ddc55941dc9153d23dd27e37c40e1e743a261ab6a9b643e
44312253,Jake Haener,NYG,QB,OVERALL,4000,0.03997231077979992,historical_ridge,experimental_uncalibrated,01867041f59fc7446b6020cc1bf4c189e838660ca5eaa153ab7808ef2b049318,8a9ed4f3d580516f9ddc55941dc9153d23dd27e37c40e1e743a261ab6a9b643e
44312256,Cole Payton,PHI,QB,OVERALL,4000,0.03997231077979992,historical_ridge,experimental_uncalibrated,01867041f59fc7446b6020cc1bf4c189e838660ca5eaa153ab7808ef2b049318,8a9ed4f3d580516f9ddc55941dc9153d23dd27e37c40e1e743a261ab6a9b643e
44312258,Ty Simpson,LAR,QB,OVERALL,4000,0.03997231077979992,historical_ridge,experimental_uncalibrated,01867041f59fc7446b6020cc1bf4c189e838660ca5eaa153ab7808ef2b049318,8a9ed4f3d580516f9ddc55941dc9153d23dd27e37c40e1e743a261ab6a9b643e
44312261,Joe Fagnano,BAL,QB,OVERALL,4000,0.03997231077979992,historical_ridge,experimental_uncalibrated,01867041f59fc7446b6020cc1bf4c189e838660ca5eaa153ab7808ef2b049318,8a9ed4f3d580516f9ddc55941dc9153d23dd27e37c40e1e743a261ab6a9b643e
44312269,Joey Aguilar,JAX,QB,OVERALL,4000,0.03997231077979992,historical_ridge,experimental_uncalibrated,01867041f59fc7446b6020cc1bf4c189e838660ca5eaa153ab7808ef2b049318,8a9ed4f3d580516f9ddc55941dc9153d23dd27e37c40e1e743a261ab6a9b643e
44312273,Behren Morton,NE,QB,OVERALL,4000,0.03997231077979992,historical_ridge,experimental_uncalibrated,01867041f59fc7446b6020cc1bf4c189e838660ca5eaa153ab7808ef2b049318,8a9ed4f3d580516f9ddc55941dc9153d23dd27e37c40e1e743a261ab6a9b643e
44312275,Shane Buechele,BUF,QB,OVERALL,4000,0.03997231077979992,historical_ridge,experimental_uncalibrated,01867041f59fc7446b6020cc1bf4c189e838660ca5eaa153ab7808ef2b049318,8a9ed4f3d580516f9ddc55941dc9153d23dd27e37c40e1e743a261ab6a9b643e
44361599,Brett Rypien,TB,QB,OVERALL,4000,0.03997231077979992,historical_ridge,experimental_uncalibrated,01867041f59fc7446b6020cc1bf4c189e838660ca5eaa153ab7808ef2b049318,8a9ed4f3d580516f9ddc55941dc9153d23dd27e37c40e1e743a261ab6a9b643e
44312204,Caleb Williams,CHI,QB,OVERALL,6300,0.0,explicitly_out,experimental_uncalibrated,01867041f59fc7446b6020cc1bf4c189e838660ca5eaa153ab7808ef2b049318,8a9ed4f3d580516f9ddc55941dc9153d23dd27e37c40e1e743a261ab6a9b643e
44312214,Baker Mayfield,TB,QB,OVERALL,5200,0.0,explicitly_out,experimental_uncalibrated,01867041f59fc7446b6020cc1bf4c189e838660ca5eaa153ab7808ef2b049318,8a9ed4f3d580516f9ddc55941dc9153d23dd27e37c40e1e743a261ab6a9b643e
44312230,Jaxson Dart,NYG,QB,OVERALL,4000,0.0,explicitly_out,experimental_uncalibrated,01867041f59fc7446b6020cc1bf4c189e838660ca5eaa153ab7808ef2b049318,8a9ed4f3d580516f9ddc55941dc9153d23dd27e37c40e1e743a261ab6a9b643e
44312240,Graham Mertz,HOU,QB,OVERALL,4000,0.0,explicitly_out,experimental_uncalibrated,01867041f59fc7446b6020cc1bf4c189e838660ca5eaa153ab7808ef2b049318,8a9ed4f3d580516f9ddc55941dc9153d23dd27e37c40e1e743a261ab6a9b643e
44312259,Matthew Caldwell,LAR,QB,OVERALL,4000,0.0,explicitly_out,experimental_uncalibrated,01867041f59fc7446b6020cc1bf4c189e838660ca5eaa153ab7808ef2b049318,8a9ed4f3d580516f9ddc55941dc9153d23dd27e37c40e1e743a261ab6a9b643e
44312262,Skylar Thompson,BAL,QB,OVERALL,4000,0.0,explicitly_out,experimental_uncalibrated,01867041f59fc7446b6020cc1bf4c189e838660ca5eaa153ab7808ef2b049318,8a9ed4f3d580516f9ddc55941dc9153d23dd27e37c40e1e743a261ab6a9b643e
44312290,De'Von Achane,MIA,RB,OVERALL,6500,0.0,explicitly_out,experimental_uncalibrated,01867041f59fc7446b6020cc1bf4c189e838660ca5eaa153ab7808ef2b049318,8a9ed4f3d580516f9ddc55941dc9153d23dd27e37c40e1e743a261ab6a9b643e
44312294,Josh Jacobs,GB,RB,OVERALL,6300,0.0,explicitly_out,experimental_uncalibrated,01867041f59fc7446b6020cc1bf4c189e838660ca5eaa153ab7808ef2b049318,8a9ed4f3d580516f9ddc55941dc9153d23dd27e37c40e1e743a261ab6a9b643e
44312298,Breece Hall,NYJ,RB,OVERALL,6200,0.0,explicitly_out,experimental_uncalibrated,01867041f59fc7446b6020cc1bf4c189e838660ca5eaa153ab7808ef2b049318,8a9ed4f3d580516f9ddc55941dc9153d23dd27e37c40e1e743a261ab6a9b643e
44312330,Jadarian Price,SEA,RB,OVERALL,5100,0.0,explicitly_out,experimental_uncalibrated,01867041f59fc7446b6020cc1bf4c189e838660ca5eaa153ab7808ef2b049318,8a9ed4f3d580516f9ddc55941dc9153d23dd27e37c40e1e743a261ab6a9b643e
44312390,Jonah Coleman,DEN,RB,OVERALL,4000,0.0,explicitly_out,experimental_uncalibrated,01867041f59fc7446b6020cc1bf4c189e838660ca5eaa153ab7808ef2b049318,8a9ed4f3d580516f9ddc55941dc9153d23dd27e37c40e1e743a261ab6a9b643e
44312396,Zach Charbonnet,SEA,RB,OVERALL,4000,0.0,explicitly_out,experimental_uncalibrated,01867041f59fc7446b6020cc1bf4c189e838660ca5eaa153ab7808ef2b049318,8a9ed4f3d580516f9ddc55941dc9153d23dd27e37c40e1e743a261ab6a9b643e
44312402,Robbie Ouzts,SEA,RB,OVERALL,4000,0.0,explicitly_out,experimental_uncalibrated,01867041f59fc7446b6020cc1bf4c189e838660ca5eaa153ab7808ef2b049318,8a9ed4f3d580516f9ddc55941dc9153d23dd27e37c40e1e743a261ab6a9b643e
44312412,Scott Matlock,LAC,RB,OVERALL,4000,0.0,explicitly_out,experimental_uncalibrated,01867041f59fc7446b6020cc1bf4c189e838660ca5eaa153ab7808ef2b049318,8a9ed4f3d580516f9ddc55941dc9153d23dd27e37c40e1e743a261ab6a9b643e
44312416,Chris Collier,LV,RB,OVERALL,4000,0.0,explicitly_out,experimental_uncalibrated,01867041f59fc7446b6020cc1bf4c189e838660ca5eaa153ab7808ef2b049318,8a9ed4f3d580516f9ddc55941dc9153d23dd27e37c40e1e743a261ab6a9b643e
44312434,Malik Davis,DAL,RB,OVERALL,4000,0.0,explicitly_out,experimental_uncalibrated,01867041f59fc7446b6020cc1bf4c189e838660ca5eaa153ab7808ef2b049318,8a9ed4f3d580516f9ddc55941dc9153d23dd27e37c40e1e743a261ab6a9b643e
44312440,British Brooks,HOU,RB,OVERALL,4000,0.0,explicitly_out,experimental_uncalibrated,01867041f59fc7446b6020cc1bf4c189e838660ca5eaa153ab7808ef2b049318,8a9ed4f3d580516f9ddc55941dc9153d23dd27e37c40e1e743a261ab6a9b643e
44312444,Noah Whittington,HOU,RB,OVERALL,4000,0.0,explicitly_out,experimental_uncalibrated,01867041f59fc7446b6020cc1bf4c189e838660ca5eaa153ab7808ef2b049318,8a9ed4f3d580516f9ddc55941dc9153d23dd27e37c40e1e743a261ab6a9b643e
44312450,Chip Trayanum,NYJ,RB,OVERALL,4000,0.0,explicitly_out,experimental_uncalibrated,01867041f59fc7446b6020cc1bf4c189e838660ca5eaa153ab7808ef2b049318,8a9ed4f3d580516f9ddc55941dc9153d23dd27e37c40e1e743a261ab6a9b643e
44312456,Brittain Brown,CHI,RB,OVERALL,4000,0.0,explicitly_out,experimental_uncalibrated,01867041f59fc7446b6020cc1bf4c189e838660ca5eaa153ab7808ef2b049318,8a9ed4f3d580516f9ddc55941dc9153d23dd27e37c40e1e743a261ab6a9b643e
44312464,Isaac Guerendo,SF,RB,OVERALL,4000,0.0,explicitly_out,experimental_uncalibrated,01867041f59fc7446b6020cc1bf4c189e838660ca5eaa153ab7808ef2b049318,8a9ed4f3d580516f9ddc55941dc9153d23dd27e37c40e1e743a261ab6a9b643e
44312474,Jordan Mason,MIN,RB,OVERALL,4000,0.0,explicitly_out,experimental_uncalibrated,01867041f59fc7446b6020cc1bf4c189e838660ca5eaa153ab7808ef2b049318,8a9ed4f3d580516f9ddc55941dc9153d23dd27e37c40e1e743a261ab6a9b643e
44312490,James Conner,ARI,RB,OVERALL,4000,0.0,explicitly_out,experimental_uncalibrated,01867041f59fc7446b6020cc1bf4c189e838660ca5eaa153ab7808ef2b049318,8a9ed4f3d580516f9ddc55941dc9153d23dd27e37c40e1e743a261ab6a9b643e
44312492,Trey Benson,ARI,RB,OVERALL,4000,0.0,explicitly_out,experimental_uncalibrated,01867041f59fc7446b6020cc1bf4c189e838660ca5eaa153ab7808ef2b049318,8a9ed4f3d580516f9ddc55941dc9153d23dd27e37c40e1e743a261ab6a9b643e
44312510,Ronnie Rivers,LAR,RB,OVERALL,4000,0.0,explicitly_out,experimental_uncalibrated,01867041f59fc7446b6020cc1bf4c189e838660ca5eaa153ab7808ef2b049318,8a9ed4f3d580516f9ddc55941dc9153d23dd27e37c40e1e743a261ab6a9b643e
44312516,Adam Randall,BAL,RB,OVERALL,4000,0.0,explicitly_out,experimental_uncalibrated,01867041f59fc7446b6020cc1bf4c189e838660ca5eaa153ab7808ef2b049318,8a9ed4f3d580516f9ddc55941dc9153d23dd27e37c40e1e743a261ab6a9b643e
44312550,Myles Montgomery,NE,RB,OVERALL,4000,0.0,explicitly_out,experimental_uncalibrated,01867041f59fc7446b6020cc1bf4c189e838660ca5eaa153ab7808ef2b049318,8a9ed4f3d580516f9ddc55941dc9153d23dd27e37c40e1e743a261ab6a9b643e
44312570,Justin Jefferson,MIN,WR,OVERALL,7300,0.0,explicitly_out,experimental_uncalibrated,01867041f59fc7446b6020cc1bf4c189e838660ca5eaa153ab7808ef2b049318,8a9ed4f3d580516f9ddc55941dc9153d23dd27e37c40e1e743a261ab6a9b643e
44312636,Adonai Mitchell,NYJ,WR,OVERALL,4500,0.0,explicitly_out,experimental_uncalibrated,01867041f59fc7446b6020cc1bf4c189e838660ca5eaa153ab7808ef2b049318,8a9ed4f3d580516f9ddc55941dc9153d23dd27e37c40e1e743a261ab6a9b643e
44312652,Jayden Reed,GB,WR,OVERALL,4200,0.0,explicitly_out,experimental_uncalibrated,01867041f59fc7446b6020cc1bf4c189e838660ca5eaa153ab7808ef2b049318,8a9ed4f3d580516f9ddc55941dc9153d23dd27e37c40e1e743a261ab6a9b643e
44312668,Jalen McMillan,TB,WR,OVERALL,3900,0.0,explicitly_out,experimental_uncalibrated,01867041f59fc7446b6020cc1bf4c189e838660ca5eaa153ab7808ef2b049318,8a9ed4f3d580516f9ddc55941dc9153d23dd27e37c40e1e743a261ab6a9b643e
44312670,Caleb Douglas,MIA,WR,OVERALL,3900,0.0,explicitly_out,experimental_uncalibrated,01867041f59fc7446b6020cc1bf4c189e838660ca5eaa153ab7808ef2b049318,8a9ed4f3d580516f9ddc55941dc9153d23dd27e37c40e1e743a261ab6a9b643e
44312708,Hollywood Brown,PHI,WR,OVERALL,3300,0.0,explicitly_out,experimental_uncalibrated,01867041f59fc7446b6020cc1bf4c189e838660ca5eaa153ab7808ef2b049318,8a9ed4f3d580516f9ddc55941dc9153d23dd27e37c40e1e743a261ab6a9b643e
44312710,Jack Bech,LV,WR,OVERALL,3300,0.0,explicitly_out,experimental_uncalibrated,01867041f59fc7446b6020cc1bf4c189e838660ca5eaa153ab7808ef2b049318,8a9ed4f3d580516f9ddc55941dc9153d23dd27e37c40e1e743a261ab6a9b643e
44312732,Odell Beckham Jr.,NYG,WR,OVERALL,3100,0.0,explicitly_out,experimental_uncalibrated,01867041f59fc7446b6020cc1bf4c189e838660ca5eaa153ab7808ef2b049318,8a9ed4f3d580516f9ddc55941dc9153d23dd27e37c40e1e743a261ab6a9b643e
44312752,Demarcus Robinson,SF,WR,OVERALL,3000,0.0,explicitly_out,experimental_uncalibrated,01867041f59fc7446b6020cc1bf4c189e838660ca5eaa153ab7808ef2b049318,8a9ed4f3d580516f9ddc55941dc9153d23dd27e37c40e1e743a261ab6a9b643e
44312758,Irvin Charles,SEA,WR,OVERALL,3000,0.0,explicitly_out,experimental_uncalibrated,01867041f59fc7446b6020cc1bf4c189e838660ca5eaa153ab7808ef2b049318,8a9ed4f3d580516f9ddc55941dc9153d23dd27e37c40e1e743a261ab6a9b643e
44312760,Jake Bobo,SEA,WR,OVERALL,3000,0.0,explicitly_out,experimental_uncalibrated,01867041f59fc7446b6020cc1bf4c189e838660ca5eaa153ab7808ef2b049318,8a9ed4f3d580516f9ddc55941dc9153d23dd27e37c40e1e743a261ab6a9b643e
44312768,Brenen Thompson,LAC,WR,OVERALL,3000,0.0,explicitly_out,experimental_uncalibrated,01867041f59fc7446b6020cc1bf4c189e838660ca5eaa153ab7808ef2b049318,8a9ed4f3d580516f9ddc55941dc9153d23dd27e37c40e1e743a261ab6a9b643e
44312774,KeAndre Lambert-Smith,LAC,WR,OVERALL,3000,0.0,explicitly_out,experimental_uncalibrated,01867041f59fc7446b6020cc1bf4c189e838660ca5eaa153ab7808ef2b049318,8a9ed4f3d580516f9ddc55941dc9153d23dd27e37c40e1e743a261ab6a9b643e
44312784,Dont'e Thornton Jr.,LV,WR,OVERALL,3000,0.0,explicitly_out,experimental_uncalibrated,01867041f59fc7446b6020cc1bf4c189e838660ca5eaa153ab7808ef2b049318,8a9ed4f3d580516f9ddc55941dc9153d23dd27e37c40e1e743a261ab6a9b643e
44312788,Corey Rucker,LV,WR,OVERALL,3000,0.0,explicitly_out,experimental_uncalibrated,01867041f59fc7446b6020cc1bf4c189e838660ca5eaa153ab7808ef2b049318,8a9ed4f3d580516f9ddc55941dc9153d23dd27e37c40e1e743a261ab6a9b643e
44312798,Jeff Caldwell,KC,WR,OVERALL,3000,0.0,explicitly_out,experimental_uncalibrated,01867041f59fc7446b6020cc1bf4c189e838660ca5eaa153ab7808ef2b049318,8a9ed4f3d580516f9ddc55941dc9153d23dd27e37c40e1e743a261ab6a9b643e
44312800,Jimmy Holiday,KC,WR,OVERALL,3000,0.0,explicitly_out,experimental_uncalibrated,01867041f59fc7446b6020cc1bf4c189e838660ca5eaa153ab7808ef2b049318,8a9ed4f3d580516f9ddc55941dc9153d23dd27e37c40e1e743a261ab6a9b643e
44312818,Tank Dell,HOU,WR,OVERALL,3000,0.0,explicitly_out,experimental_uncalibrated,01867041f59fc7446b6020cc1bf4c189e838660ca5eaa153ab7808ef2b049318,8a9ed4f3d580516f9ddc55941dc9153d23dd27e37c40e1e743a261ab6a9b643e
44312820,Jayden Higgins,HOU,WR,OVERALL,3000,0.0,explicitly_out,experimental_uncalibrated,01867041f59fc7446b6020cc1bf4c189e838660ca5eaa153ab7808ef2b049318,8a9ed4f3d580516f9ddc55941dc9153d23dd27e37c40e1e743a261ab6a9b643e
44312836,Tim Patrick,NYJ,WR,OVERALL,3000,0.0,explicitly_out,experimental_uncalibrated,01867041f59fc7446b6020cc1bf4c189e838660ca5eaa153ab7808ef2b049318,8a9ed4f3d580516f9ddc55941dc9153d23dd27e37c40e1e743a261ab6a9b643e
44312838,Omar Cooper Jr.,NYJ,WR,OVERALL,3000,0.0,explicitly_out,experimental_uncalibrated,01867041f59fc7446b6020cc1bf4c189e838660ca5eaa153ab7808ef2b049318,8a9ed4f3d580516f9ddc55941dc9153d23dd27e37c40e1e743a261ab6a9b643e
44312840,Arian Smith,NYJ,WR,OVERALL,3000,0.0,explicitly_out,experimental_uncalibrated,01867041f59fc7446b6020cc1bf4c189e838660ca5eaa153ab7808ef2b049318,8a9ed4f3d580516f9ddc55941dc9153d23dd27e37c40e1e743a261ab6a9b643e
44312852,Christian Kirk,SF,WR,OVERALL,3000,0.0,explicitly_out,experimental_uncalibrated,01867041f59fc7446b6020cc1bf4c189e838660ca5eaa153ab7808ef2b049318,8a9ed4f3d580516f9ddc55941dc9153d23dd27e37c40e1e743a261ab6a9b643e
44312854,De'Zhaun Stribling,SF,WR,OVERALL,3000,0.0,explicitly_out,experimental_uncalibrated,01867041f59fc7446b6020cc1bf4c189e838660ca5eaa153ab7808ef2b049318,8a9ed4f3d580516f9ddc55941dc9153d23dd27e37c40e1e743a261ab6a9b643e
44312856,Ricky Pearsall,SF,WR,OVERALL,3000,0.0,explicitly_out,experimental_uncalibrated,01867041f59fc7446b6020cc1bf4c189e838660ca5eaa153ab7808ef2b049318,8a9ed4f3d580516f9ddc55941dc9153d23dd27e37c40e1e743a261ab6a9b643e
44312860,Brandon Aiyuk,SF,WR,OVERALL,3000,0.0,explicitly_out,experimental_uncalibrated,01867041f59fc7446b6020cc1bf4c189e838660ca5eaa153ab7808ef2b049318,8a9ed4f3d580516f9ddc55941dc9153d23dd27e37c40e1e743a261ab6a9b643e
44312906,Calvin Austin III,NYG,WR,OVERALL,3000,0.0,explicitly_out,experimental_uncalibrated,01867041f59fc7446b6020cc1bf4c189e838660ca5eaa153ab7808ef2b049318,8a9ed4f3d580516f9ddc55941dc9153d23dd27e37c40e1e743a261ab6a9b643e
44312908,Gunner Olszewski,NYG,WR,OVERALL,3000,0.0,explicitly_out,experimental_uncalibrated,01867041f59fc7446b6020cc1bf4c189e838660ca5eaa153ab7808ef2b049318,8a9ed4f3d580516f9ddc55941dc9153d23dd27e37c40e1e743a261ab6a9b643e
44312920,Johnny Wilson,PHI,WR,OVERALL,3000,0.0,explicitly_out,experimental_uncalibrated,01867041f59fc7446b6020cc1bf4c189e838660ca5eaa153ab7808ef2b049318,8a9ed4f3d580516f9ddc55941dc9153d23dd27e37c40e1e743a261ab6a9b643e
44312934,Ja'Kobi Lane,BAL,WR,OVERALL,3000,0.0,explicitly_out,experimental_uncalibrated,01867041f59fc7446b6020cc1bf4c189e838660ca5eaa153ab7808ef2b049318,8a9ed4f3d580516f9ddc55941dc9153d23dd27e37c40e1e743a261ab6a9b643e
44312954,David Sills V,TB,WR,OVERALL,3000,0.0,explicitly_out,experimental_uncalibrated,01867041f59fc7446b6020cc1bf4c189e838660ca5eaa153ab7808ef2b049318,8a9ed4f3d580516f9ddc55941dc9153d23dd27e37c40e1e743a261ab6a9b643e
44312964,Savion Williams,GB,WR,OVERALL,3000,0.0,explicitly_out,experimental_uncalibrated,01867041f59fc7446b6020cc1bf4c189e838660ca5eaa153ab7808ef2b049318,8a9ed4f3d580516f9ddc55941dc9153d23dd27e37c40e1e743a261ab6a9b643e
44312982,Colbie Young,CIN,WR,OVERALL,3000,0.0,explicitly_out,experimental_uncalibrated,01867041f59fc7446b6020cc1bf4c189e838660ca5eaa153ab7808ef2b049318,8a9ed4f3d580516f9ddc55941dc9153d23dd27e37c40e1e743a261ab6a9b643e
44312988,Andrei Iosivas,CIN,WR,OVERALL,3000,0.0,explicitly_out,experimental_uncalibrated,01867041f59fc7446b6020cc1bf4c189e838660ca5eaa153ab7808ef2b049318,8a9ed4f3d580516f9ddc55941dc9153d23dd27e37c40e1e743a261ab6a9b643e
44312996,A.J. Brown,NE,WR,OVERALL,3000,0.0,explicitly_out,experimental_uncalibrated,01867041f59fc7446b6020cc1bf4c189e838660ca5eaa153ab7808ef2b049318,8a9ed4f3d580516f9ddc55941dc9153d23dd27e37c40e1e743a261ab6a9b643e
44312998,Jeremiah Webb,NE,WR,OVERALL,3000,0.0,explicitly_out,experimental_uncalibrated,01867041f59fc7446b6020cc1bf4c189e838660ca5eaa153ab7808ef2b049318,8a9ed4f3d580516f9ddc55941dc9153d23dd27e37c40e1e743a261ab6a9b643e
44313010,Tyrell Shavers,BUF,WR,OVERALL,3000,0.0,explicitly_out,experimental_uncalibrated,01867041f59fc7446b6020cc1bf4c189e838660ca5eaa153ab7808ef2b049318,8a9ed4f3d580516f9ddc55941dc9153d23dd27e37c40e1e743a261ab6a9b643e
44313032,Dallas Goedert,PHI,TE,OVERALL,4600,0.0,explicitly_out,experimental_uncalibrated,01867041f59fc7446b6020cc1bf4c189e838660ca5eaa153ab7808ef2b049318,8a9ed4f3d580516f9ddc55941dc9153d23dd27e37c40e1e743a261ab6a9b643e
44313064,Terrance Ferguson,LAR,TE,OVERALL,3000,0.0,explicitly_out,experimental_uncalibrated,01867041f59fc7446b6020cc1bf4c189e838660ca5eaa153ab7808ef2b049318,8a9ed4f3d580516f9ddc55941dc9153d23dd27e37c40e1e743a261ab6a9b643e
44313090,Charlie Kolar,LAC,TE,OVERALL,2600,0.0,explicitly_out,experimental_uncalibrated,01867041f59fc7446b6020cc1bf4c189e838660ca5eaa153ab7808ef2b049318,8a9ed4f3d580516f9ddc55941dc9153d23dd27e37c40e1e743a261ab6a9b643e
44313096,David Njoku,LAC,TE,OVERALL,2500,0.0,explicitly_out,experimental_uncalibrated,01867041f59fc7446b6020cc1bf4c189e838660ca5eaa153ab7808ef2b049318,8a9ed4f3d580516f9ddc55941dc9153d23dd27e37c40e1e743a261ab6a9b643e
44313112,Carter Runyon,LV,TE,OVERALL,2500,0.0,explicitly_out,experimental_uncalibrated,01867041f59fc7446b6020cc1bf4c189e838660ca5eaa153ab7808ef2b049318,8a9ed4f3d580516f9ddc55941dc9153d23dd27e37c40e1e743a261ab6a9b643e
44313122,John Michael Gyllenborg,KC,TE,OVERALL,2500,0.0,explicitly_out,experimental_uncalibrated,01867041f59fc7446b6020cc1bf4c189e838660ca5eaa153ab7808ef2b049318,8a9ed4f3d580516f9ddc55941dc9153d23dd27e37c40e1e743a261ab6a9b643e
44313132,Princeton Fant,DAL,TE,OVERALL,2500,0.0,explicitly_out,experimental_uncalibrated,01867041f59fc7446b6020cc1bf4c189e838660ca5eaa153ab7808ef2b049318,8a9ed4f3d580516f9ddc55941dc9153d23dd27e37c40e1e743a261ab6a9b643e
44313134,DJ Rogers,DAL,TE,OVERALL,2500,0.0,explicitly_out,experimental_uncalibrated,01867041f59fc7446b6020cc1bf4c189e838660ca5eaa153ab7808ef2b049318,8a9ed4f3d580516f9ddc55941dc9153d23dd27e37c40e1e743a261ab6a9b643e
44313148,Mason Taylor,NYJ,TE,OVERALL,2500,0.0,explicitly_out,experimental_uncalibrated,01867041f59fc7446b6020cc1bf4c189e838660ca5eaa153ab7808ef2b049318,8a9ed4f3d580516f9ddc55941dc9153d23dd27e37c40e1e743a261ab6a9b643e
44313158,Nikola Kalinic,CHI,TE,OVERALL,2500,0.0,explicitly_out,experimental_uncalibrated,01867041f59fc7446b6020cc1bf4c189e838660ca5eaa153ab7808ef2b049318,8a9ed4f3d580516f9ddc55941dc9153d23dd27e37c40e1e743a261ab6a9b643e
44313160,Hayden Large,CHI,TE,OVERALL,2500,0.0,explicitly_out,experimental_uncalibrated,01867041f59fc7446b6020cc1bf4c189e838660ca5eaa153ab7808ef2b049318,8a9ed4f3d580516f9ddc55941dc9153d23dd27e37c40e1e743a261ab6a9b643e
44313170,Jake Tonges,SF,TE,OVERALL,2500,0.0,explicitly_out,experimental_uncalibrated,01867041f59fc7446b6020cc1bf4c189e838660ca5eaa153ab7808ef2b049318,8a9ed4f3d580516f9ddc55941dc9153d23dd27e37c40e1e743a261ab6a9b643e
44313182,Caleb Lohner,DEN,TE,OVERALL,2500,0.0,explicitly_out,experimental_uncalibrated,01867041f59fc7446b6020cc1bf4c189e838660ca5eaa153ab7808ef2b049318,8a9ed4f3d580516f9ddc55941dc9153d23dd27e37c40e1e743a261ab6a9b643e
44313188,Josh Oliver,MIN,TE,OVERALL,2500,0.0,explicitly_out,experimental_uncalibrated,01867041f59fc7446b6020cc1bf4c189e838660ca5eaa153ab7808ef2b049318,8a9ed4f3d580516f9ddc55941dc9153d23dd27e37c40e1e743a261ab6a9b643e
44313192,Ben Yurosek,MIN,TE,OVERALL,2500,0.0,explicitly_out,experimental_uncalibrated,01867041f59fc7446b6020cc1bf4c189e838660ca5eaa153ab7808ef2b049318,8a9ed4f3d580516f9ddc55941dc9153d23dd27e37c40e1e743a261ab6a9b643e
44313204,Cole Turner,MIA,TE,OVERALL,2500,0.0,explicitly_out,experimental_uncalibrated,01867041f59fc7446b6020cc1bf4c189e838660ca5eaa153ab7808ef2b049318,8a9ed4f3d580516f9ddc55941dc9153d23dd27e37c40e1e743a261ab6a9b643e
44313212,Tip Reiman,ARI,TE,OVERALL,2500,0.0,explicitly_out,experimental_uncalibrated,01867041f59fc7446b6020cc1bf4c189e838660ca5eaa153ab7808ef2b049318,8a9ed4f3d580516f9ddc55941dc9153d23dd27e37c40e1e743a261ab6a9b643e
44313214,Jameson Geers,ARI,TE,OVERALL,2500,0.0,explicitly_out,experimental_uncalibrated,01867041f59fc7446b6020cc1bf4c189e838660ca5eaa153ab7808ef2b049318,8a9ed4f3d580516f9ddc55941dc9153d23dd27e37c40e1e743a261ab6a9b643e
44313228,Grant Calcaterra,PHI,TE,OVERALL,2500,0.0,explicitly_out,experimental_uncalibrated,01867041f59fc7446b6020cc1bf4c189e838660ca5eaa153ab7808ef2b049318,8a9ed4f3d580516f9ddc55941dc9153d23dd27e37c40e1e743a261ab6a9b643e
44313230,Eli Stowers,PHI,TE,OVERALL,2500,0.0,explicitly_out,experimental_uncalibrated,01867041f59fc7446b6020cc1bf4c189e838660ca5eaa153ab7808ef2b049318,8a9ed4f3d580516f9ddc55941dc9153d23dd27e37c40e1e743a261ab6a9b643e
44313256,Jaren Kanak,TEN,TE,OVERALL,2500,0.0,explicitly_out,experimental_uncalibrated,01867041f59fc7446b6020cc1bf4c189e838660ca5eaa153ab7808ef2b049318,8a9ed4f3d580516f9ddc55941dc9153d23dd27e37c40e1e743a261ab6a9b643e
44313262,Ko Kieft,TB,TE,OVERALL,2500,0.0,explicitly_out,experimental_uncalibrated,01867041f59fc7446b6020cc1bf4c189e838660ca5eaa153ab7808ef2b049318,8a9ed4f3d580516f9ddc55941dc9153d23dd27e37c40e1e743a261ab6a9b643e
44313274,Luke Musgrave,GB,TE,OVERALL,2500,0.0,explicitly_out,experimental_uncalibrated,01867041f59fc7446b6020cc1bf4c189e838660ca5eaa153ab7808ef2b049318,8a9ed4f3d580516f9ddc55941dc9153d23dd27e37c40e1e743a261ab6a9b643e
44313276,Thomas Yassmin,GB,TE,OVERALL,2500,0.0,explicitly_out,experimental_uncalibrated,01867041f59fc7446b6020cc1bf4c189e838660ca5eaa153ab7808ef2b049318,8a9ed4f3d580516f9ddc55941dc9153d23dd27e37c40e1e743a261ab6a9b643e
44313300,Julian Hill,NE,TE,OVERALL,2500,0.0,explicitly_out,experimental_uncalibrated,01867041f59fc7446b6020cc1bf4c189e838660ca5eaa153ab7808ef2b049318,8a9ed4f3d580516f9ddc55941dc9153d23dd27e37c40e1e743a261ab6a9b643e
