Entry ID,Contest Name,Contest ID,Entry Fee,P,P,C,1B,2B,3B,SS,OF,OF,OF,,Instructions
5112414273,MLB $2.5K Quarter Jukebox [Just $0.25!],189599782,$0.25,,,,,,,,,,,,1. Column A lists all of your contest entries for this draftgroup
5112414274,MLB $2.5K Quarter Jukebox [Just $0.25!],189599782,$0.25,,,,,,,,,,,,2. Your current lineup is listed next to each entry (blank for reservations)
5112414275,MLB $2.5K Quarter Jukebox [Just $0.25!],189599782,$0.25,,,,,,,,,,,,3. You can change the lineup for an entry by entering the IDs of the players in the row next to that entry
5112414276,MLB $2.5K Quarter Jukebox [Just $0.25!],189599782,$0.25,,,,,,,,,,,,4. Use data from the Name+ID column or the ID column; you cannot use just the player's name
5112414277,MLB $2.5K Quarter Jukebox [Just $0.25!],189599782,$0.25,,,,,,,,,,,,5. For faster processing only include entries you are changing in the file you upload
5112414278,MLB $2.5K Quarter Jukebox [Just $0.25!],189599782,$0.25,,,,,,,,,,,,
5112414279,MLB $2.5K Quarter Jukebox [Just $0.25!],189599782,$0.25,,,,,,,,,,,,Position,Name + ID,Name,ID,Roster Position,Salary,Game Info,TeamAbbrev,AvgPointsPerGame
5112414280,MLB $2.5K Quarter Jukebox [Just $0.25!],189599782,$0.25,,,,,,,,,,,,SP,Tarik Skubal (42614724),Tarik Skubal,42614724,P,10700,MIA@DET 04/12/2026 01:40PM ET,DET,18.12
5112414281,MLB $2.5K Quarter Jukebox [Just $0.25!],189599782,$0.25,,,,,,,,,,,,SP,Max Fried (42615227),Max Fried,42615227,P,9700,NYY@TB 04/12/2026 01:40PM ET,NYY,21.3
5112414282,MLB $2.5K Quarter Jukebox [Just $0.25!],189599782,$0.25,,,,,,,,,,,,SP,Chase Burns (42615225),Chase Burns,42615225,P,9700,LAA@CIN 04/12/2026 01:40PM ET,CIN,17.38
5112414283,MLB $2.5K Quarter Jukebox [Just $0.25!],189599782,$0.25,,,,,,,,,,,,SP,Zack Wheeler (42615226),Zack Wheeler,42615226,P,9700,ARI@PHI 04/12/2026 01:35PM ET,PHI,0
5112414284,MLB $2.5K Quarter Jukebox [Just $0.25!],189599782,$0.25,,,,,,,,,,,,SP,Brandon Woodruff (42614725),Brandon Woodruff,42614725,P,9700,WSH@MIL 04/12/2026 02:10PM ET,MIL,14.8
5112414285,MLB $2.5K Quarter Jukebox [Just $0.25!],189599782,$0.25,,,,,,,,,,,,SP,Jesus Luzardo (42615228),Jesus Luzardo,42615228,P,9600,ARI@PHI 04/12/2026 01:35PM ET,PHI,19.67
5112414286,MLB $2.5K Quarter Jukebox [Just $0.25!],189599782,$0.25,,,,,,,,,,,,SP,Nolan McLean (42615229),Nolan McLean,42615229,P,9600,ATH@NYM 04/12/2026 01:40PM ET,NYM,20.83
5112414287,MLB $2.5K Quarter Jukebox [Just $0.25!],189599782,$0.25,,,,,,,,,,,,SP,Sandy Alcantara (42614726),Sandy Alcantara,42614726,P,9500,MIA@DET 04/12/2026 01:40PM ET,MIA,30.25
5112414288,MLB $2.5K Quarter Jukebox [Just $0.25!],189599782,$0.25,,,,,,,,,,,,SP,Gerrit Cole (42615230),Gerrit Cole,42615230,P,9500,NYY@TB 04/12/2026 01:40PM ET,NYY,0
5112414289,MLB $2.5K Quarter Jukebox [Just $0.25!],189599782,$0.25,,,,,,,,,,,,SP,Kodai Senga (42615231),Kodai Senga,42615231,P,9400,ATH@NYM 04/12/2026 01:40PM ET,NYM,11.03
5112414290,MLB $2.5K Quarter Jukebox [Just $0.25!],189599782,$0.25,,,,,,,,,,,,SP,Cristopher Sanchez (42615232),Cristopher Sanchez,42615232,P,9300,ARI@PHI 04/12/2026 01:35PM ET,PHI,22.52
5112414291,MLB $2.5K Quarter Jukebox [Just $0.25!],189599782,$0.25,,,,,,,,,,,,SP,Garrett Crochet (42615233),Garrett Crochet,42615233,P,9300,BOS@STL 04/12/2026 02:15PM ET,BOS,22.13
5112414292,MLB $2.5K Quarter Jukebox [Just $0.25!],189599782,$0.25,,,,,,,,,,,,RP,Clay Holmes (42615234),Clay Holmes,42615234,P,9200,ATH@NYM 04/12/2026 01:40PM ET,NYM,18.17
5112406849,MLB $300 Dime Time [Just $0.10!],189615681,$0.10,,,,,,,,,,,,SP,Eury Perez (42615235),Eury Perez,42615235,P,9100,MIA@DET 04/12/2026 01:40PM ET,MIA,14.53
5112406850,MLB $300 Dime Time [Just $0.10!],189615681,$0.10,,,,,,,,,,,,SP,Logan Webb (42615237),Logan Webb,42615237,P,9100,SF@BAL 04/12/2026 01:35PM ET,SF,12.9
5112406851,MLB $300 Dime Time [Just $0.10!],189615681,$0.10,,,,,,,,,,,,SP,Jacob Misiorowski (42615236),Jacob Misiorowski,42615236,P,9100,WSH@MIL 04/12/2026 02:10PM ET,MIL,24.45
5112406852,MLB $300 Dime Time [Just $0.10!],189615681,$0.10,,,,,,,,,,,,SP,Freddy Peralta (42614727),Freddy Peralta,42614727,P,8900,ATH@NYM 04/12/2026 01:40PM ET,NYM,16.32
5112406853,MLB $300 Dime Time [Just $0.10!],189615681,$0.10,,,,,,,,,,,,SP,Dylan Cease (42615240),Dylan Cease,42615240,P,8800,MIN@TOR 04/12/2026 01:37PM ET,TOR,21.27
5112406854,MLB $300 Dime Time [Just $0.10!],189615681,$0.10,,,,,,,,,,,,SP,Kevin Gausman (42615242),Kevin Gausman,42615242,P,8800,MIN@TOR 04/12/2026 01:37PM ET,TOR,25.47
5112406855,MLB $300 Dime Time [Just $0.10!],189615681,$0.10,,,,,,,,,,,,SP,Corbin Burnes (42615238),Corbin Burnes,42615238,P,8800,ARI@PHI 04/12/2026 01:35PM ET,ARI,0
5112406856,MLB $300 Dime Time [Just $0.10!],189615681,$0.10,,,,,,,,,,,,SP,Logan Henderson (42615241),Logan Henderson,42615241,P,8800,WSH@MIL 04/12/2026 02:10PM ET,MIL,4.1
5112406857,MLB $300 Dime Time [Just $0.10!],189615681,$0.10,,,,,,,,,,,,SP,Paul Skenes (42615239),Paul Skenes,42615239,P,8800,PIT@CHC 04/12/2026 02:20PM ET,PIT,11.6
5112406858,MLB $300 Dime Time [Just $0.10!],189615681,$0.10,,,,,,,,,,,,SP,Edward Cabrera (42615243),Edward Cabrera,42615243,P,8800,PIT@CHC 04/12/2026 02:20PM ET,CHC,16.7
5112406859,MLB $300 Dime Time [Just $0.10!],189615681,$0.10,,,,,,,,,,,,SP,Shane McClanahan (42615244),Shane McClanahan,42615244,P,8700,NYY@TB 04/12/2026 01:40PM ET,TB,11.75
5112406860,MLB $300 Dime Time [Just $0.10!],189615681,$0.10,,,,,,,,,,,,SP,Chad Patrick (42615245),Chad Patrick,42615245,P,8700,WSH@MIL 04/12/2026 02:10PM ET,MIL,11.18
5112406861,MLB $300 Dime Time [Just $0.10!],189615681,$0.10,,,,,,,,,,,,SP,Cam Schlittler (42614728),Cam Schlittler,42614728,P,8600,NYY@TB 04/12/2026 01:40PM ET,NYY,26.23
5112406862,MLB $300 Dime Time [Just $0.10!],189615681,$0.10,,,,,,,,,,,,SP,Carlos Rodon (42615247),Carlos Rodon,42615247,P,8600,NYY@TB 04/12/2026 01:40PM ET,NYY,0
5112406863,MLB $300 Dime Time [Just $0.10!],189615681,$0.10,,,,,,,,,,,,SP,Tylor Megill (42615246),Tylor Megill,42615246,P,8600,ATH@NYM 04/12/2026 01:40PM ET,NYM,0
5112406864,MLB $300 Dime Time [Just $0.10!],189615681,$0.10,,,,,,,,,,,,SP,Robbie Ray (42615251),Robbie Ray,42615251,P,8500,SF@BAL 04/12/2026 01:35PM ET,SF,21.6
5112406865,MLB $300 Dime Time [Just $0.10!],189615681,$0.10,,,,,,,,,,,,RP,Aaron Nola (42615248),Aaron Nola,42615248,P,8500,ARI@PHI 04/12/2026 01:35PM ET,PHI,18.53
5112406866,MLB $300 Dime Time [Just $0.10!],189615681,$0.10,,,,,,,,,,,,RP,Kyle Harrison (42615252),Kyle Harrison,42615252,P,8500,WSH@MIL 04/12/2026 02:10PM ET,MIL,15.6
5112406867,MLB $300 Dime Time [Just $0.10!],189615681,$0.10,,,,,,,,,,,,SP,Shota Imanaga (42615249),Shota Imanaga,42615249,P,8500,PIT@CHC 04/12/2026 02:20PM ET,CHC,19.4
5112406868,MLB $300 Dime Time [Just $0.10!],189615681,$0.10,,,,,,,,,,,,SP,Justin Steele (42615250),Justin Steele,42615250,P,8500,PIT@CHC 04/12/2026 02:20PM ET,CHC,0
5112414215,MLB $300 Dime Time [Just $0.10!],189616079,$0.10,,,,,,,,,,,,RP,Jose Soriano (42614729),Jose Soriano,42614729,P,8400,LAA@CIN 04/12/2026 01:40PM ET,LAA,29.73
5112414216,MLB $300 Dime Time [Just $0.10!],189616079,$0.10,,,,,,,,,,,,SP,Hunter Greene (42615254),Hunter Greene,42615254,P,8400,LAA@CIN 04/12/2026 01:40PM ET,CIN,0
5112414217,MLB $300 Dime Time [Just $0.10!],189616079,$0.10,,,,,,,,,,,,SP,Cole Ragans (42615253),Cole Ragans,42615253,P,8400,CWS@KC 04/12/2026 02:10PM ET,KC,9.73
5112414218,MLB $300 Dime Time [Just $0.10!],189616079,$0.10,,,,,,,,,,,,RP,Framber Valdez (42615255),Framber Valdez,42615255,P,8300,MIA@DET 04/12/2026 01:40PM ET,DET,10.88
5112414219,MLB $300 Dime Time [Just $0.10!],189616079,$0.10,,,,,,,,,,,,SP,Kris Bubic (42615256),Kris Bubic,42615256,P,8300,CWS@KC 04/12/2026 02:10PM ET,KC,25.17
5112414220,MLB $300 Dime Time [Just $0.10!],189616079,$0.10,,,,,,,,,,,,SP,Max Meyer (42615259),Max Meyer,42615259,P,8200,MIA@DET 04/12/2026 01:40PM ET,MIA,14.33
5112414221,MLB $300 Dime Time [Just $0.10!],189616079,$0.10,,,,,,,,,,,,SP,Michael Wacha (42615257),Michael Wacha,42615257,P,8200,CWS@KC 04/12/2026 02:10PM ET,KC,25.88
5112414222,MLB $300 Dime Time [Just $0.10!],189616079,$0.10,,,,,,,,,,,,RP,Seth Lugo (42615258),Seth Lugo,42615258,P,8200,CWS@KC 04/12/2026 02:10PM ET,KC,18.12
5112414223,MLB $300 Dime Time [Just $0.10!],189616079,$0.10,,,,,,,,,,,,SP,Joe Ryan (42615260),Joe Ryan,42615260,P,8100,MIN@TOR 04/12/2026 01:37PM ET,MIN,17.05
5112414224,MLB $300 Dime Time [Just $0.10!],189616079,$0.10,,,,,,,,,,,,SP,Jack Flaherty (42615262),Jack Flaherty,42615262,P,8100,MIA@DET 04/12/2026 01:40PM ET,DET,9.3
5112414225,MLB $300 Dime Time [Just $0.10!],189616079,$0.10,,,,,,,,,,,,SP,Ranger Suarez (42615261),Ranger Suarez,42615261,P,8100,BOS@STL 04/12/2026 02:15PM ET,BOS,9.88
5112414226,MLB $300 Dime Time [Just $0.10!],189616079,$0.10,,,,,,,,,,,,SP,Sonny Gray (42615263),Sonny Gray,42615263,P,8100,BOS@STL 04/12/2026 02:15PM ET,BOS,15.05
5112414227,MLB $300 Dime Time [Just $0.10!],189616079,$0.10,,,,,,,,,,,,RP,Eric Lauer (42615266),Eric Lauer,42615266,P,8000,MIN@TOR 04/12/2026 01:37PM ET,TOR,7.5
5112414228,MLB $300 Dime Time [Just $0.10!],189616079,$0.10,,,,,,,,,,,,SP,Pablo Lopez (42615267),Pablo Lopez,42615267,P,8000,MIN@TOR 04/12/2026 01:37PM ET,MIN,0
5112414229,MLB $300 Dime Time [Just $0.10!],189616079,$0.10,,,,,,,,,,,,SP,Trevor Rogers (42615264),Trevor Rogers,42615264,P,8000,SF@BAL 04/12/2026 01:35PM ET,BAL,19.38
5112414230,MLB $300 Dime Time [Just $0.10!],189616079,$0.10,,,,,,,,,,,,SP,Kyle Bradish (42615265),Kyle Bradish,42615265,P,8000,SF@BAL 04/12/2026 01:35PM ET,BAL,12.98
5112414231,MLB $300 Dime Time [Just $0.10!],189616079,$0.10,,,,,,,,,,,,RP,Bubba Chandler (42614730),Bubba Chandler,42614730,P,8000,PIT@CHC 04/12/2026 02:20PM ET,PIT,12.25
5112414232,MLB $300 Dime Time [Just $0.10!],189616079,$0.10,,,,,,,,,,,,SP,Casey Mize (42615269),Casey Mize,42615269,P,7900,MIA@DET 04/12/2026 01:40PM ET,DET,16.07
5112414233,MLB $300 Dime Time [Just $0.10!],189616079,$0.10,,,,,,,,,,,,SP,Shane Baz (42615273),Shane Baz,42615273,P,7900,SF@BAL 04/12/2026 01:35PM ET,BAL,10.8
5112414234,MLB $300 Dime Time [Just $0.10!],189616079,$0.10,,,,,,,,,,,,RP,Joe Boyle (42615271),Joe Boyle,42615271,P,7900,NYY@TB 04/12/2026 01:40PM ET,TB,13.02
,,,,,,,,,,,,,,,RP,Ian Seymour (42615274),Ian Seymour,42615274,P,7900,NYY@TB 04/12/2026 01:40PM ET,TB,2.27
,,,,,,,,,,,,,,,SP,Will Warren (42615275),Will Warren,42615275,P,7900,NYY@TB 04/12/2026 01:40PM ET,NYY,14.53
,,,,,,,,,,,,,,,RP,Ryan Weathers (42615276),Ryan Weathers,42615276,P,7900,NYY@TB 04/12/2026 01:40PM ET,NYY,16.27
,,,,,,,,,,,,,,,SP,Reid Detmers (42615268),Reid Detmers,42615268,P,7900,LAA@CIN 04/12/2026 01:40PM ET,LAA,13.35
,,,,,,,,,,,,,,,SP,Merrill Kelly (42615277),Merrill Kelly,42615277,P,7900,ARI@PHI 04/12/2026 01:35PM ET,ARI,0
,,,,,,,,,,,,,,,RP,Jake Woodford (42615270),Jake Woodford,42615270,P,7900,WSH@MIL 04/12/2026 02:10PM ET,MIL,4.36
,,,,,,,,,,,,,,,SP,Brandon Sproat (42615272),Brandon Sproat,42615272,P,7900,WSH@MIL 04/12/2026 02:10PM ET,MIL,1.62
,,,,,,,,,,,,,,,SP,Trey Yesavage (42615281),Trey Yesavage,42615281,P,7800,MIN@TOR 04/12/2026 01:37PM ET,TOR,0
,,,,,,,,,,,,,,,RP,Janson Junk (42615282),Janson Junk,42615282,P,7800,MIA@DET 04/12/2026 01:40PM ET,MIA,10.97
,,,,,,,,,,,,,,,SP,Steven Matz (42615278),Steven Matz,42615278,P,7800,NYY@TB 04/12/2026 01:40PM ET,TB,19.47
,,,,,,,,,,,,,,,RP,Nick Martinez (42615279),Nick Martinez,42615279,P,7800,NYY@TB 04/12/2026 01:40PM ET,TB,13.97
,,,,,,,,,,,,,,,SP,Ryan Pepiot (42615280),Ryan Pepiot,42615280,P,7800,NYY@TB 04/12/2026 01:40PM ET,TB,0
,,,,,,,,,,,,,,,SP,Andrew Painter (42614731),Andrew Painter,42614731,P,7800,ARI@PHI 04/12/2026 01:35PM ET,PHI,12
,,,,,,,,,,,,,,,RP,Braxton Ashcraft (42615283),Braxton Ashcraft,42615283,P,7800,PIT@CHC 04/12/2026 02:20PM ET,PIT,21.35
,,,,,,,,,,,,,,,SP,Max Scherzer (42614732),Max Scherzer,42614732,P,7700,MIN@TOR 04/12/2026 01:37PM ET,TOR,11.6
,,,,,,,,,,,,,,,SP,Jose Berrios (42615295),Jose Berrios,42615295,P,7700,MIN@TOR 04/12/2026 01:37PM ET,TOR,0
,,,,,,,,,,,,,,,RP,Landen Roupp (42615284),Landen Roupp,42615284,P,7700,SF@BAL 04/12/2026 01:35PM ET,SF,19.37
,,,,,,,,,,,,,,,RP,Ryan Yarbrough (42615288),Ryan Yarbrough,42615288,P,7700,NYY@TB 04/12/2026 01:40PM ET,NYY,4.5
,,,,,,,,,,,,,,,SP,Clarke Schmidt (42615293),Clarke Schmidt,42615293,P,7700,NYY@TB 04/12/2026 01:40PM ET,NYY,0
,,,,,,,,,,,,,,,SP,Luis Gil (42615296),Luis Gil,42615296,P,7700,NYY@TB 04/12/2026 01:40PM ET,NYY,2.8
,,,,,,,,,,,,,,,SP,Rhett Lowder (42615290),Rhett Lowder,42615290,P,7700,LAA@CIN 04/12/2026 01:40PM ET,CIN,12.92
,,,,,,,,,,,,,,,SP,Brady Singer (42615294),Brady Singer,42615294,P,7700,LAA@CIN 04/12/2026 01:40PM ET,CIN,5.75
,,,,,,,,,,,,,,,SP,Michael Soroka (42615291),Michael Soroka,42615291,P,7700,ARI@PHI 04/12/2026 01:35PM ET,ARI,23.35
,,,,,,,,,,,,,,,SP,Eduardo Rodriguez (42615292),Eduardo Rodriguez,42615292,P,7700,ARI@PHI 04/12/2026 01:35PM ET,ARI,17.9
,,,,,,,,,,,,,,,SP,Connelly Early (42615289),Connelly Early,42615289,P,7700,BOS@STL 04/12/2026 02:15PM ET,BOS,13.18
,,,,,,,,,,,,,,,SP,Matthew Boyd (42615297),Matthew Boyd,42615297,P,7700,PIT@CHC 04/12/2026 02:20PM ET,CHC,19.2
,,,,,,,,,,,,,,,SP,Christian Scott (42615285),Christian Scott,42615285,P,7700,ATH@NYM 04/12/2026 01:40PM ET,NYM,0
,,,,,,,,,,,,,,,SP,Tobias Myers (42615286),Tobias Myers,42615286,P,7700,ATH@NYM 04/12/2026 01:40PM ET,NYM,5.31
,,,,,,,,,,,,,,,SP,Sean Manaea (42615287),Sean Manaea,42615287,P,7700,ATH@NYM 04/12/2026 01:40PM ET,NYM,5.55
,,,,,,,,,,,,,,,SP,Carson Whisenhunt (42615300),Carson Whisenhunt,42615300,P,7600,SF@BAL 04/12/2026 01:35PM ET,SF,0
,,,,,,,,,,,,,,,SP,Noah Cameron (42614733),Noah Cameron,42614733,P,7600,CWS@KC 04/12/2026 02:10PM ET,KC,18.4
,,,,,,,,,,,,,,,SP,Jonah Tong (42615298),Jonah Tong,42615298,P,7600,ATH@NYM 04/12/2026 01:40PM ET,NYM,0
,,,,,,,,,,,,,,,SP,David Peterson (42615299),David Peterson,42615299,P,7600,ATH@NYM 04/12/2026 01:40PM ET,NYM,8.27
,,,,,,,,,,,,,,,SP,Shane Bieber (42615302),Shane Bieber,42615302,P,7500,MIN@TOR 04/12/2026 01:37PM ET,TOR,0
,,,,,,,,,,,,,,,SP,Tyler Mahle (42615306),Tyler Mahle,42615306,P,7500,SF@BAL 04/12/2026 01:35PM ET,SF,11.73
,,,,,,,,,,,,,,,SP,Nick Lodolo (42615303),Nick Lodolo,42615303,P,7500,LAA@CIN 04/12/2026 01:40PM ET,CIN,0
,,,,,,,,,,,,,,,SP,Jameson Taillon (42614734),Jameson Taillon,42614734,P,7500,PIT@CHC 04/12/2026 02:20PM ET,CHC,12.1
,,,,,,,,,,,,,,,SP,Jared Jones (42615301),Jared Jones,42615301,P,7500,PIT@CHC 04/12/2026 02:20PM ET,PIT,0
,,,,,,,,,,,,,,,SP,Cade Horton (42615304),Cade Horton,42615304,P,7500,PIT@CHC 04/12/2026 02:20PM ET,CHC,10.45
,,,,,,,,,,,,,,,SP,Mitch Keller (42615305),Mitch Keller,42615305,P,7500,PIT@CHC 04/12/2026 02:20PM ET,PIT,17.43
,,,,,,,,,,,,,,,RP,Jeffrey Springs (42615307),Jeffrey Springs,42615307,P,7500,ATH@NYM 04/12/2026 01:40PM ET,ATH,21.62
,,,,,,,,,,,,,,,SP,Zac Gallen (42614735),Zac Gallen,42614735,P,7400,ARI@PHI 04/12/2026 01:35PM ET,ARI,11.25
,,,,,,,,,,,,,,,SP,Brandon Pfaadt (42615309),Brandon Pfaadt,42615309,P,7400,ARI@PHI 04/12/2026 01:35PM ET,ARI,7.7
,,,,,,,,,,,,,,,SP,Quinn Priester (42615308),Quinn Priester,42615308,P,7400,WSH@MIL 04/12/2026 02:10PM ET,MIL,0
,,,,,,,,,,,,,,,SP,Cody Ponce (42615311),Cody Ponce,42615311,P,7300,MIN@TOR 04/12/2026 01:37PM ET,TOR,8.05
,,,,,,,,,,,,,,,SP,Chris Bassitt (42615310),Chris Bassitt,42615310,P,7300,SF@BAL 04/12/2026 01:35PM ET,BAL,-1.55
,,,,,,,,,,,,,,,SP,Brayan Bello (42614736),Brayan Bello,42614736,P,7300,BOS@STL 04/12/2026 02:15PM ET,BOS,2
,,,,,,,,,,,,,,,SP,Taj Bradley (42614737),Taj Bradley,42614737,P,7200,MIN@TOR 04/12/2026 01:37PM ET,MIN,24.5
,,,,,,,,,,,,,,,SP,Zebby Matthews (42615315),Zebby Matthews,42615315,P,7200,MIN@TOR 04/12/2026 01:37PM ET,MIN,0
,,,,,,,,,,,,,,,SP,Jack Kochanowicz (42615312),Jack Kochanowicz,42615312,P,7200,LAA@CIN 04/12/2026 01:40PM ET,LAA,14.97
,,,,,,,,,,,,,,,SP,Michael McGreevy (42615314),Michael McGreevy,42615314,P,7200,BOS@STL 04/12/2026 02:15PM ET,STL,15.23
,,,,,,,,,,,,,,,RP,Jacob Lopez (42615313),Jacob Lopez,42615313,P,7200,ATH@NYM 04/12/2026 01:40PM ET,ATH,5.53
,,,,,,,,,,,,,,,SP,Simeon Woods Richardson (42615317),Simeon Woods Richardson,42615317,P,7100,MIN@TOR 04/12/2026 01:37PM ET,MIN,7.75
,,,,,,,,,,,,,,,SP,Bailey Ober (42615318),Bailey Ober,42615318,P,7100,MIN@TOR 04/12/2026 01:37PM ET,MIN,7.52
,,,,,,,,,,,,,,,SP,Mick Abel (42615319),Mick Abel,42615319,P,7100,MIN@TOR 04/12/2026 01:37PM ET,MIN,6.67
,,,,,,,,,,,,,,,SP,Reese Olson (42615316),Reese Olson,42615316,P,7100,MIA@DET 04/12/2026 01:40PM ET,DET,0
,,,,,,,,,,,,,,,SP,Drew Rasmussen (42614738),Drew Rasmussen,42614738,P,7100,NYY@TB 04/12/2026 01:40PM ET,TB,17.15
,,,,,,,,,,,,,,,SP,Justin Verlander (42615322),Justin Verlander,42615322,P,7000,MIA@DET 04/12/2026 01:40PM ET,DET,-4.55
,,,,,,,,,,,,,,,SP,Zach Eflin (42615321),Zach Eflin,42615321,P,7000,SF@BAL 04/12/2026 01:35PM ET,BAL,16.65
,,,,,,,,,,,,,,,SP,Taijuan Walker (42615324),Taijuan Walker,42615324,P,7000,ARI@PHI 04/12/2026 01:35PM ET,PHI,6.73
,,,,,,,,,,,,,,,RP,Andre Pallante (42614739),Andre Pallante,42614739,P,7000,BOS@STL 04/12/2026 02:15PM ET,STL,12.35
,,,,,,,,,,,,,,,SP,Foster Griffin (42615320),Foster Griffin,42615320,P,7000,WSH@MIL 04/12/2026 02:10PM ET,WSH,16.57
,,,,,,,,,,,,,,,RP,Carmen Mlodzinski (42615323),Carmen Mlodzinski,42615323,P,7000,PIT@CHC 04/12/2026 02:20PM ET,PIT,13.48
,,,,,,,,,,,,,,,SP,Chase Petty (42615330),Chase Petty,42615330,P,6900,LAA@CIN 04/12/2026 01:40PM ET,CIN,0
,,,,,,,,,,,,,,,SP,Brandon Williamson (42615331),Brandon Williamson,42615331,P,6900,LAA@CIN 04/12/2026 01:40PM ET,CIN,9.1
,,,,,,,,,,,,,,,SP,Alex McFarlane (42615325),Alex McFarlane,42615325,P,6900,ARI@PHI 04/12/2026 01:35PM ET,PHI,0
,,,,,,,,,,,,,,,RP,Seth Johnson (42615326),Seth Johnson,42615326,P,6900,ARI@PHI 04/12/2026 01:35PM ET,PHI,0
,,,,,,,,,,,,,,,RP,Jonathan Bowlan (42615327),Jonathan Bowlan,42615327,P,6900,ARI@PHI 04/12/2026 01:35PM ET,PHI,3.34
,,,,,,,,,,,,,,,SP,Yilber Diaz (42615328),Yilber Diaz,42615328,P,6900,ARI@PHI 04/12/2026 01:35PM ET,ARI,0
,,,,,,,,,,,,,,,SP,Ryne Nelson (42615329),Ryne Nelson,42615329,P,6900,ARI@PHI 04/12/2026 01:35PM ET,ARI,12.72
,,,,,,,,,,,,,,,SP,Marco Raya (42615339),Marco Raya,42615339,P,6800,MIN@TOR 04/12/2026 01:37PM ET,MIN,0
,,,,,,,,,,,,,,,RP,Matt Bowman (42615340),Matt Bowman,42615340,P,6800,MIN@TOR 04/12/2026 01:37PM ET,MIN,0
,,,,,,,,,,,,,,,SP,David Festa (42615343),David Festa,42615343,P,6800,MIN@TOR 04/12/2026 01:37PM ET,MIN,0
,,,,,,,,,,,,,,,RP,Carson Seymour (42615332),Carson Seymour,42615332,P,6800,SF@BAL 04/12/2026 01:35PM ET,SF,0
,,,,,,,,,,,,,,,SP,Keaton Winn (42615333),Keaton Winn,42615333,P,6800,SF@BAL 04/12/2026 01:35PM ET,SF,2.66
,,,,,,,,,,,,,,,SP,Blade Tidwell (42615334),Blade Tidwell,42615334,P,6800,SF@BAL 04/12/2026 01:35PM ET,SF,3.98
,,,,,,,,,,,,,,,SP,Dylan Smith (42615335),Dylan Smith,42615335,P,6800,SF@BAL 04/12/2026 01:35PM ET,SF,0
,,,,,,,,,,,,,,,RP,Jose Butto (42615336),Jose Butto,42615336,P,6800,SF@BAL 04/12/2026 01:35PM ET,SF,-0.5
,,,,,,,,,,,,,,,RP,Spencer Bivens (42615337),Spencer Bivens,42615337,P,6800,SF@BAL 04/12/2026 01:35PM ET,SF,0
,,,,,,,,,,,,,,,RP,Tristan Beck (42615338),Tristan Beck,42615338,P,6800,SF@BAL 04/12/2026 01:35PM ET,SF,0
,,,,,,,,,,,,,,,RP,Hayden Birdsong (42615342),Hayden Birdsong,42615342,P,6800,SF@BAL 04/12/2026 01:35PM ET,SF,0
,,,,,,,,,,,,,,,RP,Aaron Civale (42614740),Aaron Civale,42614740,P,6800,ATH@NYM 04/12/2026 01:40PM ET,ATH,15.95
,,,,,,,,,,,,,,,RP,Jack Perkins (42615341),Jack Perkins,42615341,P,6800,ATH@NYM 04/12/2026 01:40PM ET,ATH,13.45
,,,,,,,,,,,,,,,SP,Patrick Corbin (42615355),Patrick Corbin,42615355,P,6700,MIN@TOR 04/12/2026 01:37PM ET,TOR,1.6
,,,,,,,,,,,,,,,RP,Mason Fluharty (42615364),Mason Fluharty,42615364,P,6700,MIN@TOR 04/12/2026 01:37PM ET,TOR,1.19
,,,,,,,,,,,,,,,RP,JT Brubaker (42615354),JT Brubaker,42615354,P,6700,SF@BAL 04/12/2026 01:35PM ET,SF,2.45
,,,,,,,,,,,,,,,SP,Andrew Abbott (42614741),Andrew Abbott,42614741,P,6700,LAA@CIN 04/12/2026 01:40PM ET,CIN,11.28
,,,,,,,,,,,,,,,SP,Grayson Rodriguez (42615368),Grayson Rodriguez,42615368,P,6700,LAA@CIN 04/12/2026 01:40PM ET,LAA,0
,,,,,,,,,,,,,,,SP,George Klassen (42615369),George Klassen,42615369,P,6700,LAA@CIN 04/12/2026 01:40PM ET,LAA,-1.15
,,,,,,,,,,,,,,,SP,Alek Manoah (42615370),Alek Manoah,42615370,P,6700,LAA@CIN 04/12/2026 01:40PM ET,LAA,0
,,,,,,,,,,,,,,,RP,Mitch Farris (42615371),Mitch Farris,42615371,P,6700,LAA@CIN 04/12/2026 01:40PM ET,LAA,2.88
,,,,,,,,,,,,,,,SP,Yusei Kikuchi (42615372),Yusei Kikuchi,42615372,P,6700,LAA@CIN 04/12/2026 01:40PM ET,LAA,9.13
,,,,,,,,,,,,,,,SP,Tanner Houck (42615353),Tanner Houck,42615353,P,6700,BOS@STL 04/12/2026 02:15PM ET,BOS,0
,,,,,,,,,,,,,,,SP,Patrick Sandoval (42615357),Patrick Sandoval,42615357,P,6700,BOS@STL 04/12/2026 02:15PM ET,BOS,0
,,,,,,,,,,,,,,,SP,Kutter Crawford (42615358),Kutter Crawford,42615358,P,6700,BOS@STL 04/12/2026 02:15PM ET,BOS,0
,,,,,,,,,,,,,,,SP,Payton Tolle (42615359),Payton Tolle,42615359,P,6700,BOS@STL 04/12/2026 02:15PM ET,BOS,0
,,,,,,,,,,,,,,,SP,Johan Oviedo (42615374),Johan Oviedo,42615374,P,6700,BOS@STL 04/12/2026 02:15PM ET,BOS,1.45
,,,,,,,,,,,,,,,SP,Josiah Gray (42615344),Josiah Gray,42615344,P,6700,WSH@MIL 04/12/2026 02:10PM ET,WSH,0
,,,,,,,,,,,,,,,SP,DJ Herz (42615345),DJ Herz,42615345,P,6700,WSH@MIL 04/12/2026 02:10PM ET,WSH,0
,,,,,,,,,,,,,,,SP,Mitchell Parker (42615346),Mitchell Parker,42615346,P,6700,WSH@MIL 04/12/2026 02:10PM ET,WSH,0
,,,,,,,,,,,,,,,SP,Jackson Rutledge (42615347),Jackson Rutledge,42615347,P,6700,WSH@MIL 04/12/2026 02:10PM ET,WSH,0
,,,,,,,,,,,,,,,RP,Brad Lord (42615348),Brad Lord,42615348,P,6700,WSH@MIL 04/12/2026 02:10PM ET,WSH,6
,,,,,,,,,,,,,,,SP,Cade Cavalli (42615356),Cade Cavalli,42615356,P,6700,WSH@MIL 04/12/2026 02:10PM ET,WSH,10.82
,,,,,,,,,,,,,,,SP,Andrew Alvarez (42615360),Andrew Alvarez,42615360,P,6700,WSH@MIL 04/12/2026 02:10PM ET,WSH,0
,,,,,,,,,,,,,,,SP,Coleman Crow (42615367),Coleman Crow,42615367,P,6700,WSH@MIL 04/12/2026 02:10PM ET,MIL,0
,,,,,,,,,,,,,,,SP,Antwone Kelly (42615349),Antwone Kelly,42615349,P,6700,PIT@CHC 04/12/2026 02:20PM ET,PIT,0
,,,,,,,,,,,,,,,SP,Jose Urquidy (42615350),Jose Urquidy,42615350,P,6700,PIT@CHC 04/12/2026 02:20PM ET,PIT,5.68
,,,,,,,,,,,,,,,SP,Hunter Barco (42615351),Hunter Barco,42615351,P,6700,PIT@CHC 04/12/2026 02:20PM ET,PIT,1.4
,,,,,,,,,,,,,,,SP,Thomas Harrington (42615352),Thomas Harrington,42615352,P,6700,PIT@CHC 04/12/2026 02:20PM ET,PIT,0
,,,,,,,,,,,,,,,SP,Joey Estes (42615361),Joey Estes,42615361,P,6700,ATH@NYM 04/12/2026 01:40PM ET,ATH,0
,,,,,,,,,,,,,,,SP,Luis Medina (42615362),Luis Medina,42615362,P,6700,ATH@NYM 04/12/2026 01:40PM ET,ATH,4.95
,,,,,,,,,,,,,,,RP,Hogan Harris (42615363),Hogan Harris,42615363,P,6700,ATH@NYM 04/12/2026 01:40PM ET,ATH,2.51
,,,,,,,,,,,,,,,SP,Luis Morales (42615365),Luis Morales,42615365,P,6700,ATH@NYM 04/12/2026 01:40PM ET,ATH,-3.35
,,,,,,,,,,,,,,,SP,Gunnar Hoglund (42615366),Gunnar Hoglund,42615366,P,6700,ATH@NYM 04/12/2026 01:40PM ET,ATH,0
,,,,,,,,,,,,,,,RP,J.T. Ginn (42615373),J.T. Ginn,42615373,P,6700,ATH@NYM 04/12/2026 01:40PM ET,ATH,6.69
,,,,,,,,,,,,,,,RP,Sam Aldegheri (42615375),Sam Aldegheri,42615375,P,6600,LAA@CIN 04/12/2026 01:40PM ET,LAA,0
,,,,,,,,,,,,,,,SP,Alec Marsh (42615381),Alec Marsh,42615381,P,6600,CWS@KC 04/12/2026 02:10PM ET,KC,0
,,,,,,,,,,,,,,,RP,Mason Black (42615382),Mason Black,42615382,P,6600,CWS@KC 04/12/2026 02:10PM ET,KC,0
,,,,,,,,,,,,,,,RP,Luinder Avila (42615383),Luinder Avila,42615383,P,6600,CWS@KC 04/12/2026 02:10PM ET,KC,1.35
,,,,,,,,,,,,,,,RP,Bailey Falter (42615384),Bailey Falter,42615384,P,6600,CWS@KC 04/12/2026 02:10PM ET,KC,-0.25
,,,,,,,,,,,,,,,RP,Daniel Lynch IV (42615385),Daniel Lynch IV,42615385,P,6600,CWS@KC 04/12/2026 02:10PM ET,KC,5.25
,,,,,,,,,,,,,,,RP,Zack Littell (42614742),Zack Littell,42614742,P,6600,WSH@MIL 04/12/2026 02:10PM ET,WSH,9.75
,,,,,,,,,,,,,,,RP,Shane Drohan (42615377),Shane Drohan,42615377,P,6600,WSH@MIL 04/12/2026 02:10PM ET,MIL,-0.2
,,,,,,,,,,,,,,,SP,Trevor Williams (42615378),Trevor Williams,42615378,P,6600,WSH@MIL 04/12/2026 02:10PM ET,WSH,0
,,,,,,,,,,,,,,,SP,Jake Irvin (42615379),Jake Irvin,42615379,P,6600,WSH@MIL 04/12/2026 02:10PM ET,WSH,10.97
,,,,,,,,,,,,,,,SP,Miles Mikolas (42615380),Miles Mikolas,42615380,P,6600,WSH@MIL 04/12/2026 02:10PM ET,WSH,-0.55
,,,,,,,,,,,,,,,SP,Jordan Wicks (42615386),Jordan Wicks,42615386,P,6600,PIT@CHC 04/12/2026 02:20PM ET,CHC,0
,,,,,,,,,,,,,,,RP,Ben Brown (42615387),Ben Brown,42615387,P,6600,PIT@CHC 04/12/2026 02:20PM ET,CHC,7.5
,,,,,,,,,,,,,,,SP,Luis Severino (42615376),Luis Severino,42615376,P,6600,ATH@NYM 04/12/2026 01:40PM ET,ATH,11.2
,,,,,,,,,,,,,,,SP,Dax Fulton (42615391),Dax Fulton,42615391,P,6500,MIA@DET 04/12/2026 01:40PM ET,MIA,0
,,,,,,,,,,,,,,,SP,Braxton Garrett (42615392),Braxton Garrett,42615392,P,6500,MIA@DET 04/12/2026 01:40PM ET,MIA,0
,,,,,,,,,,,,,,,RP,Ryan Gusto (42615393),Ryan Gusto,42615393,P,6500,MIA@DET 04/12/2026 01:40PM ET,MIA,4.25
,,,,,,,,,,,,,,,SP,Cade Povich (42614743),Cade Povich,42614743,P,6500,SF@BAL 04/12/2026 01:35PM ET,BAL,8.55
,,,,,,,,,,,,,,,OF,Aaron Judge (42614746),Aaron Judge,42614746,OF,6500,NYY@TB 04/12/2026 01:40PM ET,NYY,8.64
,,,,,,,,,,,,,,,SP,Caden Dana (42615388),Caden Dana,42615388,P,6500,LAA@CIN 04/12/2026 01:40PM ET,LAA,0
,,,,,,,,,,,,,,,RP,Ryan Johnson (42615390),Ryan Johnson,42615390,P,6500,LAA@CIN 04/12/2026 01:40PM ET,LAA,-7.1
,,,,,,,,,,,,,,,SP,Chase Silseth (42615395),Chase Silseth,42615395,P,6500,LAA@CIN 04/12/2026 01:40PM ET,LAA,2
,,,,,,,,,,,,,,,SP,Sean Burke (42615394),Sean Burke,42615394,P,6500,CWS@KC 04/12/2026 02:10PM ET,CWS,13.85
,,,,,,,,,,,,,,,RP,Stephen Kolek (42615396),Stephen Kolek,42615396,P,6500,CWS@KC 04/12/2026 02:10PM ET,KC,0
,,,,,,,,,,,,,,,SP,Dustin May (42615389),Dustin May,42615389,P,6500,BOS@STL 04/12/2026 02:15PM ET,STL,4.13
,,,,,,,,,,,,,,,SP,Jackson Jobe (42615403),Jackson Jobe,42615403,P,6400,MIA@DET 04/12/2026 01:40PM ET,DET,0
,,,,,,,,,,,,,,,SP,Adam Mazur (42615406),Adam Mazur,42615406,P,6400,MIA@DET 04/12/2026 01:40PM ET,MIA,0
,,,,,,,,,,,,,,,SP,Troy Melton (42615407),Troy Melton,42615407,P,6400,MIA@DET 04/12/2026 01:40PM ET,DET,0
,,,,,,,,,,,,,,,SP,Chris Paddack (42615411),Chris Paddack,42615411,P,6400,MIA@DET 04/12/2026 01:40PM ET,MIA,8.87
,,,,,,,,,,,,,,,SP,Adrian Houser (42614744),Adrian Houser,42614744,P,6400,SF@BAL 04/12/2026 01:35PM ET,SF,9.35
,,,,,,,,,,,,,,,SP,Dean Kremer (42615412),Dean Kremer,42615412,P,6400,SF@BAL 04/12/2026 01:35PM ET,BAL,0
,,,,,,,,,,,,,,,SP,Tyler Wells (42615413),Tyler Wells,42615413,P,6400,SF@BAL 04/12/2026 01:35PM ET,BAL,3.68
,,,,,,,,,,,,,,,RP,Dietrich Enns (42615414),Dietrich Enns,42615414,P,6400,SF@BAL 04/12/2026 01:35PM ET,BAL,5.38
,,,,,,,,,,,,,,,SP,Chayce McDermott (42615415),Chayce McDermott,42615415,P,6400,SF@BAL 04/12/2026 01:35PM ET,BAL,0
,,,,,,,,,,,,,,,RP,Ryan Bergert (42615397),Ryan Bergert,42615397,P,6400,CWS@KC 04/12/2026 02:10PM ET,KC,0
,,,,,,,,,,,,,,,RP,Mitch Spence (42615401),Mitch Spence,42615401,P,6400,CWS@KC 04/12/2026 02:10PM ET,KC,0
,,,,,,,,,,,,,,,SP,Davis Martin (42615409),Davis Martin,42615409,P,6400,CWS@KC 04/12/2026 02:10PM ET,CWS,18.63
,,,,,,,,,,,,,,,SP,Brycen Mautz (42615398),Brycen Mautz,42615398,P,6400,BOS@STL 04/12/2026 02:15PM ET,STL,0
,,,,,,,,,,,,,,,SP,Tekoah Roby (42615399),Tekoah Roby,42615399,P,6400,BOS@STL 04/12/2026 02:15PM ET,STL,0
,,,,,,,,,,,,,,,RP,Gordon Graceffo (42615400),Gordon Graceffo,42615400,P,6400,BOS@STL 04/12/2026 02:15PM ET,STL,4.19
,,,,,,,,,,,,,,,RP,Matthew Liberatore (42615404),Matthew Liberatore,42615404,P,6400,BOS@STL 04/12/2026 02:15PM ET,STL,9.87
,,,,,,,,,,,,,,,SP,Hunter Dobbins (42615405),Hunter Dobbins,42615405,P,6400,BOS@STL 04/12/2026 02:15PM ET,STL,0
,,,,,,,,,,,,,,,RP,Jared Shuster (42615410),Jared Shuster,42615410,P,6400,BOS@STL 04/12/2026 02:15PM ET,STL,1.5
,,,,,,,,,,,,,,,SP,Javier Assad (42615402),Javier Assad,42615402,P,6400,PIT@CHC 04/12/2026 02:20PM ET,CHC,20.95
,,,,,,,,,,,,,,,RP,Colin Rea (42615408),Colin Rea,42615408,P,6400,PIT@CHC 04/12/2026 02:20PM ET,CHC,11.03
,,,,,,,,,,,,,,,SP,Keider Montero (42615416),Keider Montero,42615416,P,6300,MIA@DET 04/12/2026 01:40PM ET,DET,19.52
,,,,,,,,,,,,,,,RP,Albert Suarez (42615418),Albert Suarez,42615418,P,6300,SF@BAL 04/12/2026 01:35PM ET,BAL,6.42
,,,,,,,,,,,,,,,RP,Anthony Kay (42615417),Anthony Kay,42615417,P,6300,CWS@KC 04/12/2026 02:10PM ET,CWS,13.2
,,,,,,,,,,,,,,,SP,Brandon Young (42615421),Brandon Young,42615421,P,6200,SF@BAL 04/12/2026 01:35PM ET,BAL,16.85
,,,,,,,,,,,,,,,OF,Kyle Schwarber (42614747),Kyle Schwarber,42614747,OF,6200,ARI@PHI 04/12/2026 01:35PM ET,PHI,8.5
,,,,,,,,,,,,,,,SP,Richard Fitts (42615420),Richard Fitts,42615420,P,6200,BOS@STL 04/12/2026 02:15PM ET,STL,0
,,,,,,,,,,,,,,,SP,Robert Gasser (42615419),Robert Gasser,42615419,P,6200,WSH@MIL 04/12/2026 02:10PM ET,MIL,0
,,,,,,,,,,,,,,,SS,Bobby Witt Jr. (42614748),Bobby Witt Jr.,42614748,SS,6100,CWS@KC 04/12/2026 02:10PM ET,KC,7.8
,,,,,,,,,,,,,,,RP,Kyle Leahy (42615422),Kyle Leahy,42615422,P,6100,BOS@STL 04/12/2026 02:15PM ET,STL,6.17
,,,,,,,,,,,,,,,SS,Elly De La Cruz (42614749),Elly De La Cruz,42614749,SS,6000,LAA@CIN 04/12/2026 01:40PM ET,CIN,10.6
,,,,,,,,,,,,,,,SP,Jonathan Cannon (42614745),Jonathan Cannon,42614745,P,6000,CWS@KC 04/12/2026 02:10PM ET,CWS,0
,,,,,,,,,,,,,,,OF,Corbin Carroll (42614750),Corbin Carroll,42614750,OF,5900,ARI@PHI 04/12/2026 01:35PM ET,ARI,10.62
,,,,,,,,,,,,,,,SP,Erick Fedde (42615423),Erick Fedde,42615423,P,5900,CWS@KC 04/12/2026 02:10PM ET,CWS,12.2
,,,,,,,,,,,,,,,SS,Gunnar Henderson (42614751),Gunnar Henderson,42614751,SS,5800,SF@BAL 04/12/2026 01:35PM ET,BAL,11.71
,,,,,,,,,,,,,,,OF,Juan Soto (42615079),Juan Soto,42615079,OF,5800,ATH@NYM 04/12/2026 01:40PM ET,NYM,8.25
,,,,,,,,,,,,,,,SP,Drew Thorpe (42615424),Drew Thorpe,42615424,P,5700,CWS@KC 04/12/2026 02:10PM ET,CWS,0
,,,,,,,,,,,,,,,RP,Sean Newcomb (42615425),Sean Newcomb,42615425,P,5700,CWS@KC 04/12/2026 02:10PM ET,CWS,3.84
,,,,,,,,,,,,,,,RP,Grant Taylor (42615426),Grant Taylor,42615426,P,5700,CWS@KC 04/12/2026 02:10PM ET,CWS,3.91
,,,,,,,,,,,,,,,RP,Mike Vasil (42615427),Mike Vasil,42615427,P,5700,CWS@KC 04/12/2026 02:10PM ET,CWS,0
,,,,,,,,,,,,,,,RP,Shane Smith (42615428),Shane Smith,42615428,P,5700,CWS@KC 04/12/2026 02:10PM ET,CWS,2.52
,,,,,,,,,,,,,,,OF,Pete Crow-Armstrong (42614752),Pete Crow-Armstrong,42614752,OF,5700,PIT@CHC 04/12/2026 02:20PM ET,CHC,6.79
,,,,,,,,,,,,,,,OF,Christian Yelich (42614753),Christian Yelich,42614753,OF,5600,WSH@MIL 04/12/2026 02:10PM ET,MIL,9.21
,,,,,,,,,,,,,,,1B,Vladimir Guerrero Jr. (42614754),Vladimir Guerrero Jr.,42614754,1B,5500,MIN@TOR 04/12/2026 01:37PM ET,TOR,7.71
,,,,,,,,,,,,,,,RP,Keegan Akin (42615429),Keegan Akin,42615429,P,5500,SF@BAL 04/12/2026 01:35PM ET,BAL,0
,,,,,,,,,,,,,,,OF,Mike Trout (42614756),Mike Trout,42614756,OF,5500,LAA@CIN 04/12/2026 01:40PM ET,LAA,8.5
,,,,,,,,,,,,,,,C,Shea Langeliers (42614755),Shea Langeliers,42614755,C,5500,ATH@NYM 04/12/2026 01:40PM ET,ATH,10.08
,,,,,,,,,,,,,,,SS,Trea Turner (42614757),Trea Turner,42614757,SS,5400,ARI@PHI 04/12/2026 01:35PM ET,PHI,6.36
,,,,,,,,,,,,,,,OF,James Wood (42614758),James Wood,42614758,OF,5400,WSH@MIL 04/12/2026 02:10PM ET,WSH,11.64
,,,,,,,,,,,,,,,3B,Junior Caminero (42614759),Junior Caminero,42614759,3B,5300,NYY@TB 04/12/2026 01:40PM ET,TB,6.43
,,,,,,,,,,,,,,,1B,Ben Rice (42614763),Ben Rice,42614763,1B,5300,NYY@TB 04/12/2026 01:40PM ET,NYY,12.23
,,,,,,,,,,,,,,,2B,Ketel Marte (42614762),Ketel Marte,42614762,2B,5300,ARI@PHI 04/12/2026 01:35PM ET,ARI,6.13
,,,,,,,,,,,,,,,2B,Brice Turang (42614761),Brice Turang,42614761,2B,5300,WSH@MIL 04/12/2026 02:10PM ET,MIL,11.33
,,,,,,,,,,,,,,,OF,Luis Robert Jr. (42614760),Luis Robert Jr.,42614760,OF,5300,ATH@NYM 04/12/2026 01:40PM ET,NYM,8.93
,,,,,,,,,,,,,,,1B,Bryce Harper (42614765),Bryce Harper,42614765,1B,5200,ARI@PHI 04/12/2026 01:35PM ET,PHI,8.64
,,,,,,,,,,,,,,,OF,Roman Anthony (42614764),Roman Anthony,42614764,OF,5200,BOS@STL 04/12/2026 02:15PM ET,BOS,6.46
,,,,,,,,,,,,,,,SS,CJ Abrams (42614766),CJ Abrams,42614766,SS,5200,WSH@MIL 04/12/2026 02:10PM ET,WSH,12.23
,,,,,,,,,,,,,,,OF,George Springer (42614768),George Springer,42614768,OF,5100,MIN@TOR 04/12/2026 01:37PM ET,TOR,6.64
,,,,,,,,,,,,,,,1B,Rafael Devers (42614770),Rafael Devers,42614770,1B,5100,SF@BAL 04/12/2026 01:35PM ET,SF,5.8
,,,,,,,,,,,,,,,C,William Contreras (42614769),William Contreras,42614769,C,5100,WSH@MIL 04/12/2026 02:10PM ET,MIL,9
,,,,,,,,,,,,,,,SS,Francisco Lindor (42614767),Francisco Lindor,42614767,SS,5100,ATH@NYM 04/12/2026 01:40PM ET,NYM,5.93
,,,,,,,,,,,,,,,OF,Brent Rooker (42615080),Brent Rooker,42615080,OF,5100,ATH@NYM 04/12/2026 01:40PM ET,ATH,6.5
,,,,,,,,,,,,,,,2B,Xavier Edwards (42614773),Xavier Edwards,42614773,2B,5000,MIA@DET 04/12/2026 01:40PM ET,MIA,9.13
,,,,,,,,,,,,,,,OF,Jackson Chourio (42615081),Jackson Chourio,42615081,OF,5000,WSH@MIL 04/12/2026 02:10PM ET,MIL,0
,,,,,,,,,,,,,,,OF,Oneil Cruz (42614772),Oneil Cruz,42614772,OF,5000,PIT@CHC 04/12/2026 02:20PM ET,PIT,12.14
,,,,,,,,,,,,,,,1B,Nick Kurtz (42614771),Nick Kurtz,42614771,1B,5000,ATH@NYM 04/12/2026 01:40PM ET,ATH,6.54
,,,,,,,,,,,,,,,OF,Byron Buxton (42614775),Byron Buxton,42614775,OF,4900,MIN@TOR 04/12/2026 01:37PM ET,MIN,5.21
,,,,,,,,,,,,,,,1B,Pete Alonso (42614774),Pete Alonso,42614774,1B,4900,SF@BAL 04/12/2026 01:35PM ET,BAL,5.07
,,,,,,,,,,,,,,,3B,Maikel Garcia (42614776),Maikel Garcia,42614776,3B,4900,CWS@KC 04/12/2026 02:10PM ET,KC,8.93
,,,,,,,,,,,,,,,1B/3B,Yandy Diaz (42614778),Yandy Diaz,42614778,1B/3B,4800,NYY@TB 04/12/2026 01:40PM ET,TB,11.07
,,,,,,,,,,,,,,,SS,Zach Neto (42614780),Zach Neto,42614780,SS,4800,LAA@CIN 04/12/2026 01:40PM ET,LAA,10.4
,,,,,,,,,,,,,,,OF,Wilyer Abreu (42614777),Wilyer Abreu,42614777,OF,4800,BOS@STL 04/12/2026 02:15PM ET,BOS,9.57
,,,,,,,,,,,,,,,OF,Taylor Ward (42614782),Taylor Ward,42614782,OF,4700,SF@BAL 04/12/2026 01:35PM ET,BAL,8.64
,,,,,,,,,,,,,,,3B,Eugenio Suarez (42614784),Eugenio Suarez,42614784,3B,4700,LAA@CIN 04/12/2026 01:40PM ET,CIN,6.07
,,,,,,,,,,,,,,,OF,Jarren Duran (42614783),Jarren Duran,42614783,OF,4700,BOS@STL 04/12/2026 02:15PM ET,BOS,6.73
,,,,,,,,,,,,,,,1B,Michael Busch (42614781),Michael Busch,42614781,1B,4700,PIT@CHC 04/12/2026 02:20PM ET,CHC,3.71
,,,,,,,,,,,,,,,3B/SS,Kevin McGonigle (42614786),Kevin McGonigle,42614786,3B/SS,4600,MIA@DET 04/12/2026 01:40PM ET,DET,7.87
,,,,,,,,,,,,,,,OF,Jakob Marsee (42614788),Jakob Marsee,42614788,OF,4600,MIA@DET 04/12/2026 01:40PM ET,MIA,6.87
,,,,,,,,,,,,,,,1B,Munetaka Murakami (42614785),Munetaka Murakami,42614785,1B,4600,CWS@KC 04/12/2026 02:10PM ET,CWS,7.07
,,,,,,,,,,,,,,,2B,Nico Hoerner (42614789),Nico Hoerner,42614789,2B,4600,PIT@CHC 04/12/2026 02:20PM ET,CHC,10.71
,,,,,,,,,,,,,,,3B,Kazuma Okamoto (42614790),Kazuma Okamoto,42614790,3B,4500,MIN@TOR 04/12/2026 01:37PM ET,TOR,5.62
,,,,,,,,,,,,,,,OF,Riley Greene (42614791),Riley Greene,42614791,OF,4500,MIA@DET 04/12/2026 01:40PM ET,DET,7.53
,,,,,,,,,,,,,,,OF,Kyle Stowers (42615082),Kyle Stowers,42615082,OF,4500,MIA@DET 04/12/2026 01:40PM ET,MIA,0
,,,,,,,,,,,,,,,1B,Sal Stewart (42614793),Sal Stewart,42614793,1B,4500,LAA@CIN 04/12/2026 01:40PM ET,CIN,11.07
,,,,,,,,,,,,,,,SS,Geraldo Perdomo (42614792),Geraldo Perdomo,42614792,SS,4500,ARI@PHI 04/12/2026 01:35PM ET,ARI,6
,,,,,,,,,,,,,,,2B,Brandon Lowe (42614794),Brandon Lowe,42614794,2B,4500,PIT@CHC 04/12/2026 02:20PM ET,PIT,7.58
,,,,,,,,,,,,,,,SS,Otto Lopez (42614797),Otto Lopez,42614797,SS,4400,MIA@DET 04/12/2026 01:40PM ET,MIA,8.36
,,,,,,,,,,,,,,,1B/C,Liam Hicks (42614800),Liam Hicks,42614800,C/1B,4400,MIA@DET 04/12/2026 01:40PM ET,MIA,8.21
,,,,,,,,,,,,,,,OF,Cody Bellinger (42614795),Cody Bellinger,42614795,OF,4400,NYY@TB 04/12/2026 01:40PM ET,NYY,7.93
,,,,,,,,,,,,,,,2B,JJ Wetherholt (42614798),JJ Wetherholt,42614798,2B,4400,BOS@STL 04/12/2026 02:15PM ET,STL,8
,,,,,,,,,,,,,,,OF,Seiya Suzuki (42614796),Seiya Suzuki,42614796,OF,4400,PIT@CHC 04/12/2026 02:20PM ET,CHC,4
,,,,,,,,,,,,,,,3B,Alex Bregman (42614799),Alex Bregman,42614799,3B,4400,PIT@CHC 04/12/2026 02:20PM ET,CHC,5.57
,,,,,,,,,,,,,,,2B,Luke Keaschall (42614803),Luke Keaschall,42614803,2B,4300,MIN@TOR 04/12/2026 01:37PM ET,MIN,6.33
,,,,,,,,,,,,,,,3B/SS,Colson Montgomery (42614805),Colson Montgomery,42614805,3B/SS,4300,CWS@KC 04/12/2026 02:10PM ET,CWS,5.6
,,,,,,,,,,,,,,,1B,Alec Burleson (42614804),Alec Burleson,42614804,1B,4300,BOS@STL 04/12/2026 02:15PM ET,STL,7.57
,,,,,,,,,,,,,,,OF,Tyler Soderstrom (42614802),Tyler Soderstrom,42614802,OF,4300,ATH@NYM 04/12/2026 01:40PM ET,ATH,8.5
,,,,,,,,,,,,,,,C,Alejandro Kirk (42615083),Alejandro Kirk,42615083,C,4200,MIN@TOR 04/12/2026 01:37PM ET,TOR,6
,,,,,,,,,,,,,,,OF,Kerry Carpenter (42614811),Kerry Carpenter,42614811,OF,4200,MIA@DET 04/12/2026 01:40PM ET,DET,5.5
,,,,,,,,,,,,,,,SS,Willy Adames (42614807),Willy Adames,42614807,SS,4200,SF@BAL 04/12/2026 01:35PM ET,SF,7.27
,,,,,,,,,,,,,,,C,Adley Rutschman (42614813),Adley Rutschman,42614813,C,4200,SF@BAL 04/12/2026 01:35PM ET,BAL,6.4
,,,,,,,,,,,,,,,1B,Jonathan Aranda (42614809),Jonathan Aranda,42614809,1B,4200,NYY@TB 04/12/2026 01:40PM ET,TB,8.71
,,,,,,,,,,,,,,,3B,Alec Bohm (42614812),Alec Bohm,42614812,3B,4200,ARI@PHI 04/12/2026 01:35PM ET,PHI,5.15
,,,,,,,,,,,,,,,1B,Vinnie Pasquantino (42614808),Vinnie Pasquantino,42614808,1B,4200,CWS@KC 04/12/2026 02:10PM ET,KC,4.07
,,,,,,,,,,,,,,,OF,Sal Frelick (42614810),Sal Frelick,42614810,OF,4200,WSH@MIL 04/12/2026 02:10PM ET,MIL,5.38
,,,,,,,,,,,,,,,OF,Daulton Varsho (42614815),Daulton Varsho,42614815,OF,4100,MIN@TOR 04/12/2026 01:37PM ET,TOR,6.36
,,,,,,,,,,,,,,,1B/3B,Colt Keith (42614817),Colt Keith,42614817,1B/3B,4100,MIA@DET 04/12/2026 01:40PM ET,DET,6.93
,,,,,,,,,,,,,,,3B,Jordan Westburg (42615084),Jordan Westburg,42615084,3B,4100,SF@BAL 04/12/2026 01:35PM ET,BAL,0
,,,,,,,,,,,,,,,OF,Giancarlo Stanton (42614814),Giancarlo Stanton,42614814,OF,4100,NYY@TB 04/12/2026 01:40PM ET,NYY,7.15
,,,,,,,,,,,,,,,2B,Jazz Chisholm Jr. (42614820),Jazz Chisholm Jr.,42614820,2B,4100,NYY@TB 04/12/2026 01:40PM ET,NYY,6.07
,,,,,,,,,,,,,,,C,Carter Jensen (42614821),Carter Jensen,42614821,C,4100,CWS@KC 04/12/2026 02:10PM ET,KC,6.14
,,,,,,,,,,,,,,,1B,Willson Contreras (42614816),Willson Contreras,42614816,1B,4100,BOS@STL 04/12/2026 02:15PM ET,BOS,8
,,,,,,,,,,,,,,,OF,Bryan Reynolds (42614819),Bryan Reynolds,42614819,OF,4100,PIT@CHC 04/12/2026 02:20PM ET,PIT,8.29
,,,,,,,,,,,,,,,SP,Jake Bloss (42615440),Jake Bloss,42615440,P,4000,MIN@TOR 04/12/2026 01:37PM ET,TOR,0
,,,,,,,,,,,,,,,SP,Adam Macko (42615441),Adam Macko,42615441,P,4000,MIN@TOR 04/12/2026 01:37PM ET,TOR,0
,,,,,,,,,,,,,,,SP,Andrew Morris (42615443),Andrew Morris,42615443,P,4000,MIN@TOR 04/12/2026 01:37PM ET,MIN,0
,,,,,,,,,,,,,,,SP,Ricky Tiedemann (42615460),Ricky Tiedemann,42615460,P,4000,MIN@TOR 04/12/2026 01:37PM ET,TOR,0
,,,,,,,,,,,,,,,SP,John Klein (42615471),John Klein,42615471,P,4000,MIN@TOR 04/12/2026 01:37PM ET,MIN,0
,,,,,,,,,,,,,,,SP,Connor Prielipp (42615477),Connor Prielipp,42615477,P,4000,MIN@TOR 04/12/2026 01:37PM ET,MIN,0
,,,,,,,,,,,,,,,SP,Kendry Rojas (42615480),Kendry Rojas,42615480,P,4000,MIN@TOR 04/12/2026 01:37PM ET,MIN,0
,,,,,,,,,,,,,,,RP,Travis Adams (42615486),Travis Adams,42615486,P,4000,MIN@TOR 04/12/2026 01:37PM ET,MIN,0
,,,,,,,,,,,,,,,RP,Bowden Francis (42615491),Bowden Francis,42615491,P,4000,MIN@TOR 04/12/2026 01:37PM ET,TOR,0
,,,,,,,,,,,,,,,RP,Justin Topa (42615507),Justin Topa,42615507,P,4000,MIN@TOR 04/12/2026 01:37PM ET,MIN,1.09
,,,,,,,,,,,,,,,RP,Tommy Nance (42615512),Tommy Nance,42615512,P,4000,MIN@TOR 04/12/2026 01:37PM ET,TOR,2.15
,,,,,,,,,,,,,,,RP,Lazaro Estrada (42615522),Lazaro Estrada,42615522,P,4000,MIN@TOR 04/12/2026 01:37PM ET,TOR,13.8
,,,,,,,,,,,,,,,RP,Joe Mantiply (42615524),Joe Mantiply,42615524,P,4000,MIN@TOR 04/12/2026 01:37PM ET,TOR,5.65
,,,,,,,,,,,,,,,RP,Tyler Rogers (42615540),Tyler Rogers,42615540,P,4000,MIN@TOR 04/12/2026 01:37PM ET,TOR,4.13
,,,,,,,,,,,,,,,RP,Eric Orze (42615561),Eric Orze,42615561,P,4000,MIN@TOR 04/12/2026 01:37PM ET,MIN,3.03
,,,,,,,,,,,,,,,RP,Garrett Acton (42615575),Garrett Acton,42615575,P,4000,MIN@TOR 04/12/2026 01:37PM ET,MIN,9.3
,,,,,,,,,,,,,,,RP,Kody Funderburk (42615576),Kody Funderburk,42615576,P,4000,MIN@TOR 04/12/2026 01:37PM ET,MIN,2.07
,,,,,,,,,,,,,,,RP,Yimi Garcia (42615588),Yimi Garcia,42615588,P,4000,MIN@TOR 04/12/2026 01:37PM ET,TOR,0
,,,,,,,,,,,,,,,RP,Chase Lee (42615595),Chase Lee,42615595,P,4000,MIN@TOR 04/12/2026 01:37PM ET,TOR,0
,,,,,,,,,,,,,,,RP,Brendon Little (42615598),Brendon Little,42615598,P,4000,MIN@TOR 04/12/2026 01:37PM ET,TOR,-1.51
,,,,,,,,,,,,,,,RP,Jeff Hoffman (42615600),Jeff Hoffman,42615600,P,4000,MIN@TOR 04/12/2026 01:37PM ET,TOR,5.57
,,,,,,,,,,,,,,,RP,Zak Kent (42615605),Zak Kent,42615605,P,4000,MIN@TOR 04/12/2026 01:37PM ET,MIN,1.42
,,,,,,,,,,,,,,,RP,Cole Sands (42615632),Cole Sands,42615632,P,4000,MIN@TOR 04/12/2026 01:37PM ET,MIN,1.43
,,,,,,,,,,,,,,,RP,Anthony Banda (42615641),Anthony Banda,42615641,P,4000,MIN@TOR 04/12/2026 01:37PM ET,MIN,1.28
,,,,,,,,,,,,,,,RP,Louis Varland (42615645),Louis Varland,42615645,P,4000,MIN@TOR 04/12/2026 01:37PM ET,TOR,4.74
,,,,,,,,,,,,,,,RP,Cody Laweryson (42615674),Cody Laweryson,42615674,P,4000,MIN@TOR 04/12/2026 01:37PM ET,MIN,4.01
,,,,,,,,,,,,,,,RP,Taylor Rogers (42615704),Taylor Rogers,42615704,P,4000,MIN@TOR 04/12/2026 01:37PM ET,MIN,2.04
,,,,,,,,,,,,,,,RP,Spencer Miles (42615707),Spencer Miles,42615707,P,4000,MIN@TOR 04/12/2026 01:37PM ET,TOR,5.28
,,,,,,,,,,,,,,,RP,Braydon Fisher (42615719),Braydon Fisher,42615719,P,4000,MIN@TOR 04/12/2026 01:37PM ET,TOR,5.76
,,,,,,,,,,,,,,,C,Agustin Ramirez (42614830),Agustin Ramirez,42614830,C,4000,MIA@DET 04/12/2026 01:40PM ET,MIA,6.43
,,,,,,,,,,,,,,,SP,Jake Miller (42615450),Jake Miller,42615450,P,4000,MIA@DET 04/12/2026 01:40PM ET,DET,0
,,,,,,,,,,,,,,,RP,William Kempner (42615455),William Kempner,42615455,P,4000,MIA@DET 04/12/2026 01:40PM ET,MIA,0
,,,,,,,,,,,,,,,SP,Ty Madden (42615465),Ty Madden,42615465,P,4000,MIA@DET 04/12/2026 01:40PM ET,DET,0
,,,,,,,,,,,,,,,RP,Josh White (42615478),Josh White,42615478,P,4000,MIA@DET 04/12/2026 01:40PM ET,MIA,0
,,,,,,,,,,,,,,,RP,Sawyer Gipson-Long (42615489),Sawyer Gipson-Long,42615489,P,4000,MIA@DET 04/12/2026 01:40PM ET,DET,0
,,,,,,,,,,,,,,,SP,Bradley Blalock (42615492),Bradley Blalock,42615492,P,4000,MIA@DET 04/12/2026 01:40PM ET,MIA,0
,,,,,,,,,,,,,,,RP,Beau Brieske (42615493),Beau Brieske,42615493,P,4000,MIA@DET 04/12/2026 01:40PM ET,DET,0
,,,,,,,,,,,,,,,RP,Connor Seabold (42615495),Connor Seabold,42615495,P,4000,MIA@DET 04/12/2026 01:40PM ET,DET,7.35
,,,,,,,,,,,,,,,RP,Will Vest (42615510),Will Vest,42615510,P,4000,MIA@DET 04/12/2026 01:40PM ET,DET,1.34
,,,,,,,,,,,,,,,RP,Lake Bachar (42615513),Lake Bachar,42615513,P,4000,MIA@DET 04/12/2026 01:40PM ET,MIA,6.39
,,,,,,,,,,,,,,,RP,Tyler Phillips (42615515),Tyler Phillips,42615515,P,4000,MIA@DET 04/12/2026 01:40PM ET,MIA,8.52
,,,,,,,,,,,,,,,RP,Michael Petersen (42615534),Michael Petersen,42615534,P,4000,MIA@DET 04/12/2026 01:40PM ET,MIA,3.12
,,,,,,,,,,,,,,,RP,John King (42615539),John King,42615539,P,4000,MIA@DET 04/12/2026 01:40PM ET,MIA,3.68
,,,,,,,,,,,,,,,RP,Tyler Holton (42615554),Tyler Holton,42615554,P,4000,MIA@DET 04/12/2026 01:40PM ET,DET,3.34
,,,,,,,,,,,,,,,RP,Andrew Nardi (42615566),Andrew Nardi,42615566,P,4000,MIA@DET 04/12/2026 01:40PM ET,MIA,3.2
,,,,,,,,,,,,,,,RP,Kyle Finnegan (42615581),Kyle Finnegan,42615581,P,4000,MIA@DET 04/12/2026 01:40PM ET,DET,2.2
,,,,,,,,,,,,,,,RP,Brant Hurter (42615585),Brant Hurter,42615585,P,4000,MIA@DET 04/12/2026 01:40PM ET,DET,2.78
,,,,,,,,,,,,,,,RP,Bailey Horn (42615587),Bailey Horn,42615587,P,4000,MIA@DET 04/12/2026 01:40PM ET,DET,0
,,,,,,,,,,,,,,,RP,Anthony Bender (42615597),Anthony Bender,42615597,P,4000,MIA@DET 04/12/2026 01:40PM ET,MIA,1.96
,,,,,,,,,,,,,,,RP,Ronny Henriquez (42615599),Ronny Henriquez,42615599,P,4000,MIA@DET 04/12/2026 01:40PM ET,MIA,0
,,,,,,,,,,,,,,,RP,Drew Anderson (42615606),Drew Anderson,42615606,P,4000,MIA@DET 04/12/2026 01:40PM ET,DET,4.27
,,,,,,,,,,,,,,,RP,Enmanuel De Jesus (42615622),Enmanuel De Jesus,42615622,P,4000,MIA@DET 04/12/2026 01:40PM ET,DET,4.04
,,,,,,,,,,,,,,,RP,Calvin Faucher (42615650),Calvin Faucher,42615650,P,4000,MIA@DET 04/12/2026 01:40PM ET,MIA,3.51
,,,,,,,,,,,,,,,RP,Brenan Hanifee (42615664),Brenan Hanifee,42615664,P,4000,MIA@DET 04/12/2026 01:40PM ET,DET,0
,,,,,,,,,,,,,,,RP,Drew Sommers (42615680),Drew Sommers,42615680,P,4000,MIA@DET 04/12/2026 01:40PM ET,DET,0
,,,,,,,,,,,,,,,RP,Pete Fairbanks (42615689),Pete Fairbanks,42615689,P,4000,MIA@DET 04/12/2026 01:40PM ET,MIA,3
,,,,,,,,,,,,,,,RP,Kenley Jansen (42615701),Kenley Jansen,42615701,P,4000,MIA@DET 04/12/2026 01:40PM ET,DET,3.7
,,,,,,,,,,,,,,,RP,Cade Gibson (42615710),Cade Gibson,42615710,P,4000,MIA@DET 04/12/2026 01:40PM ET,MIA,0
,,,,,,,,,,,,,,,3B,Matt Chapman (42614822),Matt Chapman,42614822,3B,4000,SF@BAL 04/12/2026 01:35PM ET,SF,7.47
,,,,,,,,,,,,,,,2B,Luis Arraez (42614829),Luis Arraez,42614829,2B,4000,SF@BAL 04/12/2026 01:35PM ET,SF,7
,,,,,,,,,,,,,,,RP,Rowan Wick (42615442),Rowan Wick,42615442,P,4000,SF@BAL 04/12/2026 01:35PM ET,SF,0
,,,,,,,,,,,,,,,RP,Cameron Foster (42615453),Cameron Foster,42615453,P,4000,SF@BAL 04/12/2026 01:35PM ET,BAL,0
,,,,,,,,,,,,,,,RP,Reiver Sanmartin (42615461),Reiver Sanmartin,42615461,P,4000,SF@BAL 04/12/2026 01:35PM ET,SF,0
,,,,,,,,,,,,,,,RP,Jason Foley (42615466),Jason Foley,42615466,P,4000,SF@BAL 04/12/2026 01:35PM ET,SF,0
,,,,,,,,,,,,,,,RP,Sam Hentges (42615479),Sam Hentges,42615479,P,4000,SF@BAL 04/12/2026 01:35PM ET,SF,0
,,,,,,,,,,,,,,,RP,Felix Bautista (42615498),Felix Bautista,42615498,P,4000,SF@BAL 04/12/2026 01:35PM ET,BAL,0
,,,,,,,,,,,,,,,RP,Yaramil Hiraldo (42615518),Yaramil Hiraldo,42615518,P,4000,SF@BAL 04/12/2026 01:35PM ET,BAL,-1.48
,,,,,,,,,,,,,,,RP,Ryan Helsley (42615525),Ryan Helsley,42615525,P,4000,SF@BAL 04/12/2026 01:35PM ET,BAL,2.57
,,,,,,,,,,,,,,,RP,Anthony Nunez (42615535),Anthony Nunez,42615535,P,4000,SF@BAL 04/12/2026 01:35PM ET,BAL,4.48
,,,,,,,,,,,,,,,RP,Jose Espada (42615547),Jose Espada,42615547,P,4000,SF@BAL 04/12/2026 01:35PM ET,BAL,0
,,,,,,,,,,,,,,,RP,Andrew Kittredge (42615556),Andrew Kittredge,42615556,P,4000,SF@BAL 04/12/2026 01:35PM ET,BAL,0
,,,,,,,,,,,,,,,RP,Matt Gage (42615564),Matt Gage,42615564,P,4000,SF@BAL 04/12/2026 01:35PM ET,SF,3.63
,,,,,,,,,,,,,,,RP,Nick Raquet (42615572),Nick Raquet,42615572,P,4000,SF@BAL 04/12/2026 01:35PM ET,BAL,-5.55
,,,,,,,,,,,,,,,RP,Joel Peguero (42615573),Joel Peguero,42615573,P,4000,SF@BAL 04/12/2026 01:35PM ET,SF,0
,,,,,,,,,,,,,,,RP,Trevor McDonald (42615592),Trevor McDonald,42615592,P,4000,SF@BAL 04/12/2026 01:35PM ET,SF,0
,,,,,,,,,,,,,,,RP,Jayvien Sandridge (42615594),Jayvien Sandridge,42615594,P,4000,SF@BAL 04/12/2026 01:35PM ET,BAL,0
,,,,,,,,,,,,,,,RP,Colin Selby (42615601),Colin Selby,42615601,P,4000,SF@BAL 04/12/2026 01:35PM ET,BAL,0
,,,,,,,,,,,,,,,RP,Erik Miller (42615619),Erik Miller,42615619,P,4000,SF@BAL 04/12/2026 01:35PM ET,SF,1.64
,,,,,,,,,,,,,,,RP,Ryan Borucki (42615630),Ryan Borucki,42615630,P,4000,SF@BAL 04/12/2026 01:35PM ET,SF,0.9
,,,,,,,,,,,,,,,RP,Rico Garcia (42615655),Rico Garcia,42615655,P,4000,SF@BAL 04/12/2026 01:35PM ET,BAL,4.74
,,,,,,,,,,,,,,,RP,Grant Wolfram (42615671),Grant Wolfram,42615671,P,4000,SF@BAL 04/12/2026 01:35PM ET,BAL,4.78
,,,,,,,,,,,,,,,RP,Yennier Cano (42615684),Yennier Cano,42615684,P,4000,SF@BAL 04/12/2026 01:35PM ET,BAL,2.85
,,,,,,,,,,,,,,,SP,Caleb Kilian (42615694),Caleb Kilian,42615694,P,4000,SF@BAL 04/12/2026 01:35PM ET,SF,3.79
,,,,,,,,,,,,,,,RP,Ryan Walker (42615706),Ryan Walker,42615706,P,4000,SF@BAL 04/12/2026 01:35PM ET,SF,2.43
,,,,,,,,,,,,,,,RP,Randy Rodriguez (42615718),Randy Rodriguez,42615718,P,4000,SF@BAL 04/12/2026 01:35PM ET,SF,0
,,,,,,,,,,,,,,,OF,Chandler Simpson (42614828),Chandler Simpson,42614828,OF,4000,NYY@TB 04/12/2026 01:40PM ET,TB,8.64
,,,,,,,,,,,,,,,SP,Chase Hampton (42615439),Chase Hampton,42615439,P,4000,NYY@TB 04/12/2026 01:40PM ET,NYY,0
,,,,,,,,,,,,,,,SP,Elmer Rodriguez (42615446),Elmer Rodriguez,42615446,P,4000,NYY@TB 04/12/2026 01:40PM ET,NYY,0
,,,,,,,,,,,,,,,RP,Kervin Castro (42615448),Kervin Castro,42615448,P,4000,NYY@TB 04/12/2026 01:40PM ET,NYY,0
,,,,,,,,,,,,,,,RP,Alex Cook (42615467),Alex Cook,42615467,P,4000,NYY@TB 04/12/2026 01:40PM ET,TB,0
,,,,,,,,,,,,,,,RP,Steven Wilson (42615488),Steven Wilson,42615488,P,4000,NYY@TB 04/12/2026 01:40PM ET,TB,0
,,,,,,,,,,,,,,,RP,Angel Chivilli (42615516),Angel Chivilli,42615516,P,4000,NYY@TB 04/12/2026 01:40PM ET,NYY,0
,,,,,,,,,,,,,,,RP,Joe Rock (42615523),Joe Rock,42615523,P,4000,NYY@TB 04/12/2026 01:40PM ET,TB,0
,,,,,,,,,,,,,,,RP,Jake Bird (42615529),Jake Bird,42615529,P,4000,NYY@TB 04/12/2026 01:40PM ET,NYY,3.33
,,,,,,,,,,,,,,,RP,Cam Booser (42615530),Cam Booser,42615530,P,4000,NYY@TB 04/12/2026 01:40PM ET,TB,0
,,,,,,,,,,,,,,,RP,Kevin Kelly (42615546),Kevin Kelly,42615546,P,4000,NYY@TB 04/12/2026 01:40PM ET,TB,1.57
,,,,,,,,,,,,,,,RP,David Bednar (42615567),David Bednar,42615567,P,4000,NYY@TB 04/12/2026 01:40PM ET,NYY,2
,,,,,,,,,,,,,,,RP,Brent Headrick (42615582),Brent Headrick,42615582,P,4000,NYY@TB 04/12/2026 01:40PM ET,NYY,3.92
,,,,,,,,,,,,,,,RP,Garrett Cleavinger (42615602),Garrett Cleavinger,42615602,P,4000,NYY@TB 04/12/2026 01:40PM ET,TB,2.35
,,,,,,,,,,,,,,,RP,Jesse Scholtens (42615607),Jesse Scholtens,42615607,P,4000,NYY@TB 04/12/2026 01:40PM ET,TB,15.5
,,,,,,,,,,,,,,,RP,Camilo Doval (42615609),Camilo Doval,42615609,P,4000,NYY@TB 04/12/2026 01:40PM ET,NYY,1.58
,,,,,,,,,,,,,,,RP,Cole Sulser (42615613),Cole Sulser,42615613,P,4000,NYY@TB 04/12/2026 01:40PM ET,TB,4.1
,,,,,,,,,,,,,,,RP,Manuel Rodriguez (42615623),Manuel Rodriguez,42615623,P,4000,NYY@TB 04/12/2026 01:40PM ET,TB,0
,,,,,,,,,,,,,,,RP,Hunter Bigge (42615644),Hunter Bigge,42615644,P,4000,NYY@TB 04/12/2026 01:40PM ET,TB,2.34
,,,,,,,,,,,,,,,RP,Griffin Jax (42615663),Griffin Jax,42615663,P,4000,NYY@TB 04/12/2026 01:40PM ET,TB,0.49
,,,,,,,,,,,,,,,RP,Yerry de los Santos (42615670),Yerry de los Santos,42615670,P,4000,NYY@TB 04/12/2026 01:40PM ET,NYY,0
,,,,,,,,,,,,,,,RP,Edwin Uceta (42615676),Edwin Uceta,42615676,P,4000,NYY@TB 04/12/2026 01:40PM ET,TB,0
,,,,,,,,,,,,,,,RP,Fernando Cruz (42615677),Fernando Cruz,42615677,P,4000,NYY@TB 04/12/2026 01:40PM ET,NYY,3.86
,,,,,,,,,,,,,,,RP,Bryan Baker (42615678),Bryan Baker,42615678,P,4000,NYY@TB 04/12/2026 01:40PM ET,TB,3.65
,,,,,,,,,,,,,,,RP,Tim Hill (42615683),Tim Hill,42615683,P,4000,NYY@TB 04/12/2026 01:40PM ET,NYY,2.72
,,,,,,,,,,,,,,,RP,Mason Englert (42615687),Mason Englert,42615687,P,4000,NYY@TB 04/12/2026 01:40PM ET,TB,0.3
,,,,,,,,,,,,,,,RP,Paul Blackburn (42615703),Paul Blackburn,42615703,P,4000,NYY@TB 04/12/2026 01:40PM ET,NYY,2.73
,,,,,,,,,,,,,,,RP,Yoendrys Gomez (42615720),Yoendrys Gomez,42615720,P,4000,NYY@TB 04/12/2026 01:40PM ET,TB,2.28
,,,,,,,,,,,,,,,SP,Julian Aguiar (42615474),Julian Aguiar,42615474,P,4000,LAA@CIN 04/12/2026 01:40PM ET,CIN,0
,,,,,,,,,,,,,,,RP,Sam Moll (42615494),Sam Moll,42615494,P,4000,LAA@CIN 04/12/2026 01:40PM ET,CIN,3.45
,,,,,,,,,,,,,,,RP,Jordan Romano (42615496),Jordan Romano,42615496,P,4000,LAA@CIN 04/12/2026 01:40PM ET,LAA,4.01
,,,,,,,,,,,,,,,RP,Ben Joyce (42615500),Ben Joyce,42615500,P,4000,LAA@CIN 04/12/2026 01:40PM ET,LAA,0
,,,,,,,,,,,,,,,RP,Zach Maxwell (42615514),Zach Maxwell,42615514,P,4000,LAA@CIN 04/12/2026 01:40PM ET,CIN,0
,,,,,,,,,,,,,,,RP,Kirby Yates (42615519),Kirby Yates,42615519,P,4000,LAA@CIN 04/12/2026 01:40PM ET,LAA,0
,,,,,,,,,,,,,,,SP,Connor Phillips (42615526),Connor Phillips,42615526,P,4000,LAA@CIN 04/12/2026 01:40PM ET,CIN,3.5
,,,,,,,,,,,,,,,RP,Graham Ashcraft (42615542),Graham Ashcraft,42615542,P,4000,LAA@CIN 04/12/2026 01:40PM ET,CIN,3.82
,,,,,,,,,,,,,,,RP,Kyle Nicolas (42615543),Kyle Nicolas,42615543,P,4000,LAA@CIN 04/12/2026 01:40PM ET,CIN,-4.9
,,,,,,,,,,,,,,,SP,Walbert Urena (42615544),Walbert Urena,42615544,P,4000,LAA@CIN 04/12/2026 01:40PM ET,LAA,1.48
,,,,,,,,,,,,,,,SP,Tony Santillan (42615545),Tony Santillan,42615545,P,4000,LAA@CIN 04/12/2026 01:40PM ET,CIN,4.88
,,,,,,,,,,,,,,,RP,Ryan Zeferjahn (42615568),Ryan Zeferjahn,42615568,P,4000,LAA@CIN 04/12/2026 01:40PM ET,LAA,5.75
,,,,,,,,,,,,,,,SP,Jose Franco (42615569),Jose Franco,42615569,P,4000,LAA@CIN 04/12/2026 01:40PM ET,CIN,3.18
,,,,,,,,,,,,,,,RP,Brock Burke (42615586),Brock Burke,42615586,P,4000,LAA@CIN 04/12/2026 01:40PM ET,CIN,4.85
,,,,,,,,,,,,,,,RP,Jose Fermin (42615608),Jose Fermin,42615608,P,4000,LAA@CIN 04/12/2026 01:40PM ET,LAA,0
,,,,,,,,,,,,,,,RP,Drew Pomeranz (42615628),Drew Pomeranz,42615628,P,4000,LAA@CIN 04/12/2026 01:40PM ET,LAA,0.74
,,,,,,,,,,,,,,,RP,Pierce Johnson (42615636),Pierce Johnson,42615636,P,4000,LAA@CIN 04/12/2026 01:40PM ET,CIN,2.61
,,,,,,,,,,,,,,,RP,Caleb Ferguson (42615647),Caleb Ferguson,42615647,P,4000,LAA@CIN 04/12/2026 01:40PM ET,CIN,0
,,,,,,,,,,,,,,,RP,Shaun Anderson (42615652),Shaun Anderson,42615652,P,4000,LAA@CIN 04/12/2026 01:40PM ET,LAA,6.27
,,,,,,,,,,,,,,,RP,Brent Suter (42615660),Brent Suter,42615660,P,4000,LAA@CIN 04/12/2026 01:40PM ET,LAA,6.81
,,,,,,,,,,,,,,,RP,Emilio Pagan (42615681),Emilio Pagan,42615681,P,4000,LAA@CIN 04/12/2026 01:40PM ET,CIN,2.62
,,,,,,,,,,,,,,,RP,Sam Bachman (42615690),Sam Bachman,42615690,P,4000,LAA@CIN 04/12/2026 01:40PM ET,LAA,4.84
,,,,,,,,,,,,,,,RP,Luis Mey (42615692),Luis Mey,42615692,P,4000,LAA@CIN 04/12/2026 01:40PM ET,CIN,0
,,,,,,,,,,,,,,,RP,Robert Stephenson (42615715),Robert Stephenson,42615715,P,4000,LAA@CIN 04/12/2026 01:40PM ET,LAA,0
,,,,,,,,,,,,,,,SP,Mitch Bratt (42615430),Mitch Bratt,42615430,P,4000,ARI@PHI 04/12/2026 01:35PM ET,ARI,0
,,,,,,,,,,,,,,,SP,Kohl Drake (42615433),Kohl Drake,42615433,P,4000,ARI@PHI 04/12/2026 01:35PM ET,ARI,0
,,,,,,,,,,,,,,,SP,Dylan Ray (42615438),Dylan Ray,42615438,P,4000,ARI@PHI 04/12/2026 01:35PM ET,ARI,0
,,,,,,,,,,,,,,,RP,Blake Walston (42615449),Blake Walston,42615449,P,4000,ARI@PHI 04/12/2026 01:35PM ET,ARI,0
,,,,,,,,,,,,,,,RP,Moises Chace (42615462),Moises Chace,42615462,P,4000,ARI@PHI 04/12/2026 01:35PM ET,PHI,0
,,,,,,,,,,,,,,,SP,Jean Cabrera (42615468),Jean Cabrera,42615468,P,4000,ARI@PHI 04/12/2026 01:35PM ET,PHI,0
,,,,,,,,,,,,,,,RP,Paul Sewald (42615509),Paul Sewald,42615509,P,4000,ARI@PHI 04/12/2026 01:35PM ET,ARI,2.8
,,,,,,,,,,,,,,,RP,Andrew Saalfrank (42615531),Andrew Saalfrank,42615531,P,4000,ARI@PHI 04/12/2026 01:35PM ET,ARI,0
,,,,,,,,,,,,,,,RP,Justin Martinez (42615537),Justin Martinez,42615537,P,4000,ARI@PHI 04/12/2026 01:35PM ET,ARI,0
,,,,,,,,,,,,,,,RP,Philip Abner (42615549),Philip Abner,42615549,P,4000,ARI@PHI 04/12/2026 01:35PM ET,ARI,0
,,,,,,,,,,,,,,,RP,Juan Burgos (42615551),Juan Burgos,42615551,P,4000,ARI@PHI 04/12/2026 01:35PM ET,ARI,0
,,,,,,,,,,,,,,,RP,Jhoan Duran (42615557),Jhoan Duran,42615557,P,4000,ARI@PHI 04/12/2026 01:35PM ET,PHI,4.29
,,,,,,,,,,,,,,,RP,Jonathan Loaisiga (42615558),Jonathan Loaisiga,42615558,P,4000,ARI@PHI 04/12/2026 01:35PM ET,ARI,3.1
,,,,,,,,,,,,,,,RP,Orion Kerkering (42615565),Orion Kerkering,42615565,P,4000,ARI@PHI 04/12/2026 01:35PM ET,PHI,2.32
,,,,,,,,,,,,,,,RP,Brandyn Garcia (42615593),Brandyn Garcia,42615593,P,4000,ARI@PHI 04/12/2026 01:35PM ET,ARI,0
,,,,,,,,,,,,,,,RP,Kevin Ginkel (42615612),Kevin Ginkel,42615612,P,4000,ARI@PHI 04/12/2026 01:35PM ET,ARI,1.53
,,,,,,,,,,,,,,,RP,A.J. Puk (42615625),A.J. Puk,42615625,P,4000,ARI@PHI 04/12/2026 01:35PM ET,ARI,0
,,,,,,,,,,,,,,,RP,Chase Shugart (42615629),Chase Shugart,42615629,P,4000,ARI@PHI 04/12/2026 01:35PM ET,PHI,0
,,,,,,,,,,,,,,,RP,Max Lazar (42615633),Max Lazar,42615633,P,4000,ARI@PHI 04/12/2026 01:35PM ET,PHI,0
,,,,,,,,,,,,,,,RP,Kyle Backhus (42615638),Kyle Backhus,42615638,P,4000,ARI@PHI 04/12/2026 01:35PM ET,PHI,1.44
,,,,,,,,,,,,,,,RP,Alan Rangel (42615639),Alan Rangel,42615639,P,4000,ARI@PHI 04/12/2026 01:35PM ET,PHI,0
,,,,,,,,,,,,,,,RP,Drey Jameson (42615640),Drey Jameson,42615640,P,4000,ARI@PHI 04/12/2026 01:35PM ET,ARI,0
,,,,,,,,,,,,,,,RP,Zach Pop (42615646),Zach Pop,42615646,P,4000,ARI@PHI 04/12/2026 01:35PM ET,PHI,2.4
,,,,,,,,,,,,,,,RP,Jose Alvarado (42615657),Jose Alvarado,42615657,P,4000,ARI@PHI 04/12/2026 01:35PM ET,PHI,1.13
,,,,,,,,,,,,,,,RP,Brad Keller (42615661),Brad Keller,42615661,P,4000,ARI@PHI 04/12/2026 01:35PM ET,PHI,2.05
,,,,,,,,,,,,,,,RP,Taylor Rashi (42615662),Taylor Rashi,42615662,P,4000,ARI@PHI 04/12/2026 01:35PM ET,ARI,8.38
,,,,,,,,,,,,,,,RP,Kade Strowd (42615665),Kade Strowd,42615665,P,4000,ARI@PHI 04/12/2026 01:35PM ET,ARI,0
,,,,,,,,,,,,,,,RP,Tim Mayza (42615673),Tim Mayza,42615673,P,4000,ARI@PHI 04/12/2026 01:35PM ET,PHI,5.58
,,,,,,,,,,,,,,,RP,Andrew Hoffmann (42615675),Andrew Hoffmann,42615675,P,4000,ARI@PHI 04/12/2026 01:35PM ET,ARI,6.25
,,,,,,,,,,,,,,,RP,Taylor Clarke (42615691),Taylor Clarke,42615691,P,4000,ARI@PHI 04/12/2026 01:35PM ET,ARI,1.83
,,,,,,,,,,,,,,,RP,Nolan Hoffman (42615697),Nolan Hoffman,42615697,P,4000,ARI@PHI 04/12/2026 01:35PM ET,PHI,0
,,,,,,,,,,,,,,,RP,Ryan Thompson (42615698),Ryan Thompson,42615698,P,4000,ARI@PHI 04/12/2026 01:35PM ET,ARI,2.47
,,,,,,,,,,,,,,,SP,Cristian Mena (42615699),Cristian Mena,42615699,P,4000,ARI@PHI 04/12/2026 01:35PM ET,ARI,0
,,,,,,,,,,,,,,,RP,Juan Morillo (42615714),Juan Morillo,42615714,P,4000,ARI@PHI 04/12/2026 01:35PM ET,ARI,2.94
,,,,,,,,,,,,,,,RP,Tanner Banks (42615721),Tanner Banks,42615721,P,4000,ARI@PHI 04/12/2026 01:35PM ET,PHI,3.95
,,,,,,,,,,,,,,,SP,Ben Kudrna (42615435),Ben Kudrna,42615435,P,4000,CWS@KC 04/12/2026 02:10PM ET,KC,0
,,,,,,,,,,,,,,,RP,Eric Cerantola (42615447),Eric Cerantola,42615447,P,4000,CWS@KC 04/12/2026 02:10PM ET,KC,0
,,,,,,,,,,,,,,,RP,Prelander Berroa (42615451),Prelander Berroa,42615451,P,4000,CWS@KC 04/12/2026 02:10PM ET,CWS,0
,,,,,,,,,,,,,,,RP,James McArthur (42615456),James McArthur,42615456,P,4000,CWS@KC 04/12/2026 02:10PM ET,KC,0
,,,,,,,,,,,,,,,RP,Tyler Schweitzer (42615457),Tyler Schweitzer,42615457,P,4000,CWS@KC 04/12/2026 02:10PM ET,CWS,1.2
,,,,,,,,,,,,,,,SP,Tanner McDougal (42615472),Tanner McDougal,42615472,P,4000,CWS@KC 04/12/2026 02:10PM ET,CWS,0
,,,,,,,,,,,,,,,RP,David Sandlin (42615473),David Sandlin,42615473,P,4000,CWS@KC 04/12/2026 02:10PM ET,CWS,0
,,,,,,,,,,,,,,,SP,Steven Zobac (42615475),Steven Zobac,42615475,P,4000,CWS@KC 04/12/2026 02:10PM ET,KC,0
,,,,,,,,,,,,,,,SP,Ky Bush (42615476),Ky Bush,42615476,P,4000,CWS@KC 04/12/2026 02:10PM ET,CWS,0
,,,,,,,,,,,,,,,SP,Doug Nikhazy (42615490),Doug Nikhazy,42615490,P,4000,CWS@KC 04/12/2026 02:10PM ET,CWS,0
,,,,,,,,,,,,,,,RP,Duncan Davitt (42615497),Duncan Davitt,42615497,P,4000,CWS@KC 04/12/2026 02:10PM ET,CWS,1.65
,,,,,,,,,,,,,,,RP,Alex Lange (42615501),Alex Lange,42615501,P,4000,CWS@KC 04/12/2026 02:10PM ET,KC,4.19
,,,,,,,,,,,,,,,RP,Carlos Estevez (42615504),Carlos Estevez,42615504,P,4000,CWS@KC 04/12/2026 02:10PM ET,KC,-14.85
,,,,,,,,,,,,,,,RP,Lucas Sims (42615511),Lucas Sims,42615511,P,4000,CWS@KC 04/12/2026 02:10PM ET,CWS,3.85
,,,,,,,,,,,,,,,RP,Bryan Hudson (42615517),Bryan Hudson,42615517,P,4000,CWS@KC 04/12/2026 02:10PM ET,CWS,1.7
,,,,,,,,,,,,,,,RP,Tyler Gilbert (42615528),Tyler Gilbert,42615528,P,4000,CWS@KC 04/12/2026 02:10PM ET,CWS,-3.55
,,,,,,,,,,,,,,,RP,Eli Morgan (42615536),Eli Morgan,42615536,P,4000,CWS@KC 04/12/2026 02:10PM ET,KC,10.42
,,,,,,,,,,,,,,,RP,Jordan Leasure (42615562),Jordan Leasure,42615562,P,4000,CWS@KC 04/12/2026 02:10PM ET,CWS,3.21
,,,,,,,,,,,,,,,RP,Seranthony Dominguez (42615570),Seranthony Dominguez,42615570,P,4000,CWS@KC 04/12/2026 02:10PM ET,CWS,3.26
,,,,,,,,,,,,,,,RP,Steven Cruz (42615590),Steven Cruz,42615590,P,4000,CWS@KC 04/12/2026 02:10PM ET,KC,0.53
,,,,,,,,,,,,,,,RP,Nick Mears (42615620),Nick Mears,42615620,P,4000,CWS@KC 04/12/2026 02:10PM ET,KC,4.57
,,,,,,,,,,,,,,,RP,Matt Strahm (42615627),Matt Strahm,42615627,P,4000,CWS@KC 04/12/2026 02:10PM ET,KC,2.09
,,,,,,,,,,,,,,,RP,Wikelman Gonzalez (42615685),Wikelman Gonzalez,42615685,P,4000,CWS@KC 04/12/2026 02:10PM ET,CWS,0
,,,,,,,,,,,,,,,RP,Jordan Hicks (42615686),Jordan Hicks,42615686,P,4000,CWS@KC 04/12/2026 02:10PM ET,CWS,0.74
,,,,,,,,,,,,,,,RP,Chris Murphy (42615702),Chris Murphy,42615702,P,4000,CWS@KC 04/12/2026 02:10PM ET,CWS,1.18
,,,,,,,,,,,,,,,RP,John Schreiber (42615708),John Schreiber,42615708,P,4000,CWS@KC 04/12/2026 02:10PM ET,KC,0.54
,,,,,,,,,,,,,,,RP,Brandon Eisert (42615709),Brandon Eisert,42615709,P,4000,CWS@KC 04/12/2026 02:10PM ET,CWS,0
,,,,,,,,,,,,,,,RP,Lucas Erceg (42615712),Lucas Erceg,42615712,P,4000,CWS@KC 04/12/2026 02:10PM ET,KC,2.11
,,,,,,,,,,,,,,,SP,Jake Bennett (42615437),Jake Bennett,42615437,P,4000,BOS@STL 04/12/2026 02:15PM ET,BOS,0
,,,,,,,,,,,,,,,SP,Tink Hence (42615470),Tink Hence,42615470,P,4000,BOS@STL 04/12/2026 02:15PM ET,STL,0
,,,,,,,,,,,,,,,RP,Cooper Hjerpe (42615481),Cooper Hjerpe,42615481,P,4000,BOS@STL 04/12/2026 02:15PM ET,STL,0
,,,,,,,,,,,,,,,RP,Ryan Fernandez (42615499),Ryan Fernandez,42615499,P,4000,BOS@STL 04/12/2026 02:15PM ET,STL,0
,,,,,,,,,,,,,,,RP,Jovani Moran (42615503),Jovani Moran,42615503,P,4000,BOS@STL 04/12/2026 02:15PM ET,BOS,7.45
,,,,,,,,,,,,,,,RP,Tyler Samaniego (42615506),Tyler Samaniego,42615506,P,4000,BOS@STL 04/12/2026 02:15PM ET,BOS,4.98
,,,,,,,,,,,,,,,RP,Chris Roycroft (42615521),Chris Roycroft,42615521,P,4000,BOS@STL 04/12/2026 02:15PM ET,STL,-0.71
,,,,,,,,,,,,,,,RP,Justin Bruihl (42615527),Justin Bruihl,42615527,P,4000,BOS@STL 04/12/2026 02:15PM ET,STL,1.24
,,,,,,,,,,,,,,,SP,Riley O'Brien (42615577),Riley O'Brien,42615577,P,4000,BOS@STL 04/12/2026 02:15PM ET,STL,4.47
,,,,,,,,,,,,,,,RP,Danny Coulombe (42615578),Danny Coulombe,42615578,P,4000,BOS@STL 04/12/2026 02:15PM ET,BOS,1.11
,,,,,,,,,,,,,,,RP,Zack Kelly (42615616),Zack Kelly,42615616,P,4000,BOS@STL 04/12/2026 02:15PM ET,BOS,0.28
,,,,,,,,,,,,,,,RP,Tyler Uberstine (42615618),Tyler Uberstine,42615618,P,4000,BOS@STL 04/12/2026 02:15PM ET,BOS,5.6
,,,,,,,,,,,,,,,RP,Justin Slaten (42615624),Justin Slaten,42615624,P,4000,BOS@STL 04/12/2026 02:15PM ET,BOS,3.78
,,,,,,,,,,,,,,,RP,Ryne Stanek (42615626),Ryne Stanek,42615626,P,4000,BOS@STL 04/12/2026 02:15PM ET,STL,3.11
,,,,,,,,,,,,,,,RP,JoJo Romero (42615648),JoJo Romero,42615648,P,4000,BOS@STL 04/12/2026 02:15PM ET,STL,3.21
,,,,,,,,,,,,,,,RP,Matt Svanson (42615658),Matt Svanson,42615658,P,4000,BOS@STL 04/12/2026 02:15PM ET,STL,-1.64
,,,,,,,,,,,,,,,RP,Ryan Watson (42615679),Ryan Watson,42615679,P,4000,BOS@STL 04/12/2026 02:15PM ET,BOS,2.03
,,,,,,,,,,,,,,,RP,Greg Weissert (42615682),Greg Weissert,42615682,P,4000,BOS@STL 04/12/2026 02:15PM ET,BOS,2.89
,,,,,,,,,,,,,,,RP,George Soriano (42615688),George Soriano,42615688,P,4000,BOS@STL 04/12/2026 02:15PM ET,STL,3.06
,,,,,,,,,,,,,,,RP,Aroldis Chapman (42615693),Aroldis Chapman,42615693,P,4000,BOS@STL 04/12/2026 02:15PM ET,BOS,2.57
,,,,,,,,,,,,,,,RP,Garrett Whitlock (42615695),Garrett Whitlock,42615695,P,4000,BOS@STL 04/12/2026 02:15PM ET,BOS,3.78
,,,,,,,,,,,,,,,RP,Matt Pushard (42615722),Matt Pushard,42615722,P,4000,BOS@STL 04/12/2026 02:15PM ET,STL,-4.15
,,,,,,,,,,,,,,,SP,Riley Cornelio (42615432),Riley Cornelio,42615432,P,4000,WSH@MIL 04/12/2026 02:10PM ET,WSH,0
,,,,,,,,,,,,,,,SP,Luis Perales (42615463),Luis Perales,42615463,P,4000,WSH@MIL 04/12/2026 02:10PM ET,WSH,0
,,,,,,,,,,,,,,,RP,Carlos Rodriguez (42615487),Carlos Rodriguez,42615487,P,4000,WSH@MIL 04/12/2026 02:10PM ET,MIL,0
,,,,,,,,,,,,,,,RP,DL Hall (42615502),DL Hall,42615502,P,4000,WSH@MIL 04/12/2026 02:10PM ET,MIL,5.11
,,,,,,,,,,,,,,,RP,Jared Koenig (42615548),Jared Koenig,42615548,P,4000,WSH@MIL 04/12/2026 02:10PM ET,MIL,3.42
,,,,,,,,,,,,,,,SP,Ken Waldichuk (42615553),Ken Waldichuk,42615553,P,4000,WSH@MIL 04/12/2026 02:10PM ET,WSH,2.86
,,,,,,,,,,,,,,,RP,Craig Yoho (42615563),Craig Yoho,42615563,P,4000,WSH@MIL 04/12/2026 02:10PM ET,MIL,0
,,,,,,,,,,,,,,,RP,Cole Henry (42615571),Cole Henry,42615571,P,4000,WSH@MIL 04/12/2026 02:10PM ET,WSH,3.19
,,,,,,,,,,,,,,,RP,Rob Zastryzny (42615580),Rob Zastryzny,42615580,P,4000,WSH@MIL 04/12/2026 02:10PM ET,MIL,0
,,,,,,,,,,,,,,,RP,Angel Zerpa (42615584),Angel Zerpa,42615584,P,4000,WSH@MIL 04/12/2026 02:10PM ET,MIL,2.18
,,,,,,,,,,,,,,,RP,PJ Poulin (42615591),PJ Poulin,42615591,P,4000,WSH@MIL 04/12/2026 02:10PM ET,WSH,2.26
,,,,,,,,,,,,,,,RP,Andre Granillo (42615603),Andre Granillo,42615603,P,4000,WSH@MIL 04/12/2026 02:10PM ET,WSH,-1.37
,,,,,,,,,,,,,,,RP,Trevor Megill (42615610),Trevor Megill,42615610,P,4000,WSH@MIL 04/12/2026 02:10PM ET,MIL,0.72
,,,,,,,,,,,,,,,RP,Grant Anderson (42615634),Grant Anderson,42615634,P,4000,WSH@MIL 04/12/2026 02:10PM ET,MIL,3.59
,,,,,,,,,,,,,,,RP,Paxton Schultz (42615635),Paxton Schultz,42615635,P,4000,WSH@MIL 04/12/2026 02:10PM ET,WSH,3.05
,,,,,,,,,,,,,,,RP,Gus Varland (42615642),Gus Varland,42615642,P,4000,WSH@MIL 04/12/2026 02:10PM ET,WSH,2.2
,,,,,,,,,,,,,,,RP,Orlando Ribalta (42615643),Orlando Ribalta,42615643,P,4000,WSH@MIL 04/12/2026 02:10PM ET,WSH,0
,,,,,,,,,,,,,,,RP,Cionel Perez (42615659),Cionel Perez,42615659,P,4000,WSH@MIL 04/12/2026 02:10PM ET,WSH,0.9
,,,,,,,,,,,,,,,RP,Aaron Ashby (42615667),Aaron Ashby,42615667,P,4000,WSH@MIL 04/12/2026 02:10PM ET,MIL,7
,,,,,,,,,,,,,,,RP,Julian Fernandez (42615696),Julian Fernandez,42615696,P,4000,WSH@MIL 04/12/2026 02:10PM ET,WSH,0
,,,,,,,,,,,,,,,RP,Clayton Beeter (42615700),Clayton Beeter,42615700,P,4000,WSH@MIL 04/12/2026 02:10PM ET,WSH,2.55
,,,,,,,,,,,,,,,RP,Abner Uribe (42615705),Abner Uribe,42615705,P,4000,WSH@MIL 04/12/2026 02:10PM ET,MIL,3.5
,,,,,,,,,,,,,,,RP,Easton McGee (42615711),Easton McGee,42615711,P,4000,WSH@MIL 04/12/2026 02:10PM ET,MIL,1.65
,,,,,,,,,,,,,,,1B/OF,Ryan O'Hearn (42614823),Ryan O'Hearn,42614823,1B/OF,4000,PIT@CHC 04/12/2026 02:20PM ET,PIT,9.69
,,,,,,,,,,,,,,,OF,Ian Happ (42614825),Ian Happ,42614825,OF,4000,PIT@CHC 04/12/2026 02:20PM ET,CHC,8.67
,,,,,,,,,,,,,,,RP,Riley Martin (42615431),Riley Martin,42615431,P,4000,PIT@CHC 04/12/2026 02:20PM ET,CHC,2.95
,,,,,,,,,,,,,,,RP,Luke Little (42615436),Luke Little,42615436,P,4000,PIT@CHC 04/12/2026 02:20PM ET,CHC,0
,,,,,,,,,,,,,,,RP,Ryan Harbin (42615452),Ryan Harbin,42615452,P,4000,PIT@CHC 04/12/2026 02:20PM ET,PIT,0
,,,,,,,,,,,,,,,RP,Brandan Bidois (42615459),Brandan Bidois,42615459,P,4000,PIT@CHC 04/12/2026 02:20PM ET,PIT,0
,,,,,,,,,,,,,,,SP,Wilber Dotel (42615464),Wilber Dotel,42615464,P,4000,PIT@CHC 04/12/2026 02:20PM ET,PIT,0
,,,,,,,,,,,,,,,RP,Daniel Palencia (42615508),Daniel Palencia,42615508,P,4000,PIT@CHC 04/12/2026 02:20PM ET,CHC,3.15
,,,,,,,,,,,,,,,RP,Yohan Ramirez (42615533),Yohan Ramirez,42615533,P,4000,PIT@CHC 04/12/2026 02:20PM ET,PIT,5.88
,,,,,,,,,,,,,,,RP,Justin Lawrence (42615541),Justin Lawrence,42615541,P,4000,PIT@CHC 04/12/2026 02:20PM ET,PIT,1.95
,,,,,,,,,,,,,,,RP,Gregory Soto (42615550),Gregory Soto,42615550,P,4000,PIT@CHC 04/12/2026 02:20PM ET,PIT,4.3
,,,,,,,,,,,,,,,RP,Porter Hodge (42615552),Porter Hodge,42615552,P,4000,PIT@CHC 04/12/2026 02:20PM ET,CHC,0
,,,,,,,,,,,,,,,RP,Ryan Rolison (42615555),Ryan Rolison,42615555,P,4000,PIT@CHC 04/12/2026 02:20PM ET,CHC,0
,,,,,,,,,,,,,,,RP,Cam Sanders (42615559),Cam Sanders,42615559,P,4000,PIT@CHC 04/12/2026 02:20PM ET,PIT,0
,,,,,,,,,,,,,,,RP,Gavin Hollowell (42615589),Gavin Hollowell,42615589,P,4000,PIT@CHC 04/12/2026 02:20PM ET,CHC,0
,,,,,,,,,,,,,,,RP,Isaac Mattson (42615596),Isaac Mattson,42615596,P,4000,PIT@CHC 04/12/2026 02:20PM ET,PIT,2.5
,,,,,,,,,,,,,,,RP,Ethan Roberts (42615615),Ethan Roberts,42615615,P,4000,PIT@CHC 04/12/2026 02:20PM ET,CHC,2.65
,,,,,,,,,,,,,,,RP,Mason Montgomery (42615617),Mason Montgomery,42615617,P,4000,PIT@CHC 04/12/2026 02:20PM ET,PIT,4.06
,,,,,,,,,,,,,,,RP,Hunter Harvey (42615621),Hunter Harvey,42615621,P,4000,PIT@CHC 04/12/2026 02:20PM ET,CHC,1.85
,,,,,,,,,,,,,,,RP,Dennis Santana (42615649),Dennis Santana,42615649,P,4000,PIT@CHC 04/12/2026 02:20PM ET,PIT,4.05
,,,,,,,,,,,,,,,RP,Evan Sisk (42615651),Evan Sisk,42615651,P,4000,PIT@CHC 04/12/2026 02:20PM ET,PIT,0
,,,,,,,,,,,,,,,RP,Phil Maton (42615654),Phil Maton,42615654,P,4000,PIT@CHC 04/12/2026 02:20PM ET,CHC,-0.04
,,,,,,,,,,,,,,,RP,Caleb Thielbar (42615668),Caleb Thielbar,42615668,P,4000,PIT@CHC 04/12/2026 02:20PM ET,CHC,3.3
,,,,,,,,,,,,,,,RP,Jacob Webb (42615669),Jacob Webb,42615669,P,4000,PIT@CHC 04/12/2026 02:20PM ET,CHC,2.02
,,,,,,,,,,,,,,,RP,Hoby Milner (42615672),Hoby Milner,42615672,P,4000,PIT@CHC 04/12/2026 02:20PM ET,CHC,1.42
,,,,,,,,,,,,,,,RP,Shelby Miller (42615716),Shelby Miller,42615716,P,4000,PIT@CHC 04/12/2026 02:20PM ET,CHC,0
,,,,,,,,,,,,,,,1B/OF,Brett Baty (42614826),Brett Baty,42614826,1B/OF,4000,ATH@NYM 04/12/2026 01:40PM ET,NYM,6.38
,,,,,,,,,,,,,,,SP,Chen Zhong-Ao Zhuang (42615434),Chen Zhong-Ao Zhuang,42615434,P,4000,ATH@NYM 04/12/2026 01:40PM ET,ATH,0
,,,,,,,,,,,,,,,RP,Dylan Ross (42615444),Dylan Ross,42615444,P,4000,ATH@NYM 04/12/2026 01:40PM ET,NYM,0
,,,,,,,,,,,,,,,SP,Braden Nett (42615445),Braden Nett,42615445,P,4000,ATH@NYM 04/12/2026 01:40PM ET,ATH,0
,,,,,,,,,,,,,,,RP,Joel Kuhnel (42615454),Joel Kuhnel,42615454,P,4000,ATH@NYM 04/12/2026 01:40PM ET,ATH,2.22
,,,,,,,,,,,,,,,SP,Henry Baez (42615458),Henry Baez,42615458,P,4000,ATH@NYM 04/12/2026 01:40PM ET,ATH,0
,,,,,,,,,,,,,,,RP,Jonathan Pintaro (42615469),Jonathan Pintaro,42615469,P,4000,ATH@NYM 04/12/2026 01:40PM ET,NYM,0
,,,,,,,,,,,,,,,RP,Austin Warren (42615482),Austin Warren,42615482,P,4000,ATH@NYM 04/12/2026 01:40PM ET,NYM,0
,,,,,,,,,,,,,,,RP,Justin Hagenman (42615483),Justin Hagenman,42615483,P,4000,ATH@NYM 04/12/2026 01:40PM ET,NYM,0
,,,,,,,,,,,,,,,RP,Brady Basso (42615484),Brady Basso,42615484,P,4000,ATH@NYM 04/12/2026 01:40PM ET,ATH,0
,,,,,,,,,,,,,,,RP,Mason Barnett (42615485),Mason Barnett,42615485,P,4000,ATH@NYM 04/12/2026 01:40PM ET,ATH,0
,,,,,,,,,,,,,,,RP,Justin Sterner (42615505),Justin Sterner,42615505,P,4000,ATH@NYM 04/12/2026 01:40PM ET,ATH,3.17
,,,,,,,,,,,,,,,RP,Brooks Raley (42615520),Brooks Raley,42615520,P,4000,ATH@NYM 04/12/2026 01:40PM ET,NYM,4.49
,,,,,,,,,,,,,,,RP,Elvis Alvarado (42615532),Elvis Alvarado,42615532,P,4000,ATH@NYM 04/12/2026 01:40PM ET,ATH,2.65
,,,,,,,,,,,,,,,RP,Luis Garcia (42615538),Luis Garcia,42615538,P,4000,ATH@NYM 04/12/2026 01:40PM ET,NYM,0.74
,,,,,,,,,,,,,,,RP,Huascar Brazoban (42615560),Huascar Brazoban,42615560,P,4000,ATH@NYM 04/12/2026 01:40PM ET,NYM,4.45
,,,,,,,,,,,,,,,RP,Richard Lovelady (42615574),Richard Lovelady,42615574,P,4000,ATH@NYM 04/12/2026 01:40PM ET,NYM,3.22
,,,,,,,,,,,,,,,RP,Luke Weaver (42615579),Luke Weaver,42615579,P,4000,ATH@NYM 04/12/2026 01:40PM ET,NYM,1.37
,,,,,,,,,,,,,,,RP,Michael Kelly (42615583),Michael Kelly,42615583,P,4000,ATH@NYM 04/12/2026 01:40PM ET,ATH,1.44
,,,,,,,,,,,,,,,RP,Scott Barlow (42615604),Scott Barlow,42615604,P,4000,ATH@NYM 04/12/2026 01:40PM ET,ATH,2.22
,,,,,,,,,,,,,,,RP,Reed Garrett (42615611),Reed Garrett,42615611,P,4000,ATH@NYM 04/12/2026 01:40PM ET,NYM,0
,,,,,,,,,,,,,,,RP,Devin Williams (42615614),Devin Williams,42615614,P,4000,ATH@NYM 04/12/2026 01:40PM ET,NYM,4.21
,,,,,,,,,,,,,,,RP,Eduarniel Nunez (42615631),Eduarniel Nunez,42615631,P,4000,ATH@NYM 04/12/2026 01:40PM ET,ATH,0
,,,,,,,,,,,,,,,RP,Joey Gerber (42615637),Joey Gerber,42615637,P,4000,ATH@NYM 04/12/2026 01:40PM ET,NYM,0
,,,,,,,,,,,,,,,RP,Tyler Ferguson (42615653),Tyler Ferguson,42615653,P,4000,ATH@NYM 04/12/2026 01:40PM ET,ATH,0
,,,,,,,,,,,,,,,RP,A.J. Minter (42615656),A.J. Minter,42615656,P,4000,ATH@NYM 04/12/2026 01:40PM ET,NYM,0
,,,,,,,,,,,,,,,RP,Alex Carrillo (42615666),Alex Carrillo,42615666,P,4000,ATH@NYM 04/12/2026 01:40PM ET,NYM,0
,,,,,,,,,,,,,,,RP,Dedniel Nunez (42615713),Dedniel Nunez,42615713,P,4000,ATH@NYM 04/12/2026 01:40PM ET,NYM,0
,,,,,,,,,,,,,,,RP,Mark Leiter Jr. (42615717),Mark Leiter Jr.,42615717,P,4000,ATH@NYM 04/12/2026 01:40PM ET,ATH,0.92
,,,,,,,,,,,,,,,C,Dillon Dingler (42614837),Dillon Dingler,42614837,C,3900,MIA@DET 04/12/2026 01:40PM ET,DET,6.92
,,,,,,,,,,,,,,,OF,Jo Adell (42614832),Jo Adell,42614832,OF,3900,LAA@CIN 04/12/2026 01:40PM ET,LAA,5.93
,,,,,,,,,,,,,,,OF,Daylen Lile (42614833),Daylen Lile,42614833,OF,3900,WSH@MIL 04/12/2026 02:10PM ET,WSH,6.79
,,,,,,,,,,,,,,,1B,Jake Bauers (42614834),Jake Bauers,42614834,1B,3900,WSH@MIL 04/12/2026 02:10PM ET,MIL,7.85
,,,,,,,,,,,,,,,2B/SS,David Hamilton (42614835),David Hamilton,42614835,2B/SS,3900,WSH@MIL 04/12/2026 02:10PM ET,MIL,7.8
,,,,,,,,,,,,,,,3B,Bo Bichette (42614831),Bo Bichette,42614831,3B,3900,ATH@NYM 04/12/2026 01:40PM ET,NYM,6.6
,,,,,,,,,,,,,,,3B,Royce Lewis (42614842),Royce Lewis,42614842,3B,3800,MIN@TOR 04/12/2026 01:37PM ET,MIN,8.17
,,,,,,,,,,,,,,,OF,Owen Caissie (42614840),Owen Caissie,42614840,OF,3800,MIA@DET 04/12/2026 01:40PM ET,MIA,7.57
,,,,,,,,,,,,,,,2B,Matt McLain (42614839),Matt McLain,42614839,2B,3800,LAA@CIN 04/12/2026 01:40PM ET,CIN,6.33
,,,,,,,,,,,,,,,1B/2B,Romy Gonzalez (42615086),Romy Gonzalez,42615086,1B/2B,3800,BOS@STL 04/12/2026 02:15PM ET,BOS,0
,,,,,,,,,,,,,,,OF,Dylan Crews (42615085),Dylan Crews,42615085,OF,3800,WSH@MIL 04/12/2026 02:10PM ET,WSH,0
,,,,,,,,,,,,,,,1B,Jorge Polanco (42614838),Jorge Polanco,42614838,1B,3800,ATH@NYM 04/12/2026 01:40PM ET,NYM,5.46
,,,,,,,,,,,,,,,C,Francisco Alvarez (42614841),Francisco Alvarez,42614841,C,3800,ATH@NYM 04/12/2026 01:40PM ET,NYM,7.14
,,,,,,,,,,,,,,,1B,Josh Bell (42614847),Josh Bell,42614847,1B,3700,MIN@TOR 04/12/2026 01:37PM ET,MIN,9.13
,,,,,,,,,,,,,,,OF,Tyler O'Neill (42614844),Tyler O'Neill,42614844,OF,3700,SF@BAL 04/12/2026 01:35PM ET,BAL,5.8
,,,,,,,,,,,,,,,2B,Jackson Holliday (42615088),Jackson Holliday,42615088,2B,3700,SF@BAL 04/12/2026 01:35PM ET,BAL,0
,,,,,,,,,,,,,,,OF,Trent Grisham (42614843),Trent Grisham,42614843,OF,3700,NYY@TB 04/12/2026 01:40PM ET,NYY,5.57
,,,,,,,,,,,,,,,OF,TJ Friedl (42614852),TJ Friedl,42614852,OF,3700,LAA@CIN 04/12/2026 01:40PM ET,CIN,4.67
,,,,,,,,,,,,,,,1B/2B,Ildemaro Vargas (42614850),Ildemaro Vargas,42614850,1B/2B,3700,ARI@PHI 04/12/2026 01:35PM ET,ARI,9.75
,,,,,,,,,,,,,,,OF,Lourdes Gurriel Jr. (42615089),Lourdes Gurriel Jr.,42615089,OF,3700,ARI@PHI 04/12/2026 01:35PM ET,ARI,0
,,,,,,,,,,,,,,,SS,Trevor Story (42614845),Trevor Story,42614845,SS,3700,BOS@STL 04/12/2026 02:15PM ET,BOS,4.71
,,,,,,,,,,,,,,,C,Ivan Herrera (42614846),Ivan Herrera,42614846,C,3700,BOS@STL 04/12/2026 02:15PM ET,STL,5.79
,,,,,,,,,,,,,,,OF,Joey Wiemer (42614848),Joey Wiemer,42614848,OF,3700,WSH@MIL 04/12/2026 02:10PM ET,WSH,9.3
,,,,,,,,,,,,,,,C,Miguel Amaya (42614849),Miguel Amaya,42614849,C,3700,PIT@CHC 04/12/2026 02:20PM ET,CHC,5.33
,,,,,,,,,,,,,,,3B,Max Muncy (42614853),Max Muncy,42614853,3B,3700,ATH@NYM 04/12/2026 01:40PM ET,ATH,8.86
,,,,,,,,,,,,,,,2B,Gleyber Torres (42614856),Gleyber Torres,42614856,2B,3600,MIA@DET 04/12/2026 01:40PM ET,DET,6.71
,,,,,,,,,,,,,,,1B,Nolan Schanuel (42614855),Nolan Schanuel,42614855,1B,3600,LAA@CIN 04/12/2026 01:40PM ET,LAA,6.54
,,,,,,,,,,,,,,,OF,Jorge Soler (42614858),Jorge Soler,42614858,OF,3600,LAA@CIN 04/12/2026 01:40PM ET,LAA,9.07
,,,,,,,,,,,,,,,OF,Brandon Marsh (42614859),Brandon Marsh,42614859,OF,3600,ARI@PHI 04/12/2026 01:35PM ET,PHI,7.15
,,,,,,,,,,,,,,,C,Salvador Perez (42614854),Salvador Perez,42614854,C,3600,CWS@KC 04/12/2026 02:10PM ET,KC,4.47
,,,,,,,,,,,,,,,3B,Nolan Gorman (42614857),Nolan Gorman,42614857,3B,3600,BOS@STL 04/12/2026 02:15PM ET,STL,6.38
,,,,,,,,,,,,,,,OF,Jesus Sanchez (42614865),Jesus Sanchez,42614865,OF,3500,MIN@TOR 04/12/2026 01:37PM ET,TOR,6.85
,,,,,,,,,,,,,,,3B/OF,Addison Barger (42615090),Addison Barger,42615090,3B/OF,3500,MIN@TOR 04/12/2026 01:37PM ET,TOR,2.12
,,,,,,,,,,,,,,,1B,Spencer Torkelson (42614867),Spencer Torkelson,42614867,1B,3500,MIA@DET 04/12/2026 01:40PM ET,DET,5.21
,,,,,,,,,,,,,,,2B,Bryson Stott (42614863),Bryson Stott,42614863,2B,3500,ARI@PHI 04/12/2026 01:35PM ET,PHI,4.58
,,,,,,,,,,,,,,,C,Gabriel Moreno (42614868),Gabriel Moreno,42614868,C,3500,ARI@PHI 04/12/2026 01:35PM ET,ARI,5.62
,,,,,,,,,,,,,,,3B,Miguel Vargas (42614860),Miguel Vargas,42614860,3B,3500,CWS@KC 04/12/2026 02:10PM ET,CWS,7.86
,,,,,,,,,,,,,,,2B,Jonathan India (42614861),Jonathan India,42614861,2B,3500,CWS@KC 04/12/2026 02:10PM ET,KC,6.92
,,,,,,,,,,,,,,,C,Keibert Ruiz (42614864),Keibert Ruiz,42614864,C,3500,WSH@MIL 04/12/2026 02:10PM ET,WSH,5.75
,,,,,,,,,,,,,,,OF,Garrett Mitchell (42614866),Garrett Mitchell,42614866,OF,3500,WSH@MIL 04/12/2026 02:10PM ET,MIL,8.92
,,,,,,,,,,,,,,,SS,Jacob Wilson (42614862),Jacob Wilson,42614862,SS,3500,ATH@NYM 04/12/2026 01:40PM ET,ATH,4.79
,,,,,,,,,,,,,,,1B,Mark Vientos (42614869),Mark Vientos,42614869,1B,3500,ATH@NYM 04/12/2026 01:40PM ET,NYM,5.91
,,,,,,,,,,,,,,,C,Ryan Jeffers (42614876),Ryan Jeffers,42614876,C,3400,MIN@TOR 04/12/2026 01:37PM ET,MIN,7.46
,,,,,,,,,,,,,,,OF,Jung Hoo Lee (42614878),Jung Hoo Lee,42614878,OF,3400,SF@BAL 04/12/2026 01:35PM ET,SF,5.13
,,,,,,,,,,,,,,,1B,Paul Goldschmidt (42614870),Paul Goldschmidt,42614870,1B,3400,NYY@TB 04/12/2026 01:40PM ET,NYY,8.25
,,,,,,,,,,,,,,,2B,Chase Meidroth (42614873),Chase Meidroth,42614873,2B,3400,CWS@KC 04/12/2026 02:10PM ET,CWS,5.29
,,,,,,,,,,,,,,,OF,Lars Nootbaar (42615092),Lars Nootbaar,42615092,OF,3400,BOS@STL 04/12/2026 02:15PM ET,STL,0
,,,,,,,,,,,,,,,1B/C,Gary Sanchez (42614871),Gary Sanchez,42614871,C/1B,3400,WSH@MIL 04/12/2026 02:10PM ET,MIL,8.25
,,,,,,,,,,,,,,,2B,Nasim Nunez (42614874),Nasim Nunez,42614874,2B,3400,WSH@MIL 04/12/2026 02:10PM ET,WSH,7.83
,,,,,,,,,,,,,,,SS,Dansby Swanson (42614875),Dansby Swanson,42614875,SS,3400,PIT@CHC 04/12/2026 02:20PM ET,CHC,5.79
,,,,,,,,,,,,,,,OF,Lawrence Butler (42614877),Lawrence Butler,42614877,OF,3400,ATH@NYM 04/12/2026 01:40PM ET,ATH,5.23
,,,,,,,,,,,,,,,1B/2B,Kody Clemens (42614880),Kody Clemens,42614880,1B/2B,3300,MIN@TOR 04/12/2026 01:37PM ET,MIN,5.5
,,,,,,,,,,,,,,,SS,Andres Gimenez (42614884),Andres Gimenez,42614884,SS,3300,MIN@TOR 04/12/2026 01:37PM ET,TOR,7.64
,,,,,,,,,,,,,,,3B/OF,Javier Sanoja (42614887),Javier Sanoja,42614887,3B/OF,3300,MIA@DET 04/12/2026 01:40PM ET,MIA,6.18
,,,,,,,,,,,,,,,C,Tyler Stephenson (42614882),Tyler Stephenson,42614882,C,3300,LAA@CIN 04/12/2026 01:40PM ET,CIN,4.67
,,,,,,,,,,,,,,,3B,Yoan Moncada (42614883),Yoan Moncada,42614883,3B,3300,LAA@CIN 04/12/2026 01:40PM ET,LAA,5.46
,,,,,,,,,,,,,,,C,J.T. Realmuto (42614879),J.T. Realmuto,42614879,C,3300,ARI@PHI 04/12/2026 01:35PM ET,PHI,5.09
,,,,,,,,,,,,,,,OF,Adolis Garcia (42614886),Adolis Garcia,42614886,OF,3300,ARI@PHI 04/12/2026 01:35PM ET,PHI,5.86
,,,,,,,,,,,,,,,1B,Pavin Smith (42615094),Pavin Smith,42615094,1B,3300,ARI@PHI 04/12/2026 01:35PM ET,ARI,5.5
,,,,,,,,,,,,,,,OF,Jac Caglianone (42614885),Jac Caglianone,42614885,OF,3300,CWS@KC 04/12/2026 02:10PM ET,KC,3.86
,,,,,,,,,,,,,,,OF,Colby Thomas (42615093),Colby Thomas,42615093,OF,3300,ATH@NYM 04/12/2026 01:40PM ET,ATH,0
,,,,,,,,,,,,,,,OF,Matt Wallner (42614897),Matt Wallner,42614897,OF,3200,MIN@TOR 04/12/2026 01:37PM ET,MIN,6.79
,,,,,,,,,,,,,,,OF,Griffin Conine (42615096),Griffin Conine,42615096,OF,3200,MIA@DET 04/12/2026 01:40PM ET,MIA,6.36
,,,,,,,,,,,,,,,2B,Richie Palacios (42614892),Richie Palacios,42614892,2B,3200,NYY@TB 04/12/2026 01:40PM ET,TB,6.88
,,,,,,,,,,,,,,,OF,Jake Fraley (42614899),Jake Fraley,42614899,OF,3200,NYY@TB 04/12/2026 01:40PM ET,TB,3.6
,,,,,,,,,,,,,,,OF,Josh Lowe (42614894),Josh Lowe,42614894,OF,3200,LAA@CIN 04/12/2026 01:40PM ET,LAA,4.62
,,,,,,,,,,,,,,,C,Kyle Teel (42615095),Kyle Teel,42615095,C,3200,CWS@KC 04/12/2026 02:10PM ET,CWS,0
,,,,,,,,,,,,,,,SS,Masyn Winn (42614889),Masyn Winn,42614889,SS,3200,BOS@STL 04/12/2026 02:15PM ET,STL,5.46
,,,,,,,,,,,,,,,OF,Jordan Walker (42614893),Jordan Walker,42614893,OF,3200,BOS@STL 04/12/2026 02:15PM ET,STL,11.5
,,,,,,,,,,,,,,,3B,Brady House (42614891),Brady House,42614891,3B,3200,WSH@MIL 04/12/2026 02:10PM ET,WSH,6.64
,,,,,,,,,,,,,,,3B,Luis Rengifo (42614895),Luis Rengifo,42614895,3B,3200,WSH@MIL 04/12/2026 02:10PM ET,MIL,4
,,,,,,,,,,,,,,,1B,Luis Garcia Jr. (42614900),Luis Garcia Jr.,42614900,1B,3200,WSH@MIL 04/12/2026 02:10PM ET,WSH,6.69
,,,,,,,,,,,,,,,C,Carson Kelly (42614890),Carson Kelly,42614890,C,3200,PIT@CHC 04/12/2026 02:20PM ET,CHC,5.33
,,,,,,,,,,,,,,,OF,Marcell Ozuna (42614898),Marcell Ozuna,42614898,OF,3200,PIT@CHC 04/12/2026 02:20PM ET,PIT,2
,,,,,,,,,,,,,,,C,Moises Ballesteros (42614901),Moises Ballesteros,42614901,C,3200,PIT@CHC 04/12/2026 02:20PM ET,CHC,4.58
,,,,,,,,,,,,,,,OF,Carson Benge (42614896),Carson Benge,42614896,OF,3200,ATH@NYM 04/12/2026 01:40PM ET,NYM,5.85
,,,,,,,,,,,,,,,OF,Austin Martin (42614913),Austin Martin,42614913,OF,3100,MIN@TOR 04/12/2026 01:37PM ET,MIN,5.64
,,,,,,,,,,,,,,,OF,Anthony Santander (42615101),Anthony Santander,42615101,OF,3100,MIN@TOR 04/12/2026 01:37PM ET,TOR,0
,,,,,,,,,,,,,,,2B/OF,Zach McKinstry (42614907),Zach McKinstry,42614907,2B/OF,3100,MIA@DET 04/12/2026 01:40PM ET,DET,4.09
,,,,,,,,,,,,,,,C,Samuel Basallo (42614903),Samuel Basallo,42614903,C,3100,SF@BAL 04/12/2026 01:35PM ET,BAL,4.2
,,,,,,,,,,,,,,,OF,Jonny DeLuca (42614904),Jonny DeLuca,42614904,OF,3100,NYY@TB 04/12/2026 01:40PM ET,TB,5.46
,,,,,,,,,,,,,,,OF,Jasson Dominguez (42615097),Jasson Dominguez,42615097,OF,3100,NYY@TB 04/12/2026 01:40PM ET,NYY,0
,,,,,,,,,,,,,,,OF,Gavin Lux (42615099),Gavin Lux,42615099,OF,3100,NYY@TB 04/12/2026 01:40PM ET,TB,0
,,,,,,,,,,,,,,,C,Logan O'Hoppe (42614910),Logan O'Hoppe,42614910,C,3100,LAA@CIN 04/12/2026 01:40PM ET,LAA,4.14
,,,,,,,,,,,,,,,2B,Christian Moore (42615100),Christian Moore,42615100,2B,3100,LAA@CIN 04/12/2026 01:40PM ET,LAA,0
,,,,,,,,,,,,,,,3B,Nolan Arenado (42614911),Nolan Arenado,42614911,3B,3100,ARI@PHI 04/12/2026 01:35PM ET,ARI,2.92
,,,,,,,,,,,,,,,OF,Kyle Isbel (42614905),Kyle Isbel,42614905,OF,3100,CWS@KC 04/12/2026 02:10PM ET,KC,8.33
,,,,,,,,,,,,,,,OF,Austin Hays (42615098),Austin Hays,42615098,OF,3100,CWS@KC 04/12/2026 02:10PM ET,CWS,5.33
,,,,,,,,,,,,,,,OF,Victor Scott II (42614906),Victor Scott II,42614906,OF,3100,BOS@STL 04/12/2026 02:15PM ET,STL,4.14
,,,,,,,,,,,,,,,OF,Masataka Yoshida (42614914),Masataka Yoshida,42614914,OF,3100,BOS@STL 04/12/2026 02:15PM ET,BOS,5.78
,,,,,,,,,,,,,,,SS,Konnor Griffin (42614902),Konnor Griffin,42614902,SS,3100,PIT@CHC 04/12/2026 02:20PM ET,PIT,4.62
,,,,,,,,,,,,,,,1B,Spencer Horwitz (42614912),Spencer Horwitz,42614912,1B,3100,PIT@CHC 04/12/2026 02:20PM ET,PIT,4
,,,,,,,,,,,,,,,2B,Marcus Semien (42614909),Marcus Semien,42614909,2B,3100,ATH@NYM 04/12/2026 01:40PM ET,NYM,4.67
,,,,,,,,,,,,,,,1B/C,Victor Caratini (42614920),Victor Caratini,42614920,C/1B,3000,MIN@TOR 04/12/2026 01:37PM ET,MIN,5.25
,,,,,,,,,,,,,,,OF,Colton Cowser (42614916),Colton Cowser,42614916,OF,3000,SF@BAL 04/12/2026 01:35PM ET,BAL,3.46
,,,,,,,,,,,,,,,1B/2B,Casey Schmitt (42614922),Casey Schmitt,42614922,1B/2B,3000,SF@BAL 04/12/2026 01:35PM ET,SF,6.8
,,,,,,,,,,,,,,,OF,Heliot Ramos (42614924),Heliot Ramos,42614924,OF,3000,SF@BAL 04/12/2026 01:35PM ET,SF,4.57
,,,,,,,,,,,,,,,OF,Heston Kjerstad (42615102),Heston Kjerstad,42615102,OF,3000,SF@BAL 04/12/2026 01:35PM ET,BAL,0
,,,,,,,,,,,,,,,SS,Jose Caballero (42614915),Jose Caballero,42614915,SS,3000,NYY@TB 04/12/2026 01:40PM ET,NYY,5.38
,,,,,,,,,,,,,,,SS,Anthony Volpe (42615103),Anthony Volpe,42615103,SS,3000,NYY@TB 04/12/2026 01:40PM ET,NYY,0
,,,,,,,,,,,,,,,OF,Will Benson (42614919),Will Benson,42614919,OF,3000,LAA@CIN 04/12/2026 01:40PM ET,CIN,2.46
,,,,,,,,,,,,,,,OF,Justin Crawford (42614918),Justin Crawford,42614918,OF,3000,ARI@PHI 04/12/2026 01:35PM ET,PHI,6.31
,,,,,,,,,,,,,,,OF,Ceddanne Rafaela (42614917),Ceddanne Rafaela,42614917,OF,3000,BOS@STL 04/12/2026 02:15PM ET,BOS,5.21
,,,,,,,,,,,,,,,2B/3B,Nick Gonzales (42614925),Nick Gonzales,42614925,2B/3B,3000,PIT@CHC 04/12/2026 02:20PM ET,PIT,6.75
,,,,,,,,,,,,,,,2B,Ernie Clement (42614931),Ernie Clement,42614931,2B,2900,MIN@TOR 04/12/2026 01:37PM ET,TOR,5.5
,,,,,,,,,,,,,,,OF,Trevor Larnach (42614933),Trevor Larnach,42614933,OF,2900,MIN@TOR 04/12/2026 01:37PM ET,MIN,5.73
,,,,,,,,,,,,,,,1B,Connor Norby (42614928),Connor Norby,42614928,1B,2900,MIA@DET 04/12/2026 01:40PM ET,MIA,5.54
,,,,,,,,,,,,,,,OF,Christopher Morel (42615106),Christopher Morel,42615106,OF,2900,MIA@DET 04/12/2026 01:40PM ET,MIA,0
,,,,,,,,,,,,,,,C,Nick Fortes (42614927),Nick Fortes,42614927,C,2900,NYY@TB 04/12/2026 01:40PM ET,TB,6.33
,,,,,,,,,,,,,,,SS,Carson Williams (42615107),Carson Williams,42615107,SS,2900,NYY@TB 04/12/2026 01:40PM ET,TB,3.86
,,,,,,,,,,,,,,,OF,Spencer Steer (42614932),Spencer Steer,42614932,OF,2900,LAA@CIN 04/12/2026 01:40PM ET,CIN,5.46
,,,,,,,,,,,,,,,OF,JJ Bleday (42615105),JJ Bleday,42615105,OF,2900,LAA@CIN 04/12/2026 01:40PM ET,CIN,0
,,,,,,,,,,,,,,,OF,Dustin Harris (42614929),Dustin Harris,42614929,OF,2900,CWS@KC 04/12/2026 02:10PM ET,CWS,6.5
,,,,,,,,,,,,,,,3B,Ramon Urias (42614934),Ramon Urias,42614934,3B,2900,BOS@STL 04/12/2026 02:15PM ET,STL,5.42
,,,,,,,,,,,,,,,1B,Andrew Vaughn (42615104),Andrew Vaughn,42615104,1B,2900,WSH@MIL 04/12/2026 02:10PM ET,MIL,5
,,,,,,,,,,,,,,,2B,Jeff McNeil (42614930),Jeff McNeil,42614930,2B,2900,ATH@NYM 04/12/2026 01:40PM ET,ATH,5.54
,,,,,,,,,,,,,,,OF,Nathan Lukes (42614939),Nathan Lukes,42614939,OF,2800,MIN@TOR 04/12/2026 01:37PM ET,TOR,1.8
,,,,,,,,,,,,,,,2B/3B,Blaze Alexander (42614935),Blaze Alexander,42614935,2B/3B,2800,SF@BAL 04/12/2026 01:35PM ET,BAL,4.54
,,,,,,,,,,,,,,,OF,Harrison Bader (42614944),Harrison Bader,42614944,OF,2800,SF@BAL 04/12/2026 01:35PM ET,SF,3
,,,,,,,,,,,,,,,OF,Cedric Mullins (42614940),Cedric Mullins,42614940,OF,2800,NYY@TB 04/12/2026 01:40PM ET,TB,4.69
,,,,,,,,,,,,,,,OF,Blake Dunn (42615108),Blake Dunn,42615108,OF,2800,LAA@CIN 04/12/2026 01:40PM ET,CIN,0
,,,,,,,,,,,,,,,C,Adrian Del Castillo (42614945),Adrian Del Castillo,42614945,C,2800,ARI@PHI 04/12/2026 01:35PM ET,ARI,6.75
,,,,,,,,,,,,,,,1B/3B,Jose Fernandez (42614946),Jose Fernandez,42614946,1B/3B,2800,ARI@PHI 04/12/2026 01:35PM ET,ARI,7.5
,,,,,,,,,,,,,,,OF,Starling Marte (42614937),Starling Marte,42614937,OF,2800,CWS@KC 04/12/2026 02:10PM ET,KC,3.75
,,,,,,,,,,,,,,,SS,Joey Ortiz (42614941),Joey Ortiz,42614941,SS,2800,WSH@MIL 04/12/2026 02:10PM ET,MIL,6.4
,,,,,,,,,,,,,,,OF,Jacob Young (42614942),Jacob Young,42614942,OF,2800,WSH@MIL 04/12/2026 02:10PM ET,WSH,5.54
,,,,,,,,,,,,,,,OF,Jake Mangum (42614943),Jake Mangum,42614943,OF,2800,PIT@CHC 04/12/2026 02:20PM ET,PIT,3.67
,,,,,,,,,,,,,,,OF,Carlos Cortes (42614938),Carlos Cortes,42614938,OF,2800,ATH@NYM 04/12/2026 01:40PM ET,ATH,5.89
,,,,,,,,,,,,,,,OF,Davis Schneider (42614952),Davis Schneider,42614952,OF,2700,MIN@TOR 04/12/2026 01:37PM ET,TOR,6
,,,,,,,,,,,,,,,3B/SS,Tristan Gray (42614962),Tristan Gray,42614962,3B/SS,2700,MIN@TOR 04/12/2026 01:37PM ET,MIN,6.57
,,,,,,,,,,,,,,,OF/SS,Javier Baez (42614953),Javier Baez,42614953,SS/OF,2700,MIA@DET 04/12/2026 01:40PM ET,DET,7.1
,,,,,,,,,,,,,,,OF,Heriberto Hernandez (42614967),Heriberto Hernandez,42614967,OF,2700,MIA@DET 04/12/2026 01:40PM ET,MIA,4.67
,,,,,,,,,,,,,,,OF,Parker Meadows (42615109),Parker Meadows,42615109,OF,2700,MIA@DET 04/12/2026 01:40PM ET,DET,5.42
,,,,,,,,,,,,,,,2B,Jeremiah Jackson (42614948),Jeremiah Jackson,42614948,2B,2700,SF@BAL 04/12/2026 01:35PM ET,BAL,4.75
,,,,,,,,,,,,,,,1B/OF,Jerar Encarnacion (42614968),Jerar Encarnacion,42614968,1B/OF,2700,SF@BAL 04/12/2026 01:35PM ET,SF,2.71
,,,,,,,,,,,,,,,2B/3B,Amed Rosario (42614957),Amed Rosario,42614957,2B/3B,2700,NYY@TB 04/12/2026 01:40PM ET,NYY,7.12
,,,,,,,,,,,,,,,2B/OF,Adam Frazier (42614964),Adam Frazier,42614964,2B/OF,2700,LAA@CIN 04/12/2026 01:40PM ET,LAA,4.5
,,,,,,,,,,,,,,,OF,Rece Hinds (42615114),Rece Hinds,42615114,OF,2700,LAA@CIN 04/12/2026 01:40PM ET,CIN,0
,,,,,,,,,,,,,,,OF,Isaac Collins (42614949),Isaac Collins,42614949,OF,2700,CWS@KC 04/12/2026 02:10PM ET,KC,4.29
,,,,,,,,,,,,,,,OF,Andrew Benintendi (42614959),Andrew Benintendi,42614959,OF,2700,CWS@KC 04/12/2026 02:10PM ET,CWS,2.92
,,,,,,,,,,,,,,,2B/OF,Nick Loftin (42615110),Nick Loftin,42615110,2B/OF,2700,CWS@KC 04/12/2026 02:10PM ET,KC,4.5
,,,,,,,,,,,,,,,OF,Brooks Baldwin (42615113),Brooks Baldwin,42615113,OF,2700,CWS@KC 04/12/2026 02:10PM ET,CWS,0
,,,,,,,,,,,,,,,C,Pedro Pages (42614960),Pedro Pages,42614960,C,2700,BOS@STL 04/12/2026 02:15PM ET,STL,4.2
,,,,,,,,,,,,,,,OF,Luis Matos (42614966),Luis Matos,42614966,OF,2700,WSH@MIL 04/12/2026 02:10PM ET,MIL,1.25
,,,,,,,,,,,,,,,1B,Matt Mervis (42615112),Matt Mervis,42615112,1B,2700,WSH@MIL 04/12/2026 02:10PM ET,WSH,0
,,,,,,,,,,,,,,,3B/OF,Matt Shaw (42614955),Matt Shaw,42614955,3B/OF,2700,PIT@CHC 04/12/2026 02:20PM ET,CHC,5.38
,,,,,,,,,,,,,,,1B/3B,Andy Ibanez (42614950),Andy Ibanez,42614950,1B/3B,2700,ATH@NYM 04/12/2026 01:40PM ET,ATH,2
,,,,,,,,,,,,,,,C,Luis Torrens (42614961),Luis Torrens,42614961,C,2700,ATH@NYM 04/12/2026 01:40PM ET,NYM,4.33
,,,,,,,,,,,,,,,2B/OF,Tyler Fitzgerald (42614980),Tyler Fitzgerald,42614980,2B/OF,2600,MIN@TOR 04/12/2026 01:37PM ET,TOR,0
,,,,,,,,,,,,,,,OF,Wenceel Perez (42614976),Wenceel Perez,42614976,OF,2600,MIA@DET 04/12/2026 01:40PM ET,DET,0
,,,,,,,,,,,,,,,3B,Coby Mayo (42614971),Coby Mayo,42614971,3B,2600,SF@BAL 04/12/2026 01:35PM ET,BAL,4.18
,,,,,,,,,,,,,,,C,Austin Wells (42614970),Austin Wells,42614970,C,2600,NYY@TB 04/12/2026 01:40PM ET,NYY,3.75
,,,,,,,,,,,,,,,C,Hunter Feduccia (42614985),Hunter Feduccia,42614985,C,2600,NYY@TB 04/12/2026 01:40PM ET,TB,2.71
,,,,,,,,,,,,,,,OF,Noelvi Marte (42614983),Noelvi Marte,42614983,OF,2600,LAA@CIN 04/12/2026 01:40PM ET,CIN,2.5
,,,,,,,,,,,,,,,OF,Alek Thomas (42614975),Alek Thomas,42614975,OF,2600,ARI@PHI 04/12/2026 01:35PM ET,ARI,5.42
,,,,,,,,,,,,,,,C,James McCann (42614979),James McCann,42614979,C,2600,ARI@PHI 04/12/2026 01:35PM ET,ARI,2.57
,,,,,,,,,,,,,,,1B,Carlos Santana (42615118),Carlos Santana,42615118,1B,2600,ARI@PHI 04/12/2026 01:35PM ET,ARI,1.75
,,,,,,,,,,,,,,,OF,Lane Thomas (42614972),Lane Thomas,42614972,OF,2600,CWS@KC 04/12/2026 02:10PM ET,KC,2.67
,,,,,,,,,,,,,,,OF/SS,Luisangel Acuna (42614973),Luisangel Acuna,42614973,SS/OF,2600,CWS@KC 04/12/2026 02:10PM ET,CWS,4.85
,,,,,,,,,,,,,,,OF,Everson Pereira (42615117),Everson Pereira,42615117,OF,2600,CWS@KC 04/12/2026 02:10PM ET,CWS,6.2
,,,,,,,,,,,,,,,OF,Nathan Church (42614978),Nathan Church,42614978,OF,2600,BOS@STL 04/12/2026 02:15PM ET,STL,3.38
,,,,,,,,,,,,,,,3B,Caleb Durbin (42614986),Caleb Durbin,42614986,3B,2600,BOS@STL 04/12/2026 02:15PM ET,BOS,3
,,,,,,,,,,,,,,,OF,Brandon Lockridge (42614982),Brandon Lockridge,42614982,OF,2600,WSH@MIL 04/12/2026 02:10PM ET,MIL,5.83
,,,,,,,,,,,,,,,1B/3B,Curtis Mead (42614987),Curtis Mead,42614987,1B/3B,2600,WSH@MIL 04/12/2026 02:10PM ET,WSH,7
,,,,,,,,,,,,,,,C,Joey Bart (42614984),Joey Bart,42614984,C,2600,PIT@CHC 04/12/2026 02:20PM ET,PIT,2.33
,,,,,,,,,,,,,,,3B/SS,Jared Triolo (42615115),Jared Triolo,42615115,3B/SS,2600,PIT@CHC 04/12/2026 02:20PM ET,PIT,4.83
,,,,,,,,,,,,,,,2B,Zack Gelof (42614977),Zack Gelof,42614977,2B,2600,ATH@NYM 04/12/2026 01:40PM ET,ATH,2
,,,,,,,,,,,,,,,OF,Jahmai Jones (42614996),Jahmai Jones,42614996,OF,2500,MIA@DET 04/12/2026 01:40PM ET,DET,0
,,,,,,,,,,,,,,,OF,Dylan Beavers (42614989),Dylan Beavers,42614989,OF,2500,SF@BAL 04/12/2026 01:35PM ET,BAL,6.46
,,,,,,,,,,,,,,,2B,Christian Koss (42614997),Christian Koss,42614997,2B,2500,SF@BAL 04/12/2026 01:35PM ET,SF,1.25
,,,,,,,,,,,,,,,3B,Ryan McMahon (42615001),Ryan McMahon,42615001,3B,2500,NYY@TB 04/12/2026 01:40PM ET,NYY,2.38
,,,,,,,,,,,,,,,C,Travis d'Arnaud (42614992),Travis d'Arnaud,42614992,C,2500,LAA@CIN 04/12/2026 01:40PM ET,LAA,2.33
,,,,,,,,,,,,,,,1B,Nathaniel Lowe (42614995),Nathaniel Lowe,42614995,1B,2500,LAA@CIN 04/12/2026 01:40PM ET,CIN,3.11
,,,,,,,,,,,,,,,SS,Denzer Guzman (42615119),Denzer Guzman,42615119,SS,2500,LAA@CIN 04/12/2026 01:40PM ET,LAA,0
,,,,,,,,,,,,,,,OF,Jorge Barrosa (42615000),Jorge Barrosa,42615000,OF,2500,ARI@PHI 04/12/2026 01:35PM ET,ARI,5.56
,,,,,,,,,,,,,,,1B,Lenyn Sosa (42614991),Lenyn Sosa,42614991,1B,2500,CWS@KC 04/12/2026 02:10PM ET,CWS,2.64
,,,,,,,,,,,,,,,2B,Marcelo Mayer (42614994),Marcelo Mayer,42614994,2B,2500,BOS@STL 04/12/2026 02:15PM ET,BOS,4.85
,,,,,,,,,,,,,,,OF,Michael Conforto (42614990),Michael Conforto,42614990,OF,2500,PIT@CHC 04/12/2026 02:20PM ET,CHC,4.56
,,,,,,,,,,,,,,,C,Austin Wynns (42614993),Austin Wynns,42614993,C,2500,ATH@NYM 04/12/2026 01:40PM ET,ATH,0.75
,,,,,,,,,,,,,,,1B/OF,Jared Young (42614998),Jared Young,42614998,1B/OF,2500,ATH@NYM 04/12/2026 01:40PM ET,NYM,3.4
,,,,,,,,,,,,,,,C,Tyler Heineman (42615005),Tyler Heineman,42615005,C,2400,MIN@TOR 04/12/2026 01:37PM ET,TOR,3.11
,,,,,,,,,,,,,,,SS,Brooks Lee (42615013),Brooks Lee,42615013,SS,2400,MIN@TOR 04/12/2026 01:37PM ET,MIN,5
,,,,,,,,,,,,,,,1B/3B,Graham Pauley (42615015),Graham Pauley,42615015,1B/3B,2400,MIA@DET 04/12/2026 01:40PM ET,MIA,3.67
,,,,,,,,,,,,,,,OF,Leody Taveras (42615003),Leody Taveras,42615003,OF,2400,SF@BAL 04/12/2026 01:35PM ET,BAL,4.2
,,,,,,,,,,,,,,,OF,Randal Grichuk (42615002),Randal Grichuk,42615002,OF,2400,NYY@TB 04/12/2026 01:40PM ET,NYY,0.86
,,,,,,,,,,,,,,,1B/3B,Jeimer Candelario (42615006),Jeimer Candelario,42615006,1B/3B,2400,LAA@CIN 04/12/2026 01:40PM ET,LAA,2.86
,,,,,,,,,,,,,,,OF,Tristan Peters (42615004),Tristan Peters,42615004,OF,2400,CWS@KC 04/12/2026 02:10PM ET,CWS,3.15
,,,,,,,,,,,,,,,2B/3B,Jose Tena (42615008),Jose Tena,42615008,2B/3B,2400,WSH@MIL 04/12/2026 02:10PM ET,WSH,3.44
,,,,,,,,,,,,,,,OF,Blake Perkins (42615012),Blake Perkins,42615012,OF,2400,WSH@MIL 04/12/2026 02:10PM ET,MIL,3.5
,,,,,,,,,,,,,,,C,Henry Davis (42615014),Henry Davis,42615014,C,2400,PIT@CHC 04/12/2026 02:20PM ET,PIT,3.5
,,,,,,,,,,,,,,,2B/3B,Darell Hernaiz (42615010),Darell Hernaiz,42615010,2B/3B,2400,ATH@NYM 04/12/2026 01:40PM ET,ATH,1.12
,,,,,,,,,,,,,,,OF,Myles Straw (42615021),Myles Straw,42615021,OF,2300,MIN@TOR 04/12/2026 01:37PM ET,TOR,2.46
,,,,,,,,,,,,,,,OF,Jonatan Clase (42615120),Jonatan Clase,42615120,OF,2300,MIN@TOR 04/12/2026 01:37PM ET,TOR,0
,,,,,,,,,,,,,,,C,Jake Rogers (42615027),Jake Rogers,42615027,C,2300,MIA@DET 04/12/2026 01:40PM ET,DET,3.25
,,,,,,,,,,,,,,,OF,Austin Slater (42615030),Austin Slater,42615030,OF,2300,MIA@DET 04/12/2026 01:40PM ET,MIA,2.12
,,,,,,,,,,,,,,,2B/SS,Ben Williamson (42615018),Ben Williamson,42615018,2B/SS,2300,NYY@TB 04/12/2026 01:40PM ET,TB,5.85
,,,,,,,,,,,,,,,2B,Oswald Peraza (42615024),Oswald Peraza,42615024,2B,2300,LAA@CIN 04/12/2026 01:40PM ET,LAA,4.15
,,,,,,,,,,,,,,,C,Rafael Marchan (42615025),Rafael Marchan,42615025,C,2300,ARI@PHI 04/12/2026 01:35PM ET,PHI,4.5
,,,,,,,,,,,,,,,1B/OF,Tim Tawa (42615028),Tim Tawa,42615028,1B/OF,2300,ARI@PHI 04/12/2026 01:35PM ET,ARI,2.3
,,,,,,,,,,,,,,,C,Edgar Quero (42615017),Edgar Quero,42615017,C,2300,CWS@KC 04/12/2026 02:10PM ET,CWS,2.36
,,,,,,,,,,,,,,,C,Carlos Narvaez (42615020),Carlos Narvaez,42615020,C,2300,BOS@STL 04/12/2026 02:15PM ET,BOS,3.2
,,,,,,,,,,,,,,,OF/SS,Thomas Saggese (42615022),Thomas Saggese,42615022,SS/OF,2300,BOS@STL 04/12/2026 02:15PM ET,STL,5.1
,,,,,,,,,,,,,,,OF,Nate Eaton (42615122),Nate Eaton,42615122,OF,2300,BOS@STL 04/12/2026 02:15PM ET,BOS,0
,,,,,,,,,,,,,,,C,Drew Millas (42615026),Drew Millas,42615026,C,2300,WSH@MIL 04/12/2026 02:10PM ET,WSH,2.5
,,,,,,,,,,,,,,,OF,Jhostynxon Garcia (42615121),Jhostynxon Garcia,42615121,OF,2300,PIT@CHC 04/12/2026 02:20PM ET,PIT,0
,,,,,,,,,,,,,,,C,Brandon Valenzuela (42615032),Brandon Valenzuela,42615032,C,2200,MIN@TOR 04/12/2026 01:37PM ET,TOR,4
,,,,,,,,,,,,,,,2B/SS,Leo Jimenez (42615049),Leo Jimenez,42615049,2B/SS,2200,MIA@DET 04/12/2026 01:40PM ET,MIA,1.83
,,,,,,,,,,,,,,,2B/3B,Maximo Acosta (42615124),Maximo Acosta,42615124,2B/3B,2200,MIA@DET 04/12/2026 01:40PM ET,MIA,0
,,,,,,,,,,,,,,,C,Daniel Susac (42615043),Daniel Susac,42615043,C,2200,SF@BAL 04/12/2026 01:35PM ET,SF,6.2
,,,,,,,,,,,,,,,C,J.C. Escarra (42615039),J.C. Escarra,42615039,C,2200,NYY@TB 04/12/2026 01:40PM ET,NYY,1
,,,,,,,,,,,,,,,2B/OF,Max Schuemann (42615127),Max Schuemann,42615127,2B/OF,2200,NYY@TB 04/12/2026 01:40PM ET,NYY,0
,,,,,,,,,,,,,,,OF,Dane Myers (42615051),Dane Myers,42615051,OF,2200,LAA@CIN 04/12/2026 01:40PM ET,CIN,2
,,,,,,,,,,,,,,,C,Jose Trevino (42615126),Jose Trevino,42615126,C,2200,LAA@CIN 04/12/2026 01:40PM ET,CIN,1.67
,,,,,,,,,,,,,,,3B/SS,Edmundo Sosa (42615033),Edmundo Sosa,42615033,3B/SS,2200,ARI@PHI 04/12/2026 01:35PM ET,PHI,3
,,,,,,,,,,,,,,,1B,Luken Baker (42615048),Luken Baker,42615048,1B,2200,ARI@PHI 04/12/2026 01:35PM ET,ARI,0
,,,,,,,,,,,,,,,OF,Derek Hill (42615031),Derek Hill,42615031,OF,2200,CWS@KC 04/12/2026 02:10PM ET,CWS,2.82
,,,,,,,,,,,,,,,2B/OF,Michael Massey (42615037),Michael Massey,42615037,2B/OF,2200,CWS@KC 04/12/2026 02:10PM ET,KC,1.6
,,,,,,,,,,,,,,,OF,John Rave (42615123),John Rave,42615123,OF,2200,CWS@KC 04/12/2026 02:10PM ET,KC,0
,,,,,,,,,,,,,,,C,Connor Wong (42615035),Connor Wong,42615035,C,2200,BOS@STL 04/12/2026 02:15PM ET,BOS,5
,,,,,,,,,,,,,,,3B/SS,Andruw Monasterio (42615040),Andruw Monasterio,42615040,3B/SS,2200,BOS@STL 04/12/2026 02:15PM ET,BOS,3
,,,,,,,,,,,,,,,2B/3B,Jorbit Vivas (42615044),Jorbit Vivas,42615044,2B/3B,2200,WSH@MIL 04/12/2026 02:10PM ET,WSH,4.5
,,,,,,,,,,,,,,,3B/OF,Nick Yorke (42615046),Nick Yorke,42615046,3B/OF,2200,PIT@CHC 04/12/2026 02:20PM ET,PIT,6.3
,,,,,,,,,,,,,,,OF,Denzel Clarke (42615036),Denzel Clarke,42615036,OF,2200,ATH@NYM 04/12/2026 01:40PM ET,ATH,3.08
,,,,,,,,,,,,,,,3B,Ronny Mauricio (42615042),Ronny Mauricio,42615042,3B,2200,ATH@NYM 04/12/2026 01:40PM ET,NYM,2.5
,,,,,,,,,,,,,,,OF,James Outman (42615061),James Outman,42615061,OF,2100,MIN@TOR 04/12/2026 01:37PM ET,MIN,1.17
,,,,,,,,,,,,,,,OF,Matt Vierling (42615057),Matt Vierling,42615057,OF,2100,MIA@DET 04/12/2026 01:40PM ET,DET,2.6
,,,,,,,,,,,,,,,1B,Deyvison De Los Santos (42615064),Deyvison De Los Santos,42615064,1B,2100,MIA@DET 04/12/2026 01:40PM ET,MIA,5
,,,,,,,,,,,,,,,SS,Trey Sweeney (42615132),Trey Sweeney,42615132,SS,2100,MIA@DET 04/12/2026 01:40PM ET,DET,0
,,,,,,,,,,,,,,,1B,Ryan Mountcastle (42615052),Ryan Mountcastle,42615052,1B,2100,SF@BAL 04/12/2026 01:35PM ET,BAL,2.25
,,,,,,,,,,,,,,,C,Patrick Bailey (42615062),Patrick Bailey,42615062,C,2100,SF@BAL 04/12/2026 01:35PM ET,SF,2.85
,,,,,,,,,,,,,,,SS,Taylor Walls (42615060),Taylor Walls,42615060,SS,2100,NYY@TB 04/12/2026 01:40PM ET,TB,5.2
,,,,,,,,,,,,,,,3B,Oswaldo Cabrera (42615129),Oswaldo Cabrera,42615129,3B,2100,NYY@TB 04/12/2026 01:40PM ET,NYY,0
,,,,,,,,,,,,,,,OF,Jacob Melton (42615135),Jacob Melton,42615135,OF,2100,NYY@TB 04/12/2026 01:40PM ET,TB,0
,,,,,,,,,,,,,,,3B,Ke'Bryan Hayes (42615065),Ke'Bryan Hayes,42615065,3B,2100,LAA@CIN 04/12/2026 01:40PM ET,CIN,1.21
,,,,,,,,,,,,,,,2B/OF,Dylan Moore (42615058),Dylan Moore,42615058,2B/OF,2100,ARI@PHI 04/12/2026 01:35PM ET,PHI,1
,,,,,,,,,,,,,,,3B/OF,Jordan Lawlar (42615136),Jordan Lawlar,42615136,3B/OF,2100,ARI@PHI 04/12/2026 01:35PM ET,ARI,7.67
,,,,,,,,,,,,,,,1B,Tyler Locklear (42615138),Tyler Locklear,42615138,1B,2100,ARI@PHI 04/12/2026 01:35PM ET,ARI,0
,,,,,,,,,,,,,,,OF,Tanner Murray (42615053),Tanner Murray,42615053,OF,2100,CWS@KC 04/12/2026 02:10PM ET,CWS,0.75
,,,,,,,,,,,,,,,OF,Tyler Tolbert (42615054),Tyler Tolbert,42615054,OF,2100,CWS@KC 04/12/2026 02:10PM ET,KC,1
,,,,,,,,,,,,,,,OF,Kameron Misner (42615133),Kameron Misner,42615133,OF,2100,CWS@KC 04/12/2026 02:10PM ET,KC,0
,,,,,,,,,,,,,,,2B/OF,Jose Fermin (42615055),Jose Fermin,42615055,2B/OF,2100,BOS@STL 04/12/2026 02:15PM ET,STL,2
,,,,,,,,,,,,,,,C,Jimmy Crooks (42615139),Jimmy Crooks,42615139,C,2100,BOS@STL 04/12/2026 02:15PM ET,STL,0
,,,,,,,,,,,,,,,OF,Kevin Alcantara (42615130),Kevin Alcantara,42615130,OF,2100,PIT@CHC 04/12/2026 02:20PM ET,CHC,0
,,,,,,,,,,,,,,,OF,Justin Dean (42615131),Justin Dean,42615131,OF,2100,PIT@CHC 04/12/2026 02:20PM ET,CHC,0
,,,,,,,,,,,,,,,OF,Tyrone Taylor (42615063),Tyrone Taylor,42615063,OF,2100,ATH@NYM 04/12/2026 01:40PM ET,NYM,3.89
,,,,,,,,,,,,,,,3B,Brett Harris (42615134),Brett Harris,42615134,3B,2100,ATH@NYM 04/12/2026 01:40PM ET,ATH,0
,,,,,,,,,,,,,,,OF,Emmanuel Rodriguez (42615142),Emmanuel Rodriguez,42615142,OF,2000,MIN@TOR 04/12/2026 01:37PM ET,MIN,0
,,,,,,,,,,,,,,,1B/3B,Juan Yepez (42615156),Juan Yepez,42615156,1B/3B,2000,MIN@TOR 04/12/2026 01:37PM ET,TOR,0
,,,,,,,,,,,,,,,OF,Gabriel Gonzalez (42615164),Gabriel Gonzalez,42615164,OF,2000,MIN@TOR 04/12/2026 01:37PM ET,MIN,0
,,,,,,,,,,,,,,,OF,Hendry Mendez (42615176),Hendry Mendez,42615176,OF,2000,MIN@TOR 04/12/2026 01:37PM ET,MIN,0
,,,,,,,,,,,,,,,1B,Eric Wagaman (42615189),Eric Wagaman,42615189,1B,2000,MIN@TOR 04/12/2026 01:37PM ET,MIN,0
,,,,,,,,,,,,,,,OF,Alan Roden (42615200),Alan Roden,42615200,OF,2000,MIN@TOR 04/12/2026 01:37PM ET,MIN,0
,,,,,,,,,,,,,,,OF,Ryan Kreidler (42615212),Ryan Kreidler,42615212,OF,2000,MIN@TOR 04/12/2026 01:37PM ET,MIN,0
,,,,,,,,,,,,,,,2B,Hao-Yu Lee (42615163),Hao-Yu Lee,42615163,2B,2000,MIA@DET 04/12/2026 01:40PM ET,DET,0
,,,,,,,,,,,,,,,SS,Jared Serna (42615169),Jared Serna,42615169,SS,2000,MIA@DET 04/12/2026 01:40PM ET,MIA,0
,,,,,,,,,,,,,,,C,Joe Mack (42615172),Joe Mack,42615172,C,2000,MIA@DET 04/12/2026 01:40PM ET,MIA,0
,,,,,,,,,,,,,,,C,Eduardo Valencia (42615173),Eduardo Valencia,42615173,C,2000,MIA@DET 04/12/2026 01:40PM ET,DET,0
,,,,,,,,,,,,,,,OF,Trei Cruz (42615179),Trei Cruz,42615179,OF,2000,MIA@DET 04/12/2026 01:40PM ET,DET,0
,,,,,,,,,,,,,,,C,Thayron Liranzo (42615182),Thayron Liranzo,42615182,C,2000,MIA@DET 04/12/2026 01:40PM ET,DET,0
,,,,,,,,,,,,,,,OF,Esteury Ruiz (42615208),Esteury Ruiz,42615208,OF,2000,MIA@DET 04/12/2026 01:40PM ET,MIA,0
,,,,,,,,,,,,,,,3B,Jace Jung (42615210),Jace Jung,42615210,3B,2000,MIA@DET 04/12/2026 01:40PM ET,DET,0
,,,,,,,,,,,,,,,OF,Daniel Johnson (42615211),Daniel Johnson,42615211,OF,2000,MIA@DET 04/12/2026 01:40PM ET,MIA,0
,,,,,,,,,,,,,,,OF,Jared Oliva (42615074),Jared Oliva,42615074,OF,2000,SF@BAL 04/12/2026 01:35PM ET,SF,2
,,,,,,,,,,,,,,,OF,Reed Trimble (42615174),Reed Trimble,42615174,OF,2000,SF@BAL 04/12/2026 01:35PM ET,BAL,0
,,,,,,,,,,,,,,,C,Jesus Rodriguez (42615180),Jesus Rodriguez,42615180,C,2000,SF@BAL 04/12/2026 01:35PM ET,SF,0
,,,,,,,,,,,,,,,OF,Drew Gilbert (42615190),Drew Gilbert,42615190,OF,2000,SF@BAL 04/12/2026 01:35PM ET,SF,0
,,,,,,,,,,,,,,,1B,Bryce Eldridge (42615194),Bryce Eldridge,42615194,1B,2000,SF@BAL 04/12/2026 01:35PM ET,SF,0
,,,,,,,,,,,,,,,OF,Johnathan Rodriguez (42615195),Johnathan Rodriguez,42615195,OF,2000,SF@BAL 04/12/2026 01:35PM ET,BAL,0
,,,,,,,,,,,,,,,OF,Grant McCray (42615209),Grant McCray,42615209,OF,2000,SF@BAL 04/12/2026 01:35PM ET,SF,0
,,,,,,,,,,,,,,,OF,Will Brennan (42615219),Will Brennan,42615219,OF,2000,SF@BAL 04/12/2026 01:35PM ET,SF,0
,,,,,,,,,,,,,,,OF,Ryan Vilade (42615067),Ryan Vilade,42615067,OF,2000,NYY@TB 04/12/2026 01:40PM ET,TB,1.43
,,,,,,,,,,,,,,,2B/SS,Jadher Areinamo (42615154),Jadher Areinamo,42615154,2B/SS,2000,NYY@TB 04/12/2026 01:40PM ET,TB,0
,,,,,,,,,,,,,,,OF,Spencer Jones (42615177),Spencer Jones,42615177,OF,2000,NYY@TB 04/12/2026 01:40PM ET,NYY,0
,,,,,,,,,,,,,,,C,Dom Keegan (42615183),Dom Keegan,42615183,C,2000,NYY@TB 04/12/2026 01:40PM ET,TB,0
,,,,,,,,,,,,,,,OF,Victor Mesa Jr. (42615197),Victor Mesa Jr.,42615197,OF,2000,NYY@TB 04/12/2026 01:40PM ET,TB,0
,,,,,,,,,,,,,,,OF,Justyn-Henry Malloy (42615204),Justyn-Henry Malloy,42615204,OF,2000,NYY@TB 04/12/2026 01:40PM ET,TB,0
,,,,,,,,,,,,,,,OF,Bryce Teodosio (42615075),Bryce Teodosio,42615075,OF,2000,LAA@CIN 04/12/2026 01:40PM ET,LAA,0.46
,,,,,,,,,,,,,,,C,P.J. Higgins (42615076),P.J. Higgins,42615076,C,2000,LAA@CIN 04/12/2026 01:40PM ET,CIN,0
,,,,,,,,,,,,,,,OF,Hector Rodriguez (42615145),Hector Rodriguez,42615145,OF,2000,LAA@CIN 04/12/2026 01:40PM ET,CIN,0
,,,,,,,,,,,,,,,2B/SS,Vaughn Grissom (42615150),Vaughn Grissom,42615150,2B/SS,2000,LAA@CIN 04/12/2026 01:40PM ET,LAA,2
,,,,,,,,,,,,,,,2B/3B,Anthony Rendon (42615167),Anthony Rendon,42615167,2B/3B,2000,LAA@CIN 04/12/2026 01:40PM ET,LAA,0
,,,,,,,,,,,,,,,SS,Leo Balcazar (42615170),Leo Balcazar,42615170,SS,2000,LAA@CIN 04/12/2026 01:40PM ET,CIN,0
,,,,,,,,,,,,,,,SS,Edwin Arroyo (42615178),Edwin Arroyo,42615178,SS,2000,LAA@CIN 04/12/2026 01:40PM ET,CIN,0
,,,,,,,,,,,,,,,OF,Kyren Paris (42615196),Kyren Paris,42615196,OF,2000,LAA@CIN 04/12/2026 01:40PM ET,LAA,0
,,,,,,,,,,,,,,,OF,Matthew Lugo (42615213),Matthew Lugo,42615213,OF,2000,LAA@CIN 04/12/2026 01:40PM ET,LAA,0
,,,,,,,,,,,,,,,1B/OF,Otto Kemp (42615069),Otto Kemp,42615069,1B/OF,2000,ARI@PHI 04/12/2026 01:35PM ET,PHI,1.33
,,,,,,,,,,,,,,,OF,Johan Rojas (42615140),Johan Rojas,42615140,OF,2000,ARI@PHI 04/12/2026 01:35PM ET,PHI,0
,,,,,,,,,,,,,,,OF,Steward Berroa (42615141),Steward Berroa,42615141,OF,2000,ARI@PHI 04/12/2026 01:35PM ET,PHI,0
,,,,,,,,,,,,,,,OF,Pedro Leon (42615160),Pedro Leon,42615160,OF,2000,ARI@PHI 04/12/2026 01:35PM ET,PHI,0
,,,,,,,,,,,,,,,SS,Christian Cairo (42615181),Christian Cairo,42615181,SS,2000,ARI@PHI 04/12/2026 01:35PM ET,PHI,0
,,,,,,,,,,,,,,,OF,Gabriel Rincones Jr. (42615187),Gabriel Rincones Jr.,42615187,OF,2000,ARI@PHI 04/12/2026 01:35PM ET,PHI,0
,,,,,,,,,,,,,,,C,Reese McGuire (42615066),Reese McGuire,42615066,C,2000,CWS@KC 04/12/2026 02:10PM ET,CWS,1.14
,,,,,,,,,,,,,,,C,Yohel Pozo (42615068),Yohel Pozo,42615068,C,2000,BOS@STL 04/12/2026 02:15PM ET,STL,1.4
,,,,,,,,,,,,,,,2B/3B,Isiah Kiner-Falefa (42615071),Isiah Kiner-Falefa,42615071,2B/3B,2000,BOS@STL 04/12/2026 02:15PM ET,BOS,1.8
,,,,,,,,,,,,,,,C,Leo Bernal (42615152),Leo Bernal,42615152,C,2000,BOS@STL 04/12/2026 02:15PM ET,STL,0
,,,,,,,,,,,,,,,OF,Joshua Baez (42615153),Joshua Baez,42615153,OF,2000,BOS@STL 04/12/2026 02:15PM ET,STL,0
,,,,,,,,,,,,,,,2B/OF,Bryan Torres (42615161),Bryan Torres,42615161,2B/OF,2000,BOS@STL 04/12/2026 02:15PM ET,STL,0
,,,,,,,,,,,,,,,1B,Triston Casas (42615188),Triston Casas,42615188,1B,2000,BOS@STL 04/12/2026 02:15PM ET,BOS,0
,,,,,,,,,,,,,,,2B,Kristian Campbell (42615192),Kristian Campbell,42615192,2B,2000,BOS@STL 04/12/2026 02:15PM ET,BOS,0
,,,,,,,,,,,,,,,3B,Anthony Seigler (42615201),Anthony Seigler,42615201,3B,2000,BOS@STL 04/12/2026 02:15PM ET,BOS,0
,,,,,,,,,,,,,,,2B/OF,Nick Sogard (42615202),Nick Sogard,42615202,2B/OF,2000,BOS@STL 04/12/2026 02:15PM ET,BOS,0
,,,,,,,,,,,,,,,C,Mickey Gasper (42615206),Mickey Gasper,42615206,C,2000,BOS@STL 04/12/2026 02:15PM ET,BOS,0
,,,,,,,,,,,,,,,2B/SS,Tsung-Che Cheng (42615220),Tsung-Che Cheng,42615220,2B/SS,2000,BOS@STL 04/12/2026 02:15PM ET,BOS,0
,,,,,,,,,,,,,,,3B/SS,Cesar Prieto (42615222),Cesar Prieto,42615222,3B/SS,2000,BOS@STL 04/12/2026 02:15PM ET,STL,0
,,,,,,,,,,,,,,,OF,Christian Franklin (42615148),Christian Franklin,42615148,OF,2000,WSH@MIL 04/12/2026 02:10PM ET,WSH,0
,,,,,,,,,,,,,,,SS,Cooper Pratt (42615149),Cooper Pratt,42615149,SS,2000,WSH@MIL 04/12/2026 02:10PM ET,MIL,0
,,,,,,,,,,,,,,,1B/OF,Abimelec Ortiz (42615185),Abimelec Ortiz,42615185,1B/OF,2000,WSH@MIL 04/12/2026 02:10PM ET,WSH,0
,,,,,,,,,,,,,,,OF,Akil Baddoo (42615191),Akil Baddoo,42615191,OF,2000,WSH@MIL 04/12/2026 02:10PM ET,MIL,0
,,,,,,,,,,,,,,,OF,Robert Hassell III (42615193),Robert Hassell III,42615193,OF,2000,WSH@MIL 04/12/2026 02:10PM ET,WSH,0
,,,,,,,,,,,,,,,1B,Tyler Black (42615205),Tyler Black,42615205,1B,2000,WSH@MIL 04/12/2026 02:10PM ET,MIL,0
,,,,,,,,,,,,,,,1B,Andres Chaparro (42615214),Andres Chaparro,42615214,1B,2000,WSH@MIL 04/12/2026 02:10PM ET,WSH,4
,,,,,,,,,,,,,,,C,Jeferson Quero (42615217),Jeferson Quero,42615217,C,2000,WSH@MIL 04/12/2026 02:10PM ET,MIL,2
,,,,,,,,,,,,,,,C,Harry Ford (42615224),Harry Ford,42615224,C,2000,WSH@MIL 04/12/2026 02:10PM ET,WSH,0
,,,,,,,,,,,,,,,2B,Scott Kingery (42615073),Scott Kingery,42615073,2B,2000,PIT@CHC 04/12/2026 02:20PM ET,CHC,1.67
,,,,,,,,,,,,,,,1B/3B,Billy Cook (42615077),Billy Cook,42615077,1B/3B,2000,PIT@CHC 04/12/2026 02:20PM ET,PIT,0.33
,,,,,,,,,,,,,,,2B/3B,Pedro Ramirez (42615143),Pedro Ramirez,42615143,2B/3B,2000,PIT@CHC 04/12/2026 02:20PM ET,CHC,0
,,,,,,,,,,,,,,,3B/SS,Ben Cowles (42615146),Ben Cowles,42615146,3B/SS,2000,PIT@CHC 04/12/2026 02:20PM ET,CHC,0
,,,,,,,,,,,,,,,SS,Jack Brannigan (42615159),Jack Brannigan,42615159,SS,2000,PIT@CHC 04/12/2026 02:20PM ET,PIT,0
,,,,,,,,,,,,,,,1B/OF,Tyler Austin (42615165),Tyler Austin,42615165,1B/OF,2000,PIT@CHC 04/12/2026 02:20PM ET,CHC,0
,,,,,,,,,,,,,,,2B,James Triantos (42615171),James Triantos,42615171,2B,2000,PIT@CHC 04/12/2026 02:20PM ET,CHC,0
,,,,,,,,,,,,,,,OF,Esmerlyn Valdez (42615175),Esmerlyn Valdez,42615175,OF,2000,PIT@CHC 04/12/2026 02:20PM ET,PIT,0
,,,,,,,,,,,,,,,1B/C,Endy Rodriguez (42615198),Endy Rodriguez,42615198,C/1B,2000,PIT@CHC 04/12/2026 02:20PM ET,PIT,0
,,,,,,,,,,,,,,,OF,Tyler Callihan (42615207),Tyler Callihan,42615207,OF,2000,PIT@CHC 04/12/2026 02:20PM ET,PIT,0
,,,,,,,,,,,,,,,1B,Rafael Flores (42615215),Rafael Flores,42615215,1B,2000,PIT@CHC 04/12/2026 02:20PM ET,PIT,0
,,,,,,,,,,,,,,,OF,Nick Morabito (42615158),Nick Morabito,42615158,OF,2000,ATH@NYM 04/12/2026 01:40PM ET,NYM,0
,,,,,,,,,,,,,,,OF,Junior Perez (42615184),Junior Perez,42615184,OF,2000,ATH@NYM 04/12/2026 01:40PM ET,ATH,0
,,,,,,,,,,,,,,,C,Hayden Senger (42615216),Hayden Senger,42615216,C,2000,ATH@NYM 04/12/2026 01:40PM ET,NYM,0
,,,,,,,,,,,,,,,OF,MJ Melendez (42615218),MJ Melendez,42615218,OF,2000,ATH@NYM 04/12/2026 01:40PM ET,NYM,0
