Entry ID,Contest Name,Contest ID,Entry Fee,P,P,C,1B,2B,3B,SS,OF,OF,OF,,Instructions,,,,,,,,
5103900338,MLB $2K Quarter Jukebox [Just $0.25!],189386187,$0.25 ,Dylan Cease (42502383),Cade Horton (42502391),Liam Hicks (42502545),Sal Stewart (42502469),Kody Clemens (42502537),Kevin McGonigle (42502459),Corey Seager (42502436),Giancarlo Stanton (42502452),Shohei Ohtani (42502403),Thomas Saggese (42502702),,1. Column A lists all of your contest entries for this draftgroup,,,,,,,,
5103900339,MLB $2K Quarter Jukebox [Just $0.25!],189386187,$0.25 ,Dylan Cease (42502383),Cade Horton (42502391),Liam Hicks (42502545),Shohei Ohtani (42502403),Kody Clemens (42502537),Sal Stewart (42502469),Corey Seager (42502436),George Springer (42502413),Joc Pederson (42502669),Dane Myers (42502679),,2. Your current lineup is listed next to each entry (blank for reservations),,,,,,,,
5103900340,MLB $2K Quarter Jukebox [Just $0.25!],189386187,$0.25 ,Dylan Cease (42502383),Cade Horton (42502391),Liam Hicks (42502545),Shohei Ohtani (42502403),Kody Clemens (42502537),Yandy Diaz (42502428),Kevin McGonigle (42502459),Fernando Tatis Jr. (42502414),Joc Pederson (42502669),Dane Myers (42502679),,3. You can change the lineup for an entry by entering the IDs of the players in the row next to that entry,,,,,,,,
5103900341,MLB $2K Quarter Jukebox [Just $0.25!],189386187,$0.25 ,Dylan Cease (42502383),Cade Horton (42502391),Liam Hicks (42502545),Sal Stewart (42502469),Kody Clemens (42502537),Kevin McGonigle (42502459),Luisangel Acuna (42502677),Aaron Judge (42502405),Dane Myers (42502679),Shohei Ohtani (42502403),,4. Use data from the Name+ID column or the ID column; you cannot use just the player's name,,,,,,,,
5103900342,MLB $2K Quarter Jukebox [Just $0.25!],189386187,$0.25 ,Dylan Cease (42502383),Cade Horton (42502391),Liam Hicks (42502545),Sal Stewart (42502469),Kody Clemens (42502537),Kevin McGonigle (42502459),Corey Seager (42502436),Aaron Judge (42502405),Andy Pages (42502474),Joc Pederson (42502669),,5. For faster processing only include entries you are changing in the file you upload,,,,,,,,
5103900343,MLB $2K Quarter Jukebox [Just $0.25!],189386187,$0.25 ,Dylan Cease (42502383),Cade Horton (42502391),Liam Hicks (42502545),Shohei Ohtani (42502403),Kody Clemens (42502537),Sal Stewart (42502469),Trevor Story (42502463),Aaron Judge (42502405),Joc Pederson (42502669),Thomas Saggese (42502702),,,,,,,,,,
5103900344,MLB $2K Quarter Jukebox [Just $0.25!],189386187,$0.25 ,Dylan Cease (42502383),Cade Horton (42502391),Liam Hicks (42502545),Sal Stewart (42502469),Kody Clemens (42502537),Kevin McGonigle (42502459),Corey Seager (42502436),Giancarlo Stanton (42502452),Shohei Ohtani (42502403),Thomas Saggese (42502702),,Position,Name + ID,Name,ID,Roster Position,Salary,Game Info,TeamAbbrev,AvgPointsPerGame
5103900345,MLB $2K Quarter Jukebox [Just $0.25!],189386187,$0.25 ,Dylan Cease (42502383),Cade Horton (42502391),Liam Hicks (42502545),Shohei Ohtani (42502403),Kody Clemens (42502537),Sal Stewart (42502469),Corey Seager (42502436),George Springer (42502413),Joc Pederson (42502669),Dane Myers (42502679),,SP,Tarik Skubal (42502858),Tarik Skubal,42502858,P,10400,STL@DET 04/03/2026 01:10PM ET,DET,21.92
5103900346,MLB $2K Quarter Jukebox [Just $0.25!],189386187,$0.25 ,Dylan Cease (42502383),Cade Horton (42502391),Liam Hicks (42502545),Shohei Ohtani (42502403),Kody Clemens (42502537),Yandy Diaz (42502428),Kevin McGonigle (42502459),Fernando Tatis Jr. (42502414),Joc Pederson (42502669),Dane Myers (42502679),,SP,Dylan Cease (42502383),Dylan Cease,42502383,P,9900,TOR@CWS 04/03/2026 02:10PM ET,TOR,31
5103900347,MLB $2K Quarter Jukebox [Just $0.25!],189386187,$0.25 ,Dylan Cease (42502383),Cade Horton (42502391),Liam Hicks (42502545),Sal Stewart (42502469),Kody Clemens (42502537),Kevin McGonigle (42502459),Luisangel Acuna (42502677),Aaron Judge (42502405),Dane Myers (42502679),Shohei Ohtani (42502403),,SP,Kevin Gausman (42502859),Kevin Gausman,42502859,P,9900,TOR@CWS 04/03/2026 02:10PM ET,TOR,32.6
5103900414,MLB $500 Strike Three [5 Entry Max],189398962,$1 ,Dylan Cease (42502383),Cade Horton (42502391),Liam Hicks (42502545),Sal Stewart (42502469),Kody Clemens (42502537),Kevin McGonigle (42502459),Corey Seager (42502436),Aaron Judge (42502405),Andy Pages (42502474),Joc Pederson (42502669),,SP,Garrett Crochet (42502860),Garrett Crochet,42502860,P,9700,SD@BOS 04/03/2026 02:10PM ET,BOS,21.48
5103900415,MLB $500 Strike Three [5 Entry Max],189398962,$1 ,Dylan Cease (42502383),Cade Horton (42502391),Liam Hicks (42502545),Shohei Ohtani (42502403),Kody Clemens (42502537),Sal Stewart (42502469),Trevor Story (42502463),Aaron Judge (42502405),Joc Pederson (42502669),Thomas Saggese (42502702),,SP,Paul Skenes (42502861),Paul Skenes,42502861,P,9500,BAL@PIT 04/03/2026 04:12PM ET,PIT,4.78
5103900416,MLB $500 Strike Three [5 Entry Max],189398962,$1 ,Dylan Cease (42502383),Cade Horton (42502391),Liam Hicks (42502545),Sal Stewart (42502469),Kody Clemens (42502537),Kevin McGonigle (42502459),Corey Seager (42502436),Giancarlo Stanton (42502452),Shohei Ohtani (42502403),Thomas Saggese (42502702),,SP,Yoshinobu Yamamoto (42502862),Yoshinobu Yamamoto,42502862,P,9300,LAD@WSH 04/03/2026 01:05PM ET,LAD,16.2
5103909069,MLB $300 Dime Time [Just $0.10!],189399907,$0.10 ,Dylan Cease (42502383),Cade Horton (42502391),Liam Hicks (42502545),Shohei Ohtani (42502403),Kody Clemens (42502537),Sal Stewart (42502469),Corey Seager (42502436),George Springer (42502413),Joc Pederson (42502669),Dane Myers (42502679),,SP,Blake Snell (42502863),Blake Snell,42502863,P,9300,LAD@WSH 04/03/2026 01:05PM ET,LAD,0
5103909070,MLB $300 Dime Time [Just $0.10!],189399907,$0.10 ,Dylan Cease (42502383),Cade Horton (42502391),Liam Hicks (42502545),Shohei Ohtani (42502403),Kody Clemens (42502537),Yandy Diaz (42502428),Kevin McGonigle (42502459),Fernando Tatis Jr. (42502414),Joc Pederson (42502669),Dane Myers (42502679),,SP,Framber Valdez (42502384),Framber Valdez,42502384,P,8900,STL@DET 04/03/2026 01:10PM ET,DET,16.7
5103909071,MLB $300 Dime Time [Just $0.10!],189399907,$0.10 ,Dylan Cease (42502383),Cade Horton (42502391),Liam Hicks (42502545),Sal Stewart (42502469),Kody Clemens (42502537),Kevin McGonigle (42502459),Luisangel Acuna (42502677),Aaron Judge (42502405),Dane Myers (42502679),Shohei Ohtani (42502403),,SP,MacKenzie Gore (42502385),MacKenzie Gore,42502385,P,8800,CIN@TEX 04/03/2026 04:05PM ET,TEX,22.4
5103909072,MLB $300 Dime Time [Just $0.10!],189399907,$0.10 ,Dylan Cease (42502383),Cade Horton (42502391),Liam Hicks (42502545),Sal Stewart (42502469),Kody Clemens (42502537),Kevin McGonigle (42502459),Corey Seager (42502436),Aaron Judge (42502405),Andy Pages (42502474),Joc Pederson (42502669),,SP,Jacob deGrom (42502864),Jacob deGrom,42502864,P,8800,CIN@TEX 04/03/2026 04:05PM ET,TEX,14.9
5103909073,MLB $300 Dime Time [Just $0.10!],189399907,$0.10 ,Dylan Cease (42502383),Cade Horton (42502391),Liam Hicks (42502545),Shohei Ohtani (42502403),Kody Clemens (42502537),Sal Stewart (42502469),Trevor Story (42502463),Aaron Judge (42502405),Joc Pederson (42502669),Thomas Saggese (42502702),,SP,Nathan Eovaldi (42502865),Nathan Eovaldi,42502865,P,8800,CIN@TEX 04/03/2026 04:05PM ET,TEX,5.05
5103909074,MLB $300 Dime Time [Just $0.10!],189399907,$0.10 ,Framber Valdez (42502384),MacKenzie Gore (42502385),Will Smith (42502448),Shohei Ohtani (42502403),Luis Garcia Jr. (42502577),Sal Stewart (42502469),Kevin McGonigle (42502459),George Springer (42502413),Dylan Beavers (42502659),Joc Pederson (42502669),,SP,Shane McClanahan (42502866),Shane McClanahan,42502866,P,8700,TB@MIN 04/03/2026 04:10PM ET,TB,11.5
5103909075,MLB $300 Dime Time [Just $0.10!],189399907,$0.10 ,Framber Valdez (42502384),MacKenzie Gore (42502385),Will Smith (42502448),Yandy Diaz (42502428),Xavier Edwards (42502468),Sal Stewart (42502469),Kevin McGonigle (42502459),Joc Pederson (42502669),Shohei Ohtani (42502403),Thomas Saggese (42502702),,SP,Joe Ryan (42502867),Joe Ryan,42502867,P,8700,TB@MIN 04/03/2026 04:10PM ET,MIN,11.6
5103909076,MLB $300 Dime Time [Just $0.10!],189399907,$0.10 ,Framber Valdez (42502384),MacKenzie Gore (42502385),Agustin Ramirez (42502455),Sal Stewart (42502469),Xavier Edwards (42502468),Kevin McGonigle (42502459),Corey Seager (42502436),Dylan Beavers (42502659),Joc Pederson (42502669),Shohei Ohtani (42502403),,SP,Pablo Lopez (42502871),Pablo Lopez,42502871,P,8700,TB@MIN 04/03/2026 04:10PM ET,MIN,0
5103909077,MLB $300 Dime Time [Just $0.10!],189399907,$0.10 ,Framber Valdez (42502384),MacKenzie Gore (42502385),Will Smith (42502448),Ben Rice (42502433),Xavier Edwards (42502468),Yandy Diaz (42502428),Corey Seager (42502436),George Springer (42502413),Joc Pederson (42502669),Dane Myers (42502679),,SP,Max Fried (42502868),Max Fried,42502868,P,8700,MIA@NYY 04/03/2026 01:35PM ET,NYY,26.3
5103909078,MLB $300 Dime Time [Just $0.10!],189399907,$0.10 ,Framber Valdez (42502384),MacKenzie Gore (42502385),Agustin Ramirez (42502455),Jonathan Aranda (42502443),Xavier Edwards (42502468),Kevin McGonigle (42502459),Corey Seager (42502436),Aaron Judge (42502405),Joc Pederson (42502669),Dane Myers (42502679),,SP,Gerrit Cole (42502869),Gerrit Cole,42502869,P,8700,MIA@NYY 04/03/2026 01:35PM ET,NYY,0
5103909079,MLB $300 Dime Time [Just $0.10!],189399907,$0.10 ,Framber Valdez (42502384),MacKenzie Gore (42502385),Will Smith (42502448),Ben Rice (42502433),Brandon Lowe (42502442),Yandy Diaz (42502428),Kevin McGonigle (42502459),Fernando Tatis Jr. (42502414),Joc Pederson (42502669),Dane Myers (42502679),,SP,Cam Schlittler (42502870),Cam Schlittler,42502870,P,8700,MIA@NYY 04/03/2026 01:35PM ET,NYY,31.22
5103909080,MLB $300 Dime Time [Just $0.10!],189399907,$0.10 ,Framber Valdez (42502384),MacKenzie Gore (42502385),Will Smith (42502448),Ben Rice (42502433),Luis Garcia Jr. (42502577),Yandy Diaz (42502428),Corey Seager (42502436),Aaron Judge (42502405),Dylan Beavers (42502659),Dane Myers (42502679),,SP,Hunter Greene (42502876),Hunter Greene,42502876,P,8600,CIN@TEX 04/03/2026 04:05PM ET,CIN,0
5103909081,MLB $300 Dime Time [Just $0.10!],189399907,$0.10 ,Framber Valdez (42502384),MacKenzie Gore (42502385),Agustin Ramirez (42502455),Ben Rice (42502433),Xavier Edwards (42502468),Yandy Diaz (42502428),Corey Seager (42502436),Fernando Tatis Jr. (42502414),Dylan Beavers (42502659),Dane Myers (42502679),,SP,Chase Burns (42502877),Chase Burns,42502877,P,8600,CIN@TEX 04/03/2026 04:05PM ET,CIN,26.85
5103909082,MLB $300 Dime Time [Just $0.10!],189399907,$0.10 ,Framber Valdez (42502384),MacKenzie Gore (42502385),Will Smith (42502448),Ben Rice (42502433),Brandon Lowe (42502442),Kevin McGonigle (42502459),Corey Seager (42502436),George Springer (42502413),Dylan Beavers (42502659),Dane Myers (42502679),,SP,Aaron Nola (42502386),Aaron Nola,42502386,P,8600,PHI@COL 04/03/2026 04:10PM ET,PHI,15.05
5103909083,MLB $300 Dime Time [Just $0.10!],189399907,$0.10 ,Framber Valdez (42502384),MacKenzie Gore (42502385),Will Smith (42502448),Jonathan Aranda (42502443),Luis Garcia Jr. (42502577),Yandy Diaz (42502428),Corey Seager (42502436),George Springer (42502413),Trent Grisham (42502504),Dane Myers (42502679),,SP,Jesus Luzardo (42502872),Jesus Luzardo,42502872,P,8600,PHI@COL 04/03/2026 04:10PM ET,PHI,11.3
5103909084,MLB $300 Dime Time [Just $0.10!],189399907,$0.10 ,Framber Valdez (42502384),MacKenzie Gore (42502385),Will Smith (42502448),Josh Bell (42502518),Xavier Edwards (42502468),Yandy Diaz (42502428),Corey Seager (42502436),Fernando Tatis Jr. (42502414),Trent Grisham (42502504),Dane Myers (42502679),,SP,Zack Wheeler (42502873),Zack Wheeler,42502873,P,8600,PHI@COL 04/03/2026 04:10PM ET,PHI,0
5103909085,MLB $300 Dime Time [Just $0.10!],189399907,$0.10 ,Framber Valdez (42502384),MacKenzie Gore (42502385),Agustin Ramirez (42502455),Ben Rice (42502433),Luis Garcia Jr. (42502577),Yandy Diaz (42502428),Corey Seager (42502436),Fernando Tatis Jr. (42502414),Ramon Laureano (42502479),Thomas Saggese (42502702),,SP,Cristopher Sanchez (42502874),Cristopher Sanchez,42502874,P,8600,PHI@COL 04/03/2026 04:10PM ET,PHI,27.45
5103909086,MLB $300 Dime Time [Just $0.10!],189399907,$0.10 ,Dylan Cease (42502383),Cade Horton (42502391),Liam Hicks (42502545),Sal Stewart (42502469),Kody Clemens (42502537),Kevin McGonigle (42502459),Corey Seager (42502436),Giancarlo Stanton (42502452),Shohei Ohtani (42502403),Thomas Saggese (42502702),,SP,Andrew Painter (42502875),Andrew Painter,42502875,P,8600,PHI@COL 04/03/2026 04:10PM ET,PHI,27
5103909087,MLB $300 Dime Time [Just $0.10!],189399907,$0.10 ,Dylan Cease (42502383),Cade Horton (42502391),Liam Hicks (42502545),Shohei Ohtani (42502403),Kody Clemens (42502537),Sal Stewart (42502469),Corey Seager (42502436),George Springer (42502413),Joc Pederson (42502669),Dane Myers (42502679),,SP,Sonny Gray (42502387),Sonny Gray,42502387,P,8500,SD@BOS 04/03/2026 02:10PM ET,BOS,8.8
5103909088,MLB $300 Dime Time [Just $0.10!],189399907,$0.10 ,Dylan Cease (42502383),Cade Horton (42502391),Liam Hicks (42502545),Shohei Ohtani (42502403),Kody Clemens (42502537),Yandy Diaz (42502428),Kevin McGonigle (42502459),Fernando Tatis Jr. (42502414),Joc Pederson (42502669),Dane Myers (42502679),,SP,Ranger Suarez (42502879),Ranger Suarez,42502879,P,8500,SD@BOS 04/03/2026 02:10PM ET,BOS,2.95
5103909037,MLB $100 Dime Time [Just $0.10!],189399997,$0.10 ,Dylan Cease (42502383),Cade Horton (42502391),Liam Hicks (42502545),Sal Stewart (42502469),Kody Clemens (42502537),Kevin McGonigle (42502459),Luisangel Acuna (42502677),Aaron Judge (42502405),Dane Myers (42502679),Shohei Ohtani (42502403),,RP,Bubba Chandler (42502878),Bubba Chandler,42502878,P,8500,BAL@PIT 04/03/2026 04:12PM ET,PIT,18.15
5103909038,MLB $100 Dime Time [Just $0.10!],189399997,$0.10 ,Dylan Cease (42502383),Cade Horton (42502391),Liam Hicks (42502545),Sal Stewart (42502469),Kody Clemens (42502537),Kevin McGonigle (42502459),Corey Seager (42502436),Aaron Judge (42502405),Andy Pages (42502474),Joc Pederson (42502669),,SP,Trey Yesavage (42502880),Trey Yesavage,42502880,P,8400,TOR@CWS 04/03/2026 02:10PM ET,TOR,0
5103909039,MLB $100 Dime Time [Just $0.10!],189399997,$0.10 ,Dylan Cease (42502383),Cade Horton (42502391),Liam Hicks (42502545),Shohei Ohtani (42502403),Kody Clemens (42502537),Sal Stewart (42502469),Trevor Story (42502463),Aaron Judge (42502405),Joc Pederson (42502669),Thomas Saggese (42502702),,SP,Cody Ponce (42502881),Cody Ponce,42502881,P,8400,TOR@CWS 04/03/2026 02:10PM ET,TOR,8.05
5103909040,MLB $100 Dime Time [Just $0.10!],189399997,$0.10 ,Dylan Cease (42502383),Cade Horton (42502391),Liam Hicks (42502545),Sal Stewart (42502469),Kody Clemens (42502537),Kevin McGonigle (42502459),Corey Seager (42502436),Giancarlo Stanton (42502452),Shohei Ohtani (42502403),Thomas Saggese (42502702),,SP,Max Scherzer (42502882),Max Scherzer,42502882,P,8400,TOR@CWS 04/03/2026 02:10PM ET,TOR,20.5
5103909041,MLB $100 Dime Time [Just $0.10!],189399997,$0.10 ,Dylan Cease (42502383),Cade Horton (42502391),Liam Hicks (42502545),Shohei Ohtani (42502403),Kody Clemens (42502537),Sal Stewart (42502469),Corey Seager (42502436),George Springer (42502413),Joc Pederson (42502669),Dane Myers (42502679),,SP,Jose Berrios (42502883),Jose Berrios,42502883,P,8400,TOR@CWS 04/03/2026 02:10PM ET,TOR,0
5103909042,MLB $100 Dime Time [Just $0.10!],189399997,$0.10 ,Dylan Cease (42502383),Cade Horton (42502391),Liam Hicks (42502545),Shohei Ohtani (42502403),Kody Clemens (42502537),Yandy Diaz (42502428),Kevin McGonigle (42502459),Fernando Tatis Jr. (42502414),Joc Pederson (42502669),Dane Myers (42502679),,SP,Tyler Glasnow (42502884),Tyler Glasnow,42502884,P,8300,LAD@WSH 04/03/2026 01:05PM ET,LAD,18.5
5103909043,MLB $100 Dime Time [Just $0.10!],189399997,$0.10 ,Dylan Cease (42502383),Cade Horton (42502391),Liam Hicks (42502545),Sal Stewart (42502469),Kody Clemens (42502537),Kevin McGonigle (42502459),Luisangel Acuna (42502677),Aaron Judge (42502405),Dane Myers (42502679),Shohei Ohtani (42502403),,SP,Roki Sasaki (42502885),Roki Sasaki,42502885,P,8300,LAD@WSH 04/03/2026 01:05PM ET,LAD,11.4
5103909044,MLB $100 Dime Time [Just $0.10!],189399997,$0.10 ,Dylan Cease (42502383),Cade Horton (42502391),Liam Hicks (42502545),Sal Stewart (42502469),Kody Clemens (42502537),Kevin McGonigle (42502459),Corey Seager (42502436),Aaron Judge (42502405),Andy Pages (42502474),Joc Pederson (42502669),,SP,Kyle Bradish (42502388),Kyle Bradish,42502388,P,8300,BAL@PIT 04/03/2026 04:12PM ET,BAL,11.5
5103909045,MLB $100 Dime Time [Just $0.10!],189399997,$0.10 ,Dylan Cease (42502383),Cade Horton (42502391),Liam Hicks (42502545),Shohei Ohtani (42502403),Kody Clemens (42502537),Sal Stewart (42502469),Trevor Story (42502463),Aaron Judge (42502405),Joc Pederson (42502669),Thomas Saggese (42502702),,SP,Shane Baz (42502886),Shane Baz,42502886,P,8300,BAL@PIT 04/03/2026 04:12PM ET,BAL,7.2
5103909046,MLB $100 Dime Time [Just $0.10!],189399997,$0.10 ,Dylan Cease (42502383),Cade Horton (42502391),Liam Hicks (42502545),Sal Stewart (42502469),Kody Clemens (42502537),Kevin McGonigle (42502459),Corey Seager (42502436),Giancarlo Stanton (42502452),Shohei Ohtani (42502403),Thomas Saggese (42502702),,SP,Trevor Rogers (42502887),Trevor Rogers,42502887,P,8300,BAL@PIT 04/03/2026 04:12PM ET,BAL,20.12
5103909047,MLB $100 Dime Time [Just $0.10!],189399997,$0.10 ,Dylan Cease (42502383),Cade Horton (42502391),Liam Hicks (42502545),Shohei Ohtani (42502403),Kody Clemens (42502537),Sal Stewart (42502469),Corey Seager (42502436),George Springer (42502413),Joc Pederson (42502669),Dane Myers (42502679),,SP,Chris Bassitt (42502888),Chris Bassitt,42502888,P,8300,BAL@PIT 04/03/2026 04:12PM ET,BAL,1.15
5103909048,MLB $100 Dime Time [Just $0.10!],189399997,$0.10 ,Dylan Cease (42502383),Cade Horton (42502391),Liam Hicks (42502545),Shohei Ohtani (42502403),Kody Clemens (42502537),Yandy Diaz (42502428),Kevin McGonigle (42502459),Fernando Tatis Jr. (42502414),Joc Pederson (42502669),Dane Myers (42502679),,SP,Zach Eflin (42502889),Zach Eflin,42502889,P,8300,BAL@PIT 04/03/2026 04:12PM ET,BAL,16.65
5103909049,MLB $100 Dime Time [Just $0.10!],189399997,$0.10 ,Dylan Cease (42502383),Cade Horton (42502391),Liam Hicks (42502545),Sal Stewart (42502469),Kody Clemens (42502537),Kevin McGonigle (42502459),Luisangel Acuna (42502677),Aaron Judge (42502405),Dane Myers (42502679),Shohei Ohtani (42502403),,SP,Michael King (42502389),Michael King,42502389,P,8200,SD@BOS 04/03/2026 02:10PM ET,SD,19.65
5103909050,MLB $100 Dime Time [Just $0.10!],189399997,$0.10 ,Dylan Cease (42502383),Cade Horton (42502391),Liam Hicks (42502545),Sal Stewart (42502469),Kody Clemens (42502537),Kevin McGonigle (42502459),Corey Seager (42502436),Aaron Judge (42502405),Andy Pages (42502474),Joc Pederson (42502669),,SP,Nick Pivetta (42502890),Nick Pivetta,42502890,P,8200,SD@BOS 04/03/2026 02:10PM ET,SD,13.1
5103909051,MLB $100 Dime Time [Just $0.10!],189399997,$0.10 ,Dylan Cease (42502383),Cade Horton (42502391),Liam Hicks (42502545),Shohei Ohtani (42502403),Kody Clemens (42502537),Sal Stewart (42502469),Trevor Story (42502463),Aaron Judge (42502405),Joc Pederson (42502669),Thomas Saggese (42502702),,SP,Joe Musgrove (42502891),Joe Musgrove,42502891,P,8200,SD@BOS 04/03/2026 02:10PM ET,SD,0
5103909052,MLB $100 Dime Time [Just $0.10!],189399997,$0.10 ,Framber Valdez (42502384),MacKenzie Gore (42502385),Will Smith (42502448),Shohei Ohtani (42502403),Luis Garcia Jr. (42502577),Sal Stewart (42502469),Kevin McGonigle (42502459),George Springer (42502413),Dylan Beavers (42502659),Joc Pederson (42502669),,SP,Eury Perez (42502390),Eury Perez,42502390,P,8100,MIA@NYY 04/03/2026 01:35PM ET,MIA,22.15
5103909053,MLB $100 Dime Time [Just $0.10!],189399997,$0.10 ,Framber Valdez (42502384),MacKenzie Gore (42502385),Will Smith (42502448),Yandy Diaz (42502428),Xavier Edwards (42502468),Sal Stewart (42502469),Kevin McGonigle (42502459),Joc Pederson (42502669),Shohei Ohtani (42502403),Thomas Saggese (42502702),,SP,Max Meyer (42502892),Max Meyer,42502892,P,8100,MIA@NYY 04/03/2026 01:35PM ET,MIA,11.05
5103909054,MLB $100 Dime Time [Just $0.10!],189399997,$0.10 ,Framber Valdez (42502384),MacKenzie Gore (42502385),Agustin Ramirez (42502455),Sal Stewart (42502469),Xavier Edwards (42502468),Kevin McGonigle (42502459),Corey Seager (42502436),Dylan Beavers (42502659),Joc Pederson (42502669),Shohei Ohtani (42502403),,SP,Chris Paddack (42502893),Chris Paddack,42502893,P,8100,MIA@NYY 04/03/2026 01:35PM ET,MIA,-0.4
5103909055,MLB $100 Dime Time [Just $0.10!],189399997,$0.10 ,Framber Valdez (42502384),MacKenzie Gore (42502385),Will Smith (42502448),Ben Rice (42502433),Xavier Edwards (42502468),Yandy Diaz (42502428),Corey Seager (42502436),George Springer (42502413),Joc Pederson (42502669),Dane Myers (42502679),,SP,Sandy Alcantara (42502894),Sandy Alcantara,42502894,P,8100,MIA@NYY 04/03/2026 01:35PM ET,MIA,33.5
5103909056,MLB $100 Dime Time [Just $0.10!],189399997,$0.10 ,Framber Valdez (42502384),MacKenzie Gore (42502385),Agustin Ramirez (42502455),Jonathan Aranda (42502443),Xavier Edwards (42502468),Kevin McGonigle (42502459),Corey Seager (42502436),Aaron Judge (42502405),Joc Pederson (42502669),Dane Myers (42502679),,SP,Cade Horton (42502391),Cade Horton,42502391,P,8000,CHC@CLE 04/03/2026 04:10PM ET,CHC,19.25
,,,,,,,,,,,,,,,SP,Edward Cabrera (42502895),Edward Cabrera,42502895,P,8000,CHC@CLE 04/03/2026 04:10PM ET,CHC,26.3
,,,,,,,,,,,,,,,SP,Shota Imanaga (42502896),Shota Imanaga,42502896,P,8000,CHC@CLE 04/03/2026 04:10PM ET,CHC,12.45
,,,,,,,,,,,,,,,SP,Justin Steele (42502897),Justin Steele,42502897,P,8000,CHC@CLE 04/03/2026 04:10PM ET,CHC,0
,,,,,,,,,,,,,,,SP,Jack Flaherty (42502900),Jack Flaherty,42502900,P,7900,STL@DET 04/03/2026 01:10PM ET,DET,4.95
,,,,,,,,,,,,,,,SP,Reese Olson (42502901),Reese Olson,42502901,P,7900,STL@DET 04/03/2026 01:10PM ET,DET,0
,,,,,,,,,,,,,,,SP,Justin Verlander (42502902),Justin Verlander,42502902,P,7900,STL@DET 04/03/2026 01:10PM ET,DET,-4.55
,,,,,,,,,,,,,,,SP,Casey Mize (42502903),Casey Mize,42502903,P,7900,STL@DET 04/03/2026 01:10PM ET,DET,25.9
,,,,,,,,,,,,,,,RP,Eric Lauer (42502898),Eric Lauer,42502898,P,7900,TOR@CWS 04/03/2026 02:10PM ET,TOR,27.6
,,,,,,,,,,,,,,,SP,Shane Bieber (42502899),Shane Bieber,42502899,P,7900,TOR@CWS 04/03/2026 02:10PM ET,TOR,0
,,,,,,,,,,,,,,,SP,Jack Leiter (42502906),Jack Leiter,42502906,P,7800,CIN@TEX 04/03/2026 04:05PM ET,TEX,25.9
,,,,,,,,,,,,,,,SP,Parker Messick (42502904),Parker Messick,42502904,P,7800,CHC@CLE 04/03/2026 04:10PM ET,CLE,24.5
,,,,,,,,,,,,,,,SP,Tanner Bibee (42502905),Tanner Bibee,42502905,P,7800,CHC@CLE 04/03/2026 04:10PM ET,CLE,13.52
,,,,,,,,,,,,,,,SP,Zebby Matthews (42502908),Zebby Matthews,42502908,P,7700,TB@MIN 04/03/2026 04:10PM ET,MIN,0
,,,,,,,,,,,,,,,SP,Taj Bradley (42502909),Taj Bradley,42502909,P,7700,TB@MIN 04/03/2026 04:10PM ET,MIN,21.02
,,,,,,,,,,,,,,,SP,Will Warren (42502392),Will Warren,42502392,P,7700,MIA@NYY 04/03/2026 01:35PM ET,NYY,9.55
,,,,,,,,,,,,,,,SP,Carlos Rodon (42502907),Carlos Rodon,42502907,P,7700,MIA@NYY 04/03/2026 01:35PM ET,NYY,0
,,,,,,,,,,,,,,,SP,Clarke Schmidt (42502910),Clarke Schmidt,42502910,P,7700,MIA@NYY 04/03/2026 01:35PM ET,NYY,0
,,,,,,,,,,,,,,,SP,Luis Gil (42502911),Luis Gil,42502911,P,7700,MIA@NYY 04/03/2026 01:35PM ET,NYY,0
,,,,,,,,,,,,,,,SP,Brady Singer (42502393),Brady Singer,42502393,P,7600,CIN@TEX 04/03/2026 04:05PM ET,CIN,8.2
,,,,,,,,,,,,,,,SP,Andrew Abbott (42502912),Andrew Abbott,42502912,P,7600,CIN@TEX 04/03/2026 04:05PM ET,CIN,13.32
,,,,,,,,,,,,,,,SP,Nick Lodolo (42502913),Nick Lodolo,42502913,P,7600,CIN@TEX 04/03/2026 04:05PM ET,CIN,0
,,,,,,,,,,,,,,,SP,Connelly Early (42502914),Connelly Early,42502914,P,7500,SD@BOS 04/03/2026 02:10PM ET,BOS,17.8
,,,,,,,,,,,,,,,SP,Brayan Bello (42502915),Brayan Bello,42502915,P,7500,SD@BOS 04/03/2026 02:10PM ET,BOS,-2.1
,,,,,,,,,,,,,,,SP,Mitch Keller (42502394),Mitch Keller,42502394,P,7500,BAL@PIT 04/03/2026 04:12PM ET,PIT,17.7
,,,,,,,,,,,,,,,RP,Braxton Ashcraft (42502916),Braxton Ashcraft,42502916,P,7500,BAL@PIT 04/03/2026 04:12PM ET,PIT,10.7
,,,,,,,,,,,,,,,SP,Jared Jones (42502917),Jared Jones,42502917,P,7500,BAL@PIT 04/03/2026 04:12PM ET,PIT,0
,,,,,,,,,,,,,,,SP,Emmet Sheehan (42502395),Emmet Sheehan,42502395,P,7300,LAD@WSH 04/03/2026 01:05PM ET,LAD,7.3
,,,,,,,,,,,,,,,SP,Gavin Stone (42502918),Gavin Stone,42502918,P,7300,LAD@WSH 04/03/2026 01:05PM ET,LAD,0
,,,,,,,,,,,,,,,SP,River Ryan (42502919),River Ryan,42502919,P,7300,LAD@WSH 04/03/2026 01:05PM ET,LAD,0
,,,,,,,,,,,,,,,SP,Bobby Miller (42502920),Bobby Miller,42502920,P,7300,LAD@WSH 04/03/2026 01:05PM ET,LAD,0
,,,,,,,,,,,,,,,SP,Davis Martin (42502921),Davis Martin,42502921,P,7300,TOR@CWS 04/03/2026 02:10PM ET,CWS,16.45
,,,,,,,,,,,,,,,SP,Michael McGreevy (42502396),Michael McGreevy,42502396,P,7200,STL@DET 04/03/2026 01:10PM ET,STL,22.3
,,,,,,,,,,,,,,,RP,Andre Pallante (42502922),Andre Pallante,42502922,P,7200,STL@DET 04/03/2026 01:10PM ET,STL,17.65
,,,,,,,,,,,,,,,RP,Matthew Liberatore (42502923),Matthew Liberatore,42502923,P,7200,STL@DET 04/03/2026 01:10PM ET,STL,10.48
,,,,,,,,,,,,,,,SP,Randy Vasquez (42502924),Randy Vasquez,42502924,P,7200,SD@BOS 04/03/2026 02:10PM ET,SD,30.5
,,,,,,,,,,,,,,,SP,Jake Irvin (42502926),Jake Irvin,42502926,P,7000,LAD@WSH 04/03/2026 01:05PM ET,WSH,22.85
,,,,,,,,,,,,,,,SP,Foster Griffin (42502929),Foster Griffin,42502929,P,7000,LAD@WSH 04/03/2026 01:05PM ET,WSH,17.65
,,,,,,,,,,,,,,,SP,Joe Boyle (42502397),Joe Boyle,42502397,P,7000,TB@MIN 04/03/2026 04:10PM ET,TB,15.7
,,,,,,,,,,,,,,,SP,Ryan Pepiot (42502925),Ryan Pepiot,42502925,P,7000,TB@MIN 04/03/2026 04:10PM ET,TB,0
,,,,,,,,,,,,,,,SP,Steven Matz (42502930),Steven Matz,42502930,P,7000,TB@MIN 04/03/2026 04:10PM ET,TB,7.05
,,,,,,,,,,,,,,,RP,Nick Martinez (42502931),Nick Martinez,42502931,P,7000,TB@MIN 04/03/2026 04:10PM ET,TB,11.9
,,,,,,,,,,,,,,,SP,Drew Rasmussen (42502932),Drew Rasmussen,42502932,P,7000,TB@MIN 04/03/2026 04:10PM ET,TB,17.15
,,,,,,,,,,,,,,,RP,Ian Seymour (42502933),Ian Seymour,42502933,P,7000,TB@MIN 04/03/2026 04:10PM ET,TB,-0.73
,,,,,,,,,,,,,,,SP,Matthew Boyd (42502927),Matthew Boyd,42502927,P,7000,CHC@CLE 04/03/2026 04:10PM ET,CHC,19.2
,,,,,,,,,,,,,,,SP,Jameson Taillon (42502928),Jameson Taillon,42502928,P,7000,CHC@CLE 04/03/2026 04:10PM ET,CHC,12.9
,,,,,,,,,,,,,,,SP,Jackson Jobe (42502934),Jackson Jobe,42502934,P,6900,STL@DET 04/03/2026 01:10PM ET,DET,0
,,,,,,,,,,,,,,,SP,Troy Melton (42502935),Troy Melton,42502935,P,6900,STL@DET 04/03/2026 01:10PM ET,DET,0
,,,,,,,,,,,,,,,SP,Keider Montero (42502936),Keider Montero,42502936,P,6900,STL@DET 04/03/2026 01:10PM ET,DET,0
,,,,,,,,,,,,,,,SP,Kumar Rocker (42502941),Kumar Rocker,42502941,P,6800,CIN@TEX 04/03/2026 04:05PM ET,TEX,0
,,,,,,,,,,,,,,,RP,Cody Bradford (42502942),Cody Bradford,42502942,P,6800,CIN@TEX 04/03/2026 04:05PM ET,TEX,0
,,,,,,,,,,,,,,,SP,Jordan Montgomery (42502943),Jordan Montgomery,42502943,P,6800,CIN@TEX 04/03/2026 04:05PM ET,TEX,0
,,,,,,,,,,,,,,,RP,Jacob Latz (42502944),Jacob Latz,42502944,P,6800,CIN@TEX 04/03/2026 04:05PM ET,TEX,8.32
,,,,,,,,,,,,,,,RP,Jakob Junis (42502945),Jakob Junis,42502945,P,6800,CIN@TEX 04/03/2026 04:05PM ET,TEX,4.8
,,,,,,,,,,,,,,,SP,Joey Cantillo (42502398),Joey Cantillo,42502398,P,6800,CHC@CLE 04/03/2026 04:10PM ET,CLE,10.05
,,,,,,,,,,,,,,,SP,Slade Cecconi (42502937),Slade Cecconi,42502937,P,6800,CHC@CLE 04/03/2026 04:10PM ET,CLE,1.15
,,,,,,,,,,,,,,,RP,Kolby Allard (42502938),Kolby Allard,42502938,P,6800,CHC@CLE 04/03/2026 04:10PM ET,CLE,12.2
,,,,,,,,,,,,,,,SP,Logan Allen (42502939),Logan Allen,42502939,P,6800,CHC@CLE 04/03/2026 04:10PM ET,CLE,0
,,,,,,,,,,,,,,,SP,Gavin Williams (42502940),Gavin Williams,42502940,P,6800,CHC@CLE 04/03/2026 04:10PM ET,CLE,25.6
,,,,,,,,,,,,,,,RP,Ben Brown (42502946),Ben Brown,42502946,P,6800,CHC@CLE 04/03/2026 04:10PM ET,CHC,11.7
,,,,,,,,,,,,,,,SP,Javier Assad (42502947),Javier Assad,42502947,P,6800,CHC@CLE 04/03/2026 04:10PM ET,CHC,0
,,,,,,,,,,,,,,,SP,Bailey Ober (42502399),Bailey Ober,42502399,P,6700,TB@MIN 04/03/2026 04:10PM ET,MIN,2
,,,,,,,,,,,,,,,SP,Marco Raya (42502948),Marco Raya,42502948,P,6700,TB@MIN 04/03/2026 04:10PM ET,MIN,0
,,,,,,,,,,,,,,,SP,Mick Abel (42502949),Mick Abel,42502949,P,6700,TB@MIN 04/03/2026 04:10PM ET,MIN,-1.7
,,,,,,,,,,,,,,,RP,Matt Bowman (42502950),Matt Bowman,42502950,P,6700,TB@MIN 04/03/2026 04:10PM ET,MIN,0
,,,,,,,,,,,,,,,SP,Simeon Woods Richardson (42502951),Simeon Woods Richardson,42502951,P,6700,TB@MIN 04/03/2026 04:10PM ET,MIN,7.65
,,,,,,,,,,,,,,,SP,David Festa (42502952),David Festa,42502952,P,6700,TB@MIN 04/03/2026 04:10PM ET,MIN,0
,,,,,,,,,,,,,,,SP,Rhett Lowder (42502958),Rhett Lowder,42502958,P,6600,CIN@TEX 04/03/2026 04:05PM ET,CIN,14.25
,,,,,,,,,,,,,,,SP,Chase Petty (42502959),Chase Petty,42502959,P,6600,CIN@TEX 04/03/2026 04:05PM ET,CIN,0
,,,,,,,,,,,,,,,SP,Michael Lorenzen (42502400),Michael Lorenzen,42502400,P,6600,PHI@COL 04/03/2026 04:10PM ET,COL,6.35
,,,,,,,,,,,,,,,SP,Yoniel Curet (42502953),Yoniel Curet,42502953,P,6600,PHI@COL 04/03/2026 04:10PM ET,PHI,0
,,,,,,,,,,,,,,,SP,Alex McFarlane (42502954),Alex McFarlane,42502954,P,6600,PHI@COL 04/03/2026 04:10PM ET,PHI,0
,,,,,,,,,,,,,,,RP,Seth Johnson (42502955),Seth Johnson,42502955,P,6600,PHI@COL 04/03/2026 04:10PM ET,PHI,0
,,,,,,,,,,,,,,,RP,Jonathan Bowlan (42502956),Jonathan Bowlan,42502956,P,6600,PHI@COL 04/03/2026 04:10PM ET,PHI,0.38
,,,,,,,,,,,,,,,SP,Taijuan Walker (42502957),Taijuan Walker,42502957,P,6600,PHI@COL 04/03/2026 04:10PM ET,PHI,-5.3
,,,,,,,,,,,,,,,SP,Ryan Feltner (42502960),Ryan Feltner,42502960,P,6600,PHI@COL 04/03/2026 04:10PM ET,COL,13.55
,,,,,,,,,,,,,,,SP,Tomoyuki Sugano (42502961),Tomoyuki Sugano,42502961,P,6600,PHI@COL 04/03/2026 04:10PM ET,COL,14.1
,,,,,,,,,,,,,,,SP,Kyle Freeland (42502962),Kyle Freeland,42502962,P,6600,PHI@COL 04/03/2026 04:10PM ET,COL,10.7
,,,,,,,,,,,,,,,1B/OF,Shohei Ohtani (42502403),Shohei Ohtani,42502403,1B/OF,6500,LAD@WSH 04/03/2026 01:05PM ET,LAD,4.83
,,,,,,,,,,,,,,,SP,Tanner Houck (42502963),Tanner Houck,42502963,P,6500,SD@BOS 04/03/2026 02:10PM ET,BOS,0
,,,,,,,,,,,,,,,SP,Kutter Crawford (42502964),Kutter Crawford,42502964,P,6500,SD@BOS 04/03/2026 02:10PM ET,BOS,0
,,,,,,,,,,,,,,,SP,Patrick Sandoval (42502965),Patrick Sandoval,42502965,P,6500,SD@BOS 04/03/2026 02:10PM ET,BOS,0
,,,,,,,,,,,,,,,SP,Payton Tolle (42502966),Payton Tolle,42502966,P,6500,SD@BOS 04/03/2026 02:10PM ET,BOS,0
,,,,,,,,,,,,,,,SP,Johan Oviedo (42502967),Johan Oviedo,42502967,P,6500,SD@BOS 04/03/2026 02:10PM ET,BOS,1.45
,,,,,,,,,,,,,,,SP,Antwone Kelly (42502968),Antwone Kelly,42502968,P,6500,BAL@PIT 04/03/2026 04:12PM ET,PIT,0
,,,,,,,,,,,,,,,SP,Jose Urquidy (42502969),Jose Urquidy,42502969,P,6500,BAL@PIT 04/03/2026 04:12PM ET,PIT,1.05
,,,,,,,,,,,,,,,SP,Hunter Barco (42502970),Hunter Barco,42502970,P,6500,BAL@PIT 04/03/2026 04:12PM ET,PIT,-0.62
,,,,,,,,,,,,,,,SP,Thomas Harrington (42502971),Thomas Harrington,42502971,P,6500,BAL@PIT 04/03/2026 04:12PM ET,PIT,0
,,,,,,,,,,,,,,,RP,Carmen Mlodzinski (42502972),Carmen Mlodzinski,42502972,P,6500,BAL@PIT 04/03/2026 04:12PM ET,PIT,18.15
,,,,,,,,,,,,,,,OF,Aaron Judge (42502405),Aaron Judge,42502405,OF,6400,MIA@NYY 04/03/2026 01:35PM ET,NYY,5.83
,,,,,,,,,,,,,,,SP,Landon Knack (42502983),Landon Knack,42502983,P,6300,LAD@WSH 04/03/2026 01:05PM ET,LAD,0
,,,,,,,,,,,,,,,SP,Justin Wrobleski (42502984),Justin Wrobleski,42502984,P,6300,LAD@WSH 04/03/2026 01:05PM ET,LAD,4
,,,,,,,,,,,,,,,SP,Tyler Wells (42502980),Tyler Wells,42502980,P,6300,BAL@PIT 04/03/2026 04:12PM ET,BAL,1.07
,,,,,,,,,,,,,,,RP,Dietrich Enns (42502981),Dietrich Enns,42502981,P,6300,BAL@PIT 04/03/2026 04:12PM ET,BAL,6.85
,,,,,,,,,,,,,,,SP,Dean Kremer (42502982),Dean Kremer,42502982,P,6300,BAL@PIT 04/03/2026 04:12PM ET,BAL,0
,,,,,,,,,,,,,,,SP,Brandon Young (42502985),Brandon Young,42502985,P,6300,BAL@PIT 04/03/2026 04:12PM ET,BAL,0
,,,,,,,,,,,,,,,SP,Cade Povich (42502986),Cade Povich,42502986,P,6300,BAL@PIT 04/03/2026 04:12PM ET,BAL,0
,,,,,,,,,,,,,,,SP,Chayce McDermott (42502987),Chayce McDermott,42502987,P,6300,BAL@PIT 04/03/2026 04:12PM ET,BAL,0
,,,,,,,,,,,,,,,RP,Albert Suarez (42502988),Albert Suarez,42502988,P,6300,BAL@PIT 04/03/2026 04:12PM ET,BAL,6.95
,,,,,,,,,,,,,,,SP,Sean Burke (42502401),Sean Burke,42502401,P,6300,TOR@CWS 04/03/2026 02:10PM ET,CWS,8.2
,,,,,,,,,,,,,,,SP,Drew Thorpe (42502973),Drew Thorpe,42502973,P,6300,TOR@CWS 04/03/2026 02:10PM ET,CWS,0
,,,,,,,,,,,,,,,RP,Sean Newcomb (42502974),Sean Newcomb,42502974,P,6300,TOR@CWS 04/03/2026 02:10PM ET,CWS,6.22
,,,,,,,,,,,,,,,SP,Jonathan Cannon (42502975),Jonathan Cannon,42502975,P,6300,TOR@CWS 04/03/2026 02:10PM ET,CWS,0
,,,,,,,,,,,,,,,RP,Mike Vasil (42502976),Mike Vasil,42502976,P,6300,TOR@CWS 04/03/2026 02:10PM ET,CWS,0
,,,,,,,,,,,,,,,RP,Anthony Kay (42502977),Anthony Kay,42502977,P,6300,TOR@CWS 04/03/2026 02:10PM ET,CWS,12.3
,,,,,,,,,,,,,,,RP,Shane Smith (42502978),Shane Smith,42502978,P,6300,TOR@CWS 04/03/2026 02:10PM ET,CWS,-6.25
,,,,,,,,,,,,,,,SP,Erick Fedde (42502979),Erick Fedde,42502979,P,6300,TOR@CWS 04/03/2026 02:10PM ET,CWS,9.05
,,,,,,,,,,,,,,,SP,Tekoah Roby (42502989),Tekoah Roby,42502989,P,6200,STL@DET 04/03/2026 01:10PM ET,STL,0
,,,,,,,,,,,,,,,SP,Brycen Mautz (42502990),Brycen Mautz,42502990,P,6200,STL@DET 04/03/2026 01:10PM ET,STL,0
,,,,,,,,,,,,,,,RP,Gordon Graceffo (42502991),Gordon Graceffo,42502991,P,6200,STL@DET 04/03/2026 01:10PM ET,STL,3.88
,,,,,,,,,,,,,,,SP,Dustin May (42502992),Dustin May,42502992,P,6200,STL@DET 04/03/2026 01:10PM ET,STL,-3.6
,,,,,,,,,,,,,,,SP,Hunter Dobbins (42502993),Hunter Dobbins,42502993,P,6200,STL@DET 04/03/2026 01:10PM ET,STL,0
,,,,,,,,,,,,,,,RP,Kyle Leahy (42502994),Kyle Leahy,42502994,P,6200,STL@DET 04/03/2026 01:10PM ET,STL,-0.75
,,,,,,,,,,,,,,,SP,Richard Fitts (42502995),Richard Fitts,42502995,P,6200,STL@DET 04/03/2026 01:10PM ET,STL,0
,,,,,,,,,,,,,,,OF,Kyle Schwarber (42502406),Kyle Schwarber,42502406,OF,6200,PHI@COL 04/03/2026 04:10PM ET,PHI,8.33
,,,,,,,,,,,,,,,SP,Brandon Williamson (42502996),Brandon Williamson,42502996,P,6100,CIN@TEX 04/03/2026 04:05PM ET,CIN,-0.3
,,,,,,,,,,,,,,,RP,Janson Junk (42502997),Janson Junk,42502997,P,6100,MIA@NYY 04/03/2026 01:35PM ET,MIA,12.15
,,,,,,,,,,,,,,,SP,Braxton Garrett (42502998),Braxton Garrett,42502998,P,6100,MIA@NYY 04/03/2026 01:35PM ET,MIA,0
,,,,,,,,,,,,,,,SP,Dax Fulton (42502999),Dax Fulton,42502999,P,6100,MIA@NYY 04/03/2026 01:35PM ET,MIA,0
,,,,,,,,,,,,,,,RP,Ryan Gusto (42503000),Ryan Gusto,42503000,P,6100,MIA@NYY 04/03/2026 01:35PM ET,MIA,0
,,,,,,,,,,,,,,,SP,Adam Mazur (42503001),Adam Mazur,42503001,P,6100,MIA@NYY 04/03/2026 01:35PM ET,MIA,0
,,,,,,,,,,,,,,,SP,Miles Mikolas (42502402),Miles Mikolas,42502402,P,6000,LAD@WSH 04/03/2026 01:05PM ET,WSH,5.85
,,,,,,,,,,,,,,,SP,Josiah Gray (42503002),Josiah Gray,42503002,P,6000,LAD@WSH 04/03/2026 01:05PM ET,WSH,0
,,,,,,,,,,,,,,,SP,DJ Herz (42503003),DJ Herz,42503003,P,6000,LAD@WSH 04/03/2026 01:05PM ET,WSH,0
,,,,,,,,,,,,,,,SP,Jackson Rutledge (42503004),Jackson Rutledge,42503004,P,6000,LAD@WSH 04/03/2026 01:05PM ET,WSH,0
,,,,,,,,,,,,,,,SP,Mitchell Parker (42503005),Mitchell Parker,42503005,P,6000,LAD@WSH 04/03/2026 01:05PM ET,WSH,0
,,,,,,,,,,,,,,,RP,Brad Lord (42503006),Brad Lord,42503006,P,6000,LAD@WSH 04/03/2026 01:05PM ET,WSH,8.9
,,,,,,,,,,,,,,,SP,Andrew Alvarez (42503007),Andrew Alvarez,42503007,P,6000,LAD@WSH 04/03/2026 01:05PM ET,WSH,0
,,,,,,,,,,,,,,,SP,Trevor Williams (42503008),Trevor Williams,42503008,P,6000,LAD@WSH 04/03/2026 01:05PM ET,WSH,0
,,,,,,,,,,,,,,,SP,Cade Cavalli (42503009),Cade Cavalli,42503009,P,6000,LAD@WSH 04/03/2026 01:05PM ET,WSH,11.38
,,,,,,,,,,,,,,,RP,Zack Littell (42503010),Zack Littell,42503010,P,6000,LAD@WSH 04/03/2026 01:05PM ET,WSH,2.45
,,,,,,,,,,,,,,,1B,Vladimir Guerrero Jr. (42502407),Vladimir Guerrero Jr.,42502407,1B,6000,TOR@CWS 04/03/2026 02:10PM ET,TOR,6.67
,,,,,,,,,,,,,,,3B,Jose Ramirez (42502408),Jose Ramirez,42502408,3B,5900,CHC@CLE 04/03/2026 04:10PM ET,CLE,7.29
,,,,,,,,,,,,,,,3B,Junior Caminero (42502409),Junior Caminero,42502409,3B,5800,TB@MIN 04/03/2026 04:10PM ET,TB,5.17
,,,,,,,,,,,,,,,RP,Colin Rea (42503011),Colin Rea,42503011,P,5800,CHC@CLE 04/03/2026 04:10PM ET,CHC,8.35
,,,,,,,,,,,,,,,SS,Elly De La Cruz (42502410),Elly De La Cruz,42502410,SS,5700,CIN@TEX 04/03/2026 04:05PM ET,CIN,7.5
,,,,,,,,,,,,,,,RP,Jhony Brito (42503014),Jhony Brito,42503014,P,5700,SD@BOS 04/03/2026 02:10PM ET,SD,0
,,,,,,,,,,,,,,,SP,Kyle Hart (42503015),Kyle Hart,42503015,P,5700,SD@BOS 04/03/2026 02:10PM ET,SD,4.38
,,,,,,,,,,,,,,,SP,JP Sears (42503016),JP Sears,42503016,P,5700,SD@BOS 04/03/2026 02:10PM ET,SD,0
,,,,,,,,,,,,,,,SP,Walker Buehler (42503017),Walker Buehler,42503017,P,5700,SD@BOS 04/03/2026 02:10PM ET,SD,4.2
,,,,,,,,,,,,,,,SP,German Marquez (42503018),German Marquez,42503018,P,5700,SD@BOS 04/03/2026 02:10PM ET,SD,-4.65
,,,,,,,,,,,,,,,SP,Griffin Canning (42503019),Griffin Canning,42503019,P,5700,SD@BOS 04/03/2026 02:10PM ET,SD,0
,,,,,,,,,,,,,,,SP,Matt Waldron (42503020),Matt Waldron,42503020,P,5700,SD@BOS 04/03/2026 02:10PM ET,SD,0
,,,,,,,,,,,,,,,RP,Ryan Weathers (42503012),Ryan Weathers,42503012,P,5700,MIA@NYY 04/03/2026 01:35PM ET,NYY,18.15
,,,,,,,,,,,,,,,RP,Ryan Yarbrough (42503013),Ryan Yarbrough,42503013,P,5700,MIA@NYY 04/03/2026 01:35PM ET,NYY,0
,,,,,,,,,,,,,,,OF,Pete Crow-Armstrong (42502411),Pete Crow-Armstrong,42502411,OF,5600,CHC@CLE 04/03/2026 04:10PM ET,CHC,7.67
,,,,,,,,,,,,,,,SP,Chase Dollander (42503021),Chase Dollander,42503021,P,5600,PHI@COL 04/03/2026 04:10PM ET,COL,10.8
,,,,,,,,,,,,,,,RP,Valente Bellozo (42503022),Valente Bellozo,42503022,P,5600,PHI@COL 04/03/2026 04:10PM ET,COL,0
,,,,,,,,,,,,,,,SP,Antonio Senzatela (42503023),Antonio Senzatela,42503023,P,5600,PHI@COL 04/03/2026 04:10PM ET,COL,10.35
,,,,,,,,,,,,,,,SP,McCade Brown (42503024),McCade Brown,42503024,P,5600,PHI@COL 04/03/2026 04:10PM ET,COL,0
,,,,,,,,,,,,,,,RP,Jose Quintana (42503025),Jose Quintana,42503025,P,5600,PHI@COL 04/03/2026 04:10PM ET,COL,4.95
,,,,,,,,,,,,,,,SP,Tanner Gordon (42503026),Tanner Gordon,42503026,P,5600,PHI@COL 04/03/2026 04:10PM ET,COL,0
,,,,,,,,,,,,,,,OF,Kyle Tucker (42502412),Kyle Tucker,42502412,OF,5500,LAD@WSH 04/03/2026 01:05PM ET,LAD,6.67
,,,,,,,,,,,,,,,OF,George Springer (42502413),George Springer,42502413,OF,5500,TOR@CWS 04/03/2026 02:10PM ET,TOR,7.33
,,,,,,,,,,,,,,,OF,Fernando Tatis Jr. (42502414),Fernando Tatis Jr.,42502414,OF,5400,SD@BOS 04/03/2026 02:10PM ET,SD,7.17
,,,,,,,,,,,,,,,SS,Gunnar Henderson (42502415),Gunnar Henderson,42502415,SS,5400,BAL@PIT 04/03/2026 04:12PM ET,BAL,7.33
,,,,,,,,,,,,,,,OF,Roman Anthony (42502416),Roman Anthony,42502416,OF,5300,SD@BOS 04/03/2026 02:10PM ET,BOS,6
,,,,,,,,,,,,,,,1B,Pete Alonso (42502417),Pete Alonso,42502417,1B,5300,BAL@PIT 04/03/2026 04:12PM ET,BAL,7.33
,,,,,,,,,,,,,,,OF,Byron Buxton (42502418),Byron Buxton,42502418,OF,5200,TB@MIN 04/03/2026 04:10PM ET,MIN,4.5
,,,,,,,,,,,,,,,SS,Trea Turner (42502419),Trea Turner,42502419,SS,5200,PHI@COL 04/03/2026 04:10PM ET,PHI,6
,,,,,,,,,,,,,,,OF,Jarren Duran (42502421),Jarren Duran,42502421,OF,5100,SD@BOS 04/03/2026 02:10PM ET,BOS,7.8
,,,,,,,,,,,,,,,1B,Michael Busch (42502420),Michael Busch,42502420,1B,5100,CHC@CLE 04/03/2026 04:10PM ET,CHC,7.33
,,,,,,,,,,,,,,,3B,Manny Machado (42502423),Manny Machado,42502423,3B,5000,SD@BOS 04/03/2026 02:10PM ET,SD,5.83
,,,,,,,,,,,,,,,1B,Bryce Harper (42502422),Bryce Harper,42502422,1B,5000,PHI@COL 04/03/2026 04:10PM ET,PHI,5
,,,,,,,,,,,,,,,OF,James Wood (42502425),James Wood,42502425,OF,4900,LAD@WSH 04/03/2026 01:05PM ET,WSH,6.33
,,,,,,,,,,,,,,,OF,Oneil Cruz (42502424),Oneil Cruz,42502424,OF,4900,BAL@PIT 04/03/2026 04:12PM ET,PIT,11.67
,,,,,,,,,,,,,,,OF,Wilyer Abreu (42502427),Wilyer Abreu,42502427,OF,4800,SD@BOS 04/03/2026 02:10PM ET,BOS,12.5
,,,,,,,,,,,,,,,OF,Jakob Marsee (42502426),Jakob Marsee,42502426,OF,4800,MIA@NYY 04/03/2026 01:35PM ET,MIA,6.17
,,,,,,,,,,,,,,,SS,Mookie Betts (42502430),Mookie Betts,42502430,SS,4700,LAD@WSH 04/03/2026 01:05PM ET,LAD,7
,,,,,,,,,,,,,,,1B/3B,Yandy Diaz (42502428),Yandy Diaz,42502428,1B/3B,4700,TB@MIN 04/03/2026 04:10PM ET,TB,13.33
,,,,,,,,,,,,,,,SS,CJ Abrams (42502431),CJ Abrams,42502431,SS,4600,LAD@WSH 04/03/2026 01:05PM ET,WSH,8.8
,,,,,,,,,,,,,,,3B,Eugenio Suarez (42502432),Eugenio Suarez,42502432,3B,4600,CIN@TEX 04/03/2026 04:05PM ET,CIN,8.17
,,,,,,,,,,,,,,,1B,Ben Rice (42502433),Ben Rice,42502433,1B,4600,MIA@NYY 04/03/2026 01:35PM ET,NYY,12.8
,,,,,,,,,,,,,,,1B,Freddie Freeman (42502437),Freddie Freeman,42502437,1B,4500,LAD@WSH 04/03/2026 01:05PM ET,LAD,6
,,,,,,,,,,,,,,,OF,Riley Greene (42502434),Riley Greene,42502434,OF,4500,STL@DET 04/03/2026 01:10PM ET,DET,6.5
,,,,,,,,,,,,,,,SS,Corey Seager (42502436),Corey Seager,42502436,SS,4500,CIN@TEX 04/03/2026 04:05PM ET,TEX,12.33
,,,,,,,,,,,,,,,OF,Jackson Merrill (42502439),Jackson Merrill,42502439,OF,4500,SD@BOS 04/03/2026 02:10PM ET,SD,7.33
,,,,,,,,,,,,,,,OF,Daulton Varsho (42502435),Daulton Varsho,42502435,OF,4500,TOR@CWS 04/03/2026 02:10PM ET,TOR,3.17
,,,,,,,,,,,,,,,3B,Kazuma Okamoto (42502438),Kazuma Okamoto,42502438,3B,4500,TOR@CWS 04/03/2026 02:10PM ET,TOR,9.17
,,,,,,,,,,,,,,,OF,Brandon Nimmo (42502440),Brandon Nimmo,42502440,OF,4400,CIN@TEX 04/03/2026 04:05PM ET,TEX,11.17
,,,,,,,,,,,,,,,1B,Jonathan Aranda (42502443),Jonathan Aranda,42502443,1B,4400,TB@MIN 04/03/2026 04:10PM ET,TB,10.83
,,,,,,,,,,,,,,,3B,Alex Bregman (42502441),Alex Bregman,42502441,3B,4400,CHC@CLE 04/03/2026 04:10PM ET,CHC,7.83
,,,,,,,,,,,,,,,2B,Brandon Lowe (42502442),Brandon Lowe,42502442,2B,4400,BAL@PIT 04/03/2026 04:12PM ET,PIT,12.6
,,,,,,,,,,,,,,,OF,Bryan Reynolds (42502444),Bryan Reynolds,42502444,OF,4400,BAL@PIT 04/03/2026 04:12PM ET,PIT,8.67
,,,,,,,,,,,,,,,OF,Kyle Stowers (42502723),Kyle Stowers,42502723,OF,4400,MIA@NYY 04/03/2026 01:35PM ET,MIA,0
,,,,,,,,,,,,,,,C,Will Smith (42502448),Will Smith,42502448,C,4300,LAD@WSH 04/03/2026 01:05PM ET,LAD,7
,,,,,,,,,,,,,,,2B,Luke Keaschall (42502446),Luke Keaschall,42502446,2B,4300,TB@MIN 04/03/2026 04:10PM ET,MIN,4.5
,,,,,,,,,,,,,,,OF,Steven Kwan (42502449),Steven Kwan,42502449,OF,4300,CHC@CLE 04/03/2026 04:10PM ET,CLE,6
,,,,,,,,,,,,,,,3B,Alec Bohm (42502451),Alec Bohm,42502451,3B,4300,PHI@COL 04/03/2026 04:10PM ET,PHI,5.83
,,,,,,,,,,,,,,,OF,Taylor Ward (42502447),Taylor Ward,42502447,OF,4300,BAL@PIT 04/03/2026 04:12PM ET,BAL,7.67
,,,,,,,,,,,,,,,OF,Cody Bellinger (42502445),Cody Bellinger,42502445,OF,4300,MIA@NYY 04/03/2026 01:35PM ET,NYY,8.5
,,,,,,,,,,,,,,,1B,Munetaka Murakami (42502450),Munetaka Murakami,42502450,1B,4300,TOR@CWS 04/03/2026 02:10PM ET,CWS,10.33
,,,,,,,,,,,,,,,OF,Teoscar Hernandez (42502454),Teoscar Hernandez,42502454,OF,4200,LAD@WSH 04/03/2026 01:05PM ET,LAD,3.17
,,,,,,,,,,,,,,,1B,Alec Burleson (42502456),Alec Burleson,42502456,1B,4200,STL@DET 04/03/2026 01:10PM ET,STL,9.33
,,,,,,,,,,,,,,,3B/SS,Kevin McGonigle (42502459),Kevin McGonigle,42502459,3B/SS,4200,STL@DET 04/03/2026 01:10PM ET,DET,9.5
,,,,,,,,,,,,,,,OF,Wyatt Langford (42502453),Wyatt Langford,42502453,OF,4200,CIN@TEX 04/03/2026 04:05PM ET,TEX,3.83
,,,,,,,,,,,,,,,2B,Nico Hoerner (42502461),Nico Hoerner,42502461,2B,4200,CHC@CLE 04/03/2026 04:10PM ET,CHC,11.83
,,,,,,,,,,,,,,,OF,Seiya Suzuki (42502724),Seiya Suzuki,42502724,OF,4200,CHC@CLE 04/03/2026 04:10PM ET,CHC,0
,,,,,,,,,,,,,,,1B/OF,Ryan O'Hearn (42502457),Ryan O'Hearn,42502457,1B/OF,4200,BAL@PIT 04/03/2026 04:12PM ET,PIT,12.8
,,,,,,,,,,,,,,,OF,Giancarlo Stanton (42502452),Giancarlo Stanton,42502452,OF,4200,MIA@NYY 04/03/2026 01:35PM ET,NYY,10.6
,,,,,,,,,,,,,,,C,Agustin Ramirez (42502455),Agustin Ramirez,42502455,C,4200,MIA@NYY 04/03/2026 01:35PM ET,MIA,5.6
,,,,,,,,,,,,,,,OF,Daylen Lile (42502464),Daylen Lile,42502464,OF,4100,LAD@WSH 04/03/2026 01:05PM ET,WSH,10.17
,,,,,,,,,,,,,,,OF,Kerry Carpenter (42502462),Kerry Carpenter,42502462,OF,4100,STL@DET 04/03/2026 01:10PM ET,DET,2.67
,,,,,,,,,,,,,,,1B,Spencer Torkelson (42502467),Spencer Torkelson,42502467,1B,4100,STL@DET 04/03/2026 01:10PM ET,DET,5
,,,,,,,,,,,,,,,1B/3B,Sal Stewart (42502469),Sal Stewart,42502469,1B/3B,4100,CIN@TEX 04/03/2026 04:05PM ET,CIN,12.83
,,,,,,,,,,,,,,,SS,Trevor Story (42502463),Trevor Story,42502463,SS,4100,SD@BOS 04/03/2026 02:10PM ET,BOS,4.5
,,,,,,,,,,,,,,,OF,Chandler Simpson (42502466),Chandler Simpson,42502466,OF,4100,TB@MIN 04/03/2026 04:10PM ET,TB,9.5
,,,,,,,,,,,,,,,OF,Ian Happ (42502465),Ian Happ,42502465,OF,4100,CHC@CLE 04/03/2026 04:10PM ET,CHC,11
,,,,,,,,,,,,,,,C,Hunter Goodman (42502471),Hunter Goodman,42502471,C,4100,PHI@COL 04/03/2026 04:10PM ET,COL,7.67
,,,,,,,,,,,,,,,2B,Xavier Edwards (42502468),Xavier Edwards,42502468,2B,4100,MIA@NYY 04/03/2026 01:35PM ET,MIA,8
,,,,,,,,,,,,,,,OF,Andy Pages (42502474),Andy Pages,42502474,OF,4000,LAD@WSH 04/03/2026 01:05PM ET,LAD,8
,,,,,,,,,,,,,,,OF,Dylan Crews (42502725),Dylan Crews,42502725,OF,4000,LAD@WSH 04/03/2026 01:05PM ET,WSH,0
,,,,,,,,,,,,,,,RP,Kyle Hurt (42503028),Kyle Hurt,42503028,P,4000,LAD@WSH 04/03/2026 01:05PM ET,LAD,0
,,,,,,,,,,,,,,,RP,Jake Cousins (42503037),Jake Cousins,42503037,P,4000,LAD@WSH 04/03/2026 01:05PM ET,LAD,0
,,,,,,,,,,,,,,,RP,Ronan Kopp (42503040),Ronan Kopp,42503040,P,4000,LAD@WSH 04/03/2026 01:05PM ET,LAD,0
,,,,,,,,,,,,,,,SP,Luis Perales (42503046),Luis Perales,42503046,P,4000,LAD@WSH 04/03/2026 01:05PM ET,WSH,0
,,,,,,,,,,,,,,,RP,Brusdar Graterol (42503060),Brusdar Graterol,42503060,P,4000,LAD@WSH 04/03/2026 01:05PM ET,LAD,0
,,,,,,,,,,,,,,,SP,Riley Cornelio (42503062),Riley Cornelio,42503062,P,4000,LAD@WSH 04/03/2026 01:05PM ET,WSH,0
,,,,,,,,,,,,,,,RP,Grant Holman (42503094),Grant Holman,42503094,P,4000,LAD@WSH 04/03/2026 01:05PM ET,LAD,0
,,,,,,,,,,,,,,,RP,Julian Fernandez (42503117),Julian Fernandez,42503117,P,4000,LAD@WSH 04/03/2026 01:05PM ET,WSH,0
,,,,,,,,,,,,,,,RP,Will Klein (42503135),Will Klein,42503135,P,4000,LAD@WSH 04/03/2026 01:05PM ET,LAD,4.62
,,,,,,,,,,,,,,,RP,Alex Vesia (42503144),Alex Vesia,42503144,P,4000,LAD@WSH 04/03/2026 01:05PM ET,LAD,2.72
,,,,,,,,,,,,,,,SP,Ken Waldichuk (42503146),Ken Waldichuk,42503146,P,4000,LAD@WSH 04/03/2026 01:05PM ET,WSH,1.95
,,,,,,,,,,,,,,,RP,Orlando Ribalta (42503160),Orlando Ribalta,42503160,P,4000,LAD@WSH 04/03/2026 01:05PM ET,WSH,0
,,,,,,,,,,,,,,,RP,Edgardo Henriquez (42503163),Edgardo Henriquez,42503163,P,4000,LAD@WSH 04/03/2026 01:05PM ET,LAD,8.25
,,,,,,,,,,,,,,,RP,Cole Henry (42503165),Cole Henry,42503165,P,4000,LAD@WSH 04/03/2026 01:05PM ET,WSH,1.88
,,,,,,,,,,,,,,,RP,Tanner Scott (42503182),Tanner Scott,42503182,P,4000,LAD@WSH 04/03/2026 01:05PM ET,LAD,2.7
,,,,,,,,,,,,,,,RP,Paxton Schultz (42503200),Paxton Schultz,42503200,P,4000,LAD@WSH 04/03/2026 01:05PM ET,WSH,0
,,,,,,,,,,,,,,,RP,Evan Phillips (42503206),Evan Phillips,42503206,P,4000,LAD@WSH 04/03/2026 01:05PM ET,LAD,0
,,,,,,,,,,,,,,,RP,PJ Poulin (42503214),PJ Poulin,42503214,P,4000,LAD@WSH 04/03/2026 01:05PM ET,WSH,1.44
,,,,,,,,,,,,,,,RP,Andre Granillo (42503217),Andre Granillo,42503217,P,4000,LAD@WSH 04/03/2026 01:05PM ET,WSH,-1.4
,,,,,,,,,,,,,,,RP,Edwin Diaz (42503221),Edwin Diaz,42503221,P,4000,LAD@WSH 04/03/2026 01:05PM ET,LAD,3.45
,,,,,,,,,,,,,,,RP,Cionel Perez (42503222),Cionel Perez,42503222,P,4000,LAD@WSH 04/03/2026 01:05PM ET,WSH,2.07
,,,,,,,,,,,,,,,RP,Jake Eder (42503233),Jake Eder,42503233,P,4000,LAD@WSH 04/03/2026 01:05PM ET,LAD,0
,,,,,,,,,,,,,,,RP,Blake Treinen (42503234),Blake Treinen,42503234,P,4000,LAD@WSH 04/03/2026 01:05PM ET,LAD,3.95
,,,,,,,,,,,,,,,RP,Brock Stewart (42503243),Brock Stewart,42503243,P,4000,LAD@WSH 04/03/2026 01:05PM ET,LAD,0
,,,,,,,,,,,,,,,RP,Jack Dreyer (42503245),Jack Dreyer,42503245,P,4000,LAD@WSH 04/03/2026 01:05PM ET,LAD,4.4
,,,,,,,,,,,,,,,RP,Paul Gervase (42503250),Paul Gervase,42503250,P,4000,LAD@WSH 04/03/2026 01:05PM ET,LAD,0
,,,,,,,,,,,,,,,RP,Ben Casparius (42503274),Ben Casparius,42503274,P,4000,LAD@WSH 04/03/2026 01:05PM ET,LAD,2.3
,,,,,,,,,,,,,,,RP,Clayton Beeter (42503282),Clayton Beeter,42503282,P,4000,LAD@WSH 04/03/2026 01:05PM ET,WSH,1.65
,,,,,,,,,,,,,,,RP,Gus Varland (42503297),Gus Varland,42503297,P,4000,LAD@WSH 04/03/2026 01:05PM ET,WSH,5
,,,,,,,,,,,,,,,RP,Cooper Hjerpe (42503031),Cooper Hjerpe,42503031,P,4000,STL@DET 04/03/2026 01:10PM ET,STL,0
,,,,,,,,,,,,,,,SP,Ty Madden (42503042),Ty Madden,42503042,P,4000,STL@DET 04/03/2026 01:10PM ET,DET,0
,,,,,,,,,,,,,,,RP,Nick Raquet (42503049),Nick Raquet,42503049,P,4000,STL@DET 04/03/2026 01:10PM ET,STL,0
,,,,,,,,,,,,,,,SP,Tink Hence (42503081),Tink Hence,42503081,P,4000,STL@DET 04/03/2026 01:10PM ET,STL,0
,,,,,,,,,,,,,,,SP,Jake Miller (42503082),Jake Miller,42503082,P,4000,STL@DET 04/03/2026 01:10PM ET,DET,0
,,,,,,,,,,,,,,,RP,Sawyer Gipson-Long (42503088),Sawyer Gipson-Long,42503088,P,4000,STL@DET 04/03/2026 01:10PM ET,DET,0
,,,,,,,,,,,,,,,RP,Will Vest (42503105),Will Vest,42503105,P,4000,STL@DET 04/03/2026 01:10PM ET,DET,-0.43
,,,,,,,,,,,,,,,RP,Enmanuel De Jesus (42503106),Enmanuel De Jesus,42503106,P,4000,STL@DET 04/03/2026 01:10PM ET,DET,2.45
,,,,,,,,,,,,,,,RP,Beau Brieske (42503115),Beau Brieske,42503115,P,4000,STL@DET 04/03/2026 01:10PM ET,DET,0
,,,,,,,,,,,,,,,RP,George Soriano (42503122),George Soriano,42503122,P,4000,STL@DET 04/03/2026 01:10PM ET,STL,2.78
,,,,,,,,,,,,,,,RP,Tyler Holton (42503123),Tyler Holton,42503123,P,4000,STL@DET 04/03/2026 01:10PM ET,DET,1.98
,,,,,,,,,,,,,,,RP,Ryne Stanek (42503152),Ryne Stanek,42503152,P,4000,STL@DET 04/03/2026 01:10PM ET,STL,4.05
,,,,,,,,,,,,,,,RP,Connor Seabold (42503153),Connor Seabold,42503153,P,4000,STL@DET 04/03/2026 01:10PM ET,DET,10.65
,,,,,,,,,,,,,,,RP,JoJo Romero (42503168),JoJo Romero,42503168,P,4000,STL@DET 04/03/2026 01:10PM ET,STL,3.45
,,,,,,,,,,,,,,,RP,Matt Pushard (42503174),Matt Pushard,42503174,P,4000,STL@DET 04/03/2026 01:10PM ET,STL,-4.15
,,,,,,,,,,,,,,,RP,Brant Hurter (42503202),Brant Hurter,42503202,P,4000,STL@DET 04/03/2026 01:10PM ET,DET,2.18
,,,,,,,,,,,,,,,RP,Bailey Horn (42503203),Bailey Horn,42503203,P,4000,STL@DET 04/03/2026 01:10PM ET,DET,0
,,,,,,,,,,,,,,,RP,Brenan Hanifee (42503205),Brenan Hanifee,42503205,P,4000,STL@DET 04/03/2026 01:10PM ET,DET,0
,,,,,,,,,,,,,,,RP,Kenley Jansen (42503208),Kenley Jansen,42503208,P,4000,STL@DET 04/03/2026 01:10PM ET,DET,4.2
,,,,,,,,,,,,,,,SP,Riley O'Brien (42503210),Riley O'Brien,42503210,P,4000,STL@DET 04/03/2026 01:10PM ET,STL,4.84
,,,,,,,,,,,,,,,RP,Drew Sommers (42503211),Drew Sommers,42503211,P,4000,STL@DET 04/03/2026 01:10PM ET,DET,0
,,,,,,,,,,,,,,,RP,Chris Roycroft (42503212),Chris Roycroft,42503212,P,4000,STL@DET 04/03/2026 01:10PM ET,STL,-2.55
,,,,,,,,,,,,,,,RP,Matt Svanson (42503220),Matt Svanson,42503220,P,4000,STL@DET 04/03/2026 01:10PM ET,STL,-1.75
,,,,,,,,,,,,,,,RP,Drew Anderson (42503224),Drew Anderson,42503224,P,4000,STL@DET 04/03/2026 01:10PM ET,DET,-0.18
,,,,,,,,,,,,,,,RP,Justin Bruihl (42503235),Justin Bruihl,42503235,P,4000,STL@DET 04/03/2026 01:10PM ET,STL,1.5
,,,,,,,,,,,,,,,RP,Kyle Finnegan (42503285),Kyle Finnegan,42503285,P,4000,STL@DET 04/03/2026 01:10PM ET,DET,2.48
,,,,,,,,,,,,,,,RP,Ryan Fernandez (42503291),Ryan Fernandez,42503291,P,4000,STL@DET 04/03/2026 01:10PM ET,STL,0
,,,,,,,,,,,,,,,1B,Jake Burger (42502476),Jake Burger,42502476,1B,4000,CIN@TEX 04/03/2026 04:05PM ET,TEX,11.17
,,,,,,,,,,,,,,,SP,Julian Aguiar (42503039),Julian Aguiar,42503039,P,4000,CIN@TEX 04/03/2026 04:05PM ET,CIN,0
,,,,,,,,,,,,,,,SP,Emiliano Teodo (42503061),Emiliano Teodo,42503061,P,4000,CIN@TEX 04/03/2026 04:05PM ET,TEX,0
,,,,,,,,,,,,,,,SP,Winston Santos (42503064),Winston Santos,42503064,P,4000,CIN@TEX 04/03/2026 04:05PM ET,TEX,0
,,,,,,,,,,,,,,,SP,David Davalillo (42503074),David Davalillo,42503074,P,4000,CIN@TEX 04/03/2026 04:05PM ET,TEX,0
,,,,,,,,,,,,,,,SP,Leandro Lopez (42503077),Leandro Lopez,42503077,P,4000,CIN@TEX 04/03/2026 04:05PM ET,TEX,0
,,,,,,,,,,,,,,,SP,Jose Corniell (42503087),Jose Corniell,42503087,P,4000,CIN@TEX 04/03/2026 04:05PM ET,TEX,0
,,,,,,,,,,,,,,,RP,Emilio Pagan (42503095),Emilio Pagan,42503095,P,4000,CIN@TEX 04/03/2026 04:05PM ET,CIN,0.43
,,,,,,,,,,,,,,,RP,Kyle Nicolas (42503102),Kyle Nicolas,42503102,P,4000,CIN@TEX 04/03/2026 04:05PM ET,CIN,0
,,,,,,,,,,,,,,,RP,Caleb Ferguson (42503112),Caleb Ferguson,42503112,P,4000,CIN@TEX 04/03/2026 04:05PM ET,CIN,0
,,,,,,,,,,,,,,,RP,Marc Church (42503125),Marc Church,42503125,P,4000,CIN@TEX 04/03/2026 04:05PM ET,TEX,0
,,,,,,,,,,,,,,,SP,Connor Phillips (42503128),Connor Phillips,42503128,P,4000,CIN@TEX 04/03/2026 04:05PM ET,CIN,3.7
,,,,,,,,,,,,,,,RP,Carter Baumler (42503132),Carter Baumler,42503132,P,4000,CIN@TEX 04/03/2026 04:05PM ET,TEX,3.3
,,,,,,,,,,,,,,,RP,Robert Garcia (42503139),Robert Garcia,42503139,P,4000,CIN@TEX 04/03/2026 04:05PM ET,TEX,3.4
,,,,,,,,,,,,,,,RP,Luis Curvelo (42503155),Luis Curvelo,42503155,P,4000,CIN@TEX 04/03/2026 04:05PM ET,TEX,0
,,,,,,,,,,,,,,,RP,Sam Moll (42503171),Sam Moll,42503171,P,4000,CIN@TEX 04/03/2026 04:05PM ET,CIN,3.38
,,,,,,,,,,,,,,,RP,Zach Maxwell (42503176),Zach Maxwell,42503176,P,4000,CIN@TEX 04/03/2026 04:05PM ET,CIN,0
,,,,,,,,,,,,,,,RP,Tyler Alexander (42503185),Tyler Alexander,42503185,P,4000,CIN@TEX 04/03/2026 04:05PM ET,TEX,2.35
,,,,,,,,,,,,,,,RP,Chris Martin (42503227),Chris Martin,42503227,P,4000,CIN@TEX 04/03/2026 04:05PM ET,TEX,1.58
,,,,,,,,,,,,,,,RP,Pierce Johnson (42503261),Pierce Johnson,42503261,P,4000,CIN@TEX 04/03/2026 04:05PM ET,CIN,-0.4
,,,,,,,,,,,,,,,RP,Jalen Beeks (42503265),Jalen Beeks,42503265,P,4000,CIN@TEX 04/03/2026 04:05PM ET,TEX,4.57
,,,,,,,,,,,,,,,SP,Jose Franco (42503273),Jose Franco,42503273,P,4000,CIN@TEX 04/03/2026 04:05PM ET,CIN,1.95
,,,,,,,,,,,,,,,RP,Cole Winn (42503276),Cole Winn,42503276,P,4000,CIN@TEX 04/03/2026 04:05PM ET,TEX,4.98
,,,,,,,,,,,,,,,RP,Luis Mey (42503277),Luis Mey,42503277,P,4000,CIN@TEX 04/03/2026 04:05PM ET,CIN,0
,,,,,,,,,,,,,,,SP,Tony Santillan (42503279),Tony Santillan,42503279,P,4000,CIN@TEX 04/03/2026 04:05PM ET,CIN,5.25
,,,,,,,,,,,,,,,RP,Graham Ashcraft (42503293),Graham Ashcraft,42503293,P,4000,CIN@TEX 04/03/2026 04:05PM ET,CIN,5.15
,,,,,,,,,,,,,,,RP,Brock Burke (42503294),Brock Burke,42503294,P,4000,CIN@TEX 04/03/2026 04:05PM ET,CIN,4.87
,,,,,,,,,,,,,,,RP,Michel Otanez (42503299),Michel Otanez,42503299,P,4000,CIN@TEX 04/03/2026 04:05PM ET,TEX,0
,,,,,,,,,,,,,,,SP,Jake Bennett (42503035),Jake Bennett,42503035,P,4000,SD@BOS 04/03/2026 02:10PM ET,BOS,0
,,,,,,,,,,,,,,,RP,Tyler Samaniego (42503071),Tyler Samaniego,42503071,P,4000,SD@BOS 04/03/2026 02:10PM ET,BOS,0
,,,,,,,,,,,,,,,RP,Garrett Hawkins (42503075),Garrett Hawkins,42503075,P,4000,SD@BOS 04/03/2026 02:10PM ET,SD,0
,,,,,,,,,,,,,,,SP,Miguel Mendez (42503076),Miguel Mendez,42503076,P,4000,SD@BOS 04/03/2026 02:10PM ET,SD,0
,,,,,,,,,,,,,,,SP,Tyler Uberstine (42503079),Tyler Uberstine,42503079,P,4000,SD@BOS 04/03/2026 02:10PM ET,BOS,0
,,,,,,,,,,,,,,,RP,Bryan Hoeing (42503104),Bryan Hoeing,42503104,P,4000,SD@BOS 04/03/2026 02:10PM ET,SD,0
,,,,,,,,,,,,,,,RP,Aroldis Chapman (42503118),Aroldis Chapman,42503118,P,4000,SD@BOS 04/03/2026 02:10PM ET,BOS,3.25
,,,,,,,,,,,,,,,RP,Bradgley Rodriguez (42503129),Bradgley Rodriguez,42503129,P,4000,SD@BOS 04/03/2026 02:10PM ET,SD,7.82
,,,,,,,,,,,,,,,RP,Jovani Moran (42503131),Jovani Moran,42503131,P,4000,SD@BOS 04/03/2026 02:10PM ET,BOS,6.6
,,,,,,,,,,,,,,,RP,Ryan Watson (42503151),Ryan Watson,42503151,P,4000,SD@BOS 04/03/2026 02:10PM ET,BOS,3.02
,,,,,,,,,,,,,,,RP,Zack Kelly (42503170),Zack Kelly,42503170,P,4000,SD@BOS 04/03/2026 02:10PM ET,BOS,0
,,,,,,,,,,,,,,,RP,Yuki Matsui (42503186),Yuki Matsui,42503186,P,4000,SD@BOS 04/03/2026 02:10PM ET,SD,0
,,,,,,,,,,,,,,,RP,Danny Coulombe (42503187),Danny Coulombe,42503187,P,4000,SD@BOS 04/03/2026 02:10PM ET,BOS,0.98
,,,,,,,,,,,,,,,RP,Greg Weissert (42503188),Greg Weissert,42503188,P,4000,SD@BOS 04/03/2026 02:10PM ET,BOS,1.67
,,,,,,,,,,,,,,,RP,Jeremiah Estrada (42503190),Jeremiah Estrada,42503190,P,4000,SD@BOS 04/03/2026 02:10PM ET,SD,2.33
,,,,,,,,,,,,,,,RP,Mason Miller (42503197),Mason Miller,42503197,P,4000,SD@BOS 04/03/2026 02:10PM ET,SD,7.02
,,,,,,,,,,,,,,,RP,Ron Marinaccio (42503201),Ron Marinaccio,42503201,P,4000,SD@BOS 04/03/2026 02:10PM ET,SD,5.6
,,,,,,,,,,,,,,,RP,Jason Adam (42503223),Jason Adam,42503223,P,4000,SD@BOS 04/03/2026 02:10PM ET,SD,0
,,,,,,,,,,,,,,,RP,Justin Slaten (42503239),Justin Slaten,42503239,P,4000,SD@BOS 04/03/2026 02:10PM ET,BOS,3.6
,,,,,,,,,,,,,,,RP,Garrett Whitlock (42503242),Garrett Whitlock,42503242,P,4000,SD@BOS 04/03/2026 02:10PM ET,BOS,4.12
,,,,,,,,,,,,,,,RP,Adrian Morejon (42503257),Adrian Morejon,42503257,P,4000,SD@BOS 04/03/2026 02:10PM ET,SD,3.92
,,,,,,,,,,,,,,,RP,David Morgan (42503259),David Morgan,42503259,P,4000,SD@BOS 04/03/2026 02:10PM ET,SD,3.61
,,,,,,,,,,,,,,,RP,Alek Jacob (42503275),Alek Jacob,42503275,P,4000,SD@BOS 04/03/2026 02:10PM ET,SD,0
,,,,,,,,,,,,,,,RP,Ty Adcock (42503278),Ty Adcock,42503278,P,4000,SD@BOS 04/03/2026 02:10PM ET,SD,0
,,,,,,,,,,,,,,,RP,Wandy Peralta (42503292),Wandy Peralta,42503292,P,4000,SD@BOS 04/03/2026 02:10PM ET,SD,1.15
,,,,,,,,,,,,,,,SP,Connor Prielipp (42503036),Connor Prielipp,42503036,P,4000,TB@MIN 04/03/2026 04:10PM ET,MIN,0
,,,,,,,,,,,,,,,SP,Kendry Rojas (42503053),Kendry Rojas,42503053,P,4000,TB@MIN 04/03/2026 04:10PM ET,MIN,0
,,,,,,,,,,,,,,,SP,John Klein (42503056),John Klein,42503056,P,4000,TB@MIN 04/03/2026 04:10PM ET,MIN,0
,,,,,,,,,,,,,,,SP,Andrew Morris (42503058),Andrew Morris,42503058,P,4000,TB@MIN 04/03/2026 04:10PM ET,MIN,0
,,,,,,,,,,,,,,,RP,Alex Cook (42503067),Alex Cook,42503067,P,4000,TB@MIN 04/03/2026 04:10PM ET,TB,0
,,,,,,,,,,,,,,,RP,Travis Adams (42503085),Travis Adams,42503085,P,4000,TB@MIN 04/03/2026 04:10PM ET,MIN,0
,,,,,,,,,,,,,,,RP,Steven Wilson (42503086),Steven Wilson,42503086,P,4000,TB@MIN 04/03/2026 04:10PM ET,TB,0
,,,,,,,,,,,,,,,RP,Cam Booser (42503101),Cam Booser,42503101,P,4000,TB@MIN 04/03/2026 04:10PM ET,TB,0
,,,,,,,,,,,,,,,RP,Manuel Rodriguez (42503107),Manuel Rodriguez,42503107,P,4000,TB@MIN 04/03/2026 04:10PM ET,TB,0
,,,,,,,,,,,,,,,RP,Mason Englert (42503108),Mason Englert,42503108,P,4000,TB@MIN 04/03/2026 04:10PM ET,TB,-2.25
,,,,,,,,,,,,,,,RP,Justin Topa (42503126),Justin Topa,42503126,P,4000,TB@MIN 04/03/2026 04:10PM ET,MIN,2.61
,,,,,,,,,,,,,,,RP,Kevin Kelly (42503143),Kevin Kelly,42503143,P,4000,TB@MIN 04/03/2026 04:10PM ET,TB,2.2
,,,,,,,,,,,,,,,RP,Hunter Bigge (42503150),Hunter Bigge,42503150,P,4000,TB@MIN 04/03/2026 04:10PM ET,TB,0
,,,,,,,,,,,,,,,RP,Taylor Rogers (42503166),Taylor Rogers,42503166,P,4000,TB@MIN 04/03/2026 04:10PM ET,MIN,3.55
,,,,,,,,,,,,,,,RP,Cody Laweryson (42503175),Cody Laweryson,42503175,P,4000,TB@MIN 04/03/2026 04:10PM ET,MIN,-2
,,,,,,,,,,,,,,,RP,Zak Kent (42503191),Zak Kent,42503191,P,4000,TB@MIN 04/03/2026 04:10PM ET,MIN,2.15
,,,,,,,,,,,,,,,RP,Kody Funderburk (42503194),Kody Funderburk,42503194,P,4000,TB@MIN 04/03/2026 04:10PM ET,MIN,3.01
,,,,,,,,,,,,,,,RP,Yoendrys Gomez (42503196),Yoendrys Gomez,42503196,P,4000,TB@MIN 04/03/2026 04:10PM ET,TB,4.7
,,,,,,,,,,,,,,,RP,Cole Sulser (42503199),Cole Sulser,42503199,P,4000,TB@MIN 04/03/2026 04:10PM ET,TB,0.65
,,,,,,,,,,,,,,,RP,Garrett Cleavinger (42503209),Garrett Cleavinger,42503209,P,4000,TB@MIN 04/03/2026 04:10PM ET,TB,2.35
,,,,,,,,,,,,,,,RP,Bryan Baker (42503213),Bryan Baker,42503213,P,4000,TB@MIN 04/03/2026 04:10PM ET,TB,4.25
,,,,,,,,,,,,,,,RP,Edwin Uceta (42503219),Edwin Uceta,42503219,P,4000,TB@MIN 04/03/2026 04:10PM ET,TB,0
,,,,,,,,,,,,,,,RP,Griffin Jax (42503236),Griffin Jax,42503236,P,4000,TB@MIN 04/03/2026 04:10PM ET,TB,-1.92
,,,,,,,,,,,,,,,RP,Anthony Banda (42503240),Anthony Banda,42503240,P,4000,TB@MIN 04/03/2026 04:10PM ET,MIN,4.48
,,,,,,,,,,,,,,,RP,Jesse Scholtens (42503260),Jesse Scholtens,42503260,P,4000,TB@MIN 04/03/2026 04:10PM ET,TB,0
,,,,,,,,,,,,,,,RP,Eric Orze (42503262),Eric Orze,42503262,P,4000,TB@MIN 04/03/2026 04:10PM ET,MIN,2.4
,,,,,,,,,,,,,,,RP,Cole Sands (42503270),Cole Sands,42503270,P,4000,TB@MIN 04/03/2026 04:10PM ET,MIN,1.98
,,,,,,,,,,,,,,,RP,Joe Rock (42503295),Joe Rock,42503295,P,4000,TB@MIN 04/03/2026 04:10PM ET,TB,0
,,,,,,,,,,,,,,,OF,Chase DeLauter (42502475),Chase DeLauter,42502475,OF,4000,CHC@CLE 04/03/2026 04:10PM ET,CLE,11.33
,,,,,,,,,,,,,,,RP,Riley Martin (42503029),Riley Martin,42503029,P,4000,CHC@CLE 04/03/2026 04:10PM ET,CHC,0
,,,,,,,,,,,,,,,RP,Luke Little (42503030),Luke Little,42503030,P,4000,CHC@CLE 04/03/2026 04:10PM ET,CHC,0
,,,,,,,,,,,,,,,RP,Franco Aleman (42503034),Franco Aleman,42503034,P,4000,CHC@CLE 04/03/2026 04:10PM ET,CLE,0
,,,,,,,,,,,,,,,SP,Daniel Espino (42503038),Daniel Espino,42503038,P,4000,CHC@CLE 04/03/2026 04:10PM ET,CLE,0
,,,,,,,,,,,,,,,SP,Austin Peterson (42503057),Austin Peterson,42503057,P,4000,CHC@CLE 04/03/2026 04:10PM ET,CLE,0
,,,,,,,,,,,,,,,RP,Yorman Gomez (42503068),Yorman Gomez,42503068,P,4000,CHC@CLE 04/03/2026 04:10PM ET,CLE,0
,,,,,,,,,,,,,,,SP,Jordan Wicks (42503084),Jordan Wicks,42503084,P,4000,CHC@CLE 04/03/2026 04:10PM ET,CHC,0
,,,,,,,,,,,,,,,RP,Peyton Pallette (42503096),Peyton Pallette,42503096,P,4000,CHC@CLE 04/03/2026 04:10PM ET,CLE,4.92
,,,,,,,,,,,,,,,RP,Hunter Gaddis (42503133),Hunter Gaddis,42503133,P,4000,CHC@CLE 04/03/2026 04:10PM ET,CLE,0
,,,,,,,,,,,,,,,RP,Colin Holderman (42503141),Colin Holderman,42503141,P,4000,CHC@CLE 04/03/2026 04:10PM ET,CLE,3.18
,,,,,,,,,,,,,,,RP,Cade Smith (42503149),Cade Smith,42503149,P,4000,CHC@CLE 04/03/2026 04:10PM ET,CLE,1.85
,,,,,,,,,,,,,,,RP,Phil Maton (42503161),Phil Maton,42503161,P,4000,CHC@CLE 04/03/2026 04:10PM ET,CHC,1.22
,,,,,,,,,,,,,,,RP,Hoby Milner (42503172),Hoby Milner,42503172,P,4000,CHC@CLE 04/03/2026 04:10PM ET,CHC,-0.38
,,,,,,,,,,,,,,,RP,Ryan Rolison (42503179),Ryan Rolison,42503179,P,4000,CHC@CLE 04/03/2026 04:10PM ET,CHC,0
,,,,,,,,,,,,,,,RP,Shawn Armstrong (42503198),Shawn Armstrong,42503198,P,4000,CHC@CLE 04/03/2026 04:10PM ET,CLE,2.48
,,,,,,,,,,,,,,,RP,Caleb Thielbar (42503207),Caleb Thielbar,42503207,P,4000,CHC@CLE 04/03/2026 04:10PM ET,CHC,4.95
,,,,,,,,,,,,,,,RP,Connor Brogdon (42503225),Connor Brogdon,42503225,P,4000,CHC@CLE 04/03/2026 04:10PM ET,CLE,5.65
,,,,,,,,,,,,,,,RP,Codi Heuer (42503226),Codi Heuer,42503226,P,4000,CHC@CLE 04/03/2026 04:10PM ET,CLE,0
,,,,,,,,,,,,,,,RP,Tim Herrin (42503229),Tim Herrin,42503229,P,4000,CHC@CLE 04/03/2026 04:10PM ET,CLE,0.3
,,,,,,,,,,,,,,,RP,Andrew Walters (42503231),Andrew Walters,42503231,P,4000,CHC@CLE 04/03/2026 04:10PM ET,CLE,0
,,,,,,,,,,,,,,,RP,Hunter Harvey (42503232),Hunter Harvey,42503232,P,4000,CHC@CLE 04/03/2026 04:10PM ET,CHC,5.02
,,,,,,,,,,,,,,,RP,Matt Festa (42503237),Matt Festa,42503237,P,4000,CHC@CLE 04/03/2026 04:10PM ET,CLE,3.18
,,,,,,,,,,,,,,,RP,Gavin Hollowell (42503252),Gavin Hollowell,42503252,P,4000,CHC@CLE 04/03/2026 04:10PM ET,CHC,0
,,,,,,,,,,,,,,,RP,Ethan Roberts (42503258),Ethan Roberts,42503258,P,4000,CHC@CLE 04/03/2026 04:10PM ET,CHC,0
,,,,,,,,,,,,,,,RP,Shelby Miller (42503264),Shelby Miller,42503264,P,4000,CHC@CLE 04/03/2026 04:10PM ET,CHC,0
,,,,,,,,,,,,,,,RP,Porter Hodge (42503266),Porter Hodge,42503266,P,4000,CHC@CLE 04/03/2026 04:10PM ET,CHC,0
,,,,,,,,,,,,,,,RP,Daniel Palencia (42503269),Daniel Palencia,42503269,P,4000,CHC@CLE 04/03/2026 04:10PM ET,CHC,3.35
,,,,,,,,,,,,,,,RP,Jacob Webb (42503287),Jacob Webb,42503287,P,4000,CHC@CLE 04/03/2026 04:10PM ET,CHC,3.35
,,,,,,,,,,,,,,,RP,Erik Sabrowski (42503289),Erik Sabrowski,42503289,P,4000,CHC@CLE 04/03/2026 04:10PM ET,CLE,4.76
,,,,,,,,,,,,,,,RP,RJ Petit (42503054),RJ Petit,42503054,P,4000,PHI@COL 04/03/2026 04:10PM ET,COL,0
,,,,,,,,,,,,,,,RP,Jeff Criswell (42503055),Jeff Criswell,42503055,P,4000,PHI@COL 04/03/2026 04:10PM ET,COL,0
,,,,,,,,,,,,,,,SP,Gabriel Hughes (42503063),Gabriel Hughes,42503063,P,4000,PHI@COL 04/03/2026 04:10PM ET,COL,0
,,,,,,,,,,,,,,,RP,Moises Chace (42503065),Moises Chace,42503065,P,4000,PHI@COL 04/03/2026 04:10PM ET,PHI,0
,,,,,,,,,,,,,,,SP,Jean Cabrera (42503066),Jean Cabrera,42503066,P,4000,PHI@COL 04/03/2026 04:10PM ET,PHI,0
,,,,,,,,,,,,,,,RP,Welinton Herrera (42503078),Welinton Herrera,42503078,P,4000,PHI@COL 04/03/2026 04:10PM ET,COL,0
,,,,,,,,,,,,,,,SP,Pierson Ohl (42503091),Pierson Ohl,42503091,P,4000,PHI@COL 04/03/2026 04:10PM ET,COL,0
,,,,,,,,,,,,,,,RP,Carson Palmquist (42503092),Carson Palmquist,42503092,P,4000,PHI@COL 04/03/2026 04:10PM ET,COL,0
,,,,,,,,,,,,,,,RP,Jose Alvarado (42503100),Jose Alvarado,42503100,P,4000,PHI@COL 04/03/2026 04:10PM ET,PHI,-0.32
,,,,,,,,,,,,,,,RP,Jaden Hill (42503109),Jaden Hill,42503109,P,4000,PHI@COL 04/03/2026 04:10PM ET,COL,2.53
,,,,,,,,,,,,,,,RP,Seth Halvorsen (42503110),Seth Halvorsen,42503110,P,4000,PHI@COL 04/03/2026 04:10PM ET,COL,0
,,,,,,,,,,,,,,,RP,Tanner Banks (42503113),Tanner Banks,42503113,P,4000,PHI@COL 04/03/2026 04:10PM ET,PHI,2.8
,,,,,,,,,,,,,,,RP,Jhoan Duran (42503116),Jhoan Duran,42503116,P,4000,PHI@COL 04/03/2026 04:10PM ET,PHI,4.96
,,,,,,,,,,,,,,,RP,Victor Vodnik (42503134),Victor Vodnik,42503134,P,4000,PHI@COL 04/03/2026 04:10PM ET,COL,-0.25
,,,,,,,,,,,,,,,RP,Juan Mejia (42503145),Juan Mejia,42503145,P,4000,PHI@COL 04/03/2026 04:10PM ET,COL,0.95
,,,,,,,,,,,,,,,RP,Brad Keller (42503147),Brad Keller,42503147,P,4000,PHI@COL 04/03/2026 04:10PM ET,PHI,0.78
,,,,,,,,,,,,,,,RP,Zach Agnos (42503159),Zach Agnos,42503159,P,4000,PHI@COL 04/03/2026 04:10PM ET,COL,3.05
,,,,,,,,,,,,,,,RP,Tim Mayza (42503167),Tim Mayza,42503167,P,4000,PHI@COL 04/03/2026 04:10PM ET,PHI,7.9
,,,,,,,,,,,,,,,RP,Jimmy Herget (42503177),Jimmy Herget,42503177,P,4000,PHI@COL 04/03/2026 04:10PM ET,COL,3.85
,,,,,,,,,,,,,,,RP,Max Lazar (42503184),Max Lazar,42503184,P,4000,PHI@COL 04/03/2026 04:10PM ET,PHI,0
,,,,,,,,,,,,,,,RP,Orion Kerkering (42503192),Orion Kerkering,42503192,P,4000,PHI@COL 04/03/2026 04:10PM ET,PHI,0
,,,,,,,,,,,,,,,RP,Kyle Backhus (42503230),Kyle Backhus,42503230,P,4000,PHI@COL 04/03/2026 04:10PM ET,PHI,-2
,,,,,,,,,,,,,,,RP,Brennan Bernardino (42503241),Brennan Bernardino,42503241,P,4000,PHI@COL 04/03/2026 04:10PM ET,COL,2.89
,,,,,,,,,,,,,,,RP,Nolan Hoffman (42503247),Nolan Hoffman,42503247,P,4000,PHI@COL 04/03/2026 04:10PM ET,PHI,0
,,,,,,,,,,,,,,,RP,Alan Rangel (42503248),Alan Rangel,42503248,P,4000,PHI@COL 04/03/2026 04:10PM ET,PHI,0
,,,,,,,,,,,,,,,RP,Luis Peralta (42503251),Luis Peralta,42503251,P,4000,PHI@COL 04/03/2026 04:10PM ET,COL,0
,,,,,,,,,,,,,,,RP,Chase Shugart (42503272),Chase Shugart,42503272,P,4000,PHI@COL 04/03/2026 04:10PM ET,PHI,0
,,,,,,,,,,,,,,,RP,Zach Pop (42503288),Zach Pop,42503288,P,4000,PHI@COL 04/03/2026 04:10PM ET,PHI,1.45
,,,,,,,,,,,,,,,C,Adley Rutschman (42502473),Adley Rutschman,42502473,C,4000,BAL@PIT 04/03/2026 04:12PM ET,BAL,5.6
,,,,,,,,,,,,,,,RP,Cameron Foster (42503041),Cameron Foster,42503041,P,4000,BAL@PIT 04/03/2026 04:12PM ET,BAL,0
,,,,,,,,,,,,,,,SP,Wilber Dotel (42503047),Wilber Dotel,42503047,P,4000,BAL@PIT 04/03/2026 04:12PM ET,PIT,0
,,,,,,,,,,,,,,,RP,Ryan Harbin (42503048),Ryan Harbin,42503048,P,4000,BAL@PIT 04/03/2026 04:12PM ET,PIT,0
,,,,,,,,,,,,,,,RP,Brandan Bidois (42503069),Brandan Bidois,42503069,P,4000,BAL@PIT 04/03/2026 04:12PM ET,PIT,0
,,,,,,,,,,,,,,,RP,Anthony Nunez (42503098),Anthony Nunez,42503098,P,4000,BAL@PIT 04/03/2026 04:12PM ET,BAL,7.9
,,,,,,,,,,,,,,,RP,Jose Espada (42503099),Jose Espada,42503099,P,4000,BAL@PIT 04/03/2026 04:12PM ET,BAL,0
,,,,,,,,,,,,,,,RP,Evan Sisk (42503111),Evan Sisk,42503111,P,4000,BAL@PIT 04/03/2026 04:12PM ET,PIT,0
,,,,,,,,,,,,,,,RP,Ryan Helsley (42503127),Ryan Helsley,42503127,P,4000,BAL@PIT 04/03/2026 04:12PM ET,BAL,5.65
,,,,,,,,,,,,,,,RP,Rico Garcia (42503136),Rico Garcia,42503136,P,4000,BAL@PIT 04/03/2026 04:12PM ET,BAL,8.62
,,,,,,,,,,,,,,,RP,Yennier Cano (42503137),Yennier Cano,42503137,P,4000,BAL@PIT 04/03/2026 04:12PM ET,BAL,1.32
,,,,,,,,,,,,,,,RP,Yaramil Hiraldo (42503138),Yaramil Hiraldo,42503138,P,4000,BAL@PIT 04/03/2026 04:12PM ET,BAL,-1.48
,,,,,,,,,,,,,,,RP,Colin Selby (42503158),Colin Selby,42503158,P,4000,BAL@PIT 04/03/2026 04:12PM ET,BAL,0
,,,,,,,,,,,,,,,RP,Felix Bautista (42503162),Felix Bautista,42503162,P,4000,BAL@PIT 04/03/2026 04:12PM ET,BAL,0
,,,,,,,,,,,,,,,RP,Gregory Soto (42503173),Gregory Soto,42503173,P,4000,BAL@PIT 04/03/2026 04:12PM ET,PIT,5.84
,,,,,,,,,,,,,,,RP,Jayvien Sandridge (42503189),Jayvien Sandridge,42503189,P,4000,BAL@PIT 04/03/2026 04:12PM ET,BAL,0
,,,,,,,,,,,,,,,RP,Yohan Ramirez (42503193),Yohan Ramirez,42503193,P,4000,BAL@PIT 04/03/2026 04:12PM ET,PIT,8.9
,,,,,,,,,,,,,,,RP,Isaac Mattson (42503204),Isaac Mattson,42503204,P,4000,BAL@PIT 04/03/2026 04:12PM ET,PIT,2.2
,,,,,,,,,,,,,,,RP,Mason Montgomery (42503216),Mason Montgomery,42503216,P,4000,BAL@PIT 04/03/2026 04:12PM ET,PIT,1.98
,,,,,,,,,,,,,,,RP,Andrew Kittredge (42503238),Andrew Kittredge,42503238,P,4000,BAL@PIT 04/03/2026 04:12PM ET,BAL,0
,,,,,,,,,,,,,,,RP,Keegan Akin (42503246),Keegan Akin,42503246,P,4000,BAL@PIT 04/03/2026 04:12PM ET,BAL,0
,,,,,,,,,,,,,,,RP,Grant Wolfram (42503254),Grant Wolfram,42503254,P,4000,BAL@PIT 04/03/2026 04:12PM ET,BAL,3.42
,,,,,,,,,,,,,,,RP,Cam Sanders (42503255),Cam Sanders,42503255,P,4000,BAL@PIT 04/03/2026 04:12PM ET,PIT,0
,,,,,,,,,,,,,,,RP,Justin Lawrence (42503268),Justin Lawrence,42503268,P,4000,BAL@PIT 04/03/2026 04:12PM ET,PIT,3.46
,,,,,,,,,,,,,,,RP,Dennis Santana (42503271),Dennis Santana,42503271,P,4000,BAL@PIT 04/03/2026 04:12PM ET,PIT,3.8
,,,,,,,,,,,,,,,2B,Jazz Chisholm Jr. (42502472),Jazz Chisholm Jr.,42502472,2B,4000,MIA@NYY 04/03/2026 01:35PM ET,NYY,4.67
,,,,,,,,,,,,,,,RP,Josh White (42503032),Josh White,42503032,P,4000,MIA@NYY 04/03/2026 01:35PM ET,MIA,0
,,,,,,,,,,,,,,,RP,Elmer Rodriguez (42503045),Elmer Rodriguez,42503045,P,4000,MIA@NYY 04/03/2026 01:35PM ET,NYY,0
,,,,,,,,,,,,,,,RP,Kervin Castro (42503050),Kervin Castro,42503050,P,4000,MIA@NYY 04/03/2026 01:35PM ET,NYY,0
,,,,,,,,,,,,,,,RP,William Kempner (42503070),William Kempner,42503070,P,4000,MIA@NYY 04/03/2026 01:35PM ET,MIA,0
,,,,,,,,,,,,,,,SP,Chase Hampton (42503072),Chase Hampton,42503072,P,4000,MIA@NYY 04/03/2026 01:35PM ET,NYY,0
,,,,,,,,,,,,,,,RP,Cade Winquest (42503080),Cade Winquest,42503080,P,4000,MIA@NYY 04/03/2026 01:35PM ET,NYY,0
,,,,,,,,,,,,,,,SP,Bradley Blalock (42503090),Bradley Blalock,42503090,P,4000,MIA@NYY 04/03/2026 01:35PM ET,MIA,0
,,,,,,,,,,,,,,,RP,Angel Chivilli (42503103),Angel Chivilli,42503103,P,4000,MIA@NYY 04/03/2026 01:35PM ET,NYY,0
,,,,,,,,,,,,,,,RP,Calvin Faucher (42503130),Calvin Faucher,42503130,P,4000,MIA@NYY 04/03/2026 01:35PM ET,MIA,6.95
,,,,,,,,,,,,,,,RP,Paul Blackburn (42503140),Paul Blackburn,42503140,P,4000,MIA@NYY 04/03/2026 01:35PM ET,NYY,-1.4
,,,,,,,,,,,,,,,RP,David Bednar (42503154),David Bednar,42503154,P,4000,MIA@NYY 04/03/2026 01:35PM ET,NYY,1.97
,,,,,,,,,,,,,,,RP,Yerry de los Santos (42503156),Yerry de los Santos,42503156,P,4000,MIA@NYY 04/03/2026 01:35PM ET,NYY,0
,,,,,,,,,,,,,,,RP,John King (42503164),John King,42503164,P,4000,MIA@NYY 04/03/2026 01:35PM ET,MIA,3.95
,,,,,,,,,,,,,,,RP,Brent Headrick (42503181),Brent Headrick,42503181,P,4000,MIA@NYY 04/03/2026 01:35PM ET,NYY,3.48
,,,,,,,,,,,,,,,RP,Fernando Cruz (42503183),Fernando Cruz,42503183,P,4000,MIA@NYY 04/03/2026 01:35PM ET,NYY,3.3
,,,,,,,,,,,,,,,RP,Camilo Doval (42503215),Camilo Doval,42503215,P,4000,MIA@NYY 04/03/2026 01:35PM ET,NYY,2.24
,,,,,,,,,,,,,,,RP,Anthony Bender (42503228),Anthony Bender,42503228,P,4000,MIA@NYY 04/03/2026 01:35PM ET,MIA,5.65
,,,,,,,,,,,,,,,RP,Michael Petersen (42503244),Michael Petersen,42503244,P,4000,MIA@NYY 04/03/2026 01:35PM ET,MIA,7.25
,,,,,,,,,,,,,,,RP,Tyler Phillips (42503253),Tyler Phillips,42503253,P,4000,MIA@NYY 04/03/2026 01:35PM ET,MIA,7.3
,,,,,,,,,,,,,,,RP,Pete Fairbanks (42503256),Pete Fairbanks,42503256,P,4000,MIA@NYY 04/03/2026 01:35PM ET,MIA,5.38
,,,,,,,,,,,,,,,RP,Ronny Henriquez (42503280),Ronny Henriquez,42503280,P,4000,MIA@NYY 04/03/2026 01:35PM ET,MIA,0
,,,,,,,,,,,,,,,RP,Jake Bird (42503283),Jake Bird,42503283,P,4000,MIA@NYY 04/03/2026 01:35PM ET,NYY,5.63
,,,,,,,,,,,,,,,RP,Lake Bachar (42503284),Lake Bachar,42503284,P,4000,MIA@NYY 04/03/2026 01:35PM ET,MIA,9.55
,,,,,,,,,,,,,,,RP,Tim Hill (42503290),Tim Hill,42503290,P,4000,MIA@NYY 04/03/2026 01:35PM ET,NYY,4.3
,,,,,,,,,,,,,,,RP,Andrew Nardi (42503296),Andrew Nardi,42503296,P,4000,MIA@NYY 04/03/2026 01:35PM ET,MIA,5.58
,,,,,,,,,,,,,,,RP,Cade Gibson (42503298),Cade Gibson,42503298,P,4000,MIA@NYY 04/03/2026 01:35PM ET,MIA,0
,,,,,,,,,,,,,,,3B/SS,Colson Montgomery (42502477),Colson Montgomery,42502477,3B/SS,4000,TOR@CWS 04/03/2026 02:10PM ET,CWS,5.83
,,,,,,,,,,,,,,,SP,Adam Macko (42503027),Adam Macko,42503027,P,4000,TOR@CWS 04/03/2026 02:10PM ET,TOR,0
,,,,,,,,,,,,,,,SP,Ky Bush (42503033),Ky Bush,42503033,P,4000,TOR@CWS 04/03/2026 02:10PM ET,CWS,0
,,,,,,,,,,,,,,,SP,Duncan Davitt (42503043),Duncan Davitt,42503043,P,4000,TOR@CWS 04/03/2026 02:10PM ET,CWS,0
,,,,,,,,,,,,,,,SP,Jake Bloss (42503044),Jake Bloss,42503044,P,4000,TOR@CWS 04/03/2026 02:10PM ET,TOR,0
,,,,,,,,,,,,,,,RP,Prelander Berroa (42503051),Prelander Berroa,42503051,P,4000,TOR@CWS 04/03/2026 02:10PM ET,CWS,0
,,,,,,,,,,,,,,,SP,Ricky Tiedemann (42503052),Ricky Tiedemann,42503052,P,4000,TOR@CWS 04/03/2026 02:10PM ET,TOR,0
,,,,,,,,,,,,,,,SP,Tanner McDougal (42503059),Tanner McDougal,42503059,P,4000,TOR@CWS 04/03/2026 02:10PM ET,CWS,0
,,,,,,,,,,,,,,,RP,Lazaro Estrada (42503073),Lazaro Estrada,42503073,P,4000,TOR@CWS 04/03/2026 02:10PM ET,TOR,0
,,,,,,,,,,,,,,,RP,David Sandlin (42503083),David Sandlin,42503083,P,4000,TOR@CWS 04/03/2026 02:10PM ET,CWS,0
,,,,,,,,,,,,,,,RP,Bowden Francis (42503089),Bowden Francis,42503089,P,4000,TOR@CWS 04/03/2026 02:10PM ET,TOR,0
,,,,,,,,,,,,,,,RP,Brendon Little (42503093),Brendon Little,42503093,P,4000,TOR@CWS 04/03/2026 02:10PM ET,TOR,-2.25
,,,,,,,,,,,,,,,RP,Wikelman Gonzalez (42503097),Wikelman Gonzalez,42503097,P,4000,TOR@CWS 04/03/2026 02:10PM ET,CWS,0
,,,,,,,,,,,,,,,RP,Yimi Garcia (42503114),Yimi Garcia,42503114,P,4000,TOR@CWS 04/03/2026 02:10PM ET,TOR,0
,,,,,,,,,,,,,,,RP,Jordan Hicks (42503119),Jordan Hicks,42503119,P,4000,TOR@CWS 04/03/2026 02:10PM ET,CWS,-0.32
,,,,,,,,,,,,,,,RP,Louis Varland (42503120),Louis Varland,42503120,P,4000,TOR@CWS 04/03/2026 02:10PM ET,TOR,4.63
,,,,,,,,,,,,,,,RP,Bryan Hudson (42503121),Bryan Hudson,42503121,P,4000,TOR@CWS 04/03/2026 02:10PM ET,CWS,1.82
,,,,,,,,,,,,,,,RP,Jeff Hoffman (42503124),Jeff Hoffman,42503124,P,4000,TOR@CWS 04/03/2026 02:10PM ET,TOR,7.3
,,,,,,,,,,,,,,,RP,Tommy Nance (42503142),Tommy Nance,42503142,P,4000,TOR@CWS 04/03/2026 02:10PM ET,TOR,2.28
,,,,,,,,,,,,,,,RP,Chase Lee (42503148),Chase Lee,42503148,P,4000,TOR@CWS 04/03/2026 02:10PM ET,TOR,0
,,,,,,,,,,,,,,,RP,Jordan Leasure (42503157),Jordan Leasure,42503157,P,4000,TOR@CWS 04/03/2026 02:10PM ET,CWS,2.57
,,,,,,,,,,,,,,,RP,Grant Taylor (42503169),Grant Taylor,42503169,P,4000,TOR@CWS 04/03/2026 02:10PM ET,CWS,3.75
,,,,,,,,,,,,,,,RP,Seranthony Dominguez (42503178),Seranthony Dominguez,42503178,P,4000,TOR@CWS 04/03/2026 02:10PM ET,CWS,-1.7
,,,,,,,,,,,,,,,RP,Lucas Sims (42503180),Lucas Sims,42503180,P,4000,TOR@CWS 04/03/2026 02:10PM ET,CWS,4.7
,,,,,,,,,,,,,,,RP,Tyler Rogers (42503195),Tyler Rogers,42503195,P,4000,TOR@CWS 04/03/2026 02:10PM ET,TOR,3.3
,,,,,,,,,,,,,,,RP,Braydon Fisher (42503218),Braydon Fisher,42503218,P,4000,TOR@CWS 04/03/2026 02:10PM ET,TOR,3.88
,,,,,,,,,,,,,,,RP,Tyler Gilbert (42503249),Tyler Gilbert,42503249,P,4000,TOR@CWS 04/03/2026 02:10PM ET,CWS,-3.55
,,,,,,,,,,,,,,,RP,Mason Fluharty (42503263),Mason Fluharty,42503263,P,4000,TOR@CWS 04/03/2026 02:10PM ET,TOR,1.49
,,,,,,,,,,,,,,,RP,Chris Murphy (42503267),Chris Murphy,42503267,P,4000,TOR@CWS 04/03/2026 02:10PM ET,CWS,0.7
,,,,,,,,,,,,,,,RP,Spencer Miles (42503281),Spencer Miles,42503281,P,4000,TOR@CWS 04/03/2026 02:10PM ET,TOR,3.5
,,,,,,,,,,,,,,,RP,Brandon Eisert (42503286),Brandon Eisert,42503286,P,4000,TOR@CWS 04/03/2026 02:10PM ET,CWS,0
,,,,,,,,,,,,,,,3B,Max Muncy (42502482),Max Muncy,42502482,3B,3900,LAD@WSH 04/03/2026 01:05PM ET,LAD,5.83
,,,,,,,,,,,,,,,2B,Matt McLain (42502483),Matt McLain,42502483,2B,3900,CIN@TEX 04/03/2026 04:05PM ET,CIN,5.33
,,,,,,,,,,,,,,,OF,Ramon Laureano (42502479),Ramon Laureano,42502479,OF,3900,SD@BOS 04/03/2026 02:10PM ET,SD,11.6
,,,,,,,,,,,,,,,1B,Kyle Manzardo (42502481),Kyle Manzardo,42502481,1B,3900,CHC@CLE 04/03/2026 04:10PM ET,CLE,2.29
,,,,,,,,,,,,,,,SS,Otto Lopez (42502484),Otto Lopez,42502484,SS,3900,MIA@NYY 04/03/2026 01:35PM ET,MIA,10
,,,,,,,,,,,,,,,C,Alejandro Kirk (42502480),Alejandro Kirk,42502480,C,3900,TOR@CWS 04/03/2026 02:10PM ET,TOR,5.75
,,,,,,,,,,,,,,,1B/3B,Colt Keith (42502486),Colt Keith,42502486,1B/3B,3800,STL@DET 04/03/2026 01:10PM ET,DET,8
,,,,,,,,,,,,,,,OF,TJ Friedl (42502485),TJ Friedl,42502485,OF,3800,CIN@TEX 04/03/2026 04:05PM ET,CIN,4.17
,,,,,,,,,,,,,,,C,Miguel Amaya (42502490),Miguel Amaya,42502490,C,3800,CHC@CLE 04/03/2026 04:10PM ET,CHC,9.33
,,,,,,,,,,,,,,,SS,Ezequiel Tovar (42502488),Ezequiel Tovar,42502488,SS,3800,PHI@COL 04/03/2026 04:10PM ET,COL,9.33
,,,,,,,,,,,,,,,3B,Jordan Westburg (42502726),Jordan Westburg,42502726,3B,3800,BAL@PIT 04/03/2026 04:12PM ET,BAL,0
,,,,,,,,,,,,,,,2B,Chase Meidroth (42502489),Chase Meidroth,42502489,2B,3800,TOR@CWS 04/03/2026 02:10PM ET,CWS,6.6
,,,,,,,,,,,,,,,C,Dillon Dingler (42502496),Dillon Dingler,42502496,C,3700,STL@DET 04/03/2026 01:10PM ET,DET,8.4
,,,,,,,,,,,,,,,OF,Evan Carter (42502495),Evan Carter,42502495,OF,3700,CIN@TEX 04/03/2026 04:05PM ET,TEX,4.67
,,,,,,,,,,,,,,,1B,Willson Contreras (42502493),Willson Contreras,42502493,1B,3700,SD@BOS 04/03/2026 02:10PM ET,BOS,4.17
,,,,,,,,,,,,,,,SS,Dansby Swanson (42502497),Dansby Swanson,42502497,SS,3700,CHC@CLE 04/03/2026 04:10PM ET,CHC,4.83
,,,,,,,,,,,,,,,2B,Bryson Stott (42502494),Bryson Stott,42502494,2B,3700,PHI@COL 04/03/2026 04:10PM ET,PHI,3.6
,,,,,,,,,,,,,,,3B/OF,Addison Barger (42502491),Addison Barger,42502491,3B/OF,3700,TOR@CWS 04/03/2026 02:10PM ET,TOR,1.6
,,,,,,,,,,,,,,,C,Keibert Ruiz (42502502),Keibert Ruiz,42502502,C,3600,LAD@WSH 04/03/2026 01:05PM ET,WSH,7.67
,,,,,,,,,,,,,,,2B,Gleyber Torres (42502501),Gleyber Torres,42502501,2B,3600,STL@DET 04/03/2026 01:10PM ET,DET,5.67
,,,,,,,,,,,,,,,SS,Xander Bogaerts (42502500),Xander Bogaerts,42502500,SS,3600,SD@BOS 04/03/2026 02:10PM ET,SD,3.67
,,,,,,,,,,,,,,,3B,Royce Lewis (42502499),Royce Lewis,42502499,3B,3600,TB@MIN 04/03/2026 04:10PM ET,MIN,9.17
,,,,,,,,,,,,,,,OF,Austin Martin (42502503),Austin Martin,42502503,OF,3600,TB@MIN 04/03/2026 04:10PM ET,MIN,5.6
,,,,,,,,,,,,,,,1B,Rhys Hoskins (42502498),Rhys Hoskins,42502498,1B,3600,CHC@CLE 04/03/2026 04:10PM ET,CLE,5.6
,,,,,,,,,,,,,,,C,Ivan Herrera (42502507),Ivan Herrera,42502507,C,3500,STL@DET 04/03/2026 01:10PM ET,STL,5.33
,,,,,,,,,,,,,,,1B/2B,Romy Gonzalez (42502727),Romy Gonzalez,42502727,1B/2B,3500,SD@BOS 04/03/2026 02:10PM ET,BOS,0
,,,,,,,,,,,,,,,3B/OF,Daniel Schneemann (42502505),Daniel Schneemann,42502505,3B/OF,3500,CHC@CLE 04/03/2026 04:10PM ET,CLE,5.17
,,,,,,,,,,,,,,,C,J.T. Realmuto (42502509),J.T. Realmuto,42502509,C,3500,PHI@COL 04/03/2026 04:10PM ET,PHI,6.4
,,,,,,,,,,,,,,,OF,Tyler O'Neill (42502508),Tyler O'Neill,42502508,OF,3500,BAL@PIT 04/03/2026 04:12PM ET,BAL,6.6
,,,,,,,,,,,,,,,SS,Konnor Griffin (42502513),Konnor Griffin,42502513,SS,3500,BAL@PIT 04/03/2026 04:12PM ET,PIT,0
,,,,,,,,,,,,,,,OF,Trent Grisham (42502504),Trent Grisham,42502504,OF,3500,MIA@NYY 04/03/2026 01:35PM ET,NYY,6.67
,,,,,,,,,,,,,,,OF,Griffin Conine (42502512),Griffin Conine,42502512,OF,3500,MIA@NYY 04/03/2026 01:35PM ET,MIA,7.6
,,,,,,,,,,,,,,,2B/3B,Ernie Clement (42502510),Ernie Clement,42502510,2B/3B,3500,TOR@CWS 04/03/2026 02:10PM ET,TOR,6
,,,,,,,,,,,,,,,2B/SS,Nasim Nunez (42502522),Nasim Nunez,42502522,2B/SS,3400,LAD@WSH 04/03/2026 01:05PM ET,WSH,8.2
,,,,,,,,,,,,,,,2B,Tommy Edman (42502730),Tommy Edman,42502730,2B,3400,LAD@WSH 04/03/2026 01:05PM ET,LAD,0
,,,,,,,,,,,,,,,3B/OF,Zach McKinstry (42502519),Zach McKinstry,42502519,3B/OF,3400,STL@DET 04/03/2026 01:10PM ET,DET,1
,,,,,,,,,,,,,,,OF,Lars Nootbaar (42502731),Lars Nootbaar,42502731,OF,3400,STL@DET 04/03/2026 01:10PM ET,STL,0
,,,,,,,,,,,,,,,C,Tyler Stephenson (42502514),Tyler Stephenson,42502514,C,3400,CIN@TEX 04/03/2026 04:05PM ET,CIN,1
,,,,,,,,,,,,,,,OF,Will Benson (42502521),Will Benson,42502521,OF,3400,CIN@TEX 04/03/2026 04:05PM ET,CIN,3
,,,,,,,,,,,,,,,OF,Andrew McCutchen (42502526),Andrew McCutchen,42502526,OF,3400,CIN@TEX 04/03/2026 04:05PM ET,TEX,9
,,,,,,,,,,,,,,,2B,Jake Cronenworth (42502517),Jake Cronenworth,42502517,2B,3400,SD@BOS 04/03/2026 02:10PM ET,SD,4.33
,,,,,,,,,,,,,,,1B,Josh Bell (42502518),Josh Bell,42502518,1B,3400,TB@MIN 04/03/2026 04:10PM ET,MIN,11
,,,,,,,,,,,,,,,OF,Adolis Garcia (42502525),Adolis Garcia,42502525,OF,3400,PHI@COL 04/03/2026 04:10PM ET,PHI,7.33
,,,,,,,,,,,,,,,2B,Jackson Holliday (42502729),Jackson Holliday,42502729,2B,3400,BAL@PIT 04/03/2026 04:12PM ET,BAL,0
,,,,,,,,,,,,,,,1B/3B,Miguel Vargas (42502515),Miguel Vargas,42502515,1B/3B,3400,TOR@CWS 04/03/2026 02:10PM ET,CWS,9.17
,,,,,,,,,,,,,,,OF,Jesus Sanchez (42502524),Jesus Sanchez,42502524,OF,3400,TOR@CWS 04/03/2026 02:10PM ET,TOR,9.8
,,,,,,,,,,,,,,,3B,Brady House (42502528),Brady House,42502528,3B,3300,LAD@WSH 04/03/2026 01:05PM ET,WSH,8.83
,,,,,,,,,,,,,,,3B/OF,Kike Hernandez (42502732),Kike Hernandez,42502732,3B/OF,3300,LAD@WSH 04/03/2026 01:05PM ET,LAD,0
,,,,,,,,,,,,,,,2B,JJ Wetherholt (42502536),JJ Wetherholt,42502536,2B,3300,STL@DET 04/03/2026 01:10PM ET,STL,9.5
,,,,,,,,,,,,,,,OF,Noelvi Marte (42502527),Noelvi Marte,42502527,OF,3300,CIN@TEX 04/03/2026 04:05PM ET,CIN,1.5
,,,,,,,,,,,,,,,1B/OF,Gavin Sheets (42502533),Gavin Sheets,42502533,1B/OF,3300,SD@BOS 04/03/2026 02:10PM ET,SD,3.5
,,,,,,,,,,,,,,,1B/2B,Kody Clemens (42502537),Kody Clemens,42502537,1B/2B,3300,TB@MIN 04/03/2026 04:10PM ET,MIN,8.25
,,,,,,,,,,,,,,,C,Bo Naylor (42502529),Bo Naylor,42502529,C,3300,CHC@CLE 04/03/2026 04:10PM ET,CLE,2.2
,,,,,,,,,,,,,,,C,Samuel Basallo (42502539),Samuel Basallo,42502539,C,3300,BAL@PIT 04/03/2026 04:12PM ET,BAL,6.2
,,,,,,,,,,,,,,,1B/3B,Connor Norby (42502531),Connor Norby,42502531,1B/3B,3300,MIA@NYY 04/03/2026 01:35PM ET,MIA,5
,,,,,,,,,,,,,,,3B/SS,Jose Caballero (42502540),Jose Caballero,42502540,3B/SS,3300,MIA@NYY 04/03/2026 01:35PM ET,NYY,3.83
,,,,,,,,,,,,,,,OF,Nathan Lukes (42502530),Nathan Lukes,42502530,OF,3300,TOR@CWS 04/03/2026 02:10PM ET,TOR,2.8
,,,,,,,,,,,,,,,OF,Austin Hays (42502535),Austin Hays,42502535,OF,3300,TOR@CWS 04/03/2026 02:10PM ET,CWS,5.2
,,,,,,,,,,,,,,,OF,Joey Wiemer (42502543),Joey Wiemer,42502543,OF,3200,LAD@WSH 04/03/2026 01:05PM ET,WSH,16.2
,,,,,,,,,,,,,,,2B/OF,Richie Palacios (42502551),Richie Palacios,42502551,2B/OF,3200,TB@MIN 04/03/2026 04:10PM ET,TB,1.2
,,,,,,,,,,,,,,,C,Carson Kelly (42502544),Carson Kelly,42502544,C,3200,CHC@CLE 04/03/2026 04:10PM ET,CHC,4.17
,,,,,,,,,,,,,,,OF,Brenton Doyle (42502542),Brenton Doyle,42502542,OF,3200,PHI@COL 04/03/2026 04:10PM ET,COL,4.33
,,,,,,,,,,,,,,,OF,Brandon Marsh (42502548),Brandon Marsh,42502548,OF,3200,PHI@COL 04/03/2026 04:10PM ET,PHI,7
,,,,,,,,,,,,,,,2B/OF,Tyler Freeman (42502549),Tyler Freeman,42502549,2B/OF,3200,PHI@COL 04/03/2026 04:10PM ET,COL,5
,,,,,,,,,,,,,,,OF,Mickey Moniak (42502734),Mickey Moniak,42502734,OF,3200,PHI@COL 04/03/2026 04:10PM ET,COL,0
,,,,,,,,,,,,,,,1B,Spencer Horwitz (42502547),Spencer Horwitz,42502547,1B,3200,BAL@PIT 04/03/2026 04:12PM ET,PIT,2.4
,,,,,,,,,,,,,,,1B/C,Liam Hicks (42502545),Liam Hicks,42502545,C/1B,3200,MIA@NYY 04/03/2026 01:35PM ET,MIA,17.2
,,,,,,,,,,,,,,,SS,Andres Gimenez (42502553),Andres Gimenez,42502553,SS,3200,TOR@CWS 04/03/2026 02:10PM ET,TOR,10.33
,,,,,,,,,,,,,,,C,Drew Millas (42502557),Drew Millas,42502557,C,3100,LAD@WSH 04/03/2026 01:05PM ET,WSH,4.67
,,,,,,,,,,,,,,,1B/OF,Spencer Steer (42502554),Spencer Steer,42502554,1B/OF,3100,CIN@TEX 04/03/2026 04:05PM ET,CIN,1.8
,,,,,,,,,,,,,,,2B/SS,Josh Smith (42502559),Josh Smith,42502559,2B/SS,3100,CIN@TEX 04/03/2026 04:05PM ET,TEX,4.4
,,,,,,,,,,,,,,,OF,JJ Bleday (42502735),JJ Bleday,42502735,OF,3100,CIN@TEX 04/03/2026 04:05PM ET,CIN,0
,,,,,,,,,,,,,,,OF,Matt Wallner (42502556),Matt Wallner,42502556,OF,3100,TB@MIN 04/03/2026 04:10PM ET,MIN,7.33
,,,,,,,,,,,,,,,2B,Brayan Rocchio (42502561),Brayan Rocchio,42502561,2B,3100,CHC@CLE 04/03/2026 04:10PM ET,CLE,5.14
,,,,,,,,,,,,,,,C,Moises Ballesteros (42502564),Moises Ballesteros,42502564,C,3100,CHC@CLE 04/03/2026 04:10PM ET,CHC,3.17
,,,,,,,,,,,,,,,OF,George Valera (42502736),George Valera,42502736,OF,3100,CHC@CLE 04/03/2026 04:10PM ET,CLE,0
,,,,,,,,,,,,,,,OF,Colton Cowser (42502558),Colton Cowser,42502558,OF,3100,BAL@PIT 04/03/2026 04:12PM ET,BAL,5.6
,,,,,,,,,,,,,,,3B/OF,Javier Sanoja (42502562),Javier Sanoja,42502562,3B/OF,3100,MIA@NYY 04/03/2026 01:35PM ET,MIA,8.25
,,,,,,,,,,,,,,,OF,Christopher Morel (42502737),Christopher Morel,42502737,OF,3100,MIA@NYY 04/03/2026 01:35PM ET,MIA,0
,,,,,,,,,,,,,,,C,Kyle Teel (42502738),Kyle Teel,42502738,C,3100,TOR@CWS 04/03/2026 02:10PM ET,CWS,0
,,,,,,,,,,,,,,,SS,Masyn Winn (42502571),Masyn Winn,42502571,SS,3000,STL@DET 04/03/2026 01:10PM ET,STL,5.17
,,,,,,,,,,,,,,,1B/3B,Christian Encarnacion-Strand (42502740),Christian Encarnacion-Strand,42502740,1B/3B,3000,CIN@TEX 04/03/2026 04:05PM ET,CIN,0
,,,,,,,,,,,,,,,OF,Ceddanne Rafaela (42502568),Ceddanne Rafaela,42502568,OF,3000,SD@BOS 04/03/2026 02:10PM ET,BOS,4.83
,,,,,,,,,,,,,,,OF,Nick Castellanos (42502572),Nick Castellanos,42502572,OF,3000,SD@BOS 04/03/2026 02:10PM ET,SD,2
,,,,,,,,,,,,,,,3B,Caleb Durbin (42502574),Caleb Durbin,42502574,3B,3000,SD@BOS 04/03/2026 02:10PM ET,BOS,0.4
,,,,,,,,,,,,,,,3B,Sung-Mun Song (42502742),Sung-Mun Song,42502742,3B,3000,SD@BOS 04/03/2026 02:10PM ET,SD,0
,,,,,,,,,,,,,,,OF,Trevor Larnach (42502565),Trevor Larnach,42502565,OF,3000,TB@MIN 04/03/2026 04:10PM ET,MIN,3.6
,,,,,,,,,,,,,,,OF,Jonny DeLuca (42502573),Jonny DeLuca,42502573,OF,3000,TB@MIN 04/03/2026 04:10PM ET,TB,7
,,,,,,,,,,,,,,,C,Ryan Jeffers (42502576),Ryan Jeffers,42502576,C,3000,TB@MIN 04/03/2026 04:10PM ET,MIN,5.25
,,,,,,,,,,,,,,,OF,Gavin Lux (42502743),Gavin Lux,42502743,OF,3000,TB@MIN 04/03/2026 04:10PM ET,TB,0
,,,,,,,,,,,,,,,OF,Jordan Beck (42502567),Jordan Beck,42502567,OF,3000,PHI@COL 04/03/2026 04:10PM ET,COL,5.4
,,,,,,,,,,,,,,,1B,Paul Goldschmidt (42502566),Paul Goldschmidt,42502566,1B,3000,MIA@NYY 04/03/2026 01:35PM ET,NYY,12.5
,,,,,,,,,,,,,,,C,Austin Wells (42502575),Austin Wells,42502575,C,3000,MIA@NYY 04/03/2026 01:35PM ET,NYY,2.6
,,,,,,,,,,,,,,,OF,Jasson Dominguez (42502739),Jasson Dominguez,42502739,OF,3000,MIA@NYY 04/03/2026 01:35PM ET,NYY,0
,,,,,,,,,,,,,,,2B/OF,Davis Schneider (42502569),Davis Schneider,42502569,2B/OF,3000,TOR@CWS 04/03/2026 02:10PM ET,TOR,7
,,,,,,,,,,,,,,,1B/2B,Luis Garcia Jr. (42502577),Luis Garcia Jr.,42502577,1B/2B,2900,LAD@WSH 04/03/2026 01:05PM ET,WSH,4.5
,,,,,,,,,,,,,,,OF,Victor Scott II (42502584),Victor Scott II,42502584,OF,2900,STL@DET 04/03/2026 01:10PM ET,STL,6.5
,,,,,,,,,,,,,,,OF,Sam Haggerty (42502581),Sam Haggerty,42502581,OF,2900,CIN@TEX 04/03/2026 04:05PM ET,TEX,2.67
,,,,,,,,,,,,,,,3B,Josh Jung (42502588),Josh Jung,42502588,3B,2900,CIN@TEX 04/03/2026 04:05PM ET,TEX,1.6
,,,,,,,,,,,,,,,OF,Blake Dunn (42502745),Blake Dunn,42502745,OF,2900,CIN@TEX 04/03/2026 04:05PM ET,CIN,0
,,,,,,,,,,,,,,,C,Carlos Narvaez (42502582),Carlos Narvaez,42502582,C,2900,SD@BOS 04/03/2026 02:10PM ET,BOS,4.67
,,,,,,,,,,,,,,,1B,Eric Wagaman (42502744),Eric Wagaman,42502744,1B,2900,TB@MIN 04/03/2026 04:10PM ET,MIN,0
,,,,,,,,,,,,,,,C,David Fry (42502580),David Fry,42502580,C,2900,CHC@CLE 04/03/2026 04:10PM ET,CLE,2.67
,,,,,,,,,,,,,,,OF,Jake McCarthy (42502579),Jake McCarthy,42502579,OF,2900,PHI@COL 04/03/2026 04:10PM ET,COL,5.67
,,,,,,,,,,,,,,,2B/OF,Willi Castro (42502586),Willi Castro,42502586,2B/OF,2900,PHI@COL 04/03/2026 04:10PM ET,COL,4.83
,,,,,,,,,,,,,,,OF,Jake Mangum (42502583),Jake Mangum,42502583,OF,2900,BAL@PIT 04/03/2026 04:12PM ET,PIT,3.75
,,,,,,,,,,,,,,,OF,Owen Caissie (42502585),Owen Caissie,42502585,OF,2900,MIA@NYY 04/03/2026 01:35PM ET,MIA,10.5
,,,,,,,,,,,,,,,OF,Jacob Young (42502595),Jacob Young,42502595,OF,2800,LAD@WSH 04/03/2026 01:05PM ET,WSH,6.6
,,,,,,,,,,,,,,,2B/3B,Alex Freeland (42502603),Alex Freeland,42502603,2B/3B,2800,LAD@WSH 04/03/2026 01:05PM ET,LAD,5.75
,,,,,,,,,,,,,,,OF,Parker Meadows (42502594),Parker Meadows,42502594,OF,2800,STL@DET 04/03/2026 01:10PM ET,DET,4.8
,,,,,,,,,,,,,,,OF,Nathan Church (42502597),Nathan Church,42502597,OF,2800,STL@DET 04/03/2026 01:10PM ET,STL,3.4
,,,,,,,,,,,,,,,C,Nick Fortes (42502591),Nick Fortes,42502591,C,2800,TB@MIN 04/03/2026 04:10PM ET,TB,7.33
,,,,,,,,,,,,,,,SS,Brooks Lee (42502592),Brooks Lee,42502592,SS,2800,TB@MIN 04/03/2026 04:10PM ET,MIN,2.4
,,,,,,,,,,,,,,,SS,Carson Williams (42502598),Carson Williams,42502598,SS,2800,TB@MIN 04/03/2026 04:10PM ET,TB,4.5
,,,,,,,,,,,,,,,1B/C,Victor Caratini (42502605),Victor Caratini,42502605,C/1B,2800,TB@MIN 04/03/2026 04:10PM ET,MIN,5
,,,,,,,,,,,,,,,OF,Angel Martinez (42502596),Angel Martinez,42502596,OF,2800,CHC@CLE 04/03/2026 04:10PM ET,CLE,4.33
,,,,,,,,,,,,,,,2B/SS,Nick Gonzales (42502589),Nick Gonzales,42502589,2B/SS,2800,BAL@PIT 04/03/2026 04:12PM ET,PIT,9.33
,,,,,,,,,,,,,,,2B/OF,Jeremiah Jackson (42502601),Jeremiah Jackson,42502601,2B/OF,2800,BAL@PIT 04/03/2026 04:12PM ET,BAL,3.6
,,,,,,,,,,,,,,,OF,Randal Grichuk (42502593),Randal Grichuk,42502593,OF,2800,MIA@NYY 04/03/2026 01:35PM ET,NYY,0
,,,,,,,,,,,,,,,SS,Anthony Volpe (42502746),Anthony Volpe,42502746,SS,2800,MIA@NYY 04/03/2026 01:35PM ET,NYY,0
,,,,,,,,,,,,,,,1B/2B,Lenyn Sosa (42502599),Lenyn Sosa,42502599,1B/2B,2800,TOR@CWS 04/03/2026 02:10PM ET,CWS,0
,,,,,,,,,,,,,,,OF,Anthony Santander (42502747),Anthony Santander,42502747,OF,2800,TOR@CWS 04/03/2026 02:10PM ET,TOR,0
,,,,,,,,,,,,,,,2B/3B,Jose Tena (42502621),Jose Tena,42502621,2B/3B,2700,LAD@WSH 04/03/2026 01:05PM ET,WSH,5.67
,,,,,,,,,,,,,,,C,Pedro Pages (42502611),Pedro Pages,42502611,C,2700,STL@DET 04/03/2026 01:10PM ET,STL,4.8
,,,,,,,,,,,,,,,2B/3B,Nolan Gorman (42502619),Nolan Gorman,42502619,2B/3B,2700,STL@DET 04/03/2026 01:10PM ET,STL,8.17
,,,,,,,,,,,,,,,1B,Nathaniel Lowe (42502608),Nathaniel Lowe,42502608,1B,2700,CIN@TEX 04/03/2026 04:05PM ET,CIN,2.33
,,,,,,,,,,,,,,,3B/OF,Miguel Andujar (42502612),Miguel Andujar,42502612,3B/OF,2700,SD@BOS 04/03/2026 02:10PM ET,SD,3
,,,,,,,,,,,,,,,C,Connor Wong (42502617),Connor Wong,42502617,C,2700,SD@BOS 04/03/2026 02:10PM ET,BOS,5.75
,,,,,,,,,,,,,,,OF,Cedric Mullins (42502610),Cedric Mullins,42502610,OF,2700,TB@MIN 04/03/2026 04:10PM ET,TB,1.83
,,,,,,,,,,,,,,,OF,Troy Johnston (42502607),Troy Johnston,42502607,OF,2700,PHI@COL 04/03/2026 04:10PM ET,COL,6.4
,,,,,,,,,,,,,,,2B/SS,Edmundo Sosa (42502614),Edmundo Sosa,42502614,2B/SS,2700,PHI@COL 04/03/2026 04:10PM ET,PHI,2.75
,,,,,,,,,,,,,,,OF,Justin Crawford (42502616),Justin Crawford,42502616,OF,2700,PHI@COL 04/03/2026 04:10PM ET,PHI,6.6
,,,,,,,,,,,,,,,1B,Blaine Crim (42502748),Blaine Crim,42502748,1B,2700,PHI@COL 04/03/2026 04:10PM ET,COL,0
,,,,,,,,,,,,,,,OF,Marcell Ozuna (42502609),Marcell Ozuna,42502609,OF,2700,BAL@PIT 04/03/2026 04:12PM ET,PIT,2.2
,,,,,,,,,,,,,,,OF,Heston Kjerstad (42502749),Heston Kjerstad,42502749,OF,2700,BAL@PIT 04/03/2026 04:12PM ET,BAL,0
,,,,,,,,,,,,,,,OF,Andrew Benintendi (42502618),Andrew Benintendi,42502618,OF,2700,TOR@CWS 04/03/2026 02:10PM ET,CWS,2.6
,,,,,,,,,,,,,,,OF,Jahmai Jones (42502623),Jahmai Jones,42502623,OF,2600,STL@DET 04/03/2026 01:10PM ET,DET,0
,,,,,,,,,,,,,,,OF,Wenceel Perez (42502753),Wenceel Perez,42502753,OF,2600,STL@DET 04/03/2026 01:10PM ET,DET,0
,,,,,,,,,,,,,,,C,Danny Jansen (42502629),Danny Jansen,42502629,C,2600,CIN@TEX 04/03/2026 04:05PM ET,TEX,9
,,,,,,,,,,,,,,,OF,Rece Hinds (42502750),Rece Hinds,42502750,OF,2600,CIN@TEX 04/03/2026 04:05PM ET,CIN,0
,,,,,,,,,,,,,,,OF,Masataka Yoshida (42502624),Masataka Yoshida,42502624,OF,2600,SD@BOS 04/03/2026 02:10PM ET,BOS,2.4
,,,,,,,,,,,,,,,OF,Jake Fraley (42502630),Jake Fraley,42502630,OF,2600,TB@MIN 04/03/2026 04:10PM ET,TB,4
,,,,,,,,,,,,,,,2B/SS,Tristan Gray (42502633),Tristan Gray,42502633,2B/SS,2600,TB@MIN 04/03/2026 04:10PM ET,MIN,6.33
,,,,,,,,,,,,,,,SS,Gabriel Arias (42502637),Gabriel Arias,42502637,SS,2600,CHC@CLE 04/03/2026 04:10PM ET,CLE,3.17
,,,,,,,,,,,,,,,1B,TJ Rumfield (42502632),TJ Rumfield,42502632,1B,2600,PHI@COL 04/03/2026 04:10PM ET,COL,8.67
,,,,,,,,,,,,,,,2B/3B,Blaze Alexander (42502625),Blaze Alexander,42502625,2B/3B,2600,BAL@PIT 04/03/2026 04:12PM ET,BAL,4
,,,,,,,,,,,,,,,1B/3B,Coby Mayo (42502635),Coby Mayo,42502635,1B/3B,2600,BAL@PIT 04/03/2026 04:12PM ET,BAL,5
,,,,,,,,,,,,,,,OF,Heriberto Hernandez (42502628),Heriberto Hernandez,42502628,OF,2600,MIA@NYY 04/03/2026 01:35PM ET,MIA,4
,,,,,,,,,,,,,,,2B/3B,Maximo Acosta (42502751),Maximo Acosta,42502751,2B/3B,2600,MIA@NYY 04/03/2026 01:35PM ET,MIA,0
,,,,,,,,,,,,,,,C,Tyler Heineman (42502627),Tyler Heineman,42502627,C,2600,TOR@CWS 04/03/2026 02:10PM ET,TOR,4.25
,,,,,,,,,,,,,,,OF,Everson Pereira (42502631),Everson Pereira,42502631,OF,2600,TOR@CWS 04/03/2026 02:10PM ET,CWS,6.2
,,,,,,,,,,,,,,,OF,Brooks Baldwin (42502754),Brooks Baldwin,42502754,OF,2600,TOR@CWS 04/03/2026 02:10PM ET,CWS,0
,,,,,,,,,,,,,,,2B,Miguel Rojas (42502642),Miguel Rojas,42502642,2B,2500,LAD@WSH 04/03/2026 01:05PM ET,LAD,4
,,,,,,,,,,,,,,,SS,Javier Baez (42502643),Javier Baez,42502643,SS,2500,STL@DET 04/03/2026 01:10PM ET,DET,3
,,,,,,,,,,,,,,,OF,Jordan Walker (42502645),Jordan Walker,42502645,OF,2500,STL@DET 04/03/2026 01:10PM ET,STL,8.33
,,,,,,,,,,,,,,,C,Kyle Higashioka (42502641),Kyle Higashioka,42502641,C,2500,CIN@TEX 04/03/2026 04:05PM ET,TEX,4.67
,,,,,,,,,,,,,,,3B,Ke'Bryan Hayes (42502644),Ke'Bryan Hayes,42502644,3B,2500,CIN@TEX 04/03/2026 04:05PM ET,CIN,1.5
,,,,,,,,,,,,,,,2B/3B,Marcelo Mayer (42502639),Marcelo Mayer,42502639,2B/3B,2500,SD@BOS 04/03/2026 02:10PM ET,BOS,3.83
,,,,,,,,,,,,,,,OF,Michael Conforto (42502647),Michael Conforto,42502647,OF,2500,CHC@CLE 04/03/2026 04:10PM ET,CHC,0.5
,,,,,,,,,,,,,,,OF,Petey Halpin (42502755),Petey Halpin,42502755,OF,2500,CHC@CLE 04/03/2026 04:10PM ET,CLE,0
,,,,,,,,,,,,,,,C,Rafael Marchan (42502649),Rafael Marchan,42502649,C,2500,PHI@COL 04/03/2026 04:10PM ET,PHI,18
,,,,,,,,,,,,,,,3B/SS,Jared Triolo (42502650),Jared Triolo,42502650,3B/SS,2500,BAL@PIT 04/03/2026 04:12PM ET,PIT,3.8
,,,,,,,,,,,,,,,C,Joey Bart (42502653),Joey Bart,42502653,C,2500,BAL@PIT 04/03/2026 04:12PM ET,PIT,3.5
,,,,,,,,,,,,,,,3B,Ryan McMahon (42502638),Ryan McMahon,42502638,3B,2500,MIA@NYY 04/03/2026 01:35PM ET,NYY,2.17
,,,,,,,,,,,,,,,OF,Austin Slater (42502648),Austin Slater,42502648,OF,2500,MIA@NYY 04/03/2026 01:35PM ET,MIA,0.67
,,,,,,,,,,,,,,,OF,Myles Straw (42502646),Myles Straw,42502646,OF,2500,TOR@CWS 04/03/2026 02:10PM ET,TOR,3.6
,,,,,,,,,,,,,,,OF,Tristan Peters (42502652),Tristan Peters,42502652,OF,2500,TOR@CWS 04/03/2026 02:10PM ET,CWS,4.67
,,,,,,,,,,,,,,,OF,Alex Call (42502658),Alex Call,42502658,OF,2400,LAD@WSH 04/03/2026 01:05PM ET,LAD,0
,,,,,,,,,,,,,,,C,Jose Trevino (42502662),Jose Trevino,42502662,C,2400,CIN@TEX 04/03/2026 04:05PM ET,CIN,2.5
,,,,,,,,,,,,,,,1B,Ty France (42502656),Ty France,42502656,1B,2400,SD@BOS 04/03/2026 02:10PM ET,SD,0
,,,,,,,,,,,,,,,3B/SS,Ben Williamson (42502654),Ben Williamson,42502654,3B/SS,2400,TB@MIN 04/03/2026 04:10PM ET,TB,4.17
,,,,,,,,,,,,,,,3B/OF,Matt Shaw (42502660),Matt Shaw,42502660,3B/OF,2400,CHC@CLE 04/03/2026 04:10PM ET,CHC,5
,,,,,,,,,,,,,,,3B,Kyle Karros (42502657),Kyle Karros,42502657,3B,2400,PHI@COL 04/03/2026 04:10PM ET,COL,5
,,,,,,,,,,,,,,,OF,Dylan Beavers (42502659),Dylan Beavers,42502659,OF,2400,BAL@PIT 04/03/2026 04:12PM ET,BAL,8.25
,,,,,,,,,,,,,,,C,Henry Davis (42502663),Henry Davis,42502663,C,2400,BAL@PIT 04/03/2026 04:12PM ET,PIT,3.33
,,,,,,,,,,,,,,,OF,Jonatan Clase (42502756),Jonatan Clase,42502756,OF,2400,TOR@CWS 04/03/2026 02:10PM ET,TOR,0
,,,,,,,,,,,,,,,C,Dalton Rushing (42502676),Dalton Rushing,42502676,C,2300,LAD@WSH 04/03/2026 01:05PM ET,LAD,3
,,,,,,,,,,,,,,,2B,Hyeseong Kim (42502757),Hyeseong Kim,42502757,2B,2300,LAD@WSH 04/03/2026 01:05PM ET,LAD,0
,,,,,,,,,,,,,,,2B/3B,Ramon Urias (42502672),Ramon Urias,42502672,2B/3B,2300,STL@DET 04/03/2026 01:10PM ET,STL,4.75
,,,,,,,,,,,,,,,2B/SS,Ezequiel Duran (42502664),Ezequiel Duran,42502664,2B/SS,2300,CIN@TEX 04/03/2026 04:05PM ET,TEX,7
,,,,,,,,,,,,,,,OF,Joc Pederson (42502669),Joc Pederson,42502669,OF,2300,CIN@TEX 04/03/2026 04:05PM ET,TEX,1.5
,,,,,,,,,,,,,,,OF,James Outman (42502674),James Outman,42502674,OF,2300,TB@MIN 04/03/2026 04:10PM ET,MIN,1.17
,,,,,,,,,,,,,,,1B,Edouard Julien (42502668),Edouard Julien,42502668,1B,2300,PHI@COL 04/03/2026 04:10PM ET,COL,1
,,,,,,,,,,,,,,,2B/OF,Dylan Moore (42502670),Dylan Moore,42502670,2B/OF,2300,PHI@COL 04/03/2026 04:10PM ET,PHI,1.33
,,,,,,,,,,,,,,,2B/3B,Amed Rosario (42502666),Amed Rosario,42502666,2B/3B,2300,MIA@NYY 04/03/2026 01:35PM ET,NYY,1.67
,,,,,,,,,,,,,,,C,J.C. Escarra (42502675),J.C. Escarra,42502675,C,2300,MIA@NYY 04/03/2026 01:35PM ET,NYY,0
,,,,,,,,,,,,,,,2B/3B,Jorbit Vivas (42502680),Jorbit Vivas,42502680,2B/3B,2200,LAD@WSH 04/03/2026 01:05PM ET,WSH,5.67
,,,,,,,,,,,,,,,C,Jake Rogers (42502682),Jake Rogers,42502682,C,2200,STL@DET 04/03/2026 01:10PM ET,DET,4.5
,,,,,,,,,,,,,,,2B/3B,Jose Fermin (42502684),Jose Fermin,42502684,2B/3B,2200,STL@DET 04/03/2026 01:10PM ET,STL,0
,,,,,,,,,,,,,,,OF,Dane Myers (42502679),Dane Myers,42502679,OF,2200,CIN@TEX 04/03/2026 04:05PM ET,CIN,2.33
,,,,,,,,,,,,,,,OF,Bryce Johnson (42502688),Bryce Johnson,42502688,OF,2200,SD@BOS 04/03/2026 02:10PM ET,SD,2.33
,,,,,,,,,,,,,,,C,Austin Hedges (42502683),Austin Hedges,42502683,C,2200,CHC@CLE 04/03/2026 04:10PM ET,CLE,12
,,,,,,,,,,,,,,,OF,Dylan Carlson (42502686),Dylan Carlson,42502686,OF,2200,CHC@CLE 04/03/2026 04:10PM ET,CHC,0
,,,,,,,,,,,,,,,3B/OF,Otto Kemp (42502689),Otto Kemp,42502689,3B/OF,2200,PHI@COL 04/03/2026 04:10PM ET,PHI,1.67
,,,,,,,,,,,,,,,OF,Leody Taveras (42502687),Leody Taveras,42502687,OF,2200,BAL@PIT 04/03/2026 04:12PM ET,BAL,6
,,,,,,,,,,,,,,,OF/SS,Luisangel Acuna (42502677),Luisangel Acuna,42502677,SS/OF,2200,TOR@CWS 04/03/2026 02:10PM ET,CWS,5.8
,,,,,,,,,,,,,,,C,Edgar Quero (42502691),Edgar Quero,42502691,C,2200,TOR@CWS 04/03/2026 02:10PM ET,CWS,1.4
,,,,,,,,,,,,,,,OF/SS,Thomas Saggese (42502702),Thomas Saggese,42502702,SS/OF,2100,STL@DET 04/03/2026 01:10PM ET,STL,3.5
,,,,,,,,,,,,,,,2B/3B,Isiah Kiner-Falefa (42502697),Isiah Kiner-Falefa,42502697,2B/3B,2100,SD@BOS 04/03/2026 02:10PM ET,BOS,1.33
,,,,,,,,,,,,,,,C,Freddy Fermin (42502704),Freddy Fermin,42502704,C,2100,SD@BOS 04/03/2026 02:10PM ET,SD,1.4
,,,,,,,,,,,,,,,C,Hunter Feduccia (42502705),Hunter Feduccia,42502705,C,2100,TB@MIN 04/03/2026 04:10PM ET,TB,2.33
,,,,,,,,,,,,,,,1B/OF,CJ Kayfus (42502700),CJ Kayfus,42502700,1B/OF,2100,CHC@CLE 04/03/2026 04:10PM ET,CLE,2
,,,,,,,,,,,,,,,C,Brett Sullivan (42502696),Brett Sullivan,42502696,C,2100,PHI@COL 04/03/2026 04:10PM ET,COL,1.25
,,,,,,,,,,,,,,,3B/OF,Nick Yorke (42502694),Nick Yorke,42502694,3B/OF,2100,BAL@PIT 04/03/2026 04:12PM ET,PIT,4
,,,,,,,,,,,,,,,1B,Ryan Mountcastle (42502699),Ryan Mountcastle,42502699,1B,2100,BAL@PIT 04/03/2026 04:12PM ET,BAL,1
,,,,,,,,,,,,,,,1B/C,Endy Rodriguez (42502758),Endy Rodriguez,42502758,C/1B,2100,BAL@PIT 04/03/2026 04:12PM ET,PIT,0
,,,,,,,,,,,,,,,1B/3B,Graham Pauley (42502692),Graham Pauley,42502692,1B/3B,2100,MIA@NYY 04/03/2026 01:35PM ET,MIA,3.4
,,,,,,,,,,,,,,,OF,Derek Hill (42502706),Derek Hill,42502706,OF,2100,TOR@CWS 04/03/2026 02:10PM ET,CWS,0.5
,,,,,,,,,,,,,,,1B/3B,Curtis Mead (42502710),Curtis Mead,42502710,1B/3B,2000,LAD@WSH 04/03/2026 01:05PM ET,WSH,1
,,,,,,,,,,,,,,,2B/3B,Santiago Espinal (42502712),Santiago Espinal,42502712,2B/3B,2000,LAD@WSH 04/03/2026 01:05PM ET,LAD,0
,,,,,,,,,,,,,,,C,Harry Ford (42502765),Harry Ford,42502765,C,2000,LAD@WSH 04/03/2026 01:05PM ET,WSH,0
,,,,,,,,,,,,,,,OF,Michael Siani (42502770),Michael Siani,42502770,OF,2000,LAD@WSH 04/03/2026 01:05PM ET,LAD,0
,,,,,,,,,,,,,,,OF,Christian Franklin (42502774),Christian Franklin,42502774,OF,2000,LAD@WSH 04/03/2026 01:05PM ET,WSH,0
,,,,,,,,,,,,,,,OF,Ryan Ward (42502793),Ryan Ward,42502793,OF,2000,LAD@WSH 04/03/2026 01:05PM ET,LAD,0
,,,,,,,,,,,,,,,1B/OF,Abimelec Ortiz (42502803),Abimelec Ortiz,42502803,1B/OF,2000,LAD@WSH 04/03/2026 01:05PM ET,WSH,0
,,,,,,,,,,,,,,,OF,Robert Hassell III (42502825),Robert Hassell III,42502825,OF,2000,LAD@WSH 04/03/2026 01:05PM ET,WSH,0
,,,,,,,,,,,,,,,1B,Andres Chaparro (42502847),Andres Chaparro,42502847,1B,2000,LAD@WSH 04/03/2026 01:05PM ET,WSH,4
,,,,,,,,,,,,,,,OF,Matt Vierling (42502707),Matt Vierling,42502707,OF,2000,STL@DET 04/03/2026 01:10PM ET,DET,0.75
,,,,,,,,,,,,,,,C,Yohel Pozo (42502714),Yohel Pozo,42502714,C,2000,STL@DET 04/03/2026 01:10PM ET,STL,0
,,,,,,,,,,,,,,,OF,Bryan Torres (42502772),Bryan Torres,42502772,OF,2000,STL@DET 04/03/2026 01:10PM ET,STL,0
,,,,,,,,,,,,,,,2B,Hao-Yu Lee (42502780),Hao-Yu Lee,42502780,2B,2000,STL@DET 04/03/2026 01:10PM ET,DET,0
,,,,,,,,,,,,,,,OF,Joshua Baez (42502784),Joshua Baez,42502784,OF,2000,STL@DET 04/03/2026 01:10PM ET,STL,0
,,,,,,,,,,,,,,,OF,Trei Cruz (42502791),Trei Cruz,42502791,OF,2000,STL@DET 04/03/2026 01:10PM ET,DET,0
,,,,,,,,,,,,,,,C,Eduardo Valencia (42502799),Eduardo Valencia,42502799,C,2000,STL@DET 04/03/2026 01:10PM ET,DET,0
,,,,,,,,,,,,,,,C,Leo Bernal (42502812),Leo Bernal,42502812,C,2000,STL@DET 04/03/2026 01:10PM ET,STL,0
,,,,,,,,,,,,,,,C,Thayron Liranzo (42502817),Thayron Liranzo,42502817,C,2000,STL@DET 04/03/2026 01:10PM ET,DET,0
,,,,,,,,,,,,,,,SS,Trey Sweeney (42502836),Trey Sweeney,42502836,SS,2000,STL@DET 04/03/2026 01:10PM ET,DET,0
,,,,,,,,,,,,,,,3B,Jace Jung (42502839),Jace Jung,42502839,3B,2000,STL@DET 04/03/2026 01:10PM ET,DET,0
,,,,,,,,,,,,,,,C,Jimmy Crooks (42502849),Jimmy Crooks,42502849,C,2000,STL@DET 04/03/2026 01:10PM ET,STL,0
,,,,,,,,,,,,,,,3B/SS,Cesar Prieto (42502852),Cesar Prieto,42502852,3B/SS,2000,STL@DET 04/03/2026 01:10PM ET,STL,0
,,,,,,,,,,,,,,,OF,Michael Helman (42502764),Michael Helman,42502764,OF,2000,CIN@TEX 04/03/2026 04:05PM ET,TEX,0
,,,,,,,,,,,,,,,2B/3B,Edwin Arroyo (42502778),Edwin Arroyo,42502778,2B/3B,2000,CIN@TEX 04/03/2026 04:05PM ET,CIN,0
,,,,,,,,,,,,,,,OF,Hector Rodriguez (42502781),Hector Rodriguez,42502781,OF,2000,CIN@TEX 04/03/2026 04:05PM ET,CIN,0
,,,,,,,,,,,,,,,SS,Leo Balcazar (42502797),Leo Balcazar,42502797,SS,2000,CIN@TEX 04/03/2026 04:05PM ET,CIN,0
,,,,,,,,,,,,,,,C,Willie MacIver (42502824),Willie MacIver,42502824,C,2000,CIN@TEX 04/03/2026 04:05PM ET,TEX,0
,,,,,,,,,,,,,,,2B,Cody Freeman (42502838),Cody Freeman,42502838,2B,2000,CIN@TEX 04/03/2026 04:05PM ET,TEX,0
,,,,,,,,,,,,,,,1B/2B,Justin Foscue (42502842),Justin Foscue,42502842,1B/2B,2000,CIN@TEX 04/03/2026 04:05PM ET,TEX,0
,,,,,,,,,,,,,,,OF,Alejandro Osuna (42502846),Alejandro Osuna,42502846,OF,2000,CIN@TEX 04/03/2026 04:05PM ET,TEX,0
,,,,,,,,,,,,,,,3B/SS,Andruw Monasterio (42502708),Andruw Monasterio,42502708,3B/SS,2000,SD@BOS 04/03/2026 02:10PM ET,BOS,2.5
,,,,,,,,,,,,,,,C,Luis Campusano (42502717),Luis Campusano,42502717,C,2000,SD@BOS 04/03/2026 02:10PM ET,SD,0
,,,,,,,,,,,,,,,1B/3B,Will Wagner (42502766),Will Wagner,42502766,1B/3B,2000,SD@BOS 04/03/2026 02:10PM ET,SD,0
,,,,,,,,,,,,,,,2B/SS,Mason McCoy (42502768),Mason McCoy,42502768,2B/SS,2000,SD@BOS 04/03/2026 02:10PM ET,SD,0
,,,,,,,,,,,,,,,OF,Nate Eaton (42502771),Nate Eaton,42502771,OF,2000,SD@BOS 04/03/2026 02:10PM ET,BOS,0
,,,,,,,,,,,,,,,1B,Triston Casas (42502818),Triston Casas,42502818,1B,2000,SD@BOS 04/03/2026 02:10PM ET,BOS,0
,,,,,,,,,,,,,,,2B,Kristian Campbell (42502823),Kristian Campbell,42502823,2B,2000,SD@BOS 04/03/2026 02:10PM ET,BOS,0
,,,,,,,,,,,,,,,2B/OF,Nick Sogard (42502830),Nick Sogard,42502830,2B/OF,2000,SD@BOS 04/03/2026 02:10PM ET,BOS,0
,,,,,,,,,,,,,,,3B,Anthony Seigler (42502833),Anthony Seigler,42502833,3B,2000,SD@BOS 04/03/2026 02:10PM ET,BOS,0
,,,,,,,,,,,,,,,C,Mickey Gasper (42502835),Mickey Gasper,42502835,C,2000,SD@BOS 04/03/2026 02:10PM ET,BOS,0
,,,,,,,,,,,,,,,2B/SS,Tsung-Che Cheng (42502855),Tsung-Che Cheng,42502855,2B/SS,2000,SD@BOS 04/03/2026 02:10PM ET,BOS,0
,,,,,,,,,,,,,,,OF,Ryan Vilade (42502722),Ryan Vilade,42502722,OF,2000,TB@MIN 04/03/2026 04:10PM ET,TB,0.5
,,,,,,,,,,,,,,,2B/SS,Jadher Areinamo (42502789),Jadher Areinamo,42502789,2B/SS,2000,TB@MIN 04/03/2026 04:10PM ET,TB,0
,,,,,,,,,,,,,,,OF,Emmanuel Rodriguez (42502794),Emmanuel Rodriguez,42502794,OF,2000,TB@MIN 04/03/2026 04:10PM ET,MIN,0
,,,,,,,,,,,,,,,OF,Hendry Mendez (42502800),Hendry Mendez,42502800,OF,2000,TB@MIN 04/03/2026 04:10PM ET,MIN,0
,,,,,,,,,,,,,,,OF,Gabriel Gonzalez (42502807),Gabriel Gonzalez,42502807,OF,2000,TB@MIN 04/03/2026 04:10PM ET,MIN,0
,,,,,,,,,,,,,,,C,Dom Keegan (42502808),Dom Keegan,42502808,C,2000,TB@MIN 04/03/2026 04:10PM ET,TB,0
,,,,,,,,,,,,,,,SS,Taylor Walls (42502827),Taylor Walls,42502827,SS,2000,TB@MIN 04/03/2026 04:10PM ET,TB,0
,,,,,,,,,,,,,,,OF,Victor Mesa Jr. (42502828),Victor Mesa Jr.,42502828,OF,2000,TB@MIN 04/03/2026 04:10PM ET,TB,0
,,,,,,,,,,,,,,,OF,Alan Roden (42502829),Alan Roden,42502829,OF,2000,TB@MIN 04/03/2026 04:10PM ET,MIN,0
,,,,,,,,,,,,,,,OF,Justyn-Henry Malloy (42502837),Justyn-Henry Malloy,42502837,OF,2000,TB@MIN 04/03/2026 04:10PM ET,TB,0
,,,,,,,,,,,,,,,OF,Ryan Kreidler (42502845),Ryan Kreidler,42502845,OF,2000,TB@MIN 04/03/2026 04:10PM ET,MIN,0
,,,,,,,,,,,,,,,OF,Jacob Melton (42502854),Jacob Melton,42502854,OF,2000,TB@MIN 04/03/2026 04:10PM ET,TB,0
,,,,,,,,,,,,,,,2B,Scott Kingery (42502715),Scott Kingery,42502715,2B,2000,CHC@CLE 04/03/2026 04:10PM ET,CHC,0
,,,,,,,,,,,,,,,SS,Angel Genao (42502775),Angel Genao,42502775,SS,2000,CHC@CLE 04/03/2026 04:10PM ET,CLE,0
,,,,,,,,,,,,,,,3B/SS,Ben Cowles (42502776),Ben Cowles,42502776,3B/SS,2000,CHC@CLE 04/03/2026 04:10PM ET,CHC,0
,,,,,,,,,,,,,,,2B/3B,Pedro Ramirez (42502787),Pedro Ramirez,42502787,2B/3B,2000,CHC@CLE 04/03/2026 04:10PM ET,CHC,0
,,,,,,,,,,,,,,,SS,Kahlil Watson (42502792),Kahlil Watson,42502792,SS,2000,CHC@CLE 04/03/2026 04:10PM ET,CLE,0
,,,,,,,,,,,,,,,1B/OF,Tyler Austin (42502795),Tyler Austin,42502795,1B/OF,2000,CHC@CLE 04/03/2026 04:10PM ET,CHC,0
,,,,,,,,,,,,,,,2B/SS,Juan Brito (42502801),Juan Brito,42502801,2B/SS,2000,CHC@CLE 04/03/2026 04:10PM ET,CLE,0
,,,,,,,,,,,,,,,2B,James Triantos (42502811),James Triantos,42502811,2B,2000,CHC@CLE 04/03/2026 04:10PM ET,CHC,0
,,,,,,,,,,,,,,,OF,Kevin Alcantara (42502848),Kevin Alcantara,42502848,OF,2000,CHC@CLE 04/03/2026 04:10PM ET,CHC,0
,,,,,,,,,,,,,,,OF,Justin Dean (42502851),Justin Dean,42502851,OF,2000,CHC@CLE 04/03/2026 04:10PM ET,CHC,0
,,,,,,,,,,,,,,,2B,Ryan Ritter (42502716),Ryan Ritter,42502716,2B,2000,PHI@COL 04/03/2026 04:10PM ET,COL,0.83
,,,,,,,,,,,,,,,C,Braxton Fulford (42502763),Braxton Fulford,42502763,C,2000,PHI@COL 04/03/2026 04:10PM ET,COL,7
,,,,,,,,,,,,,,,OF,Pedro Leon (42502785),Pedro Leon,42502785,OF,2000,PHI@COL 04/03/2026 04:10PM ET,PHI,0
,,,,,,,,,,,,,,,SS,Christian Cairo (42502805),Christian Cairo,42502805,SS,2000,PHI@COL 04/03/2026 04:10PM ET,PHI,0
,,,,,,,,,,,,,,,OF,Gabriel Rincones Jr. (42502806),Gabriel Rincones Jr.,42502806,OF,2000,PHI@COL 04/03/2026 04:10PM ET,PHI,0
,,,,,,,,,,,,,,,OF,Sterlin Thompson (42502814),Sterlin Thompson,42502814,OF,2000,PHI@COL 04/03/2026 04:10PM ET,COL,0
,,,,,,,,,,,,,,,3B/OF,Kris Bryant (42502820),Kris Bryant,42502820,3B/OF,2000,PHI@COL 04/03/2026 04:10PM ET,COL,0
,,,,,,,,,,,,,,,OF,Johan Rojas (42502822),Johan Rojas,42502822,OF,2000,PHI@COL 04/03/2026 04:10PM ET,PHI,0
,,,,,,,,,,,,,,,OF,Zac Veen (42502832),Zac Veen,42502832,OF,2000,PHI@COL 04/03/2026 04:10PM ET,COL,0
,,,,,,,,,,,,,,,2B,Adael Amador (42502834),Adael Amador,42502834,2B,2000,PHI@COL 04/03/2026 04:10PM ET,COL,0
,,,,,,,,,,,,,,,1B/3B,Billy Cook (42502719),Billy Cook,42502719,1B/3B,2000,BAL@PIT 04/03/2026 04:12PM ET,PIT,0.67
,,,,,,,,,,,,,,,OF,Reed Trimble (42502773),Reed Trimble,42502773,OF,2000,BAL@PIT 04/03/2026 04:12PM ET,BAL,0
,,,,,,,,,,,,,,,SS,Jack Brannigan (42502798),Jack Brannigan,42502798,SS,2000,BAL@PIT 04/03/2026 04:12PM ET,PIT,0
,,,,,,,,,,,,,,,OF,Esmerlyn Valdez (42502813),Esmerlyn Valdez,42502813,OF,2000,BAL@PIT 04/03/2026 04:12PM ET,PIT,0
,,,,,,,,,,,,,,,1B,Enmanuel Valdez (42502819),Enmanuel Valdez,42502819,1B,2000,BAL@PIT 04/03/2026 04:12PM ET,PIT,0
,,,,,,,,,,,,,,,OF,Johnathan Rodriguez (42502826),Johnathan Rodriguez,42502826,OF,2000,BAL@PIT 04/03/2026 04:12PM ET,BAL,0
,,,,,,,,,,,,,,,OF,Tyler Callihan (42502840),Tyler Callihan,42502840,OF,2000,BAL@PIT 04/03/2026 04:12PM ET,PIT,0
,,,,,,,,,,,,,,,1B,Rafael Flores (42502844),Rafael Flores,42502844,1B,2000,BAL@PIT 04/03/2026 04:12PM ET,PIT,0
,,,,,,,,,,,,,,,OF,Jhostynxon Garcia (42502857),Jhostynxon Garcia,42502857,OF,2000,BAL@PIT 04/03/2026 04:12PM ET,PIT,0
,,,,,,,,,,,,,,,2B,Leo Jimenez (42502718),Leo Jimenez,42502718,2B,2000,MIA@NYY 04/03/2026 01:35PM ET,MIA,0
,,,,,,,,,,,,,,,2B/OF,Max Schuemann (42502760),Max Schuemann,42502760,2B/OF,2000,MIA@NYY 04/03/2026 01:35PM ET,NYY,0
,,,,,,,,,,,,,,,3B,Oswaldo Cabrera (42502762),Oswaldo Cabrera,42502762,3B,2000,MIA@NYY 04/03/2026 01:35PM ET,NYY,0
,,,,,,,,,,,,,,,C,Joe Mack (42502786),Joe Mack,42502786,C,2000,MIA@NYY 04/03/2026 01:35PM ET,MIA,0
,,,,,,,,,,,,,,,SS,Jared Serna (42502815),Jared Serna,42502815,SS,2000,MIA@NYY 04/03/2026 01:35PM ET,MIA,0
,,,,,,,,,,,,,,,OF,Spencer Jones (42502816),Spencer Jones,42502816,OF,2000,MIA@NYY 04/03/2026 01:35PM ET,NYY,0
,,,,,,,,,,,,,,,OF,Esteury Ruiz (42502841),Esteury Ruiz,42502841,OF,2000,MIA@NYY 04/03/2026 01:35PM ET,MIA,0
,,,,,,,,,,,,,,,1B,Deyvison De Los Santos (42502850),Deyvison De Los Santos,42502850,1B,2000,MIA@NYY 04/03/2026 01:35PM ET,MIA,5
,,,,,,,,,,,,,,,C,Reese McGuire (42502721),Reese McGuire,42502721,C,2000,TOR@CWS 04/03/2026 02:10PM ET,CWS,0
,,,,,,,,,,,,,,,1B/3B,Juan Yepez (42502782),Juan Yepez,42502782,1B/3B,2000,TOR@CWS 04/03/2026 02:10PM ET,TOR,0
,,,,,,,,,,,,,,,C,Brandon Valenzuela (42502809),Brandon Valenzuela,42502809,C,2000,TOR@CWS 04/03/2026 02:10PM ET,TOR,0
,,,,,,,,,,,,,,,3B,Tanner Murray (42502810),Tanner Murray,42502810,3B,2000,TOR@CWS 04/03/2026 02:10PM ET,CWS,0
