Entry ID,Contest Name,Contest ID,Entry Fee,P,P,C,1B,2B,3B,SS,OF,OF,OF,,Instructions
5122673313,MLB $15K Base Hit [Single Entry],189894012,$12,,,,,,,,,,,,1. Column A lists all of your contest entries for this draftgroup
5122673808,MLB $1.5K Daily Dollar [Single Entry] ,189894016,$1,,,,,,,,,,,,2. Your current lineup is listed next to each entry (blank for reservations)
5122683446,MLB $300 Dime Time [Just $0.10!],189913466,$0.10,,,,,,,,,,,,3. You can change the lineup for an entry by entering the IDs of the players in the row next to that entry
5122683447,MLB $300 Dime Time [Just $0.10!],189913466,$0.10,,,,,,,,,,,,4. Use data from the Name+ID column or the ID column; you cannot use just the player's name
5122683448,MLB $300 Dime Time [Just $0.10!],189913466,$0.10,,,,,,,,,,,,5. For faster processing only include entries you are changing in the file you upload
5122683449,MLB $300 Dime Time [Just $0.10!],189913466,$0.10,,,,,,,,,,,,
5122683450,MLB $300 Dime Time [Just $0.10!],189913466,$0.10,,,,,,,,,,,,Position,Name + ID,Name,ID,Roster Position,Salary,Game Info,TeamAbbrev,AvgPointsPerGame
5122683451,MLB $300 Dime Time [Just $0.10!],189913466,$0.10,,,,,,,,,,,,SP,Paul Skenes (42730321),Paul Skenes,42730321,P,10000,PIT@MIL 04/24/2026 07:40PM ET,PIT,15.66
5122683452,MLB $300 Dime Time [Just $0.10!],189913466,$0.10,,,,,,,,,,,,SP,Gavin Williams (42730322),Gavin Williams,42730322,P,9800,CLE@TOR 04/24/2026 07:07PM ET,CLE,25.35
5122683453,MLB $300 Dime Time [Just $0.10!],189913466,$0.10,,,,,,,,,,,,SP,Hunter Brown (42730923),Hunter Brown,42730923,P,9800,NYY@HOU 04/24/2026 08:10PM ET,HOU,26.7
5122683454,MLB $300 Dime Time [Just $0.10!],189913466,$0.10,,,,,,,,,,,,RP,Spencer Strider (42730924),Spencer Strider,42730924,P,9700,PHI@ATL 04/24/2026 07:15PM ET,ATL,0
5122683455,MLB $300 Dime Time [Just $0.10!],189913466,$0.10,,,,,,,,,,,,SP,Chris Sale (42730925),Chris Sale,42730925,P,9700,PHI@ATL 04/24/2026 07:15PM ET,ATL,20.41
5122683456,MLB $300 Dime Time [Just $0.10!],189913466,$0.10,,,,,,,,,,,,SP,Garrett Crochet (42730927),Garrett Crochet,42730927,P,9600,BOS@BAL 04/24/2026 07:05PM ET,BOS,10.84
5122683457,MLB $300 Dime Time [Just $0.10!],189913466,$0.10,,,,,,,,,,,,SP,Nolan McLean (42730926),Nolan McLean,42730926,P,9600,COL@NYM 04/24/2026 07:10PM ET,NYM,23.17
5122683458,MLB $300 Dime Time [Just $0.10!],189913466,$0.10,,,,,,,,,,,,SP,George Kirby (42730323),George Kirby,42730323,P,9500,SEA@STL 04/24/2026 08:15PM ET,SEA,19.98
5122683459,MLB $300 Dime Time [Just $0.10!],189913466,$0.10,,,,,,,,,,,,SP,Logan Gilbert (42730928),Logan Gilbert,42730928,P,9500,SEA@STL 04/24/2026 08:15PM ET,SEA,14.98
5122683460,MLB $300 Dime Time [Just $0.10!],189913466,$0.10,,,,,,,,,,,,SP,Bryan Woo (42730929),Bryan Woo,42730929,P,9500,SEA@STL 04/24/2026 08:15PM ET,SEA,18.8
5122683461,MLB $300 Dime Time [Just $0.10!],189913466,$0.10,,,,,,,,,,,,SP,Luis Castillo (42730930),Luis Castillo,42730930,P,9500,SEA@STL 04/24/2026 08:15PM ET,SEA,9.58
5122683462,MLB $300 Dime Time [Just $0.10!],189913466,$0.10,,,,,,,,,,,,SP,Zack Wheeler (42730932),Zack Wheeler,42730932,P,9300,PHI@ATL 04/24/2026 07:15PM ET,PHI,0
5122683463,MLB $300 Dime Time [Just $0.10!],189913466,$0.10,,,,,,,,,,,,SP,Cristopher Sanchez (42730933),Cristopher Sanchez,42730933,P,9300,PHI@ATL 04/24/2026 07:15PM ET,PHI,19.22
5122683464,MLB $300 Dime Time [Just $0.10!],189913466,$0.10,,,,,,,,,,,,SP,Jesus Luzardo (42730934),Jesus Luzardo,42730934,P,9300,PHI@ATL 04/24/2026 07:15PM ET,PHI,12.74
5122683465,MLB $300 Dime Time [Just $0.10!],189913466,$0.10,,,,,,,,,,,,SP,Brandon Woodruff (42730324),Brandon Woodruff,42730324,P,9300,PIT@MIL 04/24/2026 07:40PM ET,MIL,17.36
5122683496,MLB $300 Dime Time [Just $0.10!],189913504,$0.10,,,,,,,,,,,,SP,Jacob Misiorowski (42730931),Jacob Misiorowski,42730931,P,9300,PIT@MIL 04/24/2026 07:40PM ET,MIL,22.16
5122683497,MLB $300 Dime Time [Just $0.10!],189913504,$0.10,,,,,,,,,,,,SP,Blake Snell (42730935),Blake Snell,42730935,P,9200,CHC@LAD 04/24/2026 10:15PM ET,LAD,0
5122683498,MLB $300 Dime Time [Just $0.10!],189913504,$0.10,,,,,,,,,,,,SP,Yoshinobu Yamamoto (42730936),Yoshinobu Yamamoto,42730936,P,9200,CHC@LAD 04/24/2026 10:15PM ET,LAD,20.3
5122683499,MLB $300 Dime Time [Just $0.10!],189913504,$0.10,,,,,,,,,,,,SP,Sandy Alcantara (42730325),Sandy Alcantara,42730325,P,9200,MIA@SF 04/24/2026 10:15PM ET,MIA,18.34
5122683500,MLB $300 Dime Time [Just $0.10!],189913504,$0.10,,,,,,,,,,,,SP,Max Fried (42730937),Max Fried,42730937,P,9100,NYY@HOU 04/24/2026 08:10PM ET,NYY,21.1
5122683501,MLB $300 Dime Time [Just $0.10!],189913504,$0.10,,,,,,,,,,,,SP,Taj Bradley (42730326),Taj Bradley,42730326,P,9000,MIN@TB 04/24/2026 07:10PM ET,MIN,22.13
5122683502,MLB $300 Dime Time [Just $0.10!],189913504,$0.10,,,,,,,,,,,,SP,Joe Ryan (42730938),Joe Ryan,42730938,P,9000,MIN@TB 04/24/2026 07:10PM ET,MIN,16.29
5122683503,MLB $300 Dime Time [Just $0.10!],189913504,$0.10,,,,,,,,,,,,SP,Pablo Lopez (42730939),Pablo Lopez,42730939,P,9000,MIN@TB 04/24/2026 07:10PM ET,MIN,0
5122683504,MLB $300 Dime Time [Just $0.10!],189913504,$0.10,,,,,,,,,,,,SP,Parker Messick (42730943),Parker Messick,42730943,P,8800,CLE@TOR 04/24/2026 07:07PM ET,CLE,22.04
5122683505,MLB $300 Dime Time [Just $0.10!],189913504,$0.10,,,,,,,,,,,,SP,Edward Cabrera (42730941),Edward Cabrera,42730941,P,8800,CHC@LAD 04/24/2026 10:15PM ET,CHC,15.95
5122683506,MLB $300 Dime Time [Just $0.10!],189913504,$0.10,,,,,,,,,,,,SP,Shota Imanaga (42730942),Shota Imanaga,42730942,P,8800,CHC@LAD 04/24/2026 10:15PM ET,CHC,22.13
5122683507,MLB $300 Dime Time [Just $0.10!],189913504,$0.10,,,,,,,,,,,,SP,Freddy Peralta (42730327),Freddy Peralta,42730327,P,8800,COL@NYM 04/24/2026 07:10PM ET,NYM,15.48
5122683508,MLB $300 Dime Time [Just $0.10!],189913504,$0.10,,,,,,,,,,,,RP,Clay Holmes (42730940),Clay Holmes,42730940,P,8800,COL@NYM 04/24/2026 07:10PM ET,NYM,16.06
5122683509,MLB $300 Dime Time [Just $0.10!],189913504,$0.10,,,,,,,,,,,,SP,Kodai Senga (42730945),Kodai Senga,42730945,P,8800,COL@NYM 04/24/2026 07:10PM ET,NYM,7.3
5122683510,MLB $300 Dime Time [Just $0.10!],189913504,$0.10,,,,,,,,,,,,SP,Logan Webb (42730944),Logan Webb,42730944,P,8800,MIA@SF 04/24/2026 10:15PM ET,SF,13.58
5122683511,MLB $300 Dime Time [Just $0.10!],189913504,$0.10,,,,,,,,,,,,SP,Dylan Cease (42730946),Dylan Cease,42730946,P,8700,CLE@TOR 04/24/2026 07:07PM ET,TOR,23.47
5122683512,MLB $300 Dime Time [Just $0.10!],189913504,$0.10,,,,,,,,,,,,SP,Kevin Gausman (42730947),Kevin Gausman,42730947,P,8700,CLE@TOR 04/24/2026 07:07PM ET,TOR,20.59
5122683513,MLB $300 Dime Time [Just $0.10!],189913504,$0.10,,,,,,,,,,,,SP,Spencer Schwellenbach (42730948),Spencer Schwellenbach,42730948,P,8700,PHI@ATL 04/24/2026 07:15PM ET,ATL,0
5122683514,MLB $300 Dime Time [Just $0.10!],189913504,$0.10,,,,,,,,,,,,RP,AJ Smith-Shawver (42730949),AJ Smith-Shawver,42730949,P,8700,PHI@ATL 04/24/2026 07:15PM ET,ATL,0
5122683515,MLB $300 Dime Time [Just $0.10!],189913504,$0.10,,,,,,,,,,,,SP,Will Warren (42730328),Will Warren,42730328,P,8600,NYY@HOU 04/24/2026 08:10PM ET,NYY,19.12
,,,,,,,,,,,,,,,SP,Cam Schlittler (42730950),Cam Schlittler,42730950,P,8600,NYY@HOU 04/24/2026 08:10PM ET,NYY,24.11
,,,,,,,,,,,,,,,SP,Gerrit Cole (42730951),Gerrit Cole,42730951,P,8600,NYY@HOU 04/24/2026 08:10PM ET,NYY,0
,,,,,,,,,,,,,,,SP,Clarke Schmidt (42730952),Clarke Schmidt,42730952,P,8600,NYY@HOU 04/24/2026 08:10PM ET,NYY,0
,,,,,,,,,,,,,,,SP,Nathan Eovaldi (42730329),Nathan Eovaldi,42730329,P,8500,ATH@TEX 04/24/2026 08:05PM ET,TEX,14.16
,,,,,,,,,,,,,,,SP,MacKenzie Gore (42730953),MacKenzie Gore,42730953,P,8500,ATH@TEX 04/24/2026 08:05PM ET,TEX,18.66
,,,,,,,,,,,,,,,SP,Jacob deGrom (42730954),Jacob deGrom,42730954,P,8500,ATH@TEX 04/24/2026 08:05PM ET,TEX,21.36
,,,,,,,,,,,,,,,SP,Jack Leiter (42730955),Jack Leiter,42730955,P,8500,ATH@TEX 04/24/2026 08:05PM ET,TEX,13.64
,,,,,,,,,,,,,,,RP,Jose Soriano (42730956),Jose Soriano,42730956,P,8400,LAA@KC 04/24/2026 07:40PM ET,LAA,28.36
,,,,,,,,,,,,,,,SP,Drew Rasmussen (42730330),Drew Rasmussen,42730330,P,8300,MIN@TB 04/24/2026 07:10PM ET,TB,17.26
,,,,,,,,,,,,,,,SP,Steven Matz (42730957),Steven Matz,42730957,P,8300,MIN@TB 04/24/2026 07:10PM ET,TB,14.43
,,,,,,,,,,,,,,,SP,Shane McClanahan (42730958),Shane McClanahan,42730958,P,8300,MIN@TB 04/24/2026 07:10PM ET,TB,11.52
,,,,,,,,,,,,,,,SP,Logan Henderson (42730959),Logan Henderson,42730959,P,8300,PIT@MIL 04/24/2026 07:40PM ET,MIL,4.1
,,,,,,,,,,,,,,,RP,Kyle Harrison (42730960),Kyle Harrison,42730960,P,8300,PIT@MIL 04/24/2026 07:40PM ET,MIL,13.19
,,,,,,,,,,,,,,,SP,Emmet Sheehan (42730331),Emmet Sheehan,42730331,P,8200,CHC@LAD 04/24/2026 10:15PM ET,LAD,11.55
,,,,,,,,,,,,,,,SP,Tyler Glasnow (42730962),Tyler Glasnow,42730962,P,8200,CHC@LAD 04/24/2026 10:15PM ET,LAD,26.09
,,,,,,,,,,,,,,,SP,Justin Wrobleski (42730964),Justin Wrobleski,42730964,P,8200,CHC@LAD 04/24/2026 10:15PM ET,LAD,15.35
,,,,,,,,,,,,,,,RP,Seth Lugo (42730961),Seth Lugo,42730961,P,8200,LAA@KC 04/24/2026 07:40PM ET,KC,21.02
,,,,,,,,,,,,,,,SP,Kris Bubic (42730966),Kris Bubic,42730966,P,8200,LAA@KC 04/24/2026 07:40PM ET,KC,17.06
,,,,,,,,,,,,,,,SP,Cole Ragans (42730967),Cole Ragans,42730967,P,8200,LAA@KC 04/24/2026 07:40PM ET,KC,8.45
,,,,,,,,,,,,,,,SP,Michael Wacha (42730968),Michael Wacha,42730968,P,8200,LAA@KC 04/24/2026 07:40PM ET,KC,20.03
,,,,,,,,,,,,,,,SP,Eury Perez (42730963),Eury Perez,42730963,P,8200,MIA@SF 04/24/2026 10:15PM ET,MIA,14.86
,,,,,,,,,,,,,,,SP,Max Meyer (42730965),Max Meyer,42730965,P,8200,MIA@SF 04/24/2026 10:15PM ET,MIA,14.89
,,,,,,,,,,,,,,,SP,Carlos Rodon (42730969),Carlos Rodon,42730969,P,8100,NYY@HOU 04/24/2026 08:10PM ET,NYY,0
,,,,,,,,,,,,,,,RP,Braxton Ashcraft (42730972),Braxton Ashcraft,42730972,P,8000,PIT@MIL 04/24/2026 07:40PM ET,PIT,20.03
,,,,,,,,,,,,,,,RP,Bubba Chandler (42730973),Bubba Chandler,42730973,P,8000,PIT@MIL 04/24/2026 07:40PM ET,PIT,10.36
,,,,,,,,,,,,,,,SP,Robbie Ray (42730970),Robbie Ray,42730970,P,8000,MIA@SF 04/24/2026 10:15PM ET,SF,19.43
,,,,,,,,,,,,,,,RP,Landen Roupp (42730971),Landen Roupp,42730971,P,8000,MIA@SF 04/24/2026 10:15PM ET,SF,21.65
,,,,,,,,,,,,,,,RP,Jeffrey Springs (42730974),Jeffrey Springs,42730974,P,7900,ATH@TEX 04/24/2026 08:05PM ET,ATH,18.67
,,,,,,,,,,,,,,,SP,Tanner Bibee (42730975),Tanner Bibee,42730975,P,7800,CLE@TOR 04/24/2026 07:07PM ET,CLE,10.64
,,,,,,,,,,,,,,,SP,Slade Cecconi (42730976),Slade Cecconi,42730976,P,7800,CLE@TOR 04/24/2026 07:07PM ET,CLE,7.26
,,,,,,,,,,,,,,,RP,Joey Cantillo (42730977),Joey Cantillo,42730977,P,7800,CLE@TOR 04/24/2026 07:07PM ET,CLE,16.52
,,,,,,,,,,,,,,,SP,Spencer Arrighetti (42730982),Spencer Arrighetti,42730982,P,7800,NYY@HOU 04/24/2026 08:10PM ET,HOU,20.68
,,,,,,,,,,,,,,,SP,Jameson Taillon (42730332),Jameson Taillon,42730332,P,7800,CHC@LAD 04/24/2026 10:15PM ET,CHC,14.75
,,,,,,,,,,,,,,,SP,Matthew Boyd (42730978),Matthew Boyd,42730978,P,7800,CHC@LAD 04/24/2026 10:15PM ET,CHC,17.3
,,,,,,,,,,,,,,,SP,Justin Steele (42730979),Justin Steele,42730979,P,7800,CHC@LAD 04/24/2026 10:15PM ET,CHC,0
,,,,,,,,,,,,,,,SP,Jordan Wicks (42730980),Jordan Wicks,42730980,P,7800,CHC@LAD 04/24/2026 10:15PM ET,CHC,0
,,,,,,,,,,,,,,,SP,Cade Horton (42730981),Cade Horton,42730981,P,7800,CHC@LAD 04/24/2026 10:15PM ET,CHC,10.45
,,,,,,,,,,,,,,,RP,Ben Brown (42730983),Ben Brown,42730983,P,7800,CHC@LAD 04/24/2026 10:15PM ET,CHC,8.02
,,,,,,,,,,,,,,,RP,Colin Rea (42730984),Colin Rea,42730984,P,7800,CHC@LAD 04/24/2026 10:15PM ET,CHC,14.88
,,,,,,,,,,,,,,,SP,Javier Assad (42730985),Javier Assad,42730985,P,7800,CHC@LAD 04/24/2026 10:15PM ET,CHC,8.02
,,,,,,,,,,,,,,,RP,Grant Holmes (42730333),Grant Holmes,42730333,P,7700,PHI@ATL 04/24/2026 07:15PM ET,ATL,13.57
,,,,,,,,,,,,,,,RP,Joey Wentz (42730986),Joey Wentz,42730986,P,7700,PHI@ATL 04/24/2026 07:15PM ET,ATL,0
,,,,,,,,,,,,,,,SP,Hurston Waldrep (42730987),Hurston Waldrep,42730987,P,7700,PHI@ATL 04/24/2026 07:15PM ET,ATL,0
,,,,,,,,,,,,,,,RP,Reynaldo Lopez (42730988),Reynaldo Lopez,42730988,P,7700,PHI@ATL 04/24/2026 07:15PM ET,ATL,11.11
,,,,,,,,,,,,,,,SP,Bryce Elder (42730989),Bryce Elder,42730989,P,7700,PHI@ATL 04/24/2026 07:15PM ET,ATL,21.78
,,,,,,,,,,,,,,,SP,Foster Griffin (42730990),Foster Griffin,42730990,P,7700,WSH@CWS 04/24/2026 07:40PM ET,WSH,15.24
,,,,,,,,,,,,,,,SP,Connelly Early (42730991),Connelly Early,42730991,P,7600,BOS@BAL 04/24/2026 07:05PM ET,BOS,14.13
,,,,,,,,,,,,,,,SP,Sonny Gray (42730992),Sonny Gray,42730992,P,7600,BOS@BAL 04/24/2026 07:05PM ET,BOS,9.03
,,,,,,,,,,,,,,,SP,Ranger Suarez (42730993),Ranger Suarez,42730993,P,7600,BOS@BAL 04/24/2026 07:05PM ET,BOS,12.03
,,,,,,,,,,,,,,,RP,Ryan Weathers (42730994),Ryan Weathers,42730994,P,7600,NYY@HOU 04/24/2026 08:10PM ET,NYY,19.75
,,,,,,,,,,,,,,,SP,Luis Gil (42730995),Luis Gil,42730995,P,7600,NYY@HOU 04/24/2026 08:10PM ET,NYY,10.17
,,,,,,,,,,,,,,,RP,Ryan Yarbrough (42730996),Ryan Yarbrough,42730996,P,7600,NYY@HOU 04/24/2026 08:10PM ET,NYY,1.76
,,,,,,,,,,,,,,,SP,Dean Kremer (42730334),Dean Kremer,42730334,P,7500,BOS@BAL 04/24/2026 07:05PM ET,BAL,20.38
,,,,,,,,,,,,,,,SP,Trevor Rogers (42730997),Trevor Rogers,42730997,P,7500,BOS@BAL 04/24/2026 07:05PM ET,BAL,14.62
,,,,,,,,,,,,,,,SP,Kyle Bradish (42730998),Kyle Bradish,42730998,P,7500,BOS@BAL 04/24/2026 07:05PM ET,BAL,12.65
,,,,,,,,,,,,,,,SP,Shane Baz (42731003),Shane Baz,42731003,P,7500,BOS@BAL 04/24/2026 07:05PM ET,BAL,10.55
,,,,,,,,,,,,,,,SP,Zach Eflin (42731004),Zach Eflin,42731004,P,7500,BOS@BAL 04/24/2026 07:05PM ET,BAL,16.65
,,,,,,,,,,,,,,,SP,Cade Povich (42731005),Cade Povich,42731005,P,7500,BOS@BAL 04/24/2026 07:05PM ET,BAL,16.28
,,,,,,,,,,,,,,,SP,Brandon Young (42731006),Brandon Young,42731006,P,7500,BOS@BAL 04/24/2026 07:05PM ET,BAL,16.85
,,,,,,,,,,,,,,,SP,Davis Martin (42731007),Davis Martin,42731007,P,7500,WSH@CWS 04/24/2026 07:40PM ET,CWS,20.14
,,,,,,,,,,,,,,,SP,Noah Schultz (42731008),Noah Schultz,42731008,P,7500,WSH@CWS 04/24/2026 07:40PM ET,CWS,15.8
,,,,,,,,,,,,,,,SP,Emerson Hancock (42730999),Emerson Hancock,42730999,P,7500,SEA@STL 04/24/2026 08:15PM ET,SEA,18.98
,,,,,,,,,,,,,,,SP,Logan Evans (42731000),Logan Evans,42731000,P,7500,SEA@STL 04/24/2026 08:15PM ET,SEA,0
,,,,,,,,,,,,,,,SP,Bryce Miller (42731001),Bryce Miller,42731001,P,7500,SEA@STL 04/24/2026 08:15PM ET,SEA,0
,,,,,,,,,,,,,,,RP,Cooper Criswell (42731002),Cooper Criswell,42731002,P,7500,SEA@STL 04/24/2026 08:15PM ET,SEA,4.02
,,,,,,,,,,,,,,,SP,Grayson Rodriguez (42731009),Grayson Rodriguez,42731009,P,7400,LAA@KC 04/24/2026 07:40PM ET,LAA,0
,,,,,,,,,,,,,,,SP,Reid Detmers (42731010),Reid Detmers,42731010,P,7400,LAA@KC 04/24/2026 07:40PM ET,LAA,16.82
,,,,,,,,,,,,,,,SP,Jack Kochanowicz (42731011),Jack Kochanowicz,42731011,P,7400,LAA@KC 04/24/2026 07:40PM ET,LAA,13.81
,,,,,,,,,,,,,,,RP,Walbert Urena (42731012),Walbert Urena,42731012,P,7400,LAA@KC 04/24/2026 07:40PM ET,LAA,8.28
,,,,,,,,,,,,,,,SP,Logan Allen (42731019),Logan Allen,42731019,P,7300,CLE@TOR 04/24/2026 07:07PM ET,CLE,0
,,,,,,,,,,,,,,,SP,Andrew Painter (42730335),Andrew Painter,42730335,P,7300,PHI@ATL 04/24/2026 07:15PM ET,PHI,12.91
,,,,,,,,,,,,,,,SP,Aaron Nola (42731017),Aaron Nola,42731017,P,7300,PHI@ATL 04/24/2026 07:15PM ET,PHI,13.72
,,,,,,,,,,,,,,,SP,Alex McFarlane (42731027),Alex McFarlane,42731027,P,7300,PHI@ATL 04/24/2026 07:15PM ET,PHI,0
,,,,,,,,,,,,,,,RP,Seth Johnson (42731028),Seth Johnson,42731028,P,7300,PHI@ATL 04/24/2026 07:15PM ET,PHI,1.62
,,,,,,,,,,,,,,,RP,Jonathan Bowlan (42731029),Jonathan Bowlan,42731029,P,7300,PHI@ATL 04/24/2026 07:15PM ET,PHI,3.48
,,,,,,,,,,,,,,,RP,Joe Boyle (42731013),Joe Boyle,42731013,P,7300,MIN@TB 04/24/2026 07:10PM ET,TB,13.02
,,,,,,,,,,,,,,,RP,Jesse Scholtens (42731014),Jesse Scholtens,42731014,P,7300,MIN@TB 04/24/2026 07:10PM ET,TB,14.77
,,,,,,,,,,,,,,,RP,Ian Seymour (42731015),Ian Seymour,42731015,P,7300,MIN@TB 04/24/2026 07:10PM ET,TB,2.34
,,,,,,,,,,,,,,,SP,Ryan Pepiot (42731016),Ryan Pepiot,42731016,P,7300,MIN@TB 04/24/2026 07:10PM ET,TB,0
,,,,,,,,,,,,,,,RP,Nick Martinez (42731018),Nick Martinez,42731018,P,7300,MIN@TB 04/24/2026 07:10PM ET,TB,15.54
,,,,,,,,,,,,,,,RP,Jake Woodford (42731020),Jake Woodford,42731020,P,7300,PIT@MIL 04/24/2026 07:40PM ET,MIL,2.37
,,,,,,,,,,,,,,,SP,Coleman Crow (42731021),Coleman Crow,42731021,P,7300,PIT@MIL 04/24/2026 07:40PM ET,MIL,13
,,,,,,,,,,,,,,,RP,Shane Drohan (42731022),Shane Drohan,42731022,P,7300,PIT@MIL 04/24/2026 07:40PM ET,MIL,-0.2
,,,,,,,,,,,,,,,SP,Chad Patrick (42731023),Chad Patrick,42731023,P,7300,PIT@MIL 04/24/2026 07:40PM ET,MIL,9.67
,,,,,,,,,,,,,,,SP,Quinn Priester (42731024),Quinn Priester,42731024,P,7300,PIT@MIL 04/24/2026 07:40PM ET,MIL,0
,,,,,,,,,,,,,,,SP,Brandon Sproat (42731025),Brandon Sproat,42731025,P,7300,PIT@MIL 04/24/2026 07:40PM ET,MIL,7.45
,,,,,,,,,,,,,,,SP,Robert Gasser (42731026),Robert Gasser,42731026,P,7300,PIT@MIL 04/24/2026 07:40PM ET,MIL,0
,,,,,,,,,,,,,,,SP,Roki Sasaki (42731031),Roki Sasaki,42731031,P,7200,CHC@LAD 04/24/2026 10:15PM ET,LAD,7.34
,,,,,,,,,,,,,,,SP,Noah Cameron (42730336),Noah Cameron,42730336,P,7200,LAA@KC 04/24/2026 07:40PM ET,KC,10.4
,,,,,,,,,,,,,,,SP,Alec Marsh (42731032),Alec Marsh,42731032,P,7200,LAA@KC 04/24/2026 07:40PM ET,KC,0
,,,,,,,,,,,,,,,RP,Luinder Avila (42731033),Luinder Avila,42731033,P,7200,LAA@KC 04/24/2026 07:40PM ET,KC,1.35
,,,,,,,,,,,,,,,RP,Bailey Falter (42731034),Bailey Falter,42731034,P,7200,LAA@KC 04/24/2026 07:40PM ET,KC,-0.25
,,,,,,,,,,,,,,,RP,Mason Black (42731035),Mason Black,42731035,P,7200,LAA@KC 04/24/2026 07:40PM ET,KC,4.2
,,,,,,,,,,,,,,,RP,Stephen Kolek (42731036),Stephen Kolek,42731036,P,7200,LAA@KC 04/24/2026 07:40PM ET,KC,0
,,,,,,,,,,,,,,,RP,Daniel Lynch IV (42731037),Daniel Lynch IV,42731037,P,7200,LAA@KC 04/24/2026 07:40PM ET,KC,4.83
,,,,,,,,,,,,,,,RP,Mitch Spence (42731038),Mitch Spence,42731038,P,7200,LAA@KC 04/24/2026 07:40PM ET,KC,-2.4
,,,,,,,,,,,,,,,RP,Ryan Bergert (42731039),Ryan Bergert,42731039,P,7200,LAA@KC 04/24/2026 07:40PM ET,KC,0
,,,,,,,,,,,,,,,RP,Janson Junk (42731030),Janson Junk,42731030,P,7200,MIA@SF 04/24/2026 10:15PM ET,MIA,11.51
,,,,,,,,,,,,,,,SP,Bailey Ober (42731040),Bailey Ober,42731040,P,7000,MIN@TB 04/24/2026 07:10PM ET,MIN,14.14
,,,,,,,,,,,,,,,SP,Zebby Matthews (42731041),Zebby Matthews,42731041,P,7000,MIN@TB 04/24/2026 07:10PM ET,MIN,0
,,,,,,,,,,,,,,,SP,Mick Abel (42731042),Mick Abel,42731042,P,7000,MIN@TB 04/24/2026 07:10PM ET,MIN,14.19
,,,,,,,,,,,,,,,SP,Marco Raya (42731047),Marco Raya,42731047,P,7000,MIN@TB 04/24/2026 07:10PM ET,MIN,0
,,,,,,,,,,,,,,,RP,Matt Bowman (42731048),Matt Bowman,42731048,P,7000,MIN@TB 04/24/2026 07:10PM ET,MIN,0
,,,,,,,,,,,,,,,SP,David Festa (42731053),David Festa,42731053,P,7000,MIN@TB 04/24/2026 07:10PM ET,MIN,0
,,,,,,,,,,,,,,,SP,Simeon Woods Richardson (42731054),Simeon Woods Richardson,42731054,P,7000,MIN@TB 04/24/2026 07:10PM ET,MIN,5.15
,,,,,,,,,,,,,,,RP,Kendry Rojas (42731055),Kendry Rojas,42731055,P,7000,MIN@TB 04/24/2026 07:10PM ET,MIN,1.5
,,,,,,,,,,,,,,,SP,Jared Jones (42731043),Jared Jones,42731043,P,7000,PIT@MIL 04/24/2026 07:40PM ET,PIT,0
,,,,,,,,,,,,,,,RP,Carmen Mlodzinski (42731044),Carmen Mlodzinski,42731044,P,7000,PIT@MIL 04/24/2026 07:40PM ET,PIT,14.38
,,,,,,,,,,,,,,,SP,Mitch Keller (42731045),Mitch Keller,42731045,P,7000,PIT@MIL 04/24/2026 07:40PM ET,PIT,14.69
,,,,,,,,,,,,,,,SP,Antwone Kelly (42731049),Antwone Kelly,42731049,P,7000,PIT@MIL 04/24/2026 07:40PM ET,PIT,0
,,,,,,,,,,,,,,,SP,Hunter Barco (42731050),Hunter Barco,42731050,P,7000,PIT@MIL 04/24/2026 07:40PM ET,PIT,1.54
,,,,,,,,,,,,,,,SP,Jose Urquidy (42731051),Jose Urquidy,42731051,P,7000,PIT@MIL 04/24/2026 07:40PM ET,PIT,0.81
,,,,,,,,,,,,,,,SP,Thomas Harrington (42731052),Thomas Harrington,42731052,P,7000,PIT@MIL 04/24/2026 07:40PM ET,PIT,0
,,,,,,,,,,,,,,,SP,Tyler Mahle (42731046),Tyler Mahle,42731046,P,7000,MIA@SF 04/24/2026 10:15PM ET,SF,11.83
,,,,,,,,,,,,,,,SP,Luis Severino (42730337),Luis Severino,42730337,P,6900,ATH@TEX 04/24/2026 08:05PM ET,ATH,9.82
,,,,,,,,,,,,,,,RP,J.T. Ginn (42731056),J.T. Ginn,42731056,P,6900,ATH@TEX 04/24/2026 08:05PM ET,ATH,8.49
,,,,,,,,,,,,,,,RP,Aaron Civale (42731057),Aaron Civale,42731057,P,6900,ATH@TEX 04/24/2026 08:05PM ET,ATH,12.95
,,,,,,,,,,,,,,,SP,Joey Estes (42731058),Joey Estes,42731058,P,6900,ATH@TEX 04/24/2026 08:05PM ET,ATH,0
,,,,,,,,,,,,,,,SP,Luis Medina (42731059),Luis Medina,42731059,P,6900,ATH@TEX 04/24/2026 08:05PM ET,ATH,3.95
,,,,,,,,,,,,,,,RP,Jack Perkins (42731060),Jack Perkins,42731060,P,6900,ATH@TEX 04/24/2026 08:05PM ET,ATH,7.32
,,,,,,,,,,,,,,,RP,Hogan Harris (42731061),Hogan Harris,42731061,P,6900,ATH@TEX 04/24/2026 08:05PM ET,ATH,3.31
,,,,,,,,,,,,,,,RP,Jacob Lopez (42731062),Jacob Lopez,42731062,P,6900,ATH@TEX 04/24/2026 08:05PM ET,ATH,7.65
,,,,,,,,,,,,,,,SP,Luis Morales (42731063),Luis Morales,42731063,P,6900,ATH@TEX 04/24/2026 08:05PM ET,ATH,-3.35
,,,,,,,,,,,,,,,SP,Gunnar Hoglund (42731064),Gunnar Hoglund,42731064,P,6900,ATH@TEX 04/24/2026 08:05PM ET,ATH,0
,,,,,,,,,,,,,,,SP,Lance McCullers Jr. (42730338),Lance McCullers Jr.,42730338,P,6800,NYY@HOU 04/24/2026 08:10PM ET,HOU,11.59
,,,,,,,,,,,,,,,SP,Ronel Blanco (42731072),Ronel Blanco,42731072,P,6800,NYY@HOU 04/24/2026 08:10PM ET,HOU,0
,,,,,,,,,,,,,,,SP,Tatsuya Imai (42731073),Tatsuya Imai,42731073,P,6800,NYY@HOU 04/24/2026 08:10PM ET,HOU,8.03
,,,,,,,,,,,,,,,SP,Colton Gordon (42731074),Colton Gordon,42731074,P,6800,NYY@HOU 04/24/2026 08:10PM ET,HOU,4.97
,,,,,,,,,,,,,,,SP,Brandon Walter (42731075),Brandon Walter,42731075,P,6800,NYY@HOU 04/24/2026 08:10PM ET,HOU,0
,,,,,,,,,,,,,,,RP,Jason Alexander (42731076),Jason Alexander,42731076,P,6800,NYY@HOU 04/24/2026 08:10PM ET,HOU,0
,,,,,,,,,,,,,,,RP,Hayden Wesneski (42731077),Hayden Wesneski,42731077,P,6800,NYY@HOU 04/24/2026 08:10PM ET,HOU,0
,,,,,,,,,,,,,,,SP,Cristian Javier (42731078),Cristian Javier,42731078,P,6800,NYY@HOU 04/24/2026 08:10PM ET,HOU,-3.8
,,,,,,,,,,,,,,,SP,Miguel Ullola (42731079),Miguel Ullola,42731079,P,6800,NYY@HOU 04/24/2026 08:10PM ET,HOU,0
,,,,,,,,,,,,,,,RP,Nate Pearson (42731080),Nate Pearson,42731080,P,6800,NYY@HOU 04/24/2026 08:10PM ET,HOU,0
,,,,,,,,,,,,,,,SP,AJ Blubaugh (42731081),AJ Blubaugh,42731081,P,6800,NYY@HOU 04/24/2026 08:10PM ET,HOU,3.24
,,,,,,,,,,,,,,,RP,Cody Bolton (42731082),Cody Bolton,42731082,P,6800,NYY@HOU 04/24/2026 08:10PM ET,HOU,7.25
,,,,,,,,,,,,,,,SP,Mike Burrows (42731083),Mike Burrows,42731083,P,6800,NYY@HOU 04/24/2026 08:10PM ET,HOU,9.28
,,,,,,,,,,,,,,,RP,Ryan Weiss (42731084),Ryan Weiss,42731084,P,6800,NYY@HOU 04/24/2026 08:10PM ET,HOU,5.01
,,,,,,,,,,,,,,,SP,Peter Lambert (42731085),Peter Lambert,42731085,P,6800,NYY@HOU 04/24/2026 08:10PM ET,HOU,21.58
,,,,,,,,,,,,,,,SP,Michael McGreevy (42731071),Michael McGreevy,42731071,P,6800,SEA@STL 04/24/2026 08:15PM ET,STL,12.1
,,,,,,,,,,,,,,,SP,Tylor Megill (42731065),Tylor Megill,42731065,P,6800,COL@NYM 04/24/2026 07:10PM ET,NYM,0
,,,,,,,,,,,,,,,SP,Christian Scott (42731066),Christian Scott,42731066,P,6800,COL@NYM 04/24/2026 07:10PM ET,NYM,-0.6
,,,,,,,,,,,,,,,SP,Jonah Tong (42731067),Jonah Tong,42731067,P,6800,COL@NYM 04/24/2026 07:10PM ET,NYM,0
,,,,,,,,,,,,,,,SP,Sean Manaea (42731068),Sean Manaea,42731068,P,6800,COL@NYM 04/24/2026 07:10PM ET,NYM,6.04
,,,,,,,,,,,,,,,SP,Tobias Myers (42731069),Tobias Myers,42731069,P,6800,COL@NYM 04/24/2026 07:10PM ET,NYM,6.08
,,,,,,,,,,,,,,,SP,David Peterson (42731070),David Peterson,42731070,P,6800,COL@NYM 04/24/2026 07:10PM ET,NYM,8.4
,,,,,,,,,,,,,,,SP,Max Scherzer (42730339),Max Scherzer,42730339,P,6700,CLE@TOR 04/24/2026 07:07PM ET,TOR,5.39
,,,,,,,,,,,,,,,SP,Trey Yesavage (42731086),Trey Yesavage,42731086,P,6700,CLE@TOR 04/24/2026 07:07PM ET,TOR,0
,,,,,,,,,,,,,,,SP,Cody Ponce (42731087),Cody Ponce,42731087,P,6700,CLE@TOR 04/24/2026 07:07PM ET,TOR,8.05
,,,,,,,,,,,,,,,RP,Jose Berrios (42731088),Jose Berrios,42731088,P,6700,CLE@TOR 04/24/2026 07:07PM ET,TOR,0
,,,,,,,,,,,,,,,SP,Shane Bieber (42731089),Shane Bieber,42731089,P,6700,CLE@TOR 04/24/2026 07:07PM ET,TOR,0
,,,,,,,,,,,,,,,RP,Eric Lauer (42731090),Eric Lauer,42731090,P,6700,CLE@TOR 04/24/2026 07:07PM ET,TOR,7.6
,,,,,,,,,,,,,,,RP,Mason Fluharty (42731091),Mason Fluharty,42731091,P,6700,CLE@TOR 04/24/2026 07:07PM ET,TOR,2.31
,,,,,,,,,,,,,,,SP,Patrick Corbin (42731092),Patrick Corbin,42731092,P,6700,CLE@TOR 04/24/2026 07:07PM ET,TOR,11.4
,,,,,,,,,,,,,,,RP,Jose Suarez (42731097),Jose Suarez,42731097,P,6700,PHI@ATL 04/24/2026 07:15PM ET,ATL,5.44
,,,,,,,,,,,,,,,RP,Didier Fuentes (42731098),Didier Fuentes,42731098,P,6700,PHI@ATL 04/24/2026 07:15PM ET,ATL,10.58
,,,,,,,,,,,,,,,RP,Victor Mederos (42731099),Victor Mederos,42731099,P,6700,PHI@ATL 04/24/2026 07:15PM ET,ATL,0
,,,,,,,,,,,,,,,RP,Martin Perez (42731100),Martin Perez,42731100,P,6700,PHI@ATL 04/24/2026 07:15PM ET,ATL,11.22
,,,,,,,,,,,,,,,SP,Jake Irvin (42731102),Jake Irvin,42731102,P,6700,WSH@CWS 04/24/2026 07:40PM ET,WSH,11.12
,,,,,,,,,,,,,,,SP,Cade Cavalli (42731103),Cade Cavalli,42731103,P,6700,WSH@CWS 04/24/2026 07:40PM ET,WSH,10.42
,,,,,,,,,,,,,,,SP,Braxton Garrett (42731093),Braxton Garrett,42731093,P,6700,MIA@SF 04/24/2026 10:15PM ET,MIA,0
,,,,,,,,,,,,,,,SP,Dax Fulton (42731094),Dax Fulton,42731094,P,6700,MIA@SF 04/24/2026 10:15PM ET,MIA,0
,,,,,,,,,,,,,,,RP,Ryan Gusto (42731095),Ryan Gusto,42731095,P,6700,MIA@SF 04/24/2026 10:15PM ET,MIA,4.25
,,,,,,,,,,,,,,,SP,Adam Mazur (42731096),Adam Mazur,42731096,P,6700,MIA@SF 04/24/2026 10:15PM ET,MIA,0
,,,,,,,,,,,,,,,SP,Chris Paddack (42731101),Chris Paddack,42731101,P,6700,MIA@SF 04/24/2026 10:15PM ET,MIA,9.44
,,,,,,,,,,,,,,,SP,Brayan Bello (42730340),Brayan Bello,42730340,P,6600,BOS@BAL 04/24/2026 07:05PM ET,BOS,5.6
,,,,,,,,,,,,,,,SP,Tanner Houck (42731104),Tanner Houck,42731104,P,6600,BOS@BAL 04/24/2026 07:05PM ET,BOS,0
,,,,,,,,,,,,,,,SP,Kutter Crawford (42731105),Kutter Crawford,42731105,P,6600,BOS@BAL 04/24/2026 07:05PM ET,BOS,0
,,,,,,,,,,,,,,,SP,Patrick Sandoval (42731106),Patrick Sandoval,42731106,P,6600,BOS@BAL 04/24/2026 07:05PM ET,BOS,0
,,,,,,,,,,,,,,,SP,Payton Tolle (42731107),Payton Tolle,42731107,P,6600,BOS@BAL 04/24/2026 07:05PM ET,BOS,31.1
,,,,,,,,,,,,,,,SP,Johan Oviedo (42731108),Johan Oviedo,42731108,P,6600,BOS@BAL 04/24/2026 07:05PM ET,BOS,1.45
,,,,,,,,,,,,,,,1B/OF,Shohei Ohtani (42730347),Shohei Ohtani,42730347,1B/OF,6600,CHC@LAD 04/24/2026 10:15PM ET,LAD,8.28
,,,,,,,,,,,,,,,SP,Jordan Montgomery (42731116),Jordan Montgomery,42731116,P,6500,ATH@TEX 04/24/2026 08:05PM ET,TEX,0
,,,,,,,,,,,,,,,RP,Cody Bradford (42731117),Cody Bradford,42731117,P,6500,ATH@TEX 04/24/2026 08:05PM ET,TEX,0
,,,,,,,,,,,,,,,RP,Jakob Junis (42731118),Jakob Junis,42731118,P,6500,ATH@TEX 04/24/2026 08:05PM ET,TEX,2.41
,,,,,,,,,,,,,,,RP,Cal Quantrill (42731119),Cal Quantrill,42731119,P,6500,ATH@TEX 04/24/2026 08:05PM ET,TEX,6.7
,,,,,,,,,,,,,,,SP,Kumar Rocker (42731120),Kumar Rocker,42731120,P,6500,ATH@TEX 04/24/2026 08:05PM ET,TEX,13.92
,,,,,,,,,,,,,,,RP,Jacob Latz (42731121),Jacob Latz,42731121,P,6500,ATH@TEX 04/24/2026 08:05PM ET,TEX,4.23
,,,,,,,,,,,,,,,SP,Chris Bassitt (42731122),Chris Bassitt,42731122,P,6500,BOS@BAL 04/24/2026 07:05PM ET,BAL,2.36
,,,,,,,,,,,,,,,RP,Albert Suarez (42731123),Albert Suarez,42731123,P,6500,BOS@BAL 04/24/2026 07:05PM ET,BAL,4.06
,,,,,,,,,,,,,,,RP,Dietrich Enns (42731124),Dietrich Enns,42731124,P,6500,BOS@BAL 04/24/2026 07:05PM ET,BAL,5.38
,,,,,,,,,,,,,,,SP,Tyler Wells (42731129),Tyler Wells,42731129,P,6500,BOS@BAL 04/24/2026 07:05PM ET,BAL,3.84
,,,,,,,,,,,,,,,RP,Keegan Akin (42731130),Keegan Akin,42731130,P,6500,BOS@BAL 04/24/2026 07:05PM ET,BAL,0
,,,,,,,,,,,,,,,SP,Erick Fedde (42730341),Erick Fedde,42730341,P,6500,WSH@CWS 04/24/2026 07:40PM ET,CWS,10.88
,,,,,,,,,,,,,,,SP,Drew Thorpe (42731109),Drew Thorpe,42731109,P,6500,WSH@CWS 04/24/2026 07:40PM ET,CWS,0
,,,,,,,,,,,,,,,RP,Grant Taylor (42731110),Grant Taylor,42731110,P,6500,WSH@CWS 04/24/2026 07:40PM ET,CWS,5.16
,,,,,,,,,,,,,,,RP,Osvaldo Bido (42731111),Osvaldo Bido,42731111,P,6500,WSH@CWS 04/24/2026 07:40PM ET,CWS,2.06
,,,,,,,,,,,,,,,RP,Mike Vasil (42731112),Mike Vasil,42731112,P,6500,WSH@CWS 04/24/2026 07:40PM ET,CWS,0
,,,,,,,,,,,,,,,RP,Anthony Kay (42731113),Anthony Kay,42731113,P,6500,WSH@CWS 04/24/2026 07:40PM ET,CWS,5.93
,,,,,,,,,,,,,,,RP,Shane Smith (42731114),Shane Smith,42731114,P,6500,WSH@CWS 04/24/2026 07:40PM ET,CWS,2.52
,,,,,,,,,,,,,,,RP,Sean Newcomb (42731115),Sean Newcomb,42731115,P,6500,WSH@CWS 04/24/2026 07:40PM ET,CWS,2.75
,,,,,,,,,,,,,,,SP,Sean Burke (42731131),Sean Burke,42731131,P,6500,WSH@CWS 04/24/2026 07:40PM ET,CWS,11.89
,,,,,,,,,,,,,,,SP,Jonathan Cannon (42731132),Jonathan Cannon,42731132,P,6500,WSH@CWS 04/24/2026 07:40PM ET,CWS,-3.8
,,,,,,,,,,,,,,,OF,Aaron Judge (42730349),Aaron Judge,42730349,OF,6500,NYY@HOU 04/24/2026 08:10PM ET,NYY,10.8
,,,,,,,,,,,,,,,RP,Blas Castano (42731125),Blas Castano,42731125,P,6500,COL@NYM 04/24/2026 07:10PM ET,COL,0
,,,,,,,,,,,,,,,SP,Tomoyuki Sugano (42731126),Tomoyuki Sugano,42731126,P,6500,COL@NYM 04/24/2026 07:10PM ET,COL,13.45
,,,,,,,,,,,,,,,SP,Kyle Freeland (42731127),Kyle Freeland,42731127,P,6500,COL@NYM 04/24/2026 07:10PM ET,COL,11.16
,,,,,,,,,,,,,,,SP,Ryan Feltner (42731128),Ryan Feltner,42731128,P,6500,COL@NYM 04/24/2026 07:10PM ET,COL,7.4
,,,,,,,,,,,,,,,OF,Yordan Alvarez (42730350),Yordan Alvarez,42730350,OF,6400,NYY@HOU 04/24/2026 08:10PM ET,HOU,12.81
,,,,,,,,,,,,,,,SP,Yusei Kikuchi (42730342),Yusei Kikuchi,42730342,P,6400,LAA@KC 04/24/2026 07:40PM ET,LAA,10.8
,,,,,,,,,,,,,,,SP,Alek Manoah (42731133),Alek Manoah,42731133,P,6400,LAA@KC 04/24/2026 07:40PM ET,LAA,0
,,,,,,,,,,,,,,,RP,Mitch Farris (42731134),Mitch Farris,42731134,P,6400,LAA@KC 04/24/2026 07:40PM ET,LAA,3.18
,,,,,,,,,,,,,,,SP,Chase Silseth (42731135),Chase Silseth,42731135,P,6400,LAA@KC 04/24/2026 07:40PM ET,LAA,2.05
,,,,,,,,,,,,,,,SP,Caden Dana (42731136),Caden Dana,42731136,P,6400,LAA@KC 04/24/2026 07:40PM ET,LAA,0
,,,,,,,,,,,,,,,RP,Ryan Johnson (42731137),Ryan Johnson,42731137,P,6400,LAA@KC 04/24/2026 07:40PM ET,LAA,-7.1
,,,,,,,,,,,,,,,SP,George Klassen (42731138),George Klassen,42731138,P,6400,LAA@KC 04/24/2026 07:40PM ET,LAA,0.15
,,,,,,,,,,,,,,,RP,Sam Aldegheri (42731139),Sam Aldegheri,42731139,P,6400,LAA@KC 04/24/2026 07:40PM ET,LAA,7.95
,,,,,,,,,,,,,,,3B,Jose Ramirez (42730351),Jose Ramirez,42730351,3B,6300,CLE@TOR 04/24/2026 07:07PM ET,CLE,10.42
,,,,,,,,,,,,,,,RP,Andre Pallante (42730343),Andre Pallante,42730343,P,6300,SEA@STL 04/24/2026 08:15PM ET,STL,9.45
,,,,,,,,,,,,,,,SP,Dustin May (42731140),Dustin May,42731140,P,6300,SEA@STL 04/24/2026 08:15PM ET,STL,10.3
,,,,,,,,,,,,,,,SP,Brycen Mautz (42731141),Brycen Mautz,42731141,P,6300,SEA@STL 04/24/2026 08:15PM ET,STL,0
,,,,,,,,,,,,,,,SP,Tekoah Roby (42731142),Tekoah Roby,42731142,P,6300,SEA@STL 04/24/2026 08:15PM ET,STL,0
,,,,,,,,,,,,,,,RP,Gordon Graceffo (42731143),Gordon Graceffo,42731143,P,6300,SEA@STL 04/24/2026 08:15PM ET,STL,3.67
,,,,,,,,,,,,,,,SP,Hunter Dobbins (42731144),Hunter Dobbins,42731144,P,6300,SEA@STL 04/24/2026 08:15PM ET,STL,0
,,,,,,,,,,,,,,,RP,Kyle Leahy (42731145),Kyle Leahy,42731145,P,6300,SEA@STL 04/24/2026 08:15PM ET,STL,7.36
,,,,,,,,,,,,,,,RP,Matthew Liberatore (42731146),Matthew Liberatore,42731146,P,6300,SEA@STL 04/24/2026 08:15PM ET,STL,9.59
,,,,,,,,,,,,,,,SP,Richard Fitts (42731147),Richard Fitts,42731147,P,6300,SEA@STL 04/24/2026 08:15PM ET,STL,0
,,,,,,,,,,,,,,,SP,River Ryan (42731148),River Ryan,42731148,P,6200,CHC@LAD 04/24/2026 10:15PM ET,LAD,0
,,,,,,,,,,,,,,,SP,Gavin Stone (42731149),Gavin Stone,42731149,P,6200,CHC@LAD 04/24/2026 10:15PM ET,LAD,0
,,,,,,,,,,,,,,,SP,Bobby Miller (42731150),Bobby Miller,42731150,P,6200,CHC@LAD 04/24/2026 10:15PM ET,LAD,0
,,,,,,,,,,,,,,,SP,Landon Knack (42731151),Landon Knack,42731151,P,6200,CHC@LAD 04/24/2026 10:15PM ET,LAD,0
,,,,,,,,,,,,,,,SP,Chayce McDermott (42731152),Chayce McDermott,42731152,P,6200,CHC@LAD 04/24/2026 10:15PM ET,LAD,0
,,,,,,,,,,,,,,,OF,Oneil Cruz (42730352),Oneil Cruz,42730352,OF,6200,PIT@MIL 04/24/2026 07:40PM ET,PIT,12.28
,,,,,,,,,,,,,,,OF,Kyle Tucker (42730353),Kyle Tucker,42730353,OF,6100,CHC@LAD 04/24/2026 10:15PM ET,LAD,8.12
,,,,,,,,,,,,,,,OF,James Wood (42730354),James Wood,42730354,OF,6000,WSH@CWS 04/24/2026 07:40PM ET,WSH,12.46
,,,,,,,,,,,,,,,SP,Adrian Houser (42730344),Adrian Houser,42730344,P,6000,MIA@SF 04/24/2026 10:15PM ET,SF,5.94
,,,,,,,,,,,,,,,RP,Jose Butto (42731153),Jose Butto,42731153,P,6000,MIA@SF 04/24/2026 10:15PM ET,SF,-0.5
,,,,,,,,,,,,,,,RP,Tristan Beck (42731154),Tristan Beck,42731154,P,6000,MIA@SF 04/24/2026 10:15PM ET,SF,0
,,,,,,,,,,,,,,,RP,Spencer Bivens (42731155),Spencer Bivens,42731155,P,6000,MIA@SF 04/24/2026 10:15PM ET,SF,0
,,,,,,,,,,,,,,,RP,JT Brubaker (42731156),JT Brubaker,42731156,P,6000,MIA@SF 04/24/2026 10:15PM ET,SF,2.74
,,,,,,,,,,,,,,,RP,Carson Seymour (42731157),Carson Seymour,42731157,P,6000,MIA@SF 04/24/2026 10:15PM ET,SF,0
,,,,,,,,,,,,,,,SP,Keaton Winn (42731158),Keaton Winn,42731158,P,6000,MIA@SF 04/24/2026 10:15PM ET,SF,3.47
,,,,,,,,,,,,,,,SP,Dylan Smith (42731159),Dylan Smith,42731159,P,6000,MIA@SF 04/24/2026 10:15PM ET,SF,0
,,,,,,,,,,,,,,,SP,Carson Whisenhunt (42731160),Carson Whisenhunt,42731160,P,6000,MIA@SF 04/24/2026 10:15PM ET,SF,0
,,,,,,,,,,,,,,,RP,Hayden Birdsong (42731161),Hayden Birdsong,42731161,P,6000,MIA@SF 04/24/2026 10:15PM ET,SF,0
,,,,,,,,,,,,,,,SP,Blade Tidwell (42731162),Blade Tidwell,42731162,P,6000,MIA@SF 04/24/2026 10:15PM ET,SF,4.16
,,,,,,,,,,,,,,,SS,Gunnar Henderson (42730355),Gunnar Henderson,42730355,SS,5900,BOS@BAL 04/24/2026 07:05PM ET,BAL,9.04
,,,,,,,,,,,,,,,OF,Mike Trout (42730356),Mike Trout,42730356,OF,5900,LAA@KC 04/24/2026 07:40PM ET,LAA,11.4
,,,,,,,,,,,,,,,SP,Taijuan Walker (42731163),Taijuan Walker,42731163,P,5800,PHI@ATL 04/24/2026 07:15PM ET,PHI,2.84
,,,,,,,,,,,,,,,SS,Bobby Witt Jr. (42730357),Bobby Witt Jr.,42730357,SS,5800,LAA@KC 04/24/2026 07:40PM ET,KC,7.76
,,,,,,,,,,,,,,,OF,Juan Soto (42730358),Juan Soto,42730358,OF,5800,COL@NYM 04/24/2026 07:10PM ET,NYM,7.5
,,,,,,,,,,,,,,,OF,Kyle Schwarber (42730359),Kyle Schwarber,42730359,OF,5700,PHI@ATL 04/24/2026 07:15PM ET,PHI,8.72
,,,,,,,,,,,,,,,SP,Miles Mikolas (42730345),Miles Mikolas,42730345,P,5700,WSH@CWS 04/24/2026 07:40PM ET,WSH,2.17
,,,,,,,,,,,,,,,SP,DJ Herz (42731164),DJ Herz,42731164,P,5700,WSH@CWS 04/24/2026 07:40PM ET,WSH,0
,,,,,,,,,,,,,,,SP,Josiah Gray (42731165),Josiah Gray,42731165,P,5700,WSH@CWS 04/24/2026 07:40PM ET,WSH,0
,,,,,,,,,,,,,,,SP,Mitchell Parker (42731166),Mitchell Parker,42731166,P,5700,WSH@CWS 04/24/2026 07:40PM ET,WSH,7.45
,,,,,,,,,,,,,,,SP,Jackson Rutledge (42731167),Jackson Rutledge,42731167,P,5700,WSH@CWS 04/24/2026 07:40PM ET,WSH,-11.8
,,,,,,,,,,,,,,,RP,Brad Lord (42731168),Brad Lord,42731168,P,5700,WSH@CWS 04/24/2026 07:40PM ET,WSH,4.93
,,,,,,,,,,,,,,,SP,Andrew Alvarez (42731169),Andrew Alvarez,42731169,P,5700,WSH@CWS 04/24/2026 07:40PM ET,WSH,21.95
,,,,,,,,,,,,,,,SP,Trevor Williams (42731170),Trevor Williams,42731170,P,5700,WSH@CWS 04/24/2026 07:40PM ET,WSH,0
,,,,,,,,,,,,,,,RP,Zack Littell (42731171),Zack Littell,42731171,P,5700,WSH@CWS 04/24/2026 07:40PM ET,WSH,3.81
,,,,,,,,,,,,,,,2B,Brandon Lowe (42730360),Brandon Lowe,42730360,2B,5700,PIT@MIL 04/24/2026 07:40PM ET,PIT,10.14
,,,,,,,,,,,,,,,1B,Freddie Freeman (42730361),Freddie Freeman,42730361,1B,5600,CHC@LAD 04/24/2026 10:15PM ET,LAD,8.13
,,,,,,,,,,,,,,,2B,Brice Turang (42730362),Brice Turang,42730362,2B,5600,PIT@MIL 04/24/2026 07:40PM ET,MIL,11.86
,,,,,,,,,,,,,,,SS,CJ Abrams (42730363),CJ Abrams,42730363,SS,5500,WSH@CWS 04/24/2026 07:40PM ET,WSH,10.64
,,,,,,,,,,,,,,,1B,Ben Rice (42730364),Ben Rice,42730364,1B,5500,NYY@HOU 04/24/2026 08:10PM ET,NYY,10.83
,,,,,,,,,,,,,,,SP,Michael Lorenzen (42730346),Michael Lorenzen,42730346,P,5500,COL@NYM 04/24/2026 07:10PM ET,COL,3.32
,,,,,,,,,,,,,,,RP,Valente Bellozo (42731172),Valente Bellozo,42731172,P,5500,COL@NYM 04/24/2026 07:10PM ET,COL,3.73
,,,,,,,,,,,,,,,SP,Antonio Senzatela (42731173),Antonio Senzatela,42731173,P,5500,COL@NYM 04/24/2026 07:10PM ET,COL,9.36
,,,,,,,,,,,,,,,SP,McCade Brown (42731174),McCade Brown,42731174,P,5500,COL@NYM 04/24/2026 07:10PM ET,COL,0
,,,,,,,,,,,,,,,SP,Chase Dollander (42731175),Chase Dollander,42731175,P,5500,COL@NYM 04/24/2026 07:10PM ET,COL,15.91
,,,,,,,,,,,,,,,RP,Jose Quintana (42731176),Jose Quintana,42731176,P,5500,COL@NYM 04/24/2026 07:10PM ET,COL,1.62
,,,,,,,,,,,,,,,RP,Tanner Gordon (42731177),Tanner Gordon,42731177,P,5500,COL@NYM 04/24/2026 07:10PM ET,COL,9.1
,,,,,,,,,,,,,,,C,Shea Langeliers (42730365),Shea Langeliers,42730365,C,5400,ATH@TEX 04/24/2026 08:05PM ET,ATH,9.92
,,,,,,,,,,,,,,,1B,Munetaka Murakami (42730366),Munetaka Murakami,42730366,1B,5400,WSH@CWS 04/24/2026 07:40PM ET,CWS,10.16
,,,,,,,,,,,,,,,OF,Ronald Acuna Jr. (42730369),Ronald Acuna Jr.,42730369,OF,5300,PHI@ATL 04/24/2026 07:15PM ET,ATL,6.88
,,,,,,,,,,,,,,,1B,Nick Kurtz (42730367),Nick Kurtz,42730367,1B,5300,ATH@TEX 04/24/2026 08:05PM ET,ATH,8.88
,,,,,,,,,,,,,,,SS,Zach Neto (42730368),Zach Neto,42730368,SS,5300,LAA@KC 04/24/2026 07:40PM ET,LAA,9.19
,,,,,,,,,,,,,,,3B,Junior Caminero (42730370),Junior Caminero,42730370,3B,5200,MIN@TB 04/24/2026 07:10PM ET,TB,8.46
,,,,,,,,,,,,,,,OF,Byron Buxton (42730371),Byron Buxton,42730371,OF,5200,MIN@TB 04/24/2026 07:10PM ET,MIN,8
,,,,,,,,,,,,,,,1B,Rafael Devers (42730372),Rafael Devers,42730372,1B,5200,MIA@SF 04/24/2026 10:15PM ET,SF,5.24
,,,,,,,,,,,,,,,1B,Vladimir Guerrero Jr. (42730375),Vladimir Guerrero Jr.,42730375,1B,5100,CLE@TOR 04/24/2026 07:07PM ET,TOR,8.21
,,,,,,,,,,,,,,,SS,Corey Seager (42730373),Corey Seager,42730373,SS,5100,ATH@TEX 04/24/2026 08:05PM ET,TEX,8.46
,,,,,,,,,,,,,,,OF,Andy Pages (42730374),Andy Pages,42730374,OF,5100,CHC@LAD 04/24/2026 10:15PM ET,LAD,9.48
,,,,,,,,,,,,,,,OF,Christian Yelich (42730738),Christian Yelich,42730738,OF,5100,PIT@MIL 04/24/2026 07:40PM ET,MIL,8.6
,,,,,,,,,,,,,,,C,Drake Baldwin (42730381),Drake Baldwin,42730381,C,5000,PHI@ATL 04/24/2026 07:15PM ET,ATL,11.15
,,,,,,,,,,,,,,,OF,Brandon Nimmo (42730378),Brandon Nimmo,42730378,OF,5000,ATH@TEX 04/24/2026 08:05PM ET,TEX,8.84
,,,,,,,,,,,,,,,1B/3B,Yandy Diaz (42730376),Yandy Diaz,42730376,1B/3B,5000,MIN@TB 04/24/2026 07:10PM ET,TB,9.29
,,,,,,,,,,,,,,,2B,Jose Altuve (42730380),Jose Altuve,42730380,2B,5000,NYY@HOU 04/24/2026 08:10PM ET,HOU,7.72
,,,,,,,,,,,,,,,OF,Pete Crow-Armstrong (42730379),Pete Crow-Armstrong,42730379,OF,5000,CHC@LAD 04/24/2026 10:15PM ET,CHC,6.72
,,,,,,,,,,,,,,,OF,Jackson Chourio (42730739),Jackson Chourio,42730739,OF,5000,PIT@MIL 04/24/2026 07:40PM ET,MIL,0
,,,,,,,,,,,,,,,OF,George Springer (42730740),George Springer,42730740,OF,4900,CLE@TOR 04/24/2026 07:07PM ET,TOR,6.64
,,,,,,,,,,,,,,,1B,Pete Alonso (42730383),Pete Alonso,42730383,1B,4900,BOS@BAL 04/24/2026 07:05PM ET,BAL,7.04
,,,,,,,,,,,,,,,OF,Roman Anthony (42730386),Roman Anthony,42730386,OF,4900,BOS@BAL 04/24/2026 07:05PM ET,BOS,6.64
,,,,,,,,,,,,,,,2B,Nico Hoerner (42730385),Nico Hoerner,42730385,2B,4900,CHC@LAD 04/24/2026 10:15PM ET,CHC,10.96
,,,,,,,,,,,,,,,C,Cal Raleigh (42730382),Cal Raleigh,42730382,C,4900,SEA@STL 04/24/2026 08:15PM ET,SEA,7.12
,,,,,,,,,,,,,,,OF,Ryan O'Hearn (42730387),Ryan O'Hearn,42730387,OF,4900,PIT@MIL 04/24/2026 07:40PM ET,PIT,8.65
,,,,,,,,,,,,,,,OF,Kyle Stowers (42730384),Kyle Stowers,42730384,OF,4900,MIA@SF 04/24/2026 10:15PM ET,MIA,7
,,,,,,,,,,,,,,,1B,Matt Olson (42730391),Matt Olson,42730391,1B,4800,PHI@ATL 04/24/2026 07:15PM ET,ATL,10.46
,,,,,,,,,,,,,,,SS,Colson Montgomery (42730392),Colson Montgomery,42730392,SS,4800,WSH@CWS 04/24/2026 07:40PM ET,CWS,8.36
,,,,,,,,,,,,,,,OF,Teoscar Hernandez (42730389),Teoscar Hernandez,42730389,OF,4800,CHC@LAD 04/24/2026 10:15PM ET,LAD,7.5
,,,,,,,,,,,,,,,3B,Maikel Garcia (42730390),Maikel Garcia,42730390,3B,4800,LAA@KC 04/24/2026 07:40PM ET,KC,7.36
,,,,,,,,,,,,,,,OF,Luis Robert Jr. (42730388),Luis Robert Jr.,42730388,OF,4800,COL@NYM 04/24/2026 07:10PM ET,NYM,6.52
,,,,,,,,,,,,,,,1B,Bryce Harper (42730393),Bryce Harper,42730393,1B,4700,PHI@ATL 04/24/2026 07:15PM ET,PHI,8.12
,,,,,,,,,,,,,,,SS,Trea Turner (42730396),Trea Turner,42730396,SS,4700,PHI@ATL 04/24/2026 07:15PM ET,PHI,6.72
,,,,,,,,,,,,,,,OF,Bryan Reynolds (42730395),Bryan Reynolds,42730395,OF,4700,PIT@MIL 04/24/2026 07:40PM ET,PIT,8.04
,,,,,,,,,,,,,,,3B,Matt Chapman (42730394),Matt Chapman,42730394,3B,4700,MIA@SF 04/24/2026 10:15PM ET,SF,6.6
,,,,,,,,,,,,,,,3B,Max Muncy (42730397),Max Muncy,42730397,3B,4600,CHC@LAD 04/24/2026 10:15PM ET,LAD,9.04
,,,,,,,,,,,,,,,2B,JJ Wetherholt (42730398),JJ Wetherholt,42730398,2B,4600,SEA@STL 04/24/2026 08:15PM ET,STL,8.5
,,,,,,,,,,,,,,,1B,Alec Burleson (42730399),Alec Burleson,42730399,1B,4600,SEA@STL 04/24/2026 08:15PM ET,STL,8.30
,,,,,,,,,,,,,,,OF,Tyler Soderstrom (42730403),Tyler Soderstrom,42730403,OF,4500,ATH@TEX 04/24/2026 08:05PM ET,ATH,7.48
,,,,,,,,,,,,,,,OF,Jarren Duran (42730407),Jarren Duran,42730407,OF,4500,BOS@BAL 04/24/2026 07:05PM ET,BOS,6.85
,,,,,,,,,,,,,,,1B,Christian Walker (42730402),Christian Walker,42730402,1B,4500,NYY@HOU 04/24/2026 08:10PM ET,HOU,8.35
,,,,,,,,,,,,,,,OF,Cody Bellinger (42730408),Cody Bellinger,42730408,OF,4500,NYY@HOU 04/24/2026 08:10PM ET,NYY,8.5
,,,,,,,,,,,,,,,OF,Seiya Suzuki (42730406),Seiya Suzuki,42730406,OF,4500,CHC@LAD 04/24/2026 10:15PM ET,CHC,9.54
,,,,,,,,,,,,,,,C,William Contreras (42730405),William Contreras,42730405,C,4500,PIT@MIL 04/24/2026 07:40PM ET,MIL,8.04
,,,,,,,,,,,,,,,SS,Francisco Lindor (42730404),Francisco Lindor,42730404,SS,4500,COL@NYM 04/24/2026 07:10PM ET,NYM,6.79
,,,,,,,,,,,,,,,2B,Xavier Edwards (42730400),Xavier Edwards,42730400,2B,4500,MIA@SF 04/24/2026 10:15PM ET,MIA,8.24
,,,,,,,,,,,,,,,OF,Jakob Marsee (42730401),Jakob Marsee,42730401,OF,4500,MIA@SF 04/24/2026 10:15PM ET,MIA,7.88
,,,,,,,,,,,,,,,OF,Brent Rooker (42730741),Brent Rooker,42730741,OF,4400,ATH@TEX 04/24/2026 08:05PM ET,ATH,6.5
,,,,,,,,,,,,,,,OF,Taylor Ward (42730411),Taylor Ward,42730411,OF,4400,BOS@BAL 04/24/2026 07:05PM ET,BAL,8.24
,,,,,,,,,,,,,,,OF,Wilyer Abreu (42730414),Wilyer Abreu,42730414,OF,4400,BOS@BAL 04/24/2026 07:05PM ET,BOS,7.17
,,,,,,,,,,,,,,,3B/SS,Carlos Correa (42730409),Carlos Correa,42730409,3B/SS,4400,NYY@HOU 04/24/2026 08:10PM ET,HOU,7.96
,,,,,,,,,,,,,,,OF,Giancarlo Stanton (42730415),Giancarlo Stanton,42730415,OF,4400,NYY@HOU 04/24/2026 08:10PM ET,NYY,6.87
,,,,,,,,,,,,,,,SS,Mookie Betts (42730742),Mookie Betts,42730742,SS,4400,CHC@LAD 04/24/2026 10:15PM ET,LAD,8.38
,,,,,,,,,,,,,,,OF,Jordan Walker (42730412),Jordan Walker,42730412,OF,4400,SEA@STL 04/24/2026 08:15PM ET,STL,10.87
,,,,,,,,,,,,,,,1B,Jake Bauers (42730416),Jake Bauers,42730416,1B,4400,PIT@MIL 04/24/2026 07:40PM ET,MIL,8.09
,,,,,,,,,,,,,,,C,Hunter Goodman (42730413),Hunter Goodman,42730413,C,4400,COL@NYM 04/24/2026 07:10PM ET,COL,8.33
,,,,,,,,,,,,,,,1B,Willson Contreras (42730424),Willson Contreras,42730424,1B,4300,BOS@BAL 04/24/2026 07:05PM ET,BOS,7.21
,,,,,,,,,,,,,,,OF,Chandler Simpson (42730419),Chandler Simpson,42730419,OF,4300,MIN@TB 04/24/2026 07:10PM ET,TB,7.5
,,,,,,,,,,,,,,,3B,Miguel Vargas (42730418),Miguel Vargas,42730418,3B,4300,WSH@CWS 04/24/2026 07:40PM ET,CWS,9.25
,,,,,,,,,,,,,,,OF,Daylen Lile (42730421),Daylen Lile,42730421,OF,4300,WSH@CWS 04/24/2026 07:40PM ET,WSH,8.28
,,,,,,,,,,,,,,,OF,Jo Adell (42730422),Jo Adell,42730422,OF,4300,LAA@KC 04/24/2026 07:40PM ET,LAA,7
,,,,,,,,,,,,,,,OF,Randy Arozarena (42730423),Randy Arozarena,42730423,OF,4300,SEA@STL 04/24/2026 08:15PM ET,SEA,8.38
,,,,,,,,,,,,,,,C,Liam Hicks (42730417),Liam Hicks,42730417,C,4300,MIA@SF 04/24/2026 10:15PM ET,MIA,8.25
,,,,,,,,,,,,,,,SS,Otto Lopez (42730420),Otto Lopez,42730420,SS,4300,MIA@SF 04/24/2026 10:15PM ET,MIA,9.33
,,,,,,,,,,,,,,,2B,Luis Arraez (42730425),Luis Arraez,42730425,2B,4300,MIA@SF 04/24/2026 10:15PM ET,SF,6.54
,,,,,,,,,,,,,,,OF,Chase DeLauter (42730429),Chase DeLauter,42730429,OF,4200,CLE@TOR 04/24/2026 07:07PM ET,CLE,8.04
,,,,,,,,,,,,,,,2B,Ozzie Albies (42730430),Ozzie Albies,42730430,2B,4200,PHI@ATL 04/24/2026 07:15PM ET,ATL,8.19
,,,,,,,,,,,,,,,1B,Jake Burger (42730433),Jake Burger,42730433,1B,4200,ATH@TEX 04/24/2026 08:05PM ET,TEX,7.24
,,,,,,,,,,,,,,,SS,Jeremy Pena (42730743),Jeremy Pena,42730743,SS,4200,NYY@HOU 04/24/2026 08:10PM ET,HOU,6.2
,,,,,,,,,,,,,,,3B,Alex Bregman (42730427),Alex Bregman,42730427,3B,4200,CHC@LAD 04/24/2026 10:15PM ET,CHC,6.76
,,,,,,,,,,,,,,,OF,Ian Happ (42730431),Ian Happ,42730431,OF,4200,CHC@LAD 04/24/2026 10:15PM ET,CHC,9.87
,,,,,,,,,,,,,,,OF,Julio Rodriguez (42730432),Julio Rodriguez,42730432,OF,4200,SEA@STL 04/24/2026 08:15PM ET,SEA,6.12
,,,,,,,,,,,,,,,SS,Willy Adames (42730426),Willy Adames,42730426,SS,4200,MIA@SF 04/24/2026 10:15PM ET,SF,6.32
,,,,,,,,,,,,,,,C,Agustin Ramirez (42730428),Agustin Ramirez,42730428,C,4200,MIA@SF 04/24/2026 10:15PM ET,MIA,6.67
,,,,,,,,,,,,,,,OF,Daulton Varsho (42730437),Daulton Varsho,42730437,OF,4100,CLE@TOR 04/24/2026 07:07PM ET,TOR,6.36
,,,,,,,,,,,,,,,2B/3B,Isaac Paredes (42730435),Isaac Paredes,42730435,2B/3B,4100,NYY@HOU 04/24/2026 08:10PM ET,HOU,6.43
,,,,,,,,,,,,,,,C,Will Smith (42730434),Will Smith,42730434,C,4100,CHC@LAD 04/24/2026 10:15PM ET,LAD,5.91
,,,,,,,,,,,,,,,1B,Vinnie Pasquantino (42730438),Vinnie Pasquantino,42730438,1B,4100,LAA@KC 04/24/2026 07:40PM ET,KC,5.64
,,,,,,,,,,,,,,,OF,Angel Martinez (42730446),Angel Martinez,42730446,OF,4000,CLE@TOR 04/24/2026 07:07PM ET,CLE,6.78
,,,,,,,,,,,,,,,SP,Austin Peterson (42731186),Austin Peterson,42731186,P,4000,CLE@TOR 04/24/2026 07:07PM ET,CLE,0
,,,,,,,,,,,,,,,SP,Adam Macko (42731192),Adam Macko,42731192,P,4000,CLE@TOR 04/24/2026 07:07PM ET,TOR,0
,,,,,,,,,,,,,,,RP,Franco Aleman (42731194),Franco Aleman,42731194,P,4000,CLE@TOR 04/24/2026 07:07PM ET,CLE,0
,,,,,,,,,,,,,,,RP,Yorman Gomez (42731197),Yorman Gomez,42731197,P,4000,CLE@TOR 04/24/2026 07:07PM ET,CLE,0
,,,,,,,,,,,,,,,SP,Daniel Espino (42731208),Daniel Espino,42731208,P,4000,CLE@TOR 04/24/2026 07:07PM ET,CLE,0
,,,,,,,,,,,,,,,SP,Jake Bloss (42731213),Jake Bloss,42731213,P,4000,CLE@TOR 04/24/2026 07:07PM ET,TOR,0
,,,,,,,,,,,,,,,SP,Ricky Tiedemann (42731233),Ricky Tiedemann,42731233,P,4000,CLE@TOR 04/24/2026 07:07PM ET,TOR,0
,,,,,,,,,,,,,,,RP,Bowden Francis (42731243),Bowden Francis,42731243,P,4000,CLE@TOR 04/24/2026 07:07PM ET,TOR,0
,,,,,,,,,,,,,,,RP,Connor Brogdon (42731247),Connor Brogdon,42731247,P,4000,CLE@TOR 04/24/2026 07:07PM ET,CLE,2.72
,,,,,,,,,,,,,,,RP,Shawn Armstrong (42731263),Shawn Armstrong,42731263,P,4000,CLE@TOR 04/24/2026 07:07PM ET,CLE,2.87
,,,,,,,,,,,,,,,RP,Spencer Miles (42731268),Spencer Miles,42731268,P,4000,CLE@TOR 04/24/2026 07:07PM ET,TOR,4.75
,,,,,,,,,,,,,,,RP,Tyler Rogers (42731289),Tyler Rogers,42731289,P,4000,CLE@TOR 04/24/2026 07:07PM ET,TOR,2.71
,,,,,,,,,,,,,,,RP,Brendon Little (42731292),Brendon Little,42731292,P,4000,CLE@TOR 04/24/2026 07:07PM ET,TOR,-1.51
,,,,,,,,,,,,,,,RP,Andrew Walters (42731315),Andrew Walters,42731315,P,4000,CLE@TOR 04/24/2026 07:07PM ET,CLE,0
,,,,,,,,,,,,,,,RP,Colin Holderman (42731331),Colin Holderman,42731331,P,4000,CLE@TOR 04/24/2026 07:07PM ET,CLE,3.18
,,,,,,,,,,,,,,,RP,Jeff Hoffman (42731334),Jeff Hoffman,42731334,P,4000,CLE@TOR 04/24/2026 07:07PM ET,TOR,3.63
,,,,,,,,,,,,,,,RP,Erik Sabrowski (42731367),Erik Sabrowski,42731367,P,4000,CLE@TOR 04/24/2026 07:07PM ET,CLE,3.82
,,,,,,,,,,,,,,,RP,Joe Mantiply (42731379),Joe Mantiply,42731379,P,4000,CLE@TOR 04/24/2026 07:07PM ET,TOR,4.49
,,,,,,,,,,,,,,,RP,Matt Festa (42731401),Matt Festa,42731401,P,4000,CLE@TOR 04/24/2026 07:07PM ET,CLE,2.82
,,,,,,,,,,,,,,,RP,Lazaro Estrada (42731402),Lazaro Estrada,42731402,P,4000,CLE@TOR 04/24/2026 07:07PM ET,TOR,13.8
,,,,,,,,,,,,,,,RP,Braydon Fisher (42731416),Braydon Fisher,42731416,P,4000,CLE@TOR 04/24/2026 07:07PM ET,TOR,3.40
,,,,,,,,,,,,,,,RP,Codi Heuer (42731424),Codi Heuer,42731424,P,4000,CLE@TOR 04/24/2026 07:07PM ET,CLE,0
,,,,,,,,,,,,,,,RP,Louis Varland (42731430),Louis Varland,42731430,P,4000,CLE@TOR 04/24/2026 07:07PM ET,TOR,5.39
,,,,,,,,,,,,,,,RP,Yimi Garcia (42731452),Yimi Garcia,42731452,P,4000,CLE@TOR 04/24/2026 07:07PM ET,TOR,0
,,,,,,,,,,,,,,,RP,Chase Lee (42731455),Chase Lee,42731455,P,4000,CLE@TOR 04/24/2026 07:07PM ET,TOR,0
,,,,,,,,,,,,,,,RP,Tim Herrin (42731461),Tim Herrin,42731461,P,4000,CLE@TOR 04/24/2026 07:07PM ET,CLE,1.35
,,,,,,,,,,,,,,,RP,Tommy Nance (42731465),Tommy Nance,42731465,P,4000,CLE@TOR 04/24/2026 07:07PM ET,TOR,1.89
,,,,,,,,,,,,,,,RP,Hunter Gaddis (42731472),Hunter Gaddis,42731472,P,4000,CLE@TOR 04/24/2026 07:07PM ET,CLE,3.65
,,,,,,,,,,,,,,,RP,Cade Smith (42731505),Cade Smith,42731505,P,4000,CLE@TOR 04/24/2026 07:07PM ET,CLE,3.57
,,,,,,,,,,,,,,,RP,Peyton Pallette (42731509),Peyton Pallette,42731509,P,4000,CLE@TOR 04/24/2026 07:07PM ET,CLE,4.89
,,,,,,,,,,,,,,,3B,Austin Riley (42730445),Austin Riley,42730445,3B,4000,PHI@ATL 04/24/2026 07:15PM ET,ATL,7.5
,,,,,,,,,,,,,,,RP,Joe Jimenez (42731189),Joe Jimenez,42731189,P,4000,PHI@ATL 04/24/2026 07:15PM ET,ATL,0
,,,,,,,,,,,,,,,SP,Jean Cabrera (42731198),Jean Cabrera,42731198,P,4000,PHI@ATL 04/24/2026 07:15PM ET,PHI,0
,,,,,,,,,,,,,,,RP,Moises Chace (42731204),Moises Chace,42731204,P,4000,PHI@ATL 04/24/2026 07:15PM ET,PHI,0
,,,,,,,,,,,,,,,RP,Jhancarlos Lara (42731214),Jhancarlos Lara,42731214,P,4000,PHI@ATL 04/24/2026 07:15PM ET,ATL,0
,,,,,,,,,,,,,,,RP,Dylan Dodd (42731249),Dylan Dodd,42731249,P,4000,PHI@ATL 04/24/2026 07:15PM ET,ATL,6.3
,,,,,,,,,,,,,,,RP,Joel Payamps (42731267),Joel Payamps,42731267,P,4000,PHI@ATL 04/24/2026 07:15PM ET,ATL,0.96
,,,,,,,,,,,,,,,RP,Danny Young (42731282),Danny Young,42731282,P,4000,PHI@ATL 04/24/2026 07:15PM ET,ATL,0
,,,,,,,,,,,,,,,RP,Tim Mayza (42731321),Tim Mayza,42731321,P,4000,PHI@ATL 04/24/2026 07:15PM ET,PHI,2.99
,,,,,,,,,,,,,,,RP,Robert Suarez (42731323),Robert Suarez,42731323,P,4000,PHI@ATL 04/24/2026 07:15PM ET,ATL,4.24
,,,,,,,,,,,,,,,RP,Hunter Stratton (42731389),Hunter Stratton,42731389,P,4000,PHI@ATL 04/24/2026 07:15PM ET,ATL,0
,,,,,,,,,,,,,,,RP,Daysbel Hernandez (42731404),Daysbel Hernandez,42731404,P,4000,PHI@ATL 04/24/2026 07:15PM ET,ATL,0
,,,,,,,,,,,,,,,RP,Chase Shugart (42731410),Chase Shugart,42731410,P,4000,PHI@ATL 04/24/2026 07:15PM ET,PHI,3.77
,,,,,,,,,,,,,,,RP,Aaron Bummer (42731412),Aaron Bummer,42731412,P,4000,PHI@ATL 04/24/2026 07:15PM ET,ATL,1.5
,,,,,,,,,,,,,,,RP,Brad Keller (42731414),Brad Keller,42731414,P,4000,PHI@ATL 04/24/2026 07:15PM ET,PHI,2.19
,,,,,,,,,,,,,,,RP,Orion Kerkering (42731417),Orion Kerkering,42731417,P,4000,PHI@ATL 04/24/2026 07:15PM ET,PHI,2.33
,,,,,,,,,,,,,,,RP,Dylan Lee (42731428),Dylan Lee,42731428,P,4000,PHI@ATL 04/24/2026 07:15PM ET,ATL,3.6
,,,,,,,,,,,,,,,RP,Max Lazar (42731434),Max Lazar,42731434,P,4000,PHI@ATL 04/24/2026 07:15PM ET,PHI,0
,,,,,,,,,,,,,,,RP,Tanner Banks (42731435),Tanner Banks,42731435,P,4000,PHI@ATL 04/24/2026 07:15PM ET,PHI,2.13
,,,,,,,,,,,,,,,RP,Hayden Harris (42731440),Hayden Harris,42731440,P,4000,PHI@ATL 04/24/2026 07:15PM ET,ATL,0
,,,,,,,,,,,,,,,RP,Alan Rangel (42731443),Alan Rangel,42731443,P,4000,PHI@ATL 04/24/2026 07:15PM ET,PHI,12.95
,,,,,,,,,,,,,,,RP,Jhoan Duran (42731454),Jhoan Duran,42731454,P,4000,PHI@ATL 04/24/2026 07:15PM ET,PHI,4.29
,,,,,,,,,,,,,,,RP,Nolan Hoffman (42731463),Nolan Hoffman,42731463,P,4000,PHI@ATL 04/24/2026 07:15PM ET,PHI,0
,,,,,,,,,,,,,,,RP,Kyle Backhus (42731464),Kyle Backhus,42731464,P,4000,PHI@ATL 04/24/2026 07:15PM ET,PHI,2.66
,,,,,,,,,,,,,,,RP,Rolddy Munoz (42731469),Rolddy Munoz,42731469,P,4000,PHI@ATL 04/24/2026 07:15PM ET,ATL,0.9
,,,,,,,,,,,,,,,RP,Raisel Iglesias (42731487),Raisel Iglesias,42731487,P,4000,PHI@ATL 04/24/2026 07:15PM ET,ATL,4.74
,,,,,,,,,,,,,,,RP,Zach Pop (42731489),Zach Pop,42731489,P,4000,PHI@ATL 04/24/2026 07:15PM ET,PHI,2.44
,,,,,,,,,,,,,,,RP,Tyler Kinley (42731512),Tyler Kinley,42731512,P,4000,PHI@ATL 04/24/2026 07:15PM ET,ATL,4.06
,,,,,,,,,,,,,,,RP,Jose Alvarado (42731515),Jose Alvarado,42731515,P,4000,PHI@ATL 04/24/2026 07:15PM ET,PHI,1.06
,,,,,,,,,,,,,,,OF,Evan Carter (42730443),Evan Carter,42730443,OF,4000,ATH@TEX 04/24/2026 08:05PM ET,TEX,6.44
,,,,,,,,,,,,,,,SP,Winston Santos (42731193),Winston Santos,42731193,P,4000,ATH@TEX 04/24/2026 08:05PM ET,TEX,0
,,,,,,,,,,,,,,,SP,Chen Zhong-Ao Zhuang (42731200),Chen Zhong-Ao Zhuang,42731200,P,4000,ATH@TEX 04/24/2026 08:05PM ET,ATH,0
,,,,,,,,,,,,,,,SP,Emiliano Teodo (42731205),Emiliano Teodo,42731205,P,4000,ATH@TEX 04/24/2026 08:05PM ET,TEX,0
,,,,,,,,,,,,,,,SP,David Davalillo (42731212),David Davalillo,42731212,P,4000,ATH@TEX 04/24/2026 08:05PM ET,TEX,0
,,,,,,,,,,,,,,,SP,Leandro Lopez (42731224),Leandro Lopez,42731224,P,4000,ATH@TEX 04/24/2026 08:05PM ET,TEX,0
,,,,,,,,,,,,,,,SP,Henry Baez (42731227),Henry Baez,42731227,P,4000,ATH@TEX 04/24/2026 08:05PM ET,ATH,0
,,,,,,,,,,,,,,,SP,Braden Nett (42731238),Braden Nett,42731238,P,4000,ATH@TEX 04/24/2026 08:05PM ET,ATH,0
,,,,,,,,,,,,,,,SP,Jose Corniell (42731242),Jose Corniell,42731242,P,4000,ATH@TEX 04/24/2026 08:05PM ET,TEX,0
,,,,,,,,,,,,,,,RP,Chris Martin (42731262),Chris Martin,42731262,P,4000,ATH@TEX 04/24/2026 08:05PM ET,TEX,1.88
,,,,,,,,,,,,,,,RP,Eduarniel Nunez (42731265),Eduarniel Nunez,42731265,P,4000,ATH@TEX 04/24/2026 08:05PM ET,ATH,0
,,,,,,,,,,,,,,,RP,Mason Barnett (42731269),Mason Barnett,42731269,P,4000,ATH@TEX 04/24/2026 08:05PM ET,ATH,4.7
,,,,,,,,,,,,,,,RP,Mark Leiter Jr. (42731271),Mark Leiter Jr.,42731271,P,4000,ATH@TEX 04/24/2026 08:05PM ET,ATH,1.23
,,,,,,,,,,,,,,,RP,Tyler Ferguson (42731272),Tyler Ferguson,42731272,P,4000,ATH@TEX 04/24/2026 08:05PM ET,ATH,0
,,,,,,,,,,,,,,,RP,Michel Otanez (42731277),Michel Otanez,42731277,P,4000,ATH@TEX 04/24/2026 08:05PM ET,TEX,0
,,,,,,,,,,,,,,,RP,Elvis Alvarado (42731284),Elvis Alvarado,42731284,P,4000,ATH@TEX 04/24/2026 08:05PM ET,ATH,1.90
,,,,,,,,,,,,,,,RP,Joel Kuhnel (42731338),Joel Kuhnel,42731338,P,4000,ATH@TEX 04/24/2026 08:05PM ET,ATH,1.81
,,,,,,,,,,,,,,,RP,Robert Garcia (42731364),Robert Garcia,42731364,P,4000,ATH@TEX 04/24/2026 08:05PM ET,TEX,1.87
,,,,,,,,,,,,,,,RP,Scott Barlow (42731365),Scott Barlow,42731365,P,4000,ATH@TEX 04/24/2026 08:05PM ET,ATH,2.52
,,,,,,,,,,,,,,,RP,Carter Baumler (42731368),Carter Baumler,42731368,P,4000,ATH@TEX 04/24/2026 08:05PM ET,TEX,3.54
,,,,,,,,,,,,,,,RP,Jalen Beeks (42731369),Jalen Beeks,42731369,P,4000,ATH@TEX 04/24/2026 08:05PM ET,TEX,3.30
,,,,,,,,,,,,,,,RP,Brady Basso (42731382),Brady Basso,42731382,P,4000,ATH@TEX 04/24/2026 08:05PM ET,ATH,0.9
,,,,,,,,,,,,,,,RP,Luis Curvelo (42731458),Luis Curvelo,42731458,P,4000,ATH@TEX 04/24/2026 08:05PM ET,TEX,1.61
,,,,,,,,,,,,,,,RP,Michael Kelly (42731459),Michael Kelly,42731459,P,4000,ATH@TEX 04/24/2026 08:05PM ET,ATH,1.44
,,,,,,,,,,,,,,,RP,Tyler Alexander (42731467),Tyler Alexander,42731467,P,4000,ATH@TEX 04/24/2026 08:05PM ET,TEX,3.53
,,,,,,,,,,,,,,,RP,Justin Sterner (42731483),Justin Sterner,42731483,P,4000,ATH@TEX 04/24/2026 08:05PM ET,ATH,3.51
,,,,,,,,,,,,,,,RP,Gavin Collyer (42731490),Gavin Collyer,42731490,P,4000,ATH@TEX 04/24/2026 08:05PM ET,TEX,2.78
,,,,,,,,,,,,,,,RP,Cole Winn (42731510),Cole Winn,42731510,P,4000,ATH@TEX 04/24/2026 08:05PM ET,TEX,2.81
,,,,,,,,,,,,,,,3B,Jordan Westburg (42730744),Jordan Westburg,42730744,3B,4000,BOS@BAL 04/24/2026 07:05PM ET,BAL,0
,,,,,,,,,,,,,,,SP,Jake Bennett (42731217),Jake Bennett,42731217,P,4000,BOS@BAL 04/24/2026 07:05PM ET,BOS,0
,,,,,,,,,,,,,,,RP,Eduardo Rivera (42731236),Eduardo Rivera,42731236,P,4000,BOS@BAL 04/24/2026 07:05PM ET,BOS,12.9
,,,,,,,,,,,,,,,RP,Garrett Whitlock (42731248),Garrett Whitlock,42731248,P,4000,BOS@BAL 04/24/2026 07:05PM ET,BOS,4.69
,,,,,,,,,,,,,,,RP,Colin Selby (42731253),Colin Selby,42731253,P,4000,BOS@BAL 04/24/2026 07:05PM ET,BAL,0
,,,,,,,,,,,,,,,RP,Andrew Kittredge (42731257),Andrew Kittredge,42731257,P,4000,BOS@BAL 04/24/2026 07:05PM ET,BAL,0
,,,,,,,,,,,,,,,RP,Grant Wolfram (42731261),Grant Wolfram,42731261,P,4000,BOS@BAL 04/24/2026 07:05PM ET,BAL,3.96
,,,,,,,,,,,,,,,RP,Rico Garcia (42731281),Rico Garcia,42731281,P,4000,BOS@BAL 04/24/2026 07:05PM ET,BAL,4.67
,,,,,,,,,,,,,,,RP,Zack Kelly (42731283),Zack Kelly,42731283,P,4000,BOS@BAL 04/24/2026 07:05PM ET,BOS,2.51
,,,,,,,,,,,,,,,RP,Jose Espada (42731319),Jose Espada,42731319,P,4000,BOS@BAL 04/24/2026 07:05PM ET,BAL,0
,,,,,,,,,,,,,,,RP,Cameron Foster (42731322),Cameron Foster,42731322,P,4000,BOS@BAL 04/24/2026 07:05PM ET,BAL,2.08
,,,,,,,,,,,,,,,RP,Yennier Cano (42731324),Yennier Cano,42731324,P,4000,BOS@BAL 04/24/2026 07:05PM ET,BAL,2.76
,,,,,,,,,,,,,,,RP,Yaramil Hiraldo (42731370),Yaramil Hiraldo,42731370,P,4000,BOS@BAL 04/24/2026 07:05PM ET,BAL,-1.48
,,,,,,,,,,,,,,,RP,Aroldis Chapman (42731371),Aroldis Chapman,42731371,P,4000,BOS@BAL 04/24/2026 07:05PM ET,BOS,3.23
,,,,,,,,,,,,,,,RP,Anthony Nunez (42731375),Anthony Nunez,42731375,P,4000,BOS@BAL 04/24/2026 07:05PM ET,BAL,4.58
,,,,,,,,,,,,,,,RP,Ryan Watson (42731380),Ryan Watson,42731380,P,4000,BOS@BAL 04/24/2026 07:05PM ET,BOS,0.77
,,,,,,,,,,,,,,,RP,Jack Anderson (42731392),Jack Anderson,42731392,P,4000,BOS@BAL 04/24/2026 07:05PM ET,BOS,6
,,,,,,,,,,,,,,,RP,Felix Bautista (42731457),Felix Bautista,42731457,P,4000,BOS@BAL 04/24/2026 07:05PM ET,BAL,0
,,,,,,,,,,,,,,,RP,Jovani Moran (42731476),Jovani Moran,42731476,P,4000,BOS@BAL 04/24/2026 07:05PM ET,BOS,6.51
,,,,,,,,,,,,,,,RP,Nick Raquet (42731478),Nick Raquet,42731478,P,4000,BOS@BAL 04/24/2026 07:05PM ET,BAL,-2.62
,,,,,,,,,,,,,,,RP,Greg Weissert (42731482),Greg Weissert,42731482,P,4000,BOS@BAL 04/24/2026 07:05PM ET,BOS,3.09
,,,,,,,,,,,,,,,RP,Tyler Uberstine (42731484),Tyler Uberstine,42731484,P,4000,BOS@BAL 04/24/2026 07:05PM ET,BOS,5.6
,,,,,,,,,,,,,,,RP,Justin Slaten (42731491),Justin Slaten,42731491,P,4000,BOS@BAL 04/24/2026 07:05PM ET,BOS,3.78
,,,,,,,,,,,,,,,RP,Danny Coulombe (42731499),Danny Coulombe,42731499,P,4000,BOS@BAL 04/24/2026 07:05PM ET,BOS,0.56
,,,,,,,,,,,,,,,RP,Ryan Helsley (42731507),Ryan Helsley,42731507,P,4000,BOS@BAL 04/24/2026 07:05PM ET,BAL,3.40
,,,,,,,,,,,,,,,RP,Tyler Samaniego (42731514),Tyler Samaniego,42731514,P,4000,BOS@BAL 04/24/2026 07:05PM ET,BOS,5.36
,,,,,,,,,,,,,,,2B,Luke Keaschall (42730440),Luke Keaschall,42730440,2B,4000,MIN@TB 04/24/2026 07:10PM ET,MIN,6.36
,,,,,,,,,,,,,,,1B,Jonathan Aranda (42730444),Jonathan Aranda,42730444,1B,4000,MIN@TB 04/24/2026 07:10PM ET,TB,8.21
,,,,,,,,,,,,,,,C,Ryan Jeffers (42730447),Ryan Jeffers,42730447,C,4000,MIN@TB 04/24/2026 07:10PM ET,MIN,8.37
,,,,,,,,,,,,,,,RP,Trevor Martin (42731180),Trevor Martin,42731180,P,4000,MIN@TB 04/24/2026 07:10PM ET,TB,6.05
,,,,,,,,,,,,,,,RP,Alex Cook (42731185),Alex Cook,42731185,P,4000,MIN@TB 04/24/2026 07:10PM ET,TB,0
,,,,,,,,,,,,,,,RP,Michael Grove (42731201),Michael Grove,42731201,P,4000,MIN@TB 04/24/2026 07:10PM ET,TB,0
,,,,,,,,,,,,,,,SP,John Klein (42731234),John Klein,42731234,P,4000,MIN@TB 04/24/2026 07:10PM ET,MIN,0
,,,,,,,,,,,,,,,RP,Travis Adams (42731240),Travis Adams,42731240,P,4000,MIN@TB 04/24/2026 07:10PM ET,MIN,0
,,,,,,,,,,,,,,,RP,Steven Wilson (42731241),Steven Wilson,42731241,P,4000,MIN@TB 04/24/2026 07:10PM ET,TB,0
,,,,,,,,,,,,,,,RP,Edwin Uceta (42731251),Edwin Uceta,42731251,P,4000,MIN@TB 04/24/2026 07:10PM ET,TB,0
,,,,,,,,,,,,,,,RP,Joe Rock (42731255),Joe Rock,42731255,P,4000,MIN@TB 04/24/2026 07:10PM ET,TB,0
,,,,,,,,,,,,,,,RP,Andrew Morris (42731298),Andrew Morris,42731298,P,4000,MIN@TB 04/24/2026 07:10PM ET,MIN,3.98
,,,,,,,,,,,,,,,RP,Eric Orze (42731301),Eric Orze,42731301,P,4000,MIN@TB 04/24/2026 07:10PM ET,MIN,2.44
,,,,,,,,,,,,,,,RP,Cam Booser (42731304),Cam Booser,42731304,P,4000,MIN@TB 04/24/2026 07:10PM ET,TB,0
,,,,,,,,,,,,,,,RP,Mason Englert (42731309),Mason Englert,42731309,P,4000,MIN@TB 04/24/2026 07:10PM ET,TB,1.63
,,,,,,,,,,,,,,,RP,Cole Sulser (42731311),Cole Sulser,42731311,P,4000,MIN@TB 04/24/2026 07:10PM ET,TB,2.91
,,,,,,,,,,,,,,,SP,Connor Prielipp (42731314),Connor Prielipp,42731314,P,4000,MIN@TB 04/24/2026 07:10PM ET,MIN,14.6
,,,,,,,,,,,,,,,RP,Justin Topa (42731317),Justin Topa,42731317,P,4000,MIN@TB 04/24/2026 07:10PM ET,MIN,1.30
,,,,,,,,,,,,,,,RP,Kody Funderburk (42731332),Kody Funderburk,42731332,P,4000,MIN@TB 04/24/2026 07:10PM ET,MIN,2.22
,,,,,,,,,,,,,,,RP,Hunter Bigge (42731351),Hunter Bigge,42731351,P,4000,MIN@TB 04/24/2026 07:10PM ET,TB,1.11
,,,,,,,,,,,,,,,RP,Garrett Cleavinger (42731361),Garrett Cleavinger,42731361,P,4000,MIN@TB 04/24/2026 07:10PM ET,TB,2.35
,,,,,,,,,,,,,,,RP,Bryan Baker (42731399),Bryan Baker,42731399,P,4000,MIN@TB 04/24/2026 07:10PM ET,TB,2.97
,,,,,,,,,,,,,,,RP,Anthony Banda (42731418),Anthony Banda,42731418,P,4000,MIN@TB 04/24/2026 07:10PM ET,MIN,1.14
,,,,,,,,,,,,,,,RP,Griffin Jax (42731419),Griffin Jax,42731419,P,4000,MIN@TB 04/24/2026 07:10PM ET,TB,1.64
,,,,,,,,,,,,,,,RP,Garrett Acton (42731422),Garrett Acton,42731422,P,4000,MIN@TB 04/24/2026 07:10PM ET,MIN,8.38
,,,,,,,,,,,,,,,RP,Zak Kent (42731433),Zak Kent,42731433,P,4000,MIN@TB 04/24/2026 07:10PM ET,MIN,1.42
,,,,,,,,,,,,,,,RP,Taylor Rogers (42731445),Taylor Rogers,42731445,P,4000,MIN@TB 04/24/2026 07:10PM ET,MIN,1.71
,,,,,,,,,,,,,,,RP,Yoendrys Gomez (42731460),Yoendrys Gomez,42731460,P,4000,MIN@TB 04/24/2026 07:10PM ET,TB,2.21
,,,,,,,,,,,,,,,RP,Manuel Rodriguez (42731468),Manuel Rodriguez,42731468,P,4000,MIN@TB 04/24/2026 07:10PM ET,TB,0
,,,,,,,,,,,,,,,RP,Cody Laweryson (42731473),Cody Laweryson,42731473,P,4000,MIN@TB 04/24/2026 07:10PM ET,MIN,4.01
,,,,,,,,,,,,,,,RP,Cole Sands (42731475),Cole Sands,42731475,P,4000,MIN@TB 04/24/2026 07:10PM ET,MIN,3.14
,,,,,,,,,,,,,,,RP,Kevin Kelly (42731497),Kevin Kelly,42731497,P,4000,MIN@TB 04/24/2026 07:10PM ET,TB,3.32
,,,,,,,,,,,,,,,OF,Joey Wiemer (42730442),Joey Wiemer,42730442,OF,4000,WSH@CWS 04/24/2026 07:40PM ET,WSH,6.90
,,,,,,,,,,,,,,,RP,Prelander Berroa (42731179),Prelander Berroa,42731179,P,4000,WSH@CWS 04/24/2026 07:40PM ET,CWS,0
,,,,,,,,,,,,,,,SP,Luis Perales (42731202),Luis Perales,42731202,P,4000,WSH@CWS 04/24/2026 07:40PM ET,WSH,0
,,,,,,,,,,,,,,,SP,Tanner McDougal (42731211),Tanner McDougal,42731211,P,4000,WSH@CWS 04/24/2026 07:40PM ET,CWS,0
,,,,,,,,,,,,,,,SP,Ky Bush (42731219),Ky Bush,42731219,P,4000,WSH@CWS 04/24/2026 07:40PM ET,CWS,0
,,,,,,,,,,,,,,,SP,Riley Cornelio (42731220),Riley Cornelio,42731220,P,4000,WSH@CWS 04/24/2026 07:40PM ET,WSH,0
,,,,,,,,,,,,,,,RP,David Sandlin (42731222),David Sandlin,42731222,P,4000,WSH@CWS 04/24/2026 07:40PM ET,CWS,0
,,,,,,,,,,,,,,,RP,Tyler Schweitzer (42731225),Tyler Schweitzer,42731225,P,4000,WSH@CWS 04/24/2026 07:40PM ET,CWS,1.2
,,,,,,,,,,,,,,,RP,Bryan Hudson (42731250),Bryan Hudson,42731250,P,4000,WSH@CWS 04/24/2026 07:40PM ET,CWS,3.38
,,,,,,,,,,,,,,,SP,Ken Waldichuk (42731313),Ken Waldichuk,42731313,P,4000,WSH@CWS 04/24/2026 07:40PM ET,WSH,2.8
,,,,,,,,,,,,,,,RP,Gus Varland (42731316),Gus Varland,42731316,P,4000,WSH@CWS 04/24/2026 07:40PM ET,WSH,2.6
,,,,,,,,,,,,,,,RP,Tyler Gilbert (42731326),Tyler Gilbert,42731326,P,4000,WSH@CWS 04/24/2026 07:40PM ET,CWS,-3.1
,,,,,,,,,,,,,,,RP,Doug Nikhazy (42731335),Doug Nikhazy,42731335,P,4000,WSH@CWS 04/24/2026 07:40PM ET,CWS,2.7
,,,,,,,,,,,,,,,RP,Cole Henry (42731343),Cole Henry,42731343,P,4000,WSH@CWS 04/24/2026 07:40PM ET,WSH,1.99
,,,,,,,,,,,,,,,RP,Wikelman Gonzalez (42731354),Wikelman Gonzalez,42731354,P,4000,WSH@CWS 04/24/2026 07:40PM ET,CWS,0
,,,,,,,,,,,,,,,RP,Clayton Beeter (42731356),Clayton Beeter,42731356,P,4000,WSH@CWS 04/24/2026 07:40PM ET,WSH,2.88
,,,,,,,,,,,,,,,RP,Andre Granillo (42731366),Andre Granillo,42731366,P,4000,WSH@CWS 04/24/2026 07:40PM ET,WSH,-1.37
,,,,,,,,,,,,,,,RP,Julian Fernandez (42731388),Julian Fernandez,42731388,P,4000,WSH@CWS 04/24/2026 07:40PM ET,WSH,1.8
,,,,,,,,,,,,,,,RP,Brandon Eisert (42731391),Brandon Eisert,42731391,P,4000,WSH@CWS 04/24/2026 07:40PM ET,CWS,-1.48
,,,,,,,,,,,,,,,RP,Cionel Perez (42731403),Cionel Perez,42731403,P,4000,WSH@CWS 04/24/2026 07:40PM ET,WSH,0.86
,,,,,,,,,,,,,,,RP,Seranthony Dominguez (42731407),Seranthony Dominguez,42731407,P,4000,WSH@CWS 04/24/2026 07:40PM ET,CWS,2.86
,,,,,,,,,,,,,,,RP,Orlando Ribalta (42731415),Orlando Ribalta,42731415,P,4000,WSH@CWS 04/24/2026 07:40PM ET,WSH,2.95
,,,,,,,,,,,,,,,RP,Chris Murphy (42731421),Chris Murphy,42731421,P,4000,WSH@CWS 04/24/2026 07:40PM ET,CWS,1.18
,,,,,,,,,,,,,,,RP,Paxton Schultz (42731431),Paxton Schultz,42731431,P,4000,WSH@CWS 04/24/2026 07:40PM ET,WSH,3.6
,,,,,,,,,,,,,,,RP,PJ Poulin (42731444),PJ Poulin,42731444,P,4000,WSH@CWS 04/24/2026 07:40PM ET,WSH,1.89
,,,,,,,,,,,,,,,RP,Jordan Leasure (42731474),Jordan Leasure,42731474,P,4000,WSH@CWS 04/24/2026 07:40PM ET,CWS,2.59
,,,,,,,,,,,,,,,RP,Duncan Davitt (42731480),Duncan Davitt,42731480,P,4000,WSH@CWS 04/24/2026 07:40PM ET,CWS,1.65
,,,,,,,,,,,,,,,RP,Lucas Sims (42731481),Lucas Sims,42731481,P,4000,WSH@CWS 04/24/2026 07:40PM ET,CWS,2.48
,,,,,,,,,,,,,,,RP,Jordan Hicks (42731485),Jordan Hicks,42731485,P,4000,WSH@CWS 04/24/2026 07:40PM ET,CWS,0.98
,,,,,,,,,,,,,,,RP,Richard Lovelady (42731516),Richard Lovelady,42731516,P,4000,WSH@CWS 04/24/2026 07:40PM ET,WSH,3.41
,,,,,,,,,,,,,,,RP,Elmer Rodriguez (42731178),Elmer Rodriguez,42731178,P,4000,NYY@HOU 04/24/2026 08:10PM ET,NYY,0
,,,,,,,,,,,,,,,RP,Kervin Castro (42731195),Kervin Castro,42731195,P,4000,NYY@HOU 04/24/2026 08:10PM ET,NYY,0
,,,,,,,,,,,,,,,SP,Chase Hampton (42731231),Chase Hampton,42731231,P,4000,NYY@HOU 04/24/2026 08:10PM ET,NYY,0
,,,,,,,,,,,,,,,RP,Bryan King (42731266),Bryan King,42731266,P,4000,NYY@HOU 04/24/2026 08:10PM ET,HOU,2.96
,,,,,,,,,,,,,,,RP,Josh Hader (42731270),Josh Hader,42731270,P,4000,NYY@HOU 04/24/2026 08:10PM ET,HOU,0
,,,,,,,,,,,,,,,RP,Yerry de los Santos (42731288),Yerry de los Santos,42731288,P,4000,NYY@HOU 04/24/2026 08:10PM ET,NYY,1.5
,,,,,,,,,,,,,,,RP,Paul Blackburn (42731300),Paul Blackburn,42731300,P,4000,NYY@HOU 04/24/2026 08:10PM ET,NYY,2.5
,,,,,,,,,,,,,,,RP,Bennett Sousa (42731307),Bennett Sousa,42731307,P,4000,NYY@HOU 04/24/2026 08:10PM ET,HOU,0
,,,,,,,,,,,,,,,RP,Camilo Doval (42731310),Camilo Doval,42731310,P,4000,NYY@HOU 04/24/2026 08:10PM ET,NYY,1.88
,,,,,,,,,,,,,,,RP,Kai-Wei Teng (42731325),Kai-Wei Teng,42731325,P,4000,NYY@HOU 04/24/2026 08:10PM ET,HOU,5.90
,,,,,,,,,,,,,,,RP,Jake Bird (42731342),Jake Bird,42731342,P,4000,NYY@HOU 04/24/2026 08:10PM ET,NYY,2.39
,,,,,,,,,,,,,,,RP,Steven Okert (42731345),Steven Okert,42731345,P,4000,NYY@HOU 04/24/2026 08:10PM ET,HOU,2.29
,,,,,,,,,,,,,,,RP,Bryan Abreu (42731346),Bryan Abreu,42731346,P,4000,NYY@HOU 04/24/2026 08:10PM ET,HOU,0.37
,,,,,,,,,,,,,,,RP,Tim Hill (42731429),Tim Hill,42731429,P,4000,NYY@HOU 04/24/2026 08:10PM ET,NYY,2.35
,,,,,,,,,,,,,,,RP,Fernando Cruz (42731462),Fernando Cruz,42731462,P,4000,NYY@HOU 04/24/2026 08:10PM ET,NYY,2.93
,,,,,,,,,,,,,,,RP,David Bednar (42731470),David Bednar,42731470,P,4000,NYY@HOU 04/24/2026 08:10PM ET,NYY,3.26
,,,,,,,,,,,,,,,RP,Brent Headrick (42731479),Brent Headrick,42731479,P,4000,NYY@HOU 04/24/2026 08:10PM ET,NYY,2.88
,,,,,,,,,,,,,,,RP,Jayden Murray (42731492),Jayden Murray,42731492,P,4000,NYY@HOU 04/24/2026 08:10PM ET,HOU,5.1
,,,,,,,,,,,,,,,RP,Enyel De Los Santos (42731494),Enyel De Los Santos,42731494,P,4000,NYY@HOU 04/24/2026 08:10PM ET,HOU,2.49
,,,,,,,,,,,,,,,RP,Angel Chivilli (42731503),Angel Chivilli,42731503,P,4000,NYY@HOU 04/24/2026 08:10PM ET,NYY,2.82
,,,,,,,,,,,,,,,RP,Jake Cousins (42731182),Jake Cousins,42731182,P,4000,CHC@LAD 04/24/2026 10:15PM ET,LAD,0
,,,,,,,,,,,,,,,RP,Ronan Kopp (42731184),Ronan Kopp,42731184,P,4000,CHC@LAD 04/24/2026 10:15PM ET,LAD,0
,,,,,,,,,,,,,,,SP,Nick Nastrini (42731199),Nick Nastrini,42731199,P,4000,CHC@LAD 04/24/2026 10:15PM ET,LAD,0
,,,,,,,,,,,,,,,RP,Brusdar Graterol (42731216),Brusdar Graterol,42731216,P,4000,CHC@LAD 04/24/2026 10:15PM ET,LAD,0
,,,,,,,,,,,,,,,RP,Shelby Miller (42731260),Shelby Miller,42731260,P,4000,CHC@LAD 04/24/2026 10:15PM ET,CHC,0
,,,,,,,,,,,,,,,RP,Edwin Diaz (42731264),Edwin Diaz,42731264,P,4000,CHC@LAD 04/24/2026 10:15PM ET,LAD,2.07
,,,,,,,,,,,,,,,RP,Daniel Palencia (42731276),Daniel Palencia,42731276,P,4000,CHC@LAD 04/24/2026 10:15PM ET,CHC,4.45
,,,,,,,,,,,,,,,RP,Brock Stewart (42731290),Brock Stewart,42731290,P,4000,CHC@LAD 04/24/2026 10:15PM ET,LAD,0
,,,,,,,,,,,,,,,RP,Paul Gervase (42731305),Paul Gervase,42731305,P,4000,CHC@LAD 04/24/2026 10:15PM ET,LAD,0
,,,,,,,,,,,,,,,RP,Kyle Hurt (42731328),Kyle Hurt,42731328,P,4000,CHC@LAD 04/24/2026 10:15PM ET,LAD,4.32
,,,,,,,,,,,,,,,RP,Evan Phillips (42731336),Evan Phillips,42731336,P,4000,CHC@LAD 04/24/2026 10:15PM ET,LAD,0
,,,,,,,,,,,,,,,RP,Riley Martin (42731349),Riley Martin,42731349,P,4000,CHC@LAD 04/24/2026 10:15PM ET,CHC,3.82
,,,,,,,,,,,,,,,RP,Ben Casparius (42731358),Ben Casparius,42731358,P,4000,CHC@LAD 04/24/2026 10:15PM ET,LAD,0.5
,,,,,,,,,,,,,,,RP,Tanner Scott (42731360),Tanner Scott,42731360,P,4000,CHC@LAD 04/24/2026 10:15PM ET,LAD,3.03
,,,,,,,,,,,,,,,RP,Will Klein (42731363),Will Klein,42731363,P,4000,CHC@LAD 04/24/2026 10:15PM ET,LAD,4.56
,,,,,,,,,,,,,,,RP,Ethan Roberts (42731373),Ethan Roberts,42731373,P,4000,CHC@LAD 04/24/2026 10:15PM ET,CHC,2.73
,,,,,,,,,,,,,,,RP,Ryan Rolison (42731376),Ryan Rolison,42731376,P,4000,CHC@LAD 04/24/2026 10:15PM ET,CHC,1.65
,,,,,,,,,,,,,,,RP,Blake Treinen (42731377),Blake Treinen,42731377,P,4000,CHC@LAD 04/24/2026 10:15PM ET,LAD,2.11
,,,,,,,,,,,,,,,RP,Jake Eder (42731383),Jake Eder,42731383,P,4000,CHC@LAD 04/24/2026 10:15PM ET,LAD,-0.95
,,,,,,,,,,,,,,,RP,Hoby Milner (42731390),Hoby Milner,42731390,P,4000,CHC@LAD 04/24/2026 10:15PM ET,CHC,1.56
,,,,,,,,,,,,,,,RP,Edgardo Henriquez (42731397),Edgardo Henriquez,42731397,P,4000,CHC@LAD 04/24/2026 10:15PM ET,LAD,3.02
,,,,,,,,,,,,,,,RP,Hunter Harvey (42731408),Hunter Harvey,42731408,P,4000,CHC@LAD 04/24/2026 10:15PM ET,CHC,1.85
,,,,,,,,,,,,,,,RP,Corbin Martin (42731432),Corbin Martin,42731432,P,4000,CHC@LAD 04/24/2026 10:15PM ET,CHC,2.52
,,,,,,,,,,,,,,,RP,Alex Vesia (42731438),Alex Vesia,42731438,P,4000,CHC@LAD 04/24/2026 10:15PM ET,LAD,3.65
,,,,,,,,,,,,,,,RP,Gavin Hollowell (42731439),Gavin Hollowell,42731439,P,4000,CHC@LAD 04/24/2026 10:15PM ET,CHC,0
,,,,,,,,,,,,,,,RP,Luke Little (42731441),Luke Little,42731441,P,4000,CHC@LAD 04/24/2026 10:15PM ET,CHC,1.05
,,,,,,,,,,,,,,,RP,Jack Dreyer (42731442),Jack Dreyer,42731442,P,4000,CHC@LAD 04/24/2026 10:15PM ET,LAD,3.26
,,,,,,,,,,,,,,,RP,Charlie Barnes (42731471),Charlie Barnes,42731471,P,4000,CHC@LAD 04/24/2026 10:15PM ET,CHC,-2.05
,,,,,,,,,,,,,,,RP,Porter Hodge (42731493),Porter Hodge,42731493,P,4000,CHC@LAD 04/24/2026 10:15PM ET,CHC,0
,,,,,,,,,,,,,,,RP,Phil Maton (42731496),Phil Maton,42731496,P,4000,CHC@LAD 04/24/2026 10:15PM ET,CHC,-0.04
,,,,,,,,,,,,,,,RP,Jacob Webb (42731513),Jacob Webb,42731513,P,4000,CHC@LAD 04/24/2026 10:15PM ET,CHC,1.76
,,,,,,,,,,,,,,,RP,Caleb Thielbar (42731519),Caleb Thielbar,42731519,P,4000,CHC@LAD 04/24/2026 10:15PM ET,CHC,3.3
,,,,,,,,,,,,,,,RP,James McArthur (42731188),James McArthur,42731188,P,4000,LAA@KC 04/24/2026 07:40PM ET,KC,0
,,,,,,,,,,,,,,,RP,Eric Cerantola (42731215),Eric Cerantola,42731215,P,4000,LAA@KC 04/24/2026 07:40PM ET,KC,0
,,,,,,,,,,,,,,,SP,Steven Zobac (42731229),Steven Zobac,42731229,P,4000,LAA@KC 04/24/2026 07:40PM ET,KC,0
,,,,,,,,,,,,,,,SP,Ben Kudrna (42731232),Ben Kudrna,42731232,P,4000,LAA@KC 04/24/2026 07:40PM ET,KC,0
,,,,,,,,,,,,,,,RP,Steven Cruz (42731258),Steven Cruz,42731258,P,4000,LAA@KC 04/24/2026 07:40PM ET,KC,0.53
,,,,,,,,,,,,,,,RP,John Schreiber (42731273),John Schreiber,42731273,P,4000,LAA@KC 04/24/2026 07:40PM ET,KC,0.7
,,,,,,,,,,,,,,,RP,Jose Fermin (42731320),Jose Fermin,42731320,P,4000,LAA@KC 04/24/2026 07:40PM ET,LAA,0
,,,,,,,,,,,,,,,RP,Matt Strahm (42731329),Matt Strahm,42731329,P,4000,LAA@KC 04/24/2026 07:40PM ET,KC,2.41
,,,,,,,,,,,,,,,RP,Brent Suter (42731330),Brent Suter,42731330,P,4000,LAA@KC 04/24/2026 07:40PM ET,LAA,6.25
,,,,,,,,,,,,,,,RP,Sam Bachman (42731339),Sam Bachman,42731339,P,4000,LAA@KC 04/24/2026 07:40PM ET,LAA,4.86
,,,,,,,,,,,,,,,RP,Ben Joyce (42731347),Ben Joyce,42731347,P,4000,LAA@KC 04/24/2026 07:40PM ET,LAA,0
,,,,,,,,,,,,,,,RP,Nick Mears (42731348),Nick Mears,42731348,P,4000,LAA@KC 04/24/2026 07:40PM ET,KC,2.61
,,,,,,,,,,,,,,,RP,Lucas Erceg (42731352),Lucas Erceg,42731352,P,4000,LAA@KC 04/24/2026 07:40PM ET,KC,1.34
,,,,,,,,,,,,,,,RP,Robert Stephenson (42731355),Robert Stephenson,42731355,P,4000,LAA@KC 04/24/2026 07:40PM ET,LAA,0
,,,,,,,,,,,,,,,RP,Drew Pomeranz (42731362),Drew Pomeranz,42731362,P,4000,LAA@KC 04/24/2026 07:40PM ET,LAA,1.09
,,,,,,,,,,,,,,,RP,Jordan Romano (42731398),Jordan Romano,42731398,P,4000,LAA@KC 04/24/2026 07:40PM ET,LAA,2.27
,,,,,,,,,,,,,,,RP,Eli Morgan (42731400),Eli Morgan,42731400,P,4000,LAA@KC 04/24/2026 07:40PM ET,KC,4.32
,,,,,,,,,,,,,,,RP,Carlos Estevez (42731426),Carlos Estevez,42731426,P,4000,LAA@KC 04/24/2026 07:40PM ET,KC,-14.85
,,,,,,,,,,,,,,,RP,Shaun Anderson (42731436),Shaun Anderson,42731436,P,4000,LAA@KC 04/24/2026 07:40PM ET,LAA,3.57
,,,,,,,,,,,,,,,RP,Kirby Yates (42731446),Kirby Yates,42731446,P,4000,LAA@KC 04/24/2026 07:40PM ET,LAA,0
,,,,,,,,,,,,,,,RP,Alex Lange (42731447),Alex Lange,42731447,P,4000,LAA@KC 04/24/2026 07:40PM ET,KC,3.18
,,,,,,,,,,,,,,,RP,Ryan Zeferjahn (42731450),Ryan Zeferjahn,42731450,P,4000,LAA@KC 04/24/2026 07:40PM ET,LAA,3.68
,,,,,,,,,,,,,,,RP,Nick Sandlin (42731456),Nick Sandlin,42731456,P,4000,LAA@KC 04/24/2026 07:40PM ET,LAA,0.24
,,,,,,,,,,,,,,,C,Ivan Herrera (42730441),Ivan Herrera,42730441,C,4000,SEA@STL 04/24/2026 08:15PM ET,STL,7.25
,,,,,,,,,,,,,,,RP,Cooper Hjerpe (42731183),Cooper Hjerpe,42731183,P,4000,SEA@STL 04/24/2026 08:15PM ET,STL,0
,,,,,,,,,,,,,,,RP,Alex Hoppe (42731191),Alex Hoppe,42731191,P,4000,SEA@STL 04/24/2026 08:15PM ET,SEA,0
,,,,,,,,,,,,,,,RP,Robinson Ortiz (42731203),Robinson Ortiz,42731203,P,4000,SEA@STL 04/24/2026 08:15PM ET,SEA,0
,,,,,,,,,,,,,,,RP,Domingo Gonzalez (42731226),Domingo Gonzalez,42731226,P,4000,SEA@STL 04/24/2026 08:15PM ET,SEA,0
,,,,,,,,,,,,,,,SP,Tink Hence (42731230),Tink Hence,42731230,P,4000,SEA@STL 04/24/2026 08:15PM ET,STL,0
,,,,,,,,,,,,,,,RP,Josh Simpson (42731252),Josh Simpson,42731252,P,4000,SEA@STL 04/24/2026 08:15PM ET,SEA,0
,,,,,,,,,,,,,,,RP,Matt Svanson (42731259),Matt Svanson,42731259,P,4000,SEA@STL 04/24/2026 08:15PM ET,STL,0.11
,,,,,,,,,,,,,,,SP,Riley O'Brien (42731275),Riley O'Brien,42731275,P,4000,SEA@STL 04/24/2026 08:15PM ET,STL,5.22
,,,,,,,,,,,,,,,RP,Chris Roycroft (42731279),Chris Roycroft,42731279,P,4000,SEA@STL 04/24/2026 08:15PM ET,STL,-0.71
,,,,,,,,,,,,,,,RP,Matt Pushard (42731287),Matt Pushard,42731287,P,4000,SEA@STL 04/24/2026 08:15PM ET,STL,-4.15
,,,,,,,,,,,,,,,RP,Matt Brash (42731291),Matt Brash,42731291,P,4000,SEA@STL 04/24/2026 08:15PM ET,SEA,2.98
,,,,,,,,,,,,,,,RP,Justin Bruihl (42731299),Justin Bruihl,42731299,P,4000,SEA@STL 04/24/2026 08:15PM ET,STL,0.95
,,,,,,,,,,,,,,,RP,Troy Taylor (42731303),Troy Taylor,42731303,P,4000,SEA@STL 04/24/2026 08:15PM ET,SEA,0
,,,,,,,,,,,,,,,RP,Jose A. Ferrer (42731357),Jose A. Ferrer,42731357,P,4000,SEA@STL 04/24/2026 08:15PM ET,SEA,1.90
,,,,,,,,,,,,,,,RP,Gabe Speier (42731394),Gabe Speier,42731394,P,4000,SEA@STL 04/24/2026 08:15PM ET,SEA,2.36
,,,,,,,,,,,,,,,RP,George Soriano (42731396),George Soriano,42731396,P,4000,SEA@STL 04/24/2026 08:15PM ET,STL,2.52
,,,,,,,,,,,,,,,RP,Yosver Zulueta (42731406),Yosver Zulueta,42731406,P,4000,SEA@STL 04/24/2026 08:15PM ET,SEA,0
,,,,,,,,,,,,,,,RP,Ryne Stanek (42731423),Ryne Stanek,42731423,P,4000,SEA@STL 04/24/2026 08:15PM ET,STL,1.83
,,,,,,,,,,,,,,,RP,Carlos Vargas (42731448),Carlos Vargas,42731448,P,4000,SEA@STL 04/24/2026 08:15PM ET,SEA,0
,,,,,,,,,,,,,,,RP,Andres Munoz (42731449),Andres Munoz,42731449,P,4000,SEA@STL 04/24/2026 08:15PM ET,SEA,3.78
,,,,,,,,,,,,,,,RP,JoJo Romero (42731502),JoJo Romero,42731502,P,4000,SEA@STL 04/24/2026 08:15PM ET,STL,2.24
,,,,,,,,,,,,,,,RP,Ryan Fernandez (42731504),Ryan Fernandez,42731504,P,4000,SEA@STL 04/24/2026 08:15PM ET,STL,3.62
,,,,,,,,,,,,,,,RP,Eduard Bazardo (42731508),Eduard Bazardo,42731508,P,4000,SEA@STL 04/24/2026 08:15PM ET,SEA,2.68
,,,,,,,,,,,,,,,RP,Cole Wilcox (42731517),Cole Wilcox,42731517,P,4000,SEA@STL 04/24/2026 08:15PM ET,SEA,2.66
,,,,,,,,,,,,,,,RP,Ryan Harbin (42731210),Ryan Harbin,42731210,P,4000,PIT@MIL 04/24/2026 07:40PM ET,PIT,0
,,,,,,,,,,,,,,,RP,Brandan Bidois (42731235),Brandan Bidois,42731235,P,4000,PIT@MIL 04/24/2026 07:40PM ET,PIT,0
,,,,,,,,,,,,,,,RP,Gregory Soto (42731254),Gregory Soto,42731254,P,4000,PIT@MIL 04/24/2026 07:40PM ET,PIT,4.41
,,,,,,,,,,,,,,,RP,Dennis Santana (42731256),Dennis Santana,42731256,P,4000,PIT@MIL 04/24/2026 07:40PM ET,PIT,3.75
,,,,,,,,,,,,,,,RP,Carlos Rodriguez (42731278),Carlos Rodriguez,42731278,P,4000,PIT@MIL 04/24/2026 07:40PM ET,MIL,7
,,,,,,,,,,,,,,,RP,Cam Sanders (42731294),Cam Sanders,42731294,P,4000,PIT@MIL 04/24/2026 07:40PM ET,PIT,-4.9
,,,,,,,,,,,,,,,RP,Grant Anderson (42731297),Grant Anderson,42731297,P,4000,PIT@MIL 04/24/2026 07:40PM ET,MIL,3.15
,,,,,,,,,,,,,,,RP,Easton McGee (42731306),Easton McGee,42731306,P,4000,PIT@MIL 04/24/2026 07:40PM ET,MIL,1.65
,,,,,,,,,,,,,,,RP,Abner Uribe (42731340),Abner Uribe,42731340,P,4000,PIT@MIL 04/24/2026 07:40PM ET,MIL,2.53
,,,,,,,,,,,,,,,RP,Jared Koenig (42731359),Jared Koenig,42731359,P,4000,PIT@MIL 04/24/2026 07:40PM ET,MIL,3.42
,,,,,,,,,,,,,,,RP,Trevor Megill (42731374),Trevor Megill,42731374,P,4000,PIT@MIL 04/24/2026 07:40PM ET,MIL,1.58
,,,,,,,,,,,,,,,RP,Isaac Mattson (42731381),Isaac Mattson,42731381,P,4000,PIT@MIL 04/24/2026 07:40PM ET,PIT,2.76
,,,,,,,,,,,,,,,RP,Aaron Ashby (42731384),Aaron Ashby,42731384,P,4000,PIT@MIL 04/24/2026 07:40PM ET,MIL,6.05
,,,,,,,,,,,,,,,RP,Evan Sisk (42731385),Evan Sisk,42731385,P,4000,PIT@MIL 04/24/2026 07:40PM ET,PIT,4.91
,,,,,,,,,,,,,,,RP,Angel Zerpa (42731413),Angel Zerpa,42731413,P,4000,PIT@MIL 04/24/2026 07:40PM ET,MIL,1.18
,,,,,,,,,,,,,,,RP,DL Hall (42731425),DL Hall,42731425,P,4000,PIT@MIL 04/24/2026 07:40PM ET,MIL,3.35
,,,,,,,,,,,,,,,RP,Justin Lawrence (42731451),Justin Lawrence,42731451,P,4000,PIT@MIL 04/24/2026 07:40PM ET,PIT,2.47
,,,,,,,,,,,,,,,RP,Craig Yoho (42731466),Craig Yoho,42731466,P,4000,PIT@MIL 04/24/2026 07:40PM ET,MIL,0
,,,,,,,,,,,,,,,RP,Rob Zastryzny (42731477),Rob Zastryzny,42731477,P,4000,PIT@MIL 04/24/2026 07:40PM ET,MIL,0
,,,,,,,,,,,,,,,RP,Mason Montgomery (42731486),Mason Montgomery,42731486,P,4000,PIT@MIL 04/24/2026 07:40PM ET,PIT,4.34
,,,,,,,,,,,,,,,RP,Wilber Dotel (42731501),Wilber Dotel,42731501,P,4000,PIT@MIL 04/24/2026 07:40PM ET,PIT,1.5
,,,,,,,,,,,,,,,RP,Yohan Ramirez (42731506),Yohan Ramirez,42731506,P,4000,PIT@MIL 04/24/2026 07:40PM ET,PIT,5.36
,,,,,,,,,,,,,,,SS,Ezequiel Tovar (42730439),Ezequiel Tovar,42730439,SS,4000,COL@NYM 04/24/2026 07:10PM ET,COL,4.92
,,,,,,,,,,,,,,,SP,Gabriel Hughes (42731187),Gabriel Hughes,42731187,P,4000,COL@NYM 04/24/2026 07:10PM ET,COL,0
,,,,,,,,,,,,,,,RP,Welinton Herrera (42731206),Welinton Herrera,42731206,P,4000,COL@NYM 04/24/2026 07:10PM ET,COL,0
,,,,,,,,,,,,,,,RP,RJ Petit (42731207),RJ Petit,42731207,P,4000,COL@NYM 04/24/2026 07:10PM ET,COL,0
,,,,,,,,,,,,,,,RP,Jeff Criswell (42731209),Jeff Criswell,42731209,P,4000,COL@NYM 04/24/2026 07:10PM ET,COL,0
,,,,,,,,,,,,,,,RP,Dylan Ross (42731218),Dylan Ross,42731218,P,4000,COL@NYM 04/24/2026 07:10PM ET,NYM,0
,,,,,,,,,,,,,,,RP,Jonathan Pintaro (42731223),Jonathan Pintaro,42731223,P,4000,COL@NYM 04/24/2026 07:10PM ET,NYM,0
,,,,,,,,,,,,,,,RP,Justin Hagenman (42731239),Justin Hagenman,42731239,P,4000,COL@NYM 04/24/2026 07:10PM ET,NYM,0
,,,,,,,,,,,,,,,SP,Pierson Ohl (42731244),Pierson Ohl,42731244,P,4000,COL@NYM 04/24/2026 07:10PM ET,COL,0
,,,,,,,,,,,,,,,RP,Carson Palmquist (42731246),Carson Palmquist,42731246,P,4000,COL@NYM 04/24/2026 07:10PM ET,COL,0
,,,,,,,,,,,,,,,RP,Huascar Brazoban (42731280),Huascar Brazoban,42731280,P,4000,COL@NYM 04/24/2026 07:10PM ET,NYM,3.72
,,,,,,,,,,,,,,,RP,Austin Warren (42731285),Austin Warren,42731285,P,4000,COL@NYM 04/24/2026 07:10PM ET,NYM,4.28
,,,,,,,,,,,,,,,RP,Alex Carrillo (42731293),Alex Carrillo,42731293,P,4000,COL@NYM 04/24/2026 07:10PM ET,NYM,0
,,,,,,,,,,,,,,,RP,Devin Williams (42731308),Devin Williams,42731308,P,4000,COL@NYM 04/24/2026 07:10PM ET,NYM,1.97
,,,,,,,,,,,,,,,RP,Zach Agnos (42731318),Zach Agnos,42731318,P,4000,COL@NYM 04/24/2026 07:10PM ET,COL,3.82
,,,,,,,,,,,,,,,RP,Joey Gerber (42731327),Joey Gerber,42731327,P,4000,COL@NYM 04/24/2026 07:10PM ET,NYM,12.7
,,,,,,,,,,,,,,,RP,Dedniel Nunez (42731333),Dedniel Nunez,42731333,P,4000,COL@NYM 04/24/2026 07:10PM ET,NYM,0
,,,,,,,,,,,,,,,RP,Luke Weaver (42731337),Luke Weaver,42731337,P,4000,COL@NYM 04/24/2026 07:10PM ET,NYM,2.59
,,,,,,,,,,,,,,,RP,Sammy Peralta (42731344),Sammy Peralta,42731344,P,4000,COL@NYM 04/24/2026 07:10PM ET,COL,0
,,,,,,,,,,,,,,,RP,Reed Garrett (42731350),Reed Garrett,42731350,P,4000,COL@NYM 04/24/2026 07:10PM ET,NYM,0
,,,,,,,,,,,,,,,RP,Brooks Raley (42731386),Brooks Raley,42731386,P,4000,COL@NYM 04/24/2026 07:10PM ET,NYM,2.95
,,,,,,,,,,,,,,,RP,Jimmy Herget (42731395),Jimmy Herget,42731395,P,4000,COL@NYM 04/24/2026 07:10PM ET,COL,3.49
,,,,,,,,,,,,,,,RP,Juan Mejia (42731405),Juan Mejia,42731405,P,4000,COL@NYM 04/24/2026 07:10PM ET,COL,1.78
,,,,,,,,,,,,,,,RP,Craig Kimbrel (42731411),Craig Kimbrel,42731411,P,4000,COL@NYM 04/24/2026 07:10PM ET,NYM,1.51
,,,,,,,,,,,,,,,RP,Jaden Hill (42731420),Jaden Hill,42731420,P,4000,COL@NYM 04/24/2026 07:10PM ET,COL,2.97
,,,,,,,,,,,,,,,RP,A.J. Minter (42731498),A.J. Minter,42731498,P,4000,COL@NYM 04/24/2026 07:10PM ET,NYM,0
,,,,,,,,,,,,,,,RP,Victor Vodnik (42731500),Victor Vodnik,42731500,P,4000,COL@NYM 04/24/2026 07:10PM ET,COL,0.76
,,,,,,,,,,,,,,,RP,Brennan Bernardino (42731511),Brennan Bernardino,42731511,P,4000,COL@NYM 04/24/2026 07:10PM ET,COL,3.30
,,,,,,,,,,,,,,,RP,Seth Halvorsen (42731518),Seth Halvorsen,42731518,P,4000,COL@NYM 04/24/2026 07:10PM ET,COL,5.65
,,,,,,,,,,,,,,,RP,Reiver Sanmartin (42731181),Reiver Sanmartin,42731181,P,4000,MIA@SF 04/24/2026 10:15PM ET,SF,0
,,,,,,,,,,,,,,,RP,Jason Foley (42731190),Jason Foley,42731190,P,4000,MIA@SF 04/24/2026 10:15PM ET,SF,0
,,,,,,,,,,,,,,,RP,Rowan Wick (42731196),Rowan Wick,42731196,P,4000,MIA@SF 04/24/2026 10:15PM ET,SF,0
,,,,,,,,,,,,,,,RP,Sam Hentges (42731221),Sam Hentges,42731221,P,4000,MIA@SF 04/24/2026 10:15PM ET,SF,0
,,,,,,,,,,,,,,,RP,William Kempner (42731228),William Kempner,42731228,P,4000,MIA@SF 04/24/2026 10:15PM ET,MIA,0
,,,,,,,,,,,,,,,RP,Josh White (42731237),Josh White,42731237,P,4000,MIA@SF 04/24/2026 10:15PM ET,MIA,0
,,,,,,,,,,,,,,,SP,Bradley Blalock (42731245),Bradley Blalock,42731245,P,4000,MIA@SF 04/24/2026 10:15PM ET,MIA,0
,,,,,,,,,,,,,,,RP,Erik Miller (42731274),Erik Miller,42731274,P,4000,MIA@SF 04/24/2026 10:15PM ET,SF,3.13
,,,,,,,,,,,,,,,RP,Ryan Borucki (42731286),Ryan Borucki,42731286,P,4000,MIA@SF 04/24/2026 10:15PM ET,SF,1.78
,,,,,,,,,,,,,,,RP,Calvin Faucher (42731295),Calvin Faucher,42731295,P,4000,MIA@SF 04/24/2026 10:15PM ET,MIA,3.36
,,,,,,,,,,,,,,,RP,Pete Fairbanks (42731296),Pete Fairbanks,42731296,P,4000,MIA@SF 04/24/2026 10:15PM ET,MIA,2.83
,,,,,,,,,,,,,,,RP,Anthony Bender (42731302),Anthony Bender,42731302,P,4000,MIA@SF 04/24/2026 10:15PM ET,MIA,2.33
,,,,,,,,,,,,,,,RP,Joel Peguero (42731312),Joel Peguero,42731312,P,4000,MIA@SF 04/24/2026 10:15PM ET,SF,0
,,,,,,,,,,,,,,,RP,Andrew Nardi (42731341),Andrew Nardi,42731341,P,4000,MIA@SF 04/24/2026 10:15PM ET,MIA,2.50
,,,,,,,,,,,,,,,RP,Matt Gage (42731353),Matt Gage,42731353,P,4000,MIA@SF 04/24/2026 10:15PM ET,SF,2.77
,,,,,,,,,,,,,,,SP,Caleb Kilian (42731372),Caleb Kilian,42731372,P,4000,MIA@SF 04/24/2026 10:15PM ET,SF,4.43
,,,,,,,,,,,,,,,RP,John King (42731378),John King,42731378,P,4000,MIA@SF 04/24/2026 10:15PM ET,MIA,3.79
,,,,,,,,,,,,,,,RP,Randy Rodriguez (42731387),Randy Rodriguez,42731387,P,4000,MIA@SF 04/24/2026 10:15PM ET,SF,0
,,,,,,,,,,,,,,,RP,Trevor McDonald (42731393),Trevor McDonald,42731393,P,4000,MIA@SF 04/24/2026 10:15PM ET,SF,0
,,,,,,,,,,,,,,,RP,Tyler Phillips (42731409),Tyler Phillips,42731409,P,4000,MIA@SF 04/24/2026 10:15PM ET,MIA,8.05
,,,,,,,,,,,,,,,RP,Cade Gibson (42731427),Cade Gibson,42731427,P,4000,MIA@SF 04/24/2026 10:15PM ET,MIA,0
,,,,,,,,,,,,,,,RP,Ronny Henriquez (42731437),Ronny Henriquez,42731437,P,4000,MIA@SF 04/24/2026 10:15PM ET,MIA,0
,,,,,,,,,,,,,,,RP,Lake Bachar (42731453),Lake Bachar,42731453,P,4000,MIA@SF 04/24/2026 10:15PM ET,MIA,5.78
,,,,,,,,,,,,,,,RP,Ryan Walker (42731488),Ryan Walker,42731488,P,4000,MIA@SF 04/24/2026 10:15PM ET,SF,2.89
,,,,,,,,,,,,,,,RP,Michael Petersen (42731495),Michael Petersen,42731495,P,4000,MIA@SF 04/24/2026 10:15PM ET,MIA,4
,,,,,,,,,,,,,,,C,Alejandro Kirk (42730746),Alejandro Kirk,42730746,C,3900,CLE@TOR 04/24/2026 07:07PM ET,TOR,6
,,,,,,,,,,,,,,,OF,Wyatt Langford (42730452),Wyatt Langford,42730452,OF,3900,ATH@TEX 04/24/2026 08:05PM ET,TEX,6.45
,,,,,,,,,,,,,,,C,Adley Rutschman (42730450),Adley Rutschman,42730450,C,3900,BOS@BAL 04/24/2026 07:05PM ET,BAL,7.54
,,,,,,,,,,,,,,,SS,Trevor Story (42730453),Trevor Story,42730453,SS,3900,BOS@BAL 04/24/2026 07:05PM ET,BOS,6.12
,,,,,,,,,,,,,,,2B,Jackson Holliday (42730745),Jackson Holliday,42730745,2B,3900,BOS@BAL 04/24/2026 07:05PM ET,BAL,0
,,,,,,,,,,,,,,,2B,Jazz Chisholm Jr. (42730448),Jazz Chisholm Jr.,42730448,2B,3900,NYY@HOU 04/24/2026 08:10PM ET,NYY,6.21
,,,,,,,,,,,,,,,1B,Michael Busch (42730449),Michael Busch,42730449,1B,3900,CHC@LAD 04/24/2026 10:15PM ET,CHC,5.83
,,,,,,,,,,,,,,,C,Carter Jensen (42730454),Carter Jensen,42730454,C,3900,LAA@KC 04/24/2026 07:40PM ET,KC,7.44
,,,,,,,,,,,,,,,OF,Mickey Moniak (42730451),Mickey Moniak,42730451,OF,3900,COL@NYM 04/24/2026 07:10PM ET,COL,10.58
,,,,,,,,,,,,,,,3B,Kazuma Okamoto (42730464),Kazuma Okamoto,42730464,3B,3800,CLE@TOR 04/24/2026 07:07PM ET,TOR,5.70
,,,,,,,,,,,,,,,1B/OF,Dominic Smith (42730456),Dominic Smith,42730456,1B/OF,3800,PHI@ATL 04/24/2026 07:15PM ET,ATL,8.16
,,,,,,,,,,,,,,,OF,Andrew McCutchen (42730455),Andrew McCutchen,42730455,OF,3800,ATH@TEX 04/24/2026 08:05PM ET,TEX,3.38
,,,,,,,,,,,,,,,C,Moises Ballesteros (42730458),Moises Ballesteros,42730458,C,3800,CHC@LAD 04/24/2026 10:15PM ET,CHC,6.32
,,,,,,,,,,,,,,,C,Francisco Alvarez (42730459),Francisco Alvarez,42730459,C,3800,COL@NYM 04/24/2026 07:10PM ET,NYM,5.74
,,,,,,,,,,,,,,,1B/OF,Troy Johnston (42730460),Troy Johnston,42730460,1B/OF,3800,COL@NYM 04/24/2026 07:10PM ET,COL,6.96
,,,,,,,,,,,,,,,2B/SS,Willi Castro (42730462),Willi Castro,42730462,2B/SS,3800,COL@NYM 04/24/2026 07:10PM ET,COL,6.10
,,,,,,,,,,,,,,,OF,Steven Kwan (42730466),Steven Kwan,42730466,OF,3700,CLE@TOR 04/24/2026 07:07PM ET,CLE,6.04
,,,,,,,,,,,,,,,2B,Jeremiah Jackson (42730465),Jeremiah Jackson,42730465,2B,3700,BOS@BAL 04/24/2026 07:05PM ET,BAL,7.61
,,,,,,,,,,,,,,,C,Samuel Basallo (42730472),Samuel Basallo,42730472,C,3700,BOS@BAL 04/24/2026 07:05PM ET,BAL,5.37
,,,,,,,,,,,,,,,OF,Tyler O'Neill (42730747),Tyler O'Neill,42730747,OF,3700,BOS@BAL 04/24/2026 07:05PM ET,BAL,5.8
,,,,,,,,,,,,,,,1B,Josh Bell (42730468),Josh Bell,42730468,1B,3700,MIN@TB 04/24/2026 07:10PM ET,MIN,7.64
,,,,,,,,,,,,,,,C,Yainer Diaz (42730467),Yainer Diaz,42730467,C,3700,NYY@HOU 04/24/2026 08:10PM ET,HOU,5.06
,,,,,,,,,,,,,,,OF,Trent Grisham (42730470),Trent Grisham,42730470,OF,3700,NYY@HOU 04/24/2026 08:10PM ET,NYY,6.21
,,,,,,,,,,,,,,,SS,Dansby Swanson (42730473),Dansby Swanson,42730473,SS,3700,CHC@LAD 04/24/2026 10:15PM ET,CHC,8.08
,,,,,,,,,,,,,,,OF,Garrett Mitchell (42730469),Garrett Mitchell,42730469,OF,3700,PIT@MIL 04/24/2026 07:40PM ET,MIL,8.18
,,,,,,,,,,,,,,,3B,Bo Bichette (42730471),Bo Bichette,42730471,3B,3700,COL@NYM 04/24/2026 07:10PM ET,NYM,6.12
,,,,,,,,,,,,,,,3B,Max Muncy (42730478),Max Muncy,42730478,3B,3600,ATH@TEX 04/24/2026 08:05PM ET,ATH,7.17
,,,,,,,,,,,,,,,SS,Jacob Wilson (42730480),Jacob Wilson,42730480,SS,3600,ATH@TEX 04/24/2026 08:05PM ET,ATH,6.83
,,,,,,,,,,,,,,,2B,Nasim Nunez (42730477),Nasim Nunez,42730477,2B,3600,WSH@CWS 04/24/2026 07:40PM ET,WSH,6.26
,,,,,,,,,,,,,,,OF,Dylan Crews (42730750),Dylan Crews,42730750,OF,3600,WSH@CWS 04/24/2026 07:40PM ET,WSH,0
,,,,,,,,,,,,,,,1B/C,Dalton Rushing (42730474),Dalton Rushing,42730474,C/1B,3600,CHC@LAD 04/24/2026 10:15PM ET,LAD,14.8
,,,,,,,,,,,,,,,C,Gary Sanchez (42730479),Gary Sanchez,42730479,C,3600,PIT@MIL 04/24/2026 07:40PM ET,MIL,8.72
,,,,,,,,,,,,,,,OF,Tyler Freeman (42730476),Tyler Freeman,42730476,OF,3600,COL@NYM 04/24/2026 07:10PM ET,COL,5.43
,,,,,,,,,,,,,,,2B/3B,Jorge Polanco (42730748),Jorge Polanco,42730748,2B/3B,3600,COL@NYM 04/24/2026 07:10PM ET,NYM,4.5
,,,,,,,,,,,,,,,3B/OF,Addison Barger (42730752),Addison Barger,42730752,3B/OF,3500,CLE@TOR 04/24/2026 07:07PM ET,TOR,2.12
,,,,,,,,,,,,,,,OF,Brandon Marsh (42730489),Brandon Marsh,42730489,OF,3500,PHI@ATL 04/24/2026 07:15PM ET,PHI,7.91
,,,,,,,,,,,,,,,1B/2B,Romy Gonzalez (42730754),Romy Gonzalez,42730754,1B/2B,3500,BOS@BAL 04/24/2026 07:05PM ET,BOS,0
,,,,,,,,,,,,,,,2B,Richie Palacios (42730488),Richie Palacios,42730488,2B,3500,MIN@TB 04/24/2026 07:10PM ET,TB,5.65
,,,,,,,,,,,,,,,OF,Austin Martin (42730490),Austin Martin,42730490,OF,3500,MIN@TB 04/24/2026 07:10PM ET,MIN,6.26
,,,,,,,,,,,,,,,OF,Cam Smith (42730482),Cam Smith,42730482,OF,3500,NYY@HOU 04/24/2026 08:10PM ET,HOU,7.31
,,,,,,,,,,,,,,,1B,Paul Goldschmidt (42730484),Paul Goldschmidt,42730484,1B,3500,NYY@HOU 04/24/2026 08:10PM ET,NYY,5.11
,,,,,,,,,,,,,,,C,Christian Vazquez (42730494),Christian Vazquez,42730494,C,3500,NYY@HOU 04/24/2026 08:10PM ET,HOU,9.09
,,,,,,,,,,,,,,,OF,Jasson Dominguez (42730756),Jasson Dominguez,42730756,OF,3500,NYY@HOU 04/24/2026 08:10PM ET,NYY,0
,,,,,,,,,,,,,,,OF,Jorge Soler (42730487),Jorge Soler,42730487,OF,3500,LAA@KC 04/24/2026 07:40PM ET,LAA,8.36
,,,,,,,,,,,,,,,3B,Yoan Moncada (42730491),Yoan Moncada,42730491,3B,3500,LAA@KC 04/24/2026 07:40PM ET,LAA,6
,,,,,,,,,,,,,,,1B,Josh Naylor (42730483),Josh Naylor,42730483,1B,3500,SEA@STL 04/24/2026 08:15PM ET,SEA,5.29
,,,,,,,,,,,,,,,3B,Brendan Donovan (42730751),Brendan Donovan,42730751,3B,3500,SEA@STL 04/24/2026 08:15PM ET,SEA,7.83
,,,,,,,,,,,,,,,2B/3B,Nick Gonzales (42730492),Nick Gonzales,42730492,2B/3B,3500,PIT@MIL 04/24/2026 07:40PM ET,PIT,6
,,,,,,,,,,,,,,,3B/SS,David Hamilton (42730495),David Hamilton,42730495,3B/SS,3500,PIT@MIL 04/24/2026 07:40PM ET,MIL,6.37
,,,,,,,,,,,,,,,OF,Brett Baty (42730485),Brett Baty,42730485,OF,3500,COL@NYM 04/24/2026 07:10PM ET,NYM,5.46
,,,,,,,,,,,,,,,2B,Edouard Julien (42730486),Edouard Julien,42730486,2B,3500,COL@NYM 04/24/2026 07:10PM ET,COL,5.91
,,,,,,,,,,,,,,,OF,Jung Hoo Lee (42730481),Jung Hoo Lee,42730481,OF,3500,MIA@SF 04/24/2026 10:15PM ET,SF,5.4
,,,,,,,,,,,,,,,OF/SS,Mauricio Dubon (42730498),Mauricio Dubon,42730498,SS/OF,3400,PHI@ATL 04/24/2026 07:15PM ET,ATL,6.96
,,,,,,,,,,,,,,,SS,Ha-Seong Kim (42730757),Ha-Seong Kim,42730757,SS,3400,PHI@ATL 04/24/2026 07:15PM ET,ATL,0
,,,,,,,,,,,,,,,3B,Royce Lewis (42730502),Royce Lewis,42730502,3B,3400,MIN@TB 04/24/2026 07:10PM ET,MIN,7.21
,,,,,,,,,,,,,,,1B/3B,Curtis Mead (42730500),Curtis Mead,42730500,1B/3B,3400,WSH@CWS 04/24/2026 07:40PM ET,WSH,5.84
,,,,,,,,,,,,,,,OF,Everson Pereira (42730503),Everson Pereira,42730503,OF,3400,WSH@CWS 04/24/2026 07:40PM ET,CWS,8.15
,,,,,,,,,,,,,,,C,Salvador Perez (42730504),Salvador Perez,42730504,C,3400,LAA@KC 04/24/2026 07:40PM ET,KC,4.54
,,,,,,,,,,,,,,,OF,Lars Nootbaar (42730758),Lars Nootbaar,42730758,OF,3400,SEA@STL 04/24/2026 08:15PM ET,STL,0
,,,,,,,,,,,,,,,1B,TJ Rumfield (42730497),TJ Rumfield,42730497,1B,3400,COL@NYM 04/24/2026 07:10PM ET,COL,6.46
,,,,,,,,,,,,,,,OF,Jesus Sanchez (42730512),Jesus Sanchez,42730512,OF,3300,CLE@TOR 04/24/2026 07:07PM ET,TOR,5.61
,,,,,,,,,,,,,,,OF,Michael Harris II (42730513),Michael Harris II,42730513,OF,3300,PHI@ATL 04/24/2026 07:15PM ET,ATL,8.46
,,,,,,,,,,,,,,,C,Sean Murphy (42730760),Sean Murphy,42730760,C,3300,PHI@ATL 04/24/2026 07:15PM ET,ATL,0
,,,,,,,,,,,,,,,C,J.T. Realmuto (42730761),J.T. Realmuto,42730761,C,3300,PHI@ATL 04/24/2026 07:15PM ET,PHI,5
,,,,,,,,,,,,,,,OF,Lawrence Butler (42730509),Lawrence Butler,42730509,OF,3300,ATH@TEX 04/24/2026 08:05PM ET,ATH,5.62
,,,,,,,,,,,,,,,1B,Kody Clemens (42730510),Kody Clemens,42730510,1B,3300,MIN@TB 04/24/2026 07:10PM ET,MIN,5.31
,,,,,,,,,,,,,,,OF,Jonny DeLuca (42730518),Jonny DeLuca,42730518,OF,3300,MIN@TB 04/24/2026 07:10PM ET,TB,7.11
,,,,,,,,,,,,,,,OF,Jacob Young (42730516),Jacob Young,42730516,OF,3300,WSH@CWS 04/24/2026 07:40PM ET,WSH,5.79
,,,,,,,,,,,,,,,2B,Chase Meidroth (42730521),Chase Meidroth,42730521,2B,3300,WSH@CWS 04/24/2026 07:40PM ET,CWS,6.56
,,,,,,,,,,,,,,,2B/3B,Amed Rosario (42730505),Amed Rosario,42730505,2B/3B,3300,NYY@HOU 04/24/2026 08:10PM ET,NYY,6.83
,,,,,,,,,,,,,,,OF,Joey Loperfido (42730759),Joey Loperfido,42730759,OF,3300,NYY@HOU 04/24/2026 08:10PM ET,HOU,5
,,,,,,,,,,,,,,,2B,Alex Freeland (42730507),Alex Freeland,42730507,2B,3300,CHC@LAD 04/24/2026 10:15PM ET,LAD,4.35
,,,,,,,,,,,,,,,C,Carson Kelly (42730514),Carson Kelly,42730514,C,3300,CHC@LAD 04/24/2026 10:15PM ET,CHC,7.55
,,,,,,,,,,,,,,,3B,Nolan Gorman (42730508),Nolan Gorman,42730508,3B,3300,SEA@STL 04/24/2026 08:15PM ET,STL,5.87
,,,,,,,,,,,,,,,OF,Luke Raley (42730517),Luke Raley,42730517,OF,3300,SEA@STL 04/24/2026 08:15PM ET,SEA,7.08
,,,,,,,,,,,,,,,OF,Sal Frelick (42730515),Sal Frelick,42730515,OF,3300,PIT@MIL 04/24/2026 07:40PM ET,MIL,5.04
,,,,,,,,,,,,,,,SS,Konnor Griffin (42730520),Konnor Griffin,42730520,SS,3300,PIT@MIL 04/24/2026 07:40PM ET,PIT,5.63
,,,,,,,,,,,,,,,1B,Mark Vientos (42730511),Mark Vientos,42730511,1B,3300,COL@NYM 04/24/2026 07:10PM ET,NYM,4.7
,,,,,,,,,,,,,,,OF,Brenton Doyle (42730519),Brenton Doyle,42730519,OF,3300,COL@NYM 04/24/2026 07:10PM ET,COL,4.68
,,,,,,,,,,,,,,,3B,Josh Jung (42730522),Josh Jung,42730522,3B,3200,ATH@TEX 04/24/2026 08:05PM ET,TEX,7.59
,,,,,,,,,,,,,,,2B,Jeff McNeil (42730527),Jeff McNeil,42730527,2B,3200,ATH@TEX 04/24/2026 08:05PM ET,ATH,5.46
,,,,,,,,,,,,,,,OF,Leody Taveras (42730530),Leody Taveras,42730530,OF,3200,BOS@BAL 04/24/2026 07:05PM ET,BAL,6.67
,,,,,,,,,,,,,,,OF,Masataka Yoshida (42730532),Masataka Yoshida,42730532,OF,3200,BOS@BAL 04/24/2026 07:05PM ET,BOS,5.25
,,,,,,,,,,,,,,,OF,Trevor Larnach (42730533),Trevor Larnach,42730533,OF,3200,MIN@TB 04/24/2026 07:10PM ET,MIN,5.84
,,,,,,,,,,,,,,,OF,Brice Matthews (42730526),Brice Matthews,42730526,OF,3200,NYY@HOU 04/24/2026 08:10PM ET,HOU,3.65
,,,,,,,,,,,,,,,C,Miguel Amaya (42730534),Miguel Amaya,42730534,C,3200,CHC@LAD 04/24/2026 10:15PM ET,CHC,4.53
,,,,,,,,,,,,,,,2B,Tommy Edman (42730764),Tommy Edman,42730764,2B,3200,CHC@LAD 04/24/2026 10:15PM ET,LAD,0
,,,,,,,,,,,,,,,1B,Nolan Schanuel (42730523),Nolan Schanuel,42730523,1B,3200,LAA@KC 04/24/2026 07:40PM ET,LAA,7.26
,,,,,,,,,,,,,,,SS,Masyn Winn (42730529),Masyn Winn,42730529,SS,3200,SEA@STL 04/24/2026 08:15PM ET,STL,8.05
,,,,,,,,,,,,,,,OF,Victor Robles (42730763),Victor Robles,42730763,OF,3200,SEA@STL 04/24/2026 08:15PM ET,SEA,3.6
,,,,,,,,,,,,,,,OF,Marcell Ozuna (42730524),Marcell Ozuna,42730524,OF,3200,PIT@MIL 04/24/2026 07:40PM ET,PIT,5.1
,,,,,,,,,,,,,,,OF,Jordan Beck (42730531),Jordan Beck,42730531,OF,3200,COL@NYM 04/24/2026 07:10PM ET,COL,4.29
,,,,,,,,,,,,,,,OF,Owen Caissie (42730525),Owen Caissie,42730525,OF,3200,MIA@SF 04/24/2026 10:15PM ET,MIA,5.61
,,,,,,,,,,,,,,,1B,Casey Schmitt (42730528),Casey Schmitt,42730528,1B,3200,MIA@SF 04/24/2026 10:15PM ET,SF,7
,,,,,,,,,,,,,,,OF,Griffin Conine (42730762),Griffin Conine,42730762,OF,3200,MIA@SF 04/24/2026 10:15PM ET,MIA,6.36
,,,,,,,,,,,,,,,SS,Andres Gimenez (42730541),Andres Gimenez,42730541,SS,3100,CLE@TOR 04/24/2026 07:07PM ET,TOR,7.12
,,,,,,,,,,,,,,,2B,Bryson Stott (42730537),Bryson Stott,42730537,2B,3100,PHI@ATL 04/24/2026 07:15PM ET,PHI,5
,,,,,,,,,,,,,,,OF,Adolis Garcia (42730543),Adolis Garcia,42730543,OF,3100,PHI@ATL 04/24/2026 07:15PM ET,PHI,5.56
,,,,,,,,,,,,,,,3B,Alec Bohm (42730546),Alec Bohm,42730546,3B,3100,PHI@ATL 04/24/2026 07:15PM ET,PHI,4.25
,,,,,,,,,,,,,,,OF,Carlos Cortes (42730539),Carlos Cortes,42730539,OF,3100,ATH@TEX 04/24/2026 08:05PM ET,ATH,5.84
,,,,,,,,,,,,,,,C,Kyle Higashioka (42730547),Kyle Higashioka,42730547,C,3100,ATH@TEX 04/24/2026 08:05PM ET,TEX,5.36
,,,,,,,,,,,,,,,OF,Cedric Mullins (42730542),Cedric Mullins,42730542,OF,3100,MIN@TB 04/24/2026 07:10PM ET,TB,5.67
,,,,,,,,,,,,,,,OF,Matt Wallner (42730544),Matt Wallner,42730544,OF,3100,MIN@TB 04/24/2026 07:10PM ET,MIN,5.82
,,,,,,,,,,,,,,,1B/C,Victor Caratini (42730548),Victor Caratini,42730548,C/1B,3100,MIN@TB 04/24/2026 07:10PM ET,MIN,5.95
,,,,,,,,,,,,,,,1B,Luis Garcia Jr. (42730538),Luis Garcia Jr.,42730538,1B,3100,WSH@CWS 04/24/2026 07:40PM ET,WSH,6
,,,,,,,,,,,,,,,OF,Andrew Benintendi (42730545),Andrew Benintendi,42730545,OF,3100,WSH@CWS 04/24/2026 07:40PM ET,CWS,5.39
,,,,,,,,,,,,,,,C,Kyle Teel (42730768),Kyle Teel,42730768,C,3100,WSH@CWS 04/24/2026 07:40PM ET,CWS,0
,,,,,,,,,,,,,,,OF,Jake Meyers (42730766),Jake Meyers,42730766,OF,3100,NYY@HOU 04/24/2026 08:10PM ET,HOU,5.92
,,,,,,,,,,,,,,,2B/3B,Oswald Peraza (42730535),Oswald Peraza,42730535,2B/3B,3100,LAA@KC 04/24/2026 07:40PM ET,LAA,6.91
,,,,,,,,,,,,,,,2B,Jonathan India (42730767),Jonathan India,42730767,2B,3100,LAA@KC 04/24/2026 07:40PM ET,KC,5.41
,,,,,,,,,,,,,,,OF,Heliot Ramos (42730540),Heliot Ramos,42730540,OF,3100,MIA@SF 04/24/2026 10:15PM ET,SF,6.04
,,,,,,,,,,,,,,,OF,Christopher Morel (42730765),Christopher Morel,42730765,OF,3100,MIA@SF 04/24/2026 10:15PM ET,MIA,0
,,,,,,,,,,,,,,,1B,Kyle Manzardo (42730550),Kyle Manzardo,42730550,1B,3000,CLE@TOR 04/24/2026 07:07PM ET,CLE,3.86
,,,,,,,,,,,,,,,2B/3B,Ernie Clement (42730559),Ernie Clement,42730559,2B/3B,3000,CLE@TOR 04/24/2026 07:07PM ET,TOR,6.29
,,,,,,,,,,,,,,,OF,Mike Yastrzemski (42730557),Mike Yastrzemski,42730557,OF,3000,PHI@ATL 04/24/2026 07:15PM ET,ATL,4.75
,,,,,,,,,,,,,,,OF,Colby Thomas (42730555),Colby Thomas,42730555,OF,3000,ATH@TEX 04/24/2026 08:05PM ET,ATH,0
,,,,,,,,,,,,,,,C,Danny Jansen (42730566),Danny Jansen,42730566,C,3000,ATH@TEX 04/24/2026 08:05PM ET,TEX,4.53
,,,,,,,,,,,,,,,OF,Dylan Beavers (42730551),Dylan Beavers,42730551,OF,3000,BOS@BAL 04/24/2026 07:05PM ET,BAL,5.58
,,,,,,,,,,,,,,,OF,Ceddanne Rafaela (42730564),Ceddanne Rafaela,42730564,OF,3000,BOS@BAL 04/24/2026 07:05PM ET,BOS,5.21
,,,,,,,,,,,,,,,OF,Jake Fraley (42730563),Jake Fraley,42730563,OF,3000,MIN@TB 04/24/2026 07:10PM ET,TB,4.59
,,,,,,,,,,,,,,,OF,Gavin Lux (42730774),Gavin Lux,42730774,OF,3000,MIN@TB 04/24/2026 07:10PM ET,TB,0
,,,,,,,,,,,,,,,3B,Brady House (42730556),Brady House,42730556,3B,3000,WSH@CWS 04/24/2026 07:40PM ET,WSH,6.04
,,,,,,,,,,,,,,,OF,Austin Hays (42730775),Austin Hays,42730775,OF,3000,WSH@CWS 04/24/2026 07:40PM ET,CWS,5.33
,,,,,,,,,,,,,,,SS,Jose Caballero (42730567),Jose Caballero,42730567,SS,3000,NYY@HOU 04/24/2026 08:10PM ET,NYY,7
,,,,,,,,,,,,,,,OF,Alex Call (42730553),Alex Call,42730553,OF,3000,CHC@LAD 04/24/2026 10:15PM ET,LAD,6.11
,,,,,,,,,,,,,,,3B/OF,Kike Hernandez (42730771),Kike Hernandez,42730771,3B/OF,3000,CHC@LAD 04/24/2026 10:15PM ET,LAD,0
,,,,,,,,,,,,,,,C,Logan O'Hoppe (42730558),Logan O'Hoppe,42730558,C,3000,LAA@KC 04/24/2026 07:40PM ET,LAA,4.67
,,,,,,,,,,,,,,,OF,Jac Caglianone (42730565),Jac Caglianone,42730565,OF,3000,LAA@KC 04/24/2026 07:40PM ET,KC,5.04
,,,,,,,,,,,,,,,2B,Christian Moore (42730769),Christian Moore,42730769,2B,3000,LAA@KC 04/24/2026 07:40PM ET,LAA,0
,,,,,,,,,,,,,,,3B,Ramon Urias (42730561),Ramon Urias,42730561,3B,3000,SEA@STL 04/24/2026 08:15PM ET,STL,4.42
,,,,,,,,,,,,,,,OF,Dominic Canzone (42730562),Dominic Canzone,42730562,OF,3000,SEA@STL 04/24/2026 08:15PM ET,SEA,6.10
,,,,,,,,,,,,,,,SS,Colt Emerson (42730770),Colt Emerson,42730770,SS,3000,SEA@STL 04/24/2026 08:15PM ET,SEA,0
,,,,,,,,,,,,,,,OF,Jake Mangum (42730554),Jake Mangum,42730554,OF,3000,PIT@MIL 04/24/2026 07:40PM ET,PIT,5.53
,,,,,,,,,,,,,,,1B,Andrew Vaughn (42730773),Andrew Vaughn,42730773,1B,3000,PIT@MIL 04/24/2026 07:40PM ET,MIL,5
,,,,,,,,,,,,,,,OF,Carson Benge (42730552),Carson Benge,42730552,OF,3000,COL@NYM 04/24/2026 07:10PM ET,NYM,5.41
,,,,,,,,,,,,,,,1B,Rhys Hoskins (42730573),Rhys Hoskins,42730573,1B,2900,CLE@TOR 04/24/2026 07:07PM ET,CLE,5.63
,,,,,,,,,,,,,,,OF,Colton Cowser (42730572),Colton Cowser,42730572,OF,2900,BOS@BAL 04/24/2026 07:05PM ET,BAL,2.91
,,,,,,,,,,,,,,,C,Nick Fortes (42730576),Nick Fortes,42730576,C,2900,MIN@TB 04/24/2026 07:10PM ET,TB,5.32
,,,,,,,,,,,,,,,3B/SS,Tristan Gray (42730577),Tristan Gray,42730577,3B/SS,2900,MIN@TB 04/24/2026 07:10PM ET,MIN,7
,,,,,,,,,,,,,,,OF,Sam Antonacci (42730574),Sam Antonacci,42730574,OF,2900,WSH@CWS 04/24/2026 07:40PM ET,CWS,5.62
,,,,,,,,,,,,,,,C,Keibert Ruiz (42730575),Keibert Ruiz,42730575,C,2900,WSH@CWS 04/24/2026 07:40PM ET,WSH,4.12
,,,,,,,,,,,,,,,3B,Luis Rengifo (42730570),Luis Rengifo,42730570,3B,2900,PIT@MIL 04/24/2026 07:40PM ET,MIL,4.65
,,,,,,,,,,,,,,,3B,Kyle Karros (42730571),Kyle Karros,42730571,3B,2900,COL@NYM 04/24/2026 07:10PM ET,COL,4.73
,,,,,,,,,,,,,,,1B,Blaine Crim (42730776),Blaine Crim,42730776,1B,2900,COL@NYM 04/24/2026 07:10PM ET,COL,0
,,,,,,,,,,,,,,,3B/OF,Javier Sanoja (42730568),Javier Sanoja,42730568,3B/OF,2900,MIA@SF 04/24/2026 10:15PM ET,MIA,5.61
,,,,,,,,,,,,,,,3B/OF,Daniel Schneemann (42730579),Daniel Schneemann,42730579,3B/OF,2800,CLE@TOR 04/24/2026 07:07PM ET,CLE,7.15
,,,,,,,,,,,,,,,SS,Brayan Rocchio (42730589),Brayan Rocchio,42730589,SS,2800,CLE@TOR 04/24/2026 07:07PM ET,CLE,6.76
,,,,,,,,,,,,,,,OF,Anthony Santander (42730779),Anthony Santander,42730779,OF,2800,CLE@TOR 04/24/2026 07:07PM ET,TOR,0
,,,,,,,,,,,,,,,OF,Sam Haggerty (42730583),Sam Haggerty,42730583,OF,2800,ATH@TEX 04/24/2026 08:05PM ET,TEX,1.42
,,,,,,,,,,,,,,,SS,Carson Williams (42730780),Carson Williams,42730780,SS,2800,MIN@TB 04/24/2026 07:10PM ET,TB,3.86
,,,,,,,,,,,,,,,2B/3B,Jorbit Vivas (42730581),Jorbit Vivas,42730581,2B/3B,2800,WSH@CWS 04/24/2026 07:40PM ET,WSH,4.85
,,,,,,,,,,,,,,,OF,Derek Hill (42730592),Derek Hill,42730592,OF,2800,WSH@CWS 04/24/2026 07:40PM ET,CWS,3.58
,,,,,,,,,,,,,,,C,Edgar Quero (42730594),Edgar Quero,42730594,C,2800,WSH@CWS 04/24/2026 07:40PM ET,CWS,3.3
,,,,,,,,,,,,,,,1B,Matt Mervis (42730777),Matt Mervis,42730777,1B,2800,WSH@CWS 04/24/2026 07:40PM ET,WSH,0
,,,,,,,,,,,,,,,SS,Anthony Volpe (42730781),Anthony Volpe,42730781,SS,2800,NYY@HOU 04/24/2026 08:10PM ET,NYY,0
,,,,,,,,,,,,,,,SS,Hyeseong Kim (42730584),Hyeseong Kim,42730584,SS,2800,CHC@LAD 04/24/2026 10:15PM ET,LAD,6.4
,,,,,,,,,,,,,,,OF,Josh Lowe (42730586),Josh Lowe,42730586,OF,2800,LAA@KC 04/24/2026 07:40PM ET,LAA,4.26
,,,,,,,,,,,,,,,OF,Kyle Isbel (42730591),Kyle Isbel,42730591,OF,2800,LAA@KC 04/24/2026 07:40PM ET,KC,6.76
,,,,,,,,,,,,,,,OF,Nathan Church (42730588),Nathan Church,42730588,OF,2800,SEA@STL 04/24/2026 08:15PM ET,STL,5.43
,,,,,,,,,,,,,,,OF,Brandon Lockridge (42730587),Brandon Lockridge,42730587,OF,2800,PIT@MIL 04/24/2026 07:40PM ET,MIL,5.65
,,,,,,,,,,,,,,,1B,Spencer Horwitz (42730590),Spencer Horwitz,42730590,1B,2800,PIT@MIL 04/24/2026 07:40PM ET,PIT,5.46
,,,,,,,,,,,,,,,C,Henry Davis (42730593),Henry Davis,42730593,C,2800,PIT@MIL 04/24/2026 07:40PM ET,PIT,3.63
,,,,,,,,,,,,,,,2B,Marcus Semien (42730585),Marcus Semien,42730585,2B,2800,COL@NYM 04/24/2026 07:10PM ET,NYM,5.56
,,,,,,,,,,,,,,,C,Daniel Susac (42730778),Daniel Susac,42730778,C,2800,MIA@SF 04/24/2026 10:15PM ET,SF,5.09
,,,,,,,,,,,,,,,OF,Eloy Jimenez (42730601),Eloy Jimenez,42730601,OF,2700,CLE@TOR 04/24/2026 07:07PM ET,TOR,5.38
,,,,,,,,,,,,,,,OF,David Fry (42730602),David Fry,42730602,OF,2700,CLE@TOR 04/24/2026 07:07PM ET,CLE,3.21
,,,,,,,,,,,,,,,OF,Justin Crawford (42730605),Justin Crawford,42730605,OF,2700,PHI@ATL 04/24/2026 07:15PM ET,PHI,5.09
,,,,,,,,,,,,,,,2B/3B,Andy Ibanez (42730595),Andy Ibanez,42730595,2B/3B,2700,ATH@TEX 04/24/2026 08:05PM ET,ATH,1.46
,,,,,,,,,,,,,,,1B,Joc Pederson (42730597),Joc Pederson,42730597,1B,2700,ATH@TEX 04/24/2026 08:05PM ET,TEX,4.35
,,,,,,,,,,,,,,,2B/OF,Zack Gelof (42730599),Zack Gelof,42730599,2B/OF,2700,ATH@TEX 04/24/2026 08:05PM ET,ATH,2.1
,,,,,,,,,,,,,,,2B,Josh Smith (42730606),Josh Smith,42730606,2B,2700,ATH@TEX 04/24/2026 08:05PM ET,TEX,4.12
,,,,,,,,,,,,,,,C,Drew Millas (42730608),Drew Millas,42730608,C,2700,WSH@CWS 04/24/2026 07:40PM ET,WSH,2.61
,,,,,,,,,,,,,,,SS,J.P. Crawford (42730603),J.P. Crawford,42730603,SS,2700,SEA@STL 04/24/2026 08:15PM ET,SEA,5.94
,,,,,,,,,,,,,,,OF,Rhylan Thomas (42730782),Rhylan Thomas,42730782,OF,2700,SEA@STL 04/24/2026 08:15PM ET,SEA,0
,,,,,,,,,,,,,,,C,Joey Bart (42730607),Joey Bart,42730607,C,2700,PIT@MIL 04/24/2026 07:40PM ET,PIT,3.36
,,,,,,,,,,,,,,,OF,Jake McCarthy (42730604),Jake McCarthy,42730604,OF,2700,COL@NYM 04/24/2026 07:10PM ET,COL,4.85
,,,,,,,,,,,,,,,OF,Heriberto Hernandez (42730598),Heriberto Hernandez,42730598,OF,2700,MIA@SF 04/24/2026 10:15PM ET,MIA,5.05
,,,,,,,,,,,,,,,OF,George Valera (42730614),George Valera,42730614,OF,2600,CLE@TOR 04/24/2026 07:07PM ET,CLE,4
,,,,,,,,,,,,,,,OF,Nathan Lukes (42730615),Nathan Lukes,42730615,OF,2600,CLE@TOR 04/24/2026 07:07PM ET,TOR,3.90
,,,,,,,,,,,,,,,C,Bo Naylor (42730625),Bo Naylor,42730625,C,2600,CLE@TOR 04/24/2026 07:07PM ET,CLE,2.67
,,,,,,,,,,,,,,,SS,Gabriel Arias (42730783),Gabriel Arias,42730783,SS,2600,CLE@TOR 04/24/2026 07:07PM ET,CLE,5
,,,,,,,,,,,,,,,2B,Marcelo Mayer (42730620),Marcelo Mayer,42730620,2B,2600,BOS@BAL 04/24/2026 07:05PM ET,BOS,4.38
,,,,,,,,,,,,,,,3B/OF,Blaze Alexander (42730623),Blaze Alexander,42730623,3B/OF,2600,BOS@BAL 04/24/2026 07:05PM ET,BAL,3.84
,,,,,,,,,,,,,,,3B/SS,Jose Tena (42730609),Jose Tena,42730609,3B/SS,2600,WSH@CWS 04/24/2026 07:40PM ET,WSH,3.68
,,,,,,,,,,,,,,,OF,Brooks Baldwin (42730785),Brooks Baldwin,42730785,OF,2600,WSH@CWS 04/24/2026 07:40PM ET,CWS,0
,,,,,,,,,,,,,,,3B/OF,Shay Whitcomb (42730616),Shay Whitcomb,42730616,3B/OF,2600,NYY@HOU 04/24/2026 08:10PM ET,HOU,3.33
,,,,,,,,,,,,,,,2B/SS,Miguel Rojas (42730612),Miguel Rojas,42730612,2B/SS,2600,CHC@LAD 04/24/2026 10:15PM ET,LAD,4.56
,,,,,,,,,,,,,,,2B/OF,Nick Loftin (42730621),Nick Loftin,42730621,2B/OF,2600,LAA@KC 04/24/2026 07:40PM ET,KC,5.67
,,,,,,,,,,,,,,,C,Travis d'Arnaud (42730626),Travis d'Arnaud,42730626,C,2600,LAA@KC 04/24/2026 07:40PM ET,LAA,3.2
,,,,,,,,,,,,,,,OF,Victor Scott II (42730619),Victor Scott II,42730619,OF,2600,SEA@STL 04/24/2026 08:15PM ET,STL,3.46
,,,,,,,,,,,,,,,OF,Blake Perkins (42730618),Blake Perkins,42730618,OF,2600,PIT@MIL 04/24/2026 07:40PM ET,MIL,4
,,,,,,,,,,,,,,,1B,Connor Norby (42730611),Connor Norby,42730611,1B,2600,MIA@SF 04/24/2026 10:15PM ET,MIA,5.73
,,,,,,,,,,,,,,,1B,Bryce Eldridge (42730784),Bryce Eldridge,42730784,1B,2600,MIA@SF 04/24/2026 10:15PM ET,SF,0
,,,,,,,,,,,,,,,OF,Davis Schneider (42730637),Davis Schneider,42730637,OF,2500,CLE@TOR 04/24/2026 07:07PM ET,TOR,4.17
,,,,,,,,,,,,,,,OF,Petey Halpin (42730792),Petey Halpin,42730792,OF,2500,CLE@TOR 04/24/2026 07:07PM ET,CLE,0
,,,,,,,,,,,,,,,2B/OF,Tyler Fitzgerald (42730793),Tyler Fitzgerald,42730793,2B/OF,2500,CLE@TOR 04/24/2026 07:07PM ET,TOR,0
,,,,,,,,,,,,,,,C,Jonah Heim (42730645),Jonah Heim,42730645,C,2500,PHI@ATL 04/24/2026 07:15PM ET,ATL,4.78
,,,,,,,,,,,,,,,3B/OF,Ezequiel Duran (42730631),Ezequiel Duran,42730631,3B/OF,2500,ATH@TEX 04/24/2026 08:05PM ET,TEX,5.79
,,,,,,,,,,,,,,,C,Connor Wong (42730641),Connor Wong,42730641,C,2500,BOS@BAL 04/24/2026 07:05PM ET,BOS,4.7
,,,,,,,,,,,,,,,1B/3B,Christian Encarnacion-Strand (42730786),Christian Encarnacion-Strand,42730786,1B/3B,2500,BOS@BAL 04/24/2026 07:05PM ET,BAL,0
,,,,,,,,,,,,,,,OF,Nate Eaton (42730796),Nate Eaton,42730796,OF,2500,BOS@BAL 04/24/2026 07:05PM ET,BOS,0
,,,,,,,,,,,,,,,2B/SS,Ben Williamson (42730627),Ben Williamson,42730627,2B/SS,2500,MIN@TB 04/24/2026 07:10PM ET,TB,5.57
,,,,,,,,,,,,,,,SS,Brooks Lee (42730629),Brooks Lee,42730629,SS,2500,MIN@TB 04/24/2026 07:10PM ET,MIN,5.78
,,,,,,,,,,,,,,,OF,Dustin Harris (42730635),Dustin Harris,42730635,OF,2500,NYY@HOU 04/24/2026 08:10PM ET,HOU,4.78
,,,,,,,,,,,,,,,C,Austin Wells (42730642),Austin Wells,42730642,C,2500,NYY@HOU 04/24/2026 08:10PM ET,NYY,3.67
,,,,,,,,,,,,,,,OF,Zach Cole (42730791),Zach Cole,42730791,OF,2500,NYY@HOU 04/24/2026 08:10PM ET,HOU,0
,,,,,,,,,,,,,,,2B/3B,Santiago Espinal (42730633),Santiago Espinal,42730633,2B/3B,2500,CHC@LAD 04/24/2026 10:15PM ET,LAD,2.2
,,,,,,,,,,,,,,,3B/OF,Matt Shaw (42730638),Matt Shaw,42730638,3B/OF,2500,CHC@LAD 04/24/2026 10:15PM ET,CHC,5.82
,,,,,,,,,,,,,,,OF,Starling Marte (42730630),Starling Marte,42730630,OF,2500,LAA@KC 04/24/2026 07:40PM ET,KC,2.88
,,,,,,,,,,,,,,,SS,Denzer Guzman (42730795),Denzer Guzman,42730795,SS,2500,LAA@KC 04/24/2026 07:40PM ET,LAA,0
,,,,,,,,,,,,,,,C,Pedro Pages (42730640),Pedro Pages,42730640,C,2500,SEA@STL 04/24/2026 08:15PM ET,STL,4.62
,,,,,,,,,,,,,,,1B/OF,Billy Cook (42730643),Billy Cook,42730643,1B/OF,2500,PIT@MIL 04/24/2026 07:40PM ET,PIT,1.93
,,,,,,,,,,,,,,,3B/SS,Jared Triolo (42730788),Jared Triolo,42730788,3B/SS,2500,PIT@MIL 04/24/2026 07:40PM ET,PIT,4.83
,,,,,,,,,,,,,,,OF,Drew Gilbert (42730636),Drew Gilbert,42730636,OF,2500,MIA@SF 04/24/2026 10:15PM ET,SF,4.25
,,,,,,,,,,,,,,,OF,Harrison Bader (42730790),Harrison Bader,42730790,OF,2500,MIA@SF 04/24/2026 10:15PM ET,SF,3
,,,,,,,,,,,,,,,C,Austin Hedges (42730664),Austin Hedges,42730664,C,2400,CLE@TOR 04/24/2026 07:07PM ET,CLE,4.8
,,,,,,,,,,,,,,,OF/SS,Jorge Mateo (42730648),Jorge Mateo,42730648,SS/OF,2400,PHI@ATL 04/24/2026 07:15PM ET,ATL,5.08
,,,,,,,,,,,,,,,2B/3B,Edmundo Sosa (42730651),Edmundo Sosa,42730651,2B/3B,2400,PHI@ATL 04/24/2026 07:15PM ET,PHI,5.29
,,,,,,,,,,,,,,,C,Rafael Marchan (42730665),Rafael Marchan,42730665,C,2400,PHI@ATL 04/24/2026 07:15PM ET,PHI,2.18
,,,,,,,,,,,,,,,3B,Nacho Alvarez Jr. (42730805),Nacho Alvarez Jr.,42730805,3B,2400,PHI@ATL 04/24/2026 07:15PM ET,ATL,0
,,,,,,,,,,,,,,,OF,Johan Rojas (42730806),Johan Rojas,42730806,OF,2400,PHI@ATL 04/24/2026 07:15PM ET,PHI,0
,,,,,,,,,,,,,,,OF,Michael Helman (42730801),Michael Helman,42730801,OF,2400,ATH@TEX 04/24/2026 08:05PM ET,TEX,0
,,,,,,,,,,,,,,,3B,Coby Mayo (42730653),Coby Mayo,42730653,3B,2400,BOS@BAL 04/24/2026 07:05PM ET,BAL,5.25
,,,,,,,,,,,,,,,OF,Ryan Vilade (42730666),Ryan Vilade,42730666,OF,2400,MIN@TB 04/24/2026 07:10PM ET,TB,3.79
,,,,,,,,,,,,,,,3B/OF,Ryan Kreidler (42730799),Ryan Kreidler,42730799,3B/OF,2400,MIN@TB 04/24/2026 07:10PM ET,MIN,9
,,,,,,,,,,,,,,,OF/SS,Luisangel Acuna (42730646),Luisangel Acuna,42730646,SS/OF,2400,WSH@CWS 04/24/2026 07:40PM ET,CWS,4.7
,,,,,,,,,,,,,,,OF,Zach Dezenzo (42730804),Zach Dezenzo,42730804,OF,2400,NYY@HOU 04/24/2026 08:10PM ET,HOU,0
,,,,,,,,,,,,,,,OF,Michael Conforto (42730659),Michael Conforto,42730659,OF,2400,CHC@LAD 04/24/2026 10:15PM ET,CHC,4.07
,,,,,,,,,,,,,,,2B/OF,Michael Massey (42730656),Michael Massey,42730656,2B/OF,2400,LAA@KC 04/24/2026 07:40PM ET,KC,3.93
,,,,,,,,,,,,,,,2B,Adam Frazier (42730660),Adam Frazier,42730660,2B,2400,LAA@KC 04/24/2026 07:40PM ET,LAA,4.61
,,,,,,,,,,,,,,,OF,Rob Refsnyder (42730654),Rob Refsnyder,42730654,OF,2400,SEA@STL 04/24/2026 08:15PM ET,SEA,2.08
,,,,,,,,,,,,,,,2B/OF,Jose Fermin (42730661),Jose Fermin,42730661,2B/OF,2400,SEA@STL 04/24/2026 08:15PM ET,STL,3.46
,,,,,,,,,,,,,,,3B,Nick Yorke (42730650),Nick Yorke,42730650,3B,2400,PIT@MIL 04/24/2026 07:40PM ET,PIT,5.06
,,,,,,,,,,,,,,,OF,Luis Matos (42730658),Luis Matos,42730658,OF,2400,PIT@MIL 04/24/2026 07:40PM ET,MIL,1.78
,,,,,,,,,,,,,,,OF,MJ Melendez (42730655),MJ Melendez,42730655,OF,2400,COL@NYM 04/24/2026 07:10PM ET,NYM,7.6
,,,,,,,,,,,,,,,C,Brett Sullivan (42730667),Brett Sullivan,42730667,C,2400,COL@NYM 04/24/2026 07:10PM ET,COL,2.87
,,,,,,,,,,,,,,,1B/OF,Jared Young (42730797),Jared Young,42730797,1B/OF,2400,COL@NYM 04/24/2026 07:10PM ET,NYM,3.36
,,,,,,,,,,,,,,,C,Patrick Bailey (42730663),Patrick Bailey,42730663,C,2400,MIA@SF 04/24/2026 10:15PM ET,SF,3.25
,,,,,,,,,,,,,,,2B/3B,Maximo Acosta (42730802),Maximo Acosta,42730802,2B/3B,2400,MIA@SF 04/24/2026 10:15PM ET,MIA,0
,,,,,,,,,,,,,,,1B/2B,Lenyn Sosa (42730674),Lenyn Sosa,42730674,1B/2B,2300,CLE@TOR 04/24/2026 07:07PM ET,TOR,3.47
,,,,,,,,,,,,,,,OF,Myles Straw (42730682),Myles Straw,42730682,OF,2300,CLE@TOR 04/24/2026 07:07PM ET,TOR,4.06
,,,,,,,,,,,,,,,1B/OF,CJ Kayfus (42730807),CJ Kayfus,42730807,1B/OF,2300,CLE@TOR 04/24/2026 07:07PM ET,CLE,4.33
,,,,,,,,,,,,,,,OF,Eli White (42730681),Eli White,42730681,OF,2300,PHI@ATL 04/24/2026 07:15PM ET,ATL,2.92
,,,,,,,,,,,,,,,2B/3B,Darell Hernaiz (42730672),Darell Hernaiz,42730672,2B/3B,2300,ATH@TEX 04/24/2026 08:05PM ET,ATH,3.38
,,,,,,,,,,,,,,,SS,Taylor Walls (42730669),Taylor Walls,42730669,SS,2300,MIN@TB 04/24/2026 07:10PM ET,TB,5.64
,,,,,,,,,,,,,,,C,Hunter Feduccia (42730677),Hunter Feduccia,42730677,C,2300,MIN@TB 04/24/2026 07:10PM ET,TB,3.23
,,,,,,,,,,,,,,,C,Reese McGuire (42730686),Reese McGuire,42730686,C,2300,WSH@CWS 04/24/2026 07:40PM ET,CWS,2.82
,,,,,,,,,,,,,,,C,J.C. Escarra (42730670),J.C. Escarra,42730670,C,2300,NYY@HOU 04/24/2026 08:10PM ET,NYY,4.29
,,,,,,,,,,,,,,,OF,Taylor Trammell (42730809),Taylor Trammell,42730809,OF,2300,NYY@HOU 04/24/2026 08:10PM ET,HOU,6.6
,,,,,,,,,,,,,,,2B/OF,Max Schuemann (42730811),Max Schuemann,42730811,2B/OF,2300,NYY@HOU 04/24/2026 08:10PM ET,NYY,0
,,,,,,,,,,,,,,,2B,Vaughn Grissom (42730680),Vaughn Grissom,42730680,2B,2300,LAA@KC 04/24/2026 07:40PM ET,LAA,4.88
,,,,,,,,,,,,,,,2B,Cole Young (42730676),Cole Young,42730676,2B,2300,SEA@STL 04/24/2026 08:15PM ET,SEA,6.42
,,,,,,,,,,,,,,,1B/OF,Connor Joe (42730684),Connor Joe,42730684,1B/OF,2300,SEA@STL 04/24/2026 08:15PM ET,SEA,3.33
,,,,,,,,,,,,,,,C,Jhonny Pereda (42730810),Jhonny Pereda,42730810,C,2300,SEA@STL 04/24/2026 08:15PM ET,SEA,0
,,,,,,,,,,,,,,,SS,Joey Ortiz (42730668),Joey Ortiz,42730668,SS,2300,PIT@MIL 04/24/2026 07:40PM ET,MIL,4.65
,,,,,,,,,,,,,,,OF,Greg Jones (42730683),Greg Jones,42730683,OF,2300,PIT@MIL 04/24/2026 07:40PM ET,MIL,2.6
,,,,,,,,,,,,,,,C,Luis Torrens (42730679),Luis Torrens,42730679,C,2300,COL@NYM 04/24/2026 07:10PM ET,NYM,3.78
,,,,,,,,,,,,,,,3B,Graham Pauley (42730671),Graham Pauley,42730671,3B,2300,MIA@SF 04/24/2026 10:15PM ET,MIA,3.55
,,,,,,,,,,,,,,,OF,Austin Slater (42730678),Austin Slater,42730678,OF,2300,MIA@SF 04/24/2026 10:15PM ET,MIA,2.42
,,,,,,,,,,,,,,,2B,Juan Brito (42730694),Juan Brito,42730694,2B,2200,CLE@TOR 04/24/2026 07:07PM ET,CLE,3.92
,,,,,,,,,,,,,,,C,Tyler Heineman (42730701),Tyler Heineman,42730701,C,2200,CLE@TOR 04/24/2026 07:07PM ET,TOR,2.47
,,,,,,,,,,,,,,,1B,Felix Reyes (42730703),Felix Reyes,42730703,1B,2200,PHI@ATL 04/24/2026 07:15PM ET,PHI,5.5
,,,,,,,,,,,,,,,C,Austin Wynns (42730699),Austin Wynns,42730699,C,2200,ATH@TEX 04/24/2026 08:05PM ET,ATH,1.89
,,,,,,,,,,,,,,,3B/SS,Andruw Monasterio (42730687),Andruw Monasterio,42730687,3B/SS,2200,BOS@BAL 04/24/2026 07:05PM ET,BOS,3.75
,,,,,,,,,,,,,,,3B,Caleb Durbin (42730693),Caleb Durbin,42730693,3B,2200,BOS@BAL 04/24/2026 07:05PM ET,BOS,3.87
,,,,,,,,,,,,,,,3B/OF,Weston Wilson (42730696),Weston Wilson,42730696,3B/OF,2200,BOS@BAL 04/24/2026 07:05PM ET,BAL,6.8
,,,,,,,,,,,,,,,OF,Heston Kjerstad (42730813),Heston Kjerstad,42730813,OF,2200,BOS@BAL 04/24/2026 07:05PM ET,BAL,0
,,,,,,,,,,,,,,,3B/OF,Tanner Murray (42730691),Tanner Murray,42730691,3B/OF,2200,WSH@CWS 04/24/2026 07:40PM ET,CWS,3.09
,,,,,,,,,,,,,,,OF,Tristan Peters (42730704),Tristan Peters,42730704,OF,2200,WSH@CWS 04/24/2026 07:40PM ET,CWS,3.41
,,,,,,,,,,,,,,,OF,Randal Grichuk (42730700),Randal Grichuk,42730700,OF,2200,NYY@HOU 04/24/2026 08:10PM ET,NYY,2.6
,,,,,,,,,,,,,,,C,Elias Diaz (42730695),Elias Diaz,42730695,C,2200,LAA@KC 04/24/2026 07:40PM ET,KC,4
,,,,,,,,,,,,,,,OF,Bryce Teodosio (42730702),Bryce Teodosio,42730702,OF,2200,LAA@KC 04/24/2026 07:40PM ET,LAA,1.10
,,,,,,,,,,,,,,,OF/SS,Thomas Saggese (42730689),Thomas Saggese,42730689,SS/OF,2200,SEA@STL 04/24/2026 08:15PM ET,STL,3.31
,,,,,,,,,,,,,,,2B,Christian Koss (42730698),Christian Koss,42730698,2B,2200,MIA@SF 04/24/2026 10:15PM ET,SF,1
,,,,,,,,,,,,,,,OF,Grant McCray (42730814),Grant McCray,42730814,OF,2200,MIA@SF 04/24/2026 10:15PM ET,SF,0
,,,,,,,,,,,,,,,C,Brandon Valenzuela (42730716),Brandon Valenzuela,42730716,C,2100,CLE@TOR 04/24/2026 07:07PM ET,TOR,2.67
,,,,,,,,,,,,,,,2B/OF,Dylan Moore (42730717),Dylan Moore,42730717,2B/OF,2100,PHI@ATL 04/24/2026 07:15PM ET,PHI,1.18
,,,,,,,,,,,,,,,C,Carlos Narvaez (42730706),Carlos Narvaez,42730706,C,2100,BOS@BAL 04/24/2026 07:05PM ET,BOS,4.56
,,,,,,,,,,,,,,,OF,Johnathan Rodriguez (42730714),Johnathan Rodriguez,42730714,OF,2100,BOS@BAL 04/24/2026 07:05PM ET,BAL,1.6
,,,,,,,,,,,,,,,3B,Ryan McMahon (42730719),Ryan McMahon,42730719,3B,2100,NYY@HOU 04/24/2026 08:10PM ET,NYY,2.78
,,,,,,,,,,,,,,,OF,Isaac Collins (42730713),Isaac Collins,42730713,OF,2100,LAA@KC 04/24/2026 07:40PM ET,KC,4
,,,,,,,,,,,,,,,C,Yohel Pozo (42730705),Yohel Pozo,42730705,C,2100,SEA@STL 04/24/2026 08:15PM ET,STL,2
,,,,,,,,,,,,,,,3B/SS,Leo Rivas (42730707),Leo Rivas,42730707,3B/SS,2100,SEA@STL 04/24/2026 08:15PM ET,SEA,3.7
,,,,,,,,,,,,,,,OF,Tyrone Taylor (42730715),Tyrone Taylor,42730715,OF,2100,COL@NYM 04/24/2026 07:10PM ET,NYM,2.94
,,,,,,,,,,,,,,,2B/SS,Leo Jimenez (42730709),Leo Jimenez,42730709,2B/SS,2100,MIA@SF 04/24/2026 10:15PM ET,MIA,2.43
,,,,,,,,,,,,,,,1B/OF,Jerar Encarnacion (42730711),Jerar Encarnacion,42730711,1B/OF,2100,MIA@SF 04/24/2026 10:15PM ET,SF,1.83
,,,,,,,,,,,,,,,SS,Kahlil Watson (42730864),Kahlil Watson,42730864,SS,2000,CLE@TOR 04/24/2026 07:07PM ET,CLE,0
,,,,,,,,,,,,,,,1B/3B,Juan Yepez (42730872),Juan Yepez,42730872,1B/3B,2000,CLE@TOR 04/24/2026 07:07PM ET,TOR,0
,,,,,,,,,,,,,,,SS,Angel Genao (42730878),Angel Genao,42730878,SS,2000,CLE@TOR 04/24/2026 07:07PM ET,CLE,0
,,,,,,,,,,,,,,,OF,Jonatan Clase (42730897),Jonatan Clase,42730897,OF,2000,CLE@TOR 04/24/2026 07:07PM ET,TOR,0
,,,,,,,,,,,,,,,C,Garrett Stubbs (42730735),Garrett Stubbs,42730735,C,2000,PHI@ATL 04/24/2026 07:15PM ET,PHI,2
,,,,,,,,,,,,,,,1B/3B,Kyle Farmer (42730736),Kyle Farmer,42730736,1B/3B,2000,PHI@ATL 04/24/2026 07:15PM ET,ATL,3.2
,,,,,,,,,,,,,,,OF,Gabriel Rincones Jr. (42730859),Gabriel Rincones Jr.,42730859,OF,2000,PHI@ATL 04/24/2026 07:15PM ET,PHI,0
,,,,,,,,,,,,,,,SS,Christian Cairo (42730862),Christian Cairo,42730862,SS,2000,PHI@ATL 04/24/2026 07:15PM ET,PHI,0
,,,,,,,,,,,,,,,OF,Jurickson Profar (42730879),Jurickson Profar,42730879,OF,2000,PHI@ATL 04/24/2026 07:15PM ET,ATL,0
,,,,,,,,,,,,,,,1B/OF,Otto Kemp (42730908),Otto Kemp,42730908,1B/OF,2000,PHI@ATL 04/24/2026 07:15PM ET,PHI,1
,,,,,,,,,,,,,,,OF,Steward Berroa (42730920),Steward Berroa,42730920,OF,2000,PHI@ATL 04/24/2026 07:15PM ET,PHI,0
,,,,,,,,,,,,,,,OF,Alejandro Osuna (42730722),Alejandro Osuna,42730722,OF,2000,ATH@TEX 04/24/2026 08:05PM ET,TEX,9
,,,,,,,,,,,,,,,2B/OF,Tyler Wade (42730818),Tyler Wade,42730818,2B/OF,2000,ATH@TEX 04/24/2026 08:05PM ET,TEX,0
,,,,,,,,,,,,,,,2B,Cody Freeman (42730821),Cody Freeman,42730821,2B,2000,ATH@TEX 04/24/2026 08:05PM ET,TEX,0
,,,,,,,,,,,,,,,OF,Mark Canha (42730822),Mark Canha,42730822,OF,2000,ATH@TEX 04/24/2026 08:05PM ET,TEX,0
,,,,,,,,,,,,,,,C,Willie MacIver (42730823),Willie MacIver,42730823,C,2000,ATH@TEX 04/24/2026 08:05PM ET,TEX,0
,,,,,,,,,,,,,,,1B/2B,Justin Foscue (42730824),Justin Foscue,42730824,1B/2B,2000,ATH@TEX 04/24/2026 08:05PM ET,TEX,0
,,,,,,,,,,,,,,,OF,Denzel Clarke (42730834),Denzel Clarke,42730834,OF,2000,ATH@TEX 04/24/2026 08:05PM ET,ATH,3.04
,,,,,,,,,,,,,,,3B,Brett Harris (42730835),Brett Harris,42730835,3B,2000,ATH@TEX 04/24/2026 08:05PM ET,ATH,0
,,,,,,,,,,,,,,,OF,Junior Perez (42730840),Junior Perez,42730840,OF,2000,ATH@TEX 04/24/2026 08:05PM ET,ATH,0
,,,,,,,,,,,,,,,2B/3B,Isiah Kiner-Falefa (42730732),Isiah Kiner-Falefa,42730732,2B/3B,2000,BOS@BAL 04/24/2026 07:05PM ET,BOS,2.83
,,,,,,,,,,,,,,,C,Maverick Handley (42730817),Maverick Handley,42730817,C,2000,BOS@BAL 04/24/2026 07:05PM ET,BAL,0
,,,,,,,,,,,,,,,1B,Ryan Mountcastle (42730820),Ryan Mountcastle,42730820,1B,2000,BOS@BAL 04/24/2026 07:05PM ET,BAL,2.25
,,,,,,,,,,,,,,,OF,Reed Trimble (42730843),Reed Trimble,42730843,OF,2000,BOS@BAL 04/24/2026 07:05PM ET,BAL,0
,,,,,,,,,,,,,,,1B,Triston Casas (42730882),Triston Casas,42730882,1B,2000,BOS@BAL 04/24/2026 07:05PM ET,BOS,0
,,,,,,,,,,,,,,,2B,Kristian Campbell (42730887),Kristian Campbell,42730887,2B,2000,BOS@BAL 04/24/2026 07:05PM ET,BOS,0
,,,,,,,,,,,,,,,3B,Anthony Seigler (42730896),Anthony Seigler,42730896,3B,2000,BOS@BAL 04/24/2026 07:05PM ET,BOS,0
,,,,,,,,,,,,,,,2B/OF,Nick Sogard (42730898),Nick Sogard,42730898,2B/OF,2000,BOS@BAL 04/24/2026 07:05PM ET,BOS,0
,,,,,,,,,,,,,,,C,Mickey Gasper (42730903),Mickey Gasper,42730903,C,2000,BOS@BAL 04/24/2026 07:05PM ET,BOS,0
,,,,,,,,,,,,,,,2B/SS,Tsung-Che Cheng (42730912),Tsung-Che Cheng,42730912,2B/SS,2000,BOS@BAL 04/24/2026 07:05PM ET,BOS,0
,,,,,,,,,,,,,,,OF,James Outman (42730731),James Outman,42730731,OF,2000,MIN@TB 04/24/2026 07:10PM ET,MIN,1.65
,,,,,,,,,,,,,,,OF,Jacob Melton (42730826),Jacob Melton,42730826,OF,2000,MIN@TB 04/24/2026 07:10PM ET,TB,0
,,,,,,,,,,,,,,,OF,Gabriel Gonzalez (42730841),Gabriel Gonzalez,42730841,OF,2000,MIN@TB 04/24/2026 07:10PM ET,MIN,0
,,,,,,,,,,,,,,,C,Dom Keegan (42730848),Dom Keegan,42730848,C,2000,MIN@TB 04/24/2026 07:10PM ET,TB,0
,,,,,,,,,,,,,,,2B/SS,Jadher Areinamo (42730851),Jadher Areinamo,42730851,2B/SS,2000,MIN@TB 04/24/2026 07:10PM ET,TB,0
,,,,,,,,,,,,,,,OF,Emmanuel Rodriguez (42730857),Emmanuel Rodriguez,42730857,OF,2000,MIN@TB 04/24/2026 07:10PM ET,MIN,0
,,,,,,,,,,,,,,,OF,Hendry Mendez (42730870),Hendry Mendez,42730870,OF,2000,MIN@TB 04/24/2026 07:10PM ET,MIN,0
,,,,,,,,,,,,,,,1B,Eric Wagaman (42730881),Eric Wagaman,42730881,1B,2000,MIN@TB 04/24/2026 07:10PM ET,MIN,0
,,,,,,,,,,,,,,,OF,Victor Mesa Jr. (42730889),Victor Mesa Jr.,42730889,OF,2000,MIN@TB 04/24/2026 07:10PM ET,TB,0
,,,,,,,,,,,,,,,OF,Alan Roden (42730893),Alan Roden,42730893,OF,2000,MIN@TB 04/24/2026 07:10PM ET,MIN,0
,,,,,,,,,,,,,,,OF,Justyn-Henry Malloy (42730900),Justyn-Henry Malloy,42730900,OF,2000,MIN@TB 04/24/2026 07:10PM ET,TB,0
,,,,,,,,,,,,,,,C,Harry Ford (42730830),Harry Ford,42730830,C,2000,WSH@CWS 04/24/2026 07:40PM ET,WSH,0
,,,,,,,,,,,,,,,1B/OF,Abimelec Ortiz (42730849),Abimelec Ortiz,42730849,1B/OF,2000,WSH@CWS 04/24/2026 07:40PM ET,WSH,0
,,,,,,,,,,,,,,,OF,Christian Franklin (42730867),Christian Franklin,42730867,OF,2000,WSH@CWS 04/24/2026 07:40PM ET,WSH,0
,,,,,,,,,,,,,,,OF,Robert Hassell III (42730888),Robert Hassell III,42730888,OF,2000,WSH@CWS 04/24/2026 07:40PM ET,WSH,0
,,,,,,,,,,,,,,,1B,Andres Chaparro (42730911),Andres Chaparro,42730911,1B,2000,WSH@CWS 04/24/2026 07:40PM ET,WSH,4
,,,,,,,,,,,,,,,OF,Daniel Johnson (42730726),Daniel Johnson,42730726,OF,2000,NYY@HOU 04/24/2026 08:10PM ET,HOU,2
,,,,,,,,,,,,,,,3B/SS,Braden Shewmake (42730727),Braden Shewmake,42730727,3B/SS,2000,NYY@HOU 04/24/2026 08:10PM ET,HOU,0
,,,,,,,,,,,,,,,OF,Spencer Jones (42730866),Spencer Jones,42730866,OF,2000,NYY@HOU 04/24/2026 08:10PM ET,NYY,0
,,,,,,,,,,,,,,,3B,Oswaldo Cabrera (42730886),Oswaldo Cabrera,42730886,3B,2000,NYY@HOU 04/24/2026 08:10PM ET,NYY,0
,,,,,,,,,,,,,,,SS,Nick Allen (42730904),Nick Allen,42730904,SS,2000,NYY@HOU 04/24/2026 08:10PM ET,HOU,2.21
,,,,,,,,,,,,,,,2B,Scott Kingery (42730725),Scott Kingery,42730725,2B,2000,CHC@LAD 04/24/2026 10:15PM ET,CHC,1.5
,,,,,,,,,,,,,,,OF,Michael Siani (42730831),Michael Siani,42730831,OF,2000,CHC@LAD 04/24/2026 10:15PM ET,LAD,0
,,,,,,,,,,,,,,,OF,Justin Dean (42730832),Justin Dean,42730832,OF,2000,CHC@LAD 04/24/2026 10:15PM ET,CHC,0
,,,,,,,,,,,,,,,OF,Kevin Alcantara (42730833),Kevin Alcantara,42730833,OF,2000,CHC@LAD 04/24/2026 10:15PM ET,CHC,0
,,,,,,,,,,,,,,,3B/SS,Ben Cowles (42730844),Ben Cowles,42730844,3B/SS,2000,CHC@LAD 04/24/2026 10:15PM ET,CHC,0
,,,,,,,,,,,,,,,1B/OF,Tyler Austin (42730860),Tyler Austin,42730860,1B/OF,2000,CHC@LAD 04/24/2026 10:15PM ET,CHC,0
,,,,,,,,,,,,,,,2B,James Triantos (42730868),James Triantos,42730868,2B,2000,CHC@LAD 04/24/2026 10:15PM ET,CHC,0
,,,,,,,,,,,,,,,2B/3B,Pedro Ramirez (42730874),Pedro Ramirez,42730874,2B/3B,2000,CHC@LAD 04/24/2026 10:15PM ET,CHC,0
,,,,,,,,,,,,,,,OF,Ryan Ward (42730918),Ryan Ward,42730918,OF,2000,CHC@LAD 04/24/2026 10:15PM ET,LAD,4
,,,,,,,,,,,,,,,OF,Lane Thomas (42730721),Lane Thomas,42730721,OF,2000,LAA@KC 04/24/2026 07:40PM ET,KC,3.45
,,,,,,,,,,,,,,,OF,John Rave (42730815),John Rave,42730815,OF,2000,LAA@KC 04/24/2026 07:40PM ET,KC,0
,,,,,,,,,,,,,,,OF,Tyler Tolbert (42730816),Tyler Tolbert,42730816,OF,2000,LAA@KC 04/24/2026 07:40PM ET,KC,1.25
,,,,,,,,,,,,,,,2B/3B,Anthony Rendon (42730853),Anthony Rendon,42730853,2B/3B,2000,LAA@KC 04/24/2026 07:40PM ET,LAA,0
,,,,,,,,,,,,,,,OF,Kameron Misner (42730880),Kameron Misner,42730880,OF,2000,LAA@KC 04/24/2026 07:40PM ET,KC,0
,,,,,,,,,,,,,,,OF,Kyren Paris (42730890),Kyren Paris,42730890,OF,2000,LAA@KC 04/24/2026 07:40PM ET,LAA,0
,,,,,,,,,,,,,,,OF,Matthew Lugo (42730906),Matthew Lugo,42730906,OF,2000,LAA@KC 04/24/2026 07:40PM ET,LAA,0
,,,,,,,,,,,,,,,C,Mitch Garver (42730720),Mitch Garver,42730720,C,2000,SEA@STL 04/24/2026 08:15PM ET,SEA,2.67
,,,,,,,,,,,,,,,2B/3B,Will Wilson (42730729),Will Wilson,42730729,2B/3B,2000,SEA@STL 04/24/2026 08:15PM ET,SEA,0
,,,,,,,,,,,,,,,1B/3B,Patrick Wisdom (42730855),Patrick Wisdom,42730855,1B/3B,2000,SEA@STL 04/24/2026 08:15PM ET,SEA,0
,,,,,,,,,,,,,,,C,Leo Bernal (42730858),Leo Bernal,42730858,C,2000,SEA@STL 04/24/2026 08:15PM ET,STL,0
,,,,,,,,,,,,,,,OF,Joshua Baez (42730863),Joshua Baez,42730863,OF,2000,SEA@STL 04/24/2026 08:15PM ET,STL,0
,,,,,,,,,,,,,,,OF,Bryan Torres (42730869),Bryan Torres,42730869,OF,2000,SEA@STL 04/24/2026 08:15PM ET,STL,0
,,,,,,,,,,,,,,,2B,Ryan Bliss (42730895),Ryan Bliss,42730895,2B,2000,SEA@STL 04/24/2026 08:15PM ET,SEA,0
,,,,,,,,,,,,,,,3B,Miles Mastrobuoni (42730914),Miles Mastrobuoni,42730914,3B,2000,SEA@STL 04/24/2026 08:15PM ET,SEA,0
,,,,,,,,,,,,,,,C,Jimmy Crooks (42730917),Jimmy Crooks,42730917,C,2000,SEA@STL 04/24/2026 08:15PM ET,STL,0
,,,,,,,,,,,,,,,3B/SS,Cesar Prieto (42730921),Cesar Prieto,42730921,3B/SS,2000,SEA@STL 04/24/2026 08:15PM ET,STL,0
,,,,,,,,,,,,,,,OF,Jhostynxon Garcia (42730827),Jhostynxon Garcia,42730827,OF,2000,PIT@MIL 04/24/2026 07:40PM ET,PIT,0
,,,,,,,,,,,,,,,1B,Tyler Black (42730836),Tyler Black,42730836,1B,2000,PIT@MIL 04/24/2026 07:40PM ET,MIL,0
,,,,,,,,,,,,,,,C,Jeferson Quero (42730837),Jeferson Quero,42730837,C,2000,PIT@MIL 04/24/2026 07:40PM ET,MIL,2
,,,,,,,,,,,,,,,OF,Esmerlyn Valdez (42730838),Esmerlyn Valdez,42730838,OF,2000,PIT@MIL 04/24/2026 07:40PM ET,PIT,0
,,,,,,,,,,,,,,,SS,Jack Brannigan (42730839),Jack Brannigan,42730839,SS,2000,PIT@MIL 04/24/2026 07:40PM ET,PIT,0
,,,,,,,,,,,,,,,SS,Cooper Pratt (42730876),Cooper Pratt,42730876,SS,2000,PIT@MIL 04/24/2026 07:40PM ET,MIL,0
,,,,,,,,,,,,,,,OF,Akil Baddoo (42730885),Akil Baddoo,42730885,OF,2000,PIT@MIL 04/24/2026 07:40PM ET,MIL,0
,,,,,,,,,,,,,,,1B/C,Endy Rodriguez (42730891),Endy Rodriguez,42730891,C/1B,2000,PIT@MIL 04/24/2026 07:40PM ET,PIT,0
,,,,,,,,,,,,,,,OF,Tyler Callihan (42730905),Tyler Callihan,42730905,OF,2000,PIT@MIL 04/24/2026 07:40PM ET,PIT,0
,,,,,,,,,,,,,,,1B,Rafael Flores (42730910),Rafael Flores,42730910,1B,2000,PIT@MIL 04/24/2026 07:40PM ET,PIT,0
,,,,,,,,,,,,,,,OF,Tommy Pham (42730723),Tommy Pham,42730723,OF,2000,COL@NYM 04/24/2026 07:10PM ET,NYM,0.57
,,,,,,,,,,,,,,,2B/OF,Nick Morabito (42730846),Nick Morabito,42730846,2B/OF,2000,COL@NYM 04/24/2026 07:10PM ET,NYM,0
,,,,,,,,,,,,,,,OF,Sterlin Thompson (42730871),Sterlin Thompson,42730871,OF,2000,COL@NYM 04/24/2026 07:10PM ET,COL,0
,,,,,,,,,,,,,,,3B/OF,Kris Bryant (42730883),Kris Bryant,42730883,3B/OF,2000,COL@NYM 04/24/2026 07:10PM ET,COL,0
,,,,,,,,,,,,,,,OF,Zac Veen (42730894),Zac Veen,42730894,OF,2000,COL@NYM 04/24/2026 07:10PM ET,COL,0
,,,,,,,,,,,,,,,3B,Ronny Mauricio (42730901),Ronny Mauricio,42730901,3B,2000,COL@NYM 04/24/2026 07:10PM ET,NYM,1.67
,,,,,,,,,,,,,,,2B,Adael Amador (42730902),Adael Amador,42730902,2B,2000,COL@NYM 04/24/2026 07:10PM ET,COL,0
,,,,,,,,,,,,,,,C,Hayden Senger (42730907),Hayden Senger,42730907,C,2000,COL@NYM 04/24/2026 07:10PM ET,NYM,0
,,,,,,,,,,,,,,,2B,Ryan Ritter (42730915),Ryan Ritter,42730915,2B,2000,COL@NYM 04/24/2026 07:10PM ET,COL,0.83
,,,,,,,,,,,,,,,C,Braxton Fulford (42730919),Braxton Fulford,42730919,C,2000,COL@NYM 04/24/2026 07:10PM ET,COL,7
,,,,,,,,,,,,,,,C,Eric Haase (42730724),Eric Haase,42730724,C,2000,MIA@SF 04/24/2026 10:15PM ET,SF,0
,,,,,,,,,,,,,,,OF,Will Brennan (42730734),Will Brennan,42730734,OF,2000,MIA@SF 04/24/2026 10:15PM ET,SF,0
,,,,,,,,,,,,,,,OF,Esteury Ruiz (42730828),Esteury Ruiz,42730828,OF,2000,MIA@SF 04/24/2026 10:15PM ET,MIA,0
,,,,,,,,,,,,,,,1B,Deyvison De Los Santos (42730829),Deyvison De Los Santos,42730829,1B,2000,MIA@SF 04/24/2026 10:15PM ET,MIA,2.67
,,,,,,,,,,,,,,,SS,Jared Serna (42730842),Jared Serna,42730842,SS,2000,MIA@SF 04/24/2026 10:15PM ET,MIA,0
,,,,,,,,,,,,,,,C,Jesus Rodriguez (42730865),Jesus Rodriguez,42730865,C,2000,MIA@SF 04/24/2026 10:15PM ET,SF,0
,,,,,,,,,,,,,,,C,Joe Mack (42730877),Joe Mack,42730877,C,2000,MIA@SF 04/24/2026 10:15PM ET,MIA,0
,,,,,,,,,,,,,,,OF,Jared Oliva (42730916),Jared Oliva,42730916,OF,2000,MIA@SF 04/24/2026 10:15PM ET,SF,1.43
