Entry ID,Contest Name,Contest ID,Entry Fee,P,P,C,1B,2B,3B,SS,OF,OF,OF,Instructions,,,,,,,,
5114090372,MLB $25K mini-MAX [150 Entry Max],189644296,$0.50,Bryan Woo (42633717),MacKenzie Gore (42633720),Drake Baldwin (42633770),Yandy Diaz (42633762),Ozzie Albies (42633823),Isaac Paredes (42633798),Carlos Correa (42633774),Chase DeLauter (42633790),Masataka Yoshida (42633899),Randal Grichuk (42634014),1. Column A lists all of your contest entries for this draftgroup,,,,,,,,
5114090373,MLB $25K mini-MAX [150 Entry Max],189644296,$0.50,Bryan Woo (42633717),MacKenzie Gore (42633720),Drake Baldwin (42633770),Matt Olson (42633776),Jose Altuve (42633755),Isaac Paredes (42633798),Trevor Story (42633824),Chase DeLauter (42633790),Masataka Yoshida (42633899),Randal Grichuk (42634014),2. Your current lineup is listed next to each entry (blank for reservations),,,,,,,,
5114090374,MLB $25K mini-MAX [150 Entry Max],189644296,$0.50,Kevin Gausman (42633716),Bryan Woo (42633717),Drake Baldwin (42633770),Yandy Diaz (42633762),Jose Altuve (42633755),Isaac Paredes (42633798),Jose Caballero (42633950),Chase DeLauter (42633790),Masataka Yoshida (42633899),Randal Grichuk (42634014),3. You can change the lineup for an entry by entering the IDs of the players in the row next to that entry,,,,,,,,
5114090375,MLB $25K mini-MAX [150 Entry Max],189644296,$0.50,Kevin Gausman (42633716),Bryan Woo (42633717),Drake Baldwin (42633770),Willson Contreras (42633784),Ozzie Albies (42633823),Isaac Paredes (42633798),Carlos Correa (42633774),Chase DeLauter (42633790),Masataka Yoshida (42633899),Eloy Jimenez (42634034),4. Use data from the Name+ID column or the ID column; you cannot use just the player's name,,,,,,,,
5114090376,MLB $25K mini-MAX [150 Entry Max],189644296,$0.50,Kevin Gausman (42633716),Bryan Woo (42633717),Drake Baldwin (42633770),Freddie Freeman (42633751),Ozzie Albies (42633823),Isaac Paredes (42633798),Carlos Correa (42633774),Chase DeLauter (42633790),Randal Grichuk (42634014),Bryce Teodosio (42634029),5. For faster processing only include entries you are changing in the file you upload,,,,,,,,
5114090377,MLB $25K mini-MAX [150 Entry Max],189644296,$0.50,Kevin Gausman (42633716),Bryan Woo (42633717),Drake Baldwin (42633770),Willson Contreras (42633784),Jose Altuve (42633755),Isaac Paredes (42633798),Trevor Story (42633824),Chase DeLauter (42633790),Randal Grichuk (42634014),Eloy Jimenez (42634034),,,,,,,,,
5114090378,MLB $25K mini-MAX [150 Entry Max],189644296,$0.50,Bryan Woo (42633717),MacKenzie Gore (42633720),Drake Baldwin (42633770),Yandy Diaz (42633762),Ozzie Albies (42633823),Isaac Paredes (42633798),Carlos Correa (42633774),Chase DeLauter (42633790),Masataka Yoshida (42633899),Randal Grichuk (42634014),Position,Name + ID,Name,ID,Roster Position,Salary,Game Info,TeamAbbrev,AvgPointsPerGame
5114090379,MLB $25K mini-MAX [150 Entry Max],189644296,$0.50,Bryan Woo (42633717),MacKenzie Gore (42633720),Drake Baldwin (42633770),Matt Olson (42633776),Jose Altuve (42633755),Isaac Paredes (42633798),Trevor Story (42633824),Chase DeLauter (42633790),Masataka Yoshida (42633899),Randal Grichuk (42634014),SP,Garrett Crochet (42634170),Garrett Crochet,42634170,P,10200,BOS@MIN 04/14/2026 07:40PM ET,BOS,10.59
5114090380,MLB $25K mini-MAX [150 Entry Max],189644296,$0.50,Kevin Gausman (42633716),Bryan Woo (42633717),Drake Baldwin (42633770),Jonathan Aranda (42633795),Isaac Paredes (42633798),Yandy Diaz (42633762),Carlos Correa (42633774),Chase DeLauter (42633790),Randal Grichuk (42634014),Eloy Jimenez (42634034),SP,Max Fried (42634171),Max Fried,42634171,P,10000,LAA@NYY 04/14/2026 07:05PM ET,NYY,21.3
5114090381,MLB $25K mini-MAX [150 Entry Max],189644296,$0.50,Bryan Woo (42633717),Yoshinobu Yamamoto (42633719),Drake Baldwin (42633770),Matt Olson (42633776),Isaac Paredes (42633798),Yandy Diaz (42633762),Carlos Correa (42633774),Chase DeLauter (42633790),Randal Grichuk (42634014),Ryan Vilade (42634033),SP,Sandy Alcantara (42634172),Sandy Alcantara,42634172,P,9800,MIA@ATL 04/14/2026 07:15PM ET,MIA,22.76
5114090076,MLB $300 Dime Time [Just $0.10!],189658994,$0.10,Kevin Gausman (42633716),Bryan Woo (42633717),Drake Baldwin (42633770),Freddie Freeman (42633751),Ozzie Albies (42633823),Isaac Paredes (42633798),Carlos Correa (42633774),Chase DeLauter (42633790),Randal Grichuk (42634014),Bryce Teodosio (42634029),SP,Chris Sale (42634173),Chris Sale,42634173,P,9700,MIA@ATL 04/14/2026 07:15PM ET,ATL,18.48
5114090077,MLB $300 Dime Time [Just $0.10!],189658994,$0.10,Kevin Gausman (42633716),Bryan Woo (42633717),Drake Baldwin (42633770),Yandy Diaz (42633762),Jose Altuve (42633755),Isaac Paredes (42633798),Trevor Story (42633824),Chase DeLauter (42633790),Randal Grichuk (42634014),Ryan Vilade (42634033),SP,Hunter Brown (42634174),Hunter Brown,42634174,P,9600,COL@HOU 04/14/2026 08:10PM ET,HOU,26.7
5114090078,MLB $300 Dime Time [Just $0.10!],189658994,$0.10,Bryan Woo (42633717),MacKenzie Gore (42633720),Drake Baldwin (42633770),Yandy Diaz (42633762),Ozzie Albies (42633823),Isaac Paredes (42633798),Carlos Correa (42633774),Chase DeLauter (42633790),Masataka Yoshida (42633899),Randal Grichuk (42634014),SP,Kevin Gausman (42633716),Kevin Gausman,42633716,P,9500,TOR@MIL 04/14/2026 07:40PM ET,TOR,25.47
5114090079,MLB $300 Dime Time [Just $0.10!],189658994,$0.10,Bryan Woo (42633717),MacKenzie Gore (42633720),Drake Baldwin (42633770),Matt Olson (42633776),Jose Altuve (42633755),Isaac Paredes (42633798),Trevor Story (42633824),Chase DeLauter (42633790),Masataka Yoshida (42633899),Randal Grichuk (42634014),SP,Dylan Cease (42634175),Dylan Cease,42634175,P,9500,TOR@MIL 04/14/2026 07:40PM ET,TOR,21.27
5114090080,MLB $300 Dime Time [Just $0.10!],189658994,$0.10,Kevin Gausman (42633716),Bryan Woo (42633717),Drake Baldwin (42633770),Jonathan Aranda (42633795),Isaac Paredes (42633798),Yandy Diaz (42633762),Carlos Correa (42633774),Chase DeLauter (42633790),Randal Grichuk (42634014),Eloy Jimenez (42634034),SP,Bryan Woo (42633717),Bryan Woo,42633717,P,9300,SEA@SD 04/14/2026 09:40PM ET,SEA,19.83
5114090081,MLB $300 Dime Time [Just $0.10!],189658994,$0.10,Bryan Woo (42633717),Yoshinobu Yamamoto (42633719),Drake Baldwin (42633770),Matt Olson (42633776),Isaac Paredes (42633798),Yandy Diaz (42633762),Carlos Correa (42633774),Chase DeLauter (42633790),Randal Grichuk (42634014),Ryan Vilade (42634033),SP,Luis Castillo (42634176),Luis Castillo,42634176,P,9300,SEA@SD 04/14/2026 09:40PM ET,SEA,7.62
5114090082,MLB $300 Dime Time [Just $0.10!],189658994,$0.10,Kevin Gausman (42633716),Bryan Woo (42633717),Drake Baldwin (42633770),Freddie Freeman (42633751),Ozzie Albies (42633823),Isaac Paredes (42633798),Carlos Correa (42633774),Chase DeLauter (42633790),Randal Grichuk (42634014),Bryce Teodosio (42634029),SP,Logan Gilbert (42634177),Logan Gilbert,42634177,P,9300,SEA@SD 04/14/2026 09:40PM ET,SEA,17.41
5114090083,MLB $300 Dime Time [Just $0.10!],189658994,$0.10,Kevin Gausman (42633716),Bryan Woo (42633717),Drake Baldwin (42633770),Yandy Diaz (42633762),Jose Altuve (42633755),Isaac Paredes (42633798),Trevor Story (42633824),Chase DeLauter (42633790),Randal Grichuk (42634014),Ryan Vilade (42634033),SP,Jacob Misiorowski (42633718),Jacob Misiorowski,42633718,P,9000,TOR@MIL 04/14/2026 07:40PM ET,MIL,24.45
5114090084,MLB $300 Dime Time [Just $0.10!],189658994,$0.10,Bryan Woo (42633717),MacKenzie Gore (42633720),Drake Baldwin (42633770),Yandy Diaz (42633762),Ozzie Albies (42633823),Isaac Paredes (42633798),Carlos Correa (42633774),Chase DeLauter (42633790),Masataka Yoshida (42633899),Randal Grichuk (42634014),SP,Brandon Woodruff (42634178),Brandon Woodruff,42634178,P,9000,TOR@MIL 04/14/2026 07:40PM ET,MIL,15.37
5114090085,MLB $300 Dime Time [Just $0.10!],189658994,$0.10,Bryan Woo (42633717),MacKenzie Gore (42633720),Drake Baldwin (42633770),Matt Olson (42633776),Jose Altuve (42633755),Isaac Paredes (42633798),Trevor Story (42633824),Chase DeLauter (42633790),Masataka Yoshida (42633899),Randal Grichuk (42634014),SP,Logan Henderson (42634179),Logan Henderson,42634179,P,9000,TOR@MIL 04/14/2026 07:40PM ET,MIL,4.1
5114090086,MLB $300 Dime Time [Just $0.10!],189658994,$0.10,Kevin Gausman (42633716),Bryan Woo (42633717),Drake Baldwin (42633770),Jonathan Aranda (42633795),Isaac Paredes (42633798),Yandy Diaz (42633762),Carlos Correa (42633774),Chase DeLauter (42633790),Randal Grichuk (42634014),Eloy Jimenez (42634034),RP,Kyle Harrison (42634181),Kyle Harrison,42634181,P,9000,TOR@MIL 04/14/2026 07:40PM ET,MIL,15.6
5114090087,MLB $300 Dime Time [Just $0.10!],189658994,$0.10,Bryan Woo (42633717),Yoshinobu Yamamoto (42633719),Drake Baldwin (42633770),Matt Olson (42633776),Isaac Paredes (42633798),Yandy Diaz (42633762),Carlos Correa (42633774),Chase DeLauter (42633790),Randal Grichuk (42634014),Ryan Vilade (42634033),SP,Cam Schlittler (42634180),Cam Schlittler,42634180,P,9000,LAA@NYY 04/14/2026 07:05PM ET,NYY,23.79
5114090088,MLB $300 Dime Time [Just $0.10!],189658994,$0.10,Kevin Gausman (42633716),Bryan Woo (42633717),Drake Baldwin (42633770),Freddie Freeman (42633751),Ozzie Albies (42633823),Isaac Paredes (42633798),Carlos Correa (42633774),Chase DeLauter (42633790),Randal Grichuk (42634014),Bryce Teodosio (42634029),SP,Gerrit Cole (42634182),Gerrit Cole,42634182,P,9000,LAA@NYY 04/14/2026 07:05PM ET,NYY,0
5114090089,MLB $300 Dime Time [Just $0.10!],189658994,$0.10,Kevin Gausman (42633716),Bryan Woo (42633717),Drake Baldwin (42633770),Yandy Diaz (42633762),Jose Altuve (42633755),Isaac Paredes (42633798),Trevor Story (42633824),Chase DeLauter (42633790),Randal Grichuk (42634014),Ryan Vilade (42634033),SP,Carlos Rodon (42634183),Carlos Rodon,42634183,P,9000,LAA@NYY 04/14/2026 07:05PM ET,NYY,0
5114090090,MLB $300 Dime Time [Just $0.10!],189658994,$0.10,Kevin Gausman (42633716),MacKenzie Gore (42633720),Will Smith (42633797),Matt Olson (42633776),Jose Altuve (42633755),Carlos Correa (42633774),Trevor Story (42633824),Giancarlo Stanton (42633800),Masataka Yoshida (42633899),Randal Grichuk (42634014),SP,Yoshinobu Yamamoto (42633719),Yoshinobu Yamamoto,42633719,P,8800,NYM@LAD 04/14/2026 10:10PM ET,LAD,18.77
5114090091,MLB $300 Dime Time [Just $0.10!],189658994,$0.10,Kevin Gausman (42633716),MacKenzie Gore (42633720),Carlos Narvaez (42634013),Matt Olson (42633776),Jose Altuve (42633755),Yandy Diaz (42633762),Carlos Correa (42633774),Giancarlo Stanton (42633800),Masataka Yoshida (42633899),Eloy Jimenez (42634034),SP,Tyler Glasnow (42634184),Tyler Glasnow,42634184,P,8800,NYM@LAD 04/14/2026 10:10PM ET,LAD,20.77
5114090092,MLB $300 Dime Time [Just $0.10!],189658994,$0.10,Kevin Gausman (42633716),MacKenzie Gore (42633720),Will Smith (42633797),Freddie Freeman (42633751),Brice Matthews (42633853),Yandy Diaz (42633762),Carlos Correa (42633774),Giancarlo Stanton (42633800),Masataka Yoshida (42633899),Eloy Jimenez (42634034),SP,Blake Snell (42634185),Blake Snell,42634185,P,8800,NYM@LAD 04/14/2026 10:10PM ET,LAD,0
5114090093,MLB $300 Dime Time [Just $0.10!],189658994,$0.10,Kevin Gausman (42633716),MacKenzie Gore (42633720),Will Smith (42633797),Paul Goldschmidt (42633842),Jose Altuve (42633755),Yandy Diaz (42633762),Carlos Correa (42633774),Giancarlo Stanton (42633800),Masataka Yoshida (42633899),Tanner Murray (42634019),SP,Freddy Peralta (42634186),Freddy Peralta,42634186,P,8800,NYM@LAD 04/14/2026 10:10PM ET,NYM,17.06
5114090094,MLB $300 Dime Time [Just $0.10!],189658994,$0.10,Kevin Gausman (42633716),MacKenzie Gore (42633720),Carlos Narvaez (42634013),Freddie Freeman (42633751),Jose Altuve (42633755),Yandy Diaz (42633762),Carlos Correa (42633774),Giancarlo Stanton (42633800),Trent Grisham (42633850),Tanner Murray (42634019),RP,Spencer Strider (42634187),Spencer Strider,42634187,P,8700,MIA@ATL 04/14/2026 07:15PM ET,ATL,0
5114090095,MLB $300 Dime Time [Just $0.10!],189658994,$0.10,Kevin Gausman (42633716),MacKenzie Gore (42633720),Will Smith (42633797),Matt Olson (42633776),Brice Matthews (42633853),Yandy Diaz (42633762),Carlos Correa (42633774),Giancarlo Stanton (42633800),Trent Grisham (42633850),Tanner Murray (42634019),SP,Spencer Schwellenbach (42634188),Spencer Schwellenbach,42634188,P,8700,MIA@ATL 04/14/2026 07:15PM ET,ATL,0
5114094417,MLB $300 Dime Time [Just $0.10!],189659144,$0.10,Kevin Gausman (42633716),MacKenzie Gore (42633720),Will Smith (42633797),Matt Olson (42633776),Jose Altuve (42633755),Carlos Correa (42633774),Trevor Story (42633824),Giancarlo Stanton (42633800),Masataka Yoshida (42633899),Bryce Teodosio (42634029),SP,MacKenzie Gore (42633720),MacKenzie Gore,42633720,P,8600,TEX@ATH 04/14/2026 09:40PM ET,TEX,25.25
5114094418,MLB $300 Dime Time [Just $0.10!],189659144,$0.10,Kevin Gausman (42633716),MacKenzie Gore (42633720),Carlos Narvaez (42634013),Matt Olson (42633776),Jose Altuve (42633755),Yandy Diaz (42633762),Carlos Correa (42633774),Giancarlo Stanton (42633800),Masataka Yoshida (42633899),Eloy Jimenez (42634034),SP,Jacob deGrom (42634189),Jacob deGrom,42634189,P,8600,TEX@ATH 04/14/2026 09:40PM ET,TEX,21.42
5114094419,MLB $300 Dime Time [Just $0.10!],189659144,$0.10,Kevin Gausman (42633716),MacKenzie Gore (42633720),Will Smith (42633797),Freddie Freeman (42633751),Brice Matthews (42633853),Yandy Diaz (42633762),Carlos Correa (42633774),Giancarlo Stanton (42633800),Masataka Yoshida (42633899),Eloy Jimenez (42634034),SP,Jack Leiter (42634190),Jack Leiter,42634190,P,8600,TEX@ATH 04/14/2026 09:40PM ET,TEX,17
5114094420,MLB $300 Dime Time [Just $0.10!],189659144,$0.10,Kevin Gausman (42633716),MacKenzie Gore (42633720),Will Smith (42633797),Jonathan Aranda (42633795),Jose Altuve (42633755),Yandy Diaz (42633762),Trevor Story (42633824),Giancarlo Stanton (42633800),Eloy Jimenez (42634034),Brice Matthews (42633853),SP,Ronel Blanco (42634191),Ronel Blanco,42634191,P,8600,COL@HOU 04/14/2026 08:10PM ET,HOU,0
5114094421,MLB $300 Dime Time [Just $0.10!],189659144,$0.10,Kevin Gausman (42633716),MacKenzie Gore (42633720),Will Smith (42633797),Matt Olson (42633776),Jose Altuve (42633755),Yandy Diaz (42633762),Trevor Story (42633824),Masataka Yoshida (42633899),Brice Matthews (42633853),Tanner Murray (42634019),SP,Tatsuya Imai (42634192),Tatsuya Imai,42634192,P,8600,COL@HOU 04/14/2026 08:10PM ET,HOU,8.03
5114094422,MLB $300 Dime Time [Just $0.10!],189659144,$0.10,Yoshinobu Yamamoto (42633719),MacKenzie Gore (42633720),Will Smith (42633797),Matt Olson (42633776),Jose Altuve (42633755),Yandy Diaz (42633762),Trevor Story (42633824),Giancarlo Stanton (42633800),Bryce Teodosio (42634029),Brice Matthews (42633853),SP,George Kirby (42634193),George Kirby,42634193,P,8500,SEA@SD 04/14/2026 09:40PM ET,SEA,20.14
5114094423,MLB $300 Dime Time [Just $0.10!],189659144,$0.10,Yoshinobu Yamamoto (42633719),MacKenzie Gore (42633720),Will Smith (42633797),Matt Olson (42633776),Jose Altuve (42633755),Jose Ramirez (42633741),Jose Caballero (42633950),Giancarlo Stanton (42633800),Eloy Jimenez (42634034),Brice Matthews (42633853),SP,Emerson Hancock (42634195),Emerson Hancock,42634195,P,8500,SEA@SD 04/14/2026 09:40PM ET,SEA,23.12
5114094424,MLB $300 Dime Time [Just $0.10!],189659144,$0.10,Yoshinobu Yamamoto (42633719),MacKenzie Gore (42633720),Will Smith (42633797),Shohei Ohtani (42633736),Jose Altuve (42633755),Amed Rosario (42633890),Trevor Story (42633824),Giancarlo Stanton (42633800),Eloy Jimenez (42634034),Brice Matthews (42633853),RP,Jose Soriano (42634194),Jose Soriano,42634194,P,8500,LAA@NYY 04/14/2026 07:05PM ET,LAA,31.49
5114094425,MLB $300 Dime Time [Just $0.10!],189659144,$0.10,Yoshinobu Yamamoto (42633719),MacKenzie Gore (42633720),Will Smith (42633797),Jonathan Aranda (42633795),Jose Altuve (42633755),Jose Ramirez (42633741),Trevor Story (42633824),Masataka Yoshida (42633899),Eloy Jimenez (42634034),Brice Matthews (42633853),SP,Joe Musgrove (42634196),Joe Musgrove,42634196,P,8400,SEA@SD 04/14/2026 09:40PM ET,SD,0
5114094426,MLB $300 Dime Time [Just $0.10!],189659144,$0.10,Yoshinobu Yamamoto (42633719),MacKenzie Gore (42633720),Will Smith (42633797),Christian Walker (42633769),Jose Altuve (42633755),Jose Ramirez (42633741),Mauricio Dubon (42633873),Giancarlo Stanton (42633800),Masataka Yoshida (42633899),Eloy Jimenez (42634034),SP,Joe Ryan (42634197),Joe Ryan,42634197,P,8300,BOS@MIN 04/14/2026 07:40PM ET,MIN,17.05
5114094427,MLB $300 Dime Time [Just $0.10!],189659144,$0.10,Bryan Woo (42633717),MacKenzie Gore (42633720),Drake Baldwin (42633770),Matt Olson (42633776),Jose Altuve (42633755),Isaac Paredes (42633798),Trevor Story (42633824),Chase DeLauter (42633790),Masataka Yoshida (42633899),Randal Grichuk (42634014),SP,Pablo Lopez (42634199),Pablo Lopez,42634199,P,8300,BOS@MIN 04/14/2026 07:40PM ET,MIN,0
5114094428,MLB $300 Dime Time [Just $0.10!],189659144,$0.10,Bryan Woo (42633717),MacKenzie Gore (42633720),Drake Baldwin (42633770),Yandy Diaz (42633762),Ozzie Albies (42633823),Isaac Paredes (42633798),Carlos Correa (42633774),Chase DeLauter (42633790),Masataka Yoshida (42633899),Randal Grichuk (42634014),SP,Nolan McLean (42633721),Nolan McLean,42633721,P,8300,NYM@LAD 04/14/2026 10:10PM ET,NYM,20.83
5114094429,MLB $300 Dime Time [Just $0.10!],189659144,$0.10,Bryan Woo (42633717),MacKenzie Gore (42633720),Drake Baldwin (42633770),Matt Olson (42633776),Jose Altuve (42633755),Isaac Paredes (42633798),Trevor Story (42633824),Chase DeLauter (42633790),Masataka Yoshida (42633899),Randal Grichuk (42634014),RP,Clay Holmes (42634198),Clay Holmes,42634198,P,8300,NYM@LAD 04/14/2026 10:10PM ET,NYM,18.17
5114094430,MLB $300 Dime Time [Just $0.10!],189659144,$0.10,Bryan Woo (42633717),MacKenzie Gore (42633720),Drake Baldwin (42633770),Yandy Diaz (42633762),Ozzie Albies (42633823),Isaac Paredes (42633798),Carlos Correa (42633774),Chase DeLauter (42633790),Masataka Yoshida (42633899),Randal Grichuk (42634014),SP,Emmet Sheehan (42634204),Emmet Sheehan,42634204,P,8300,NYM@LAD 04/14/2026 10:10PM ET,LAD,11.52
5114094431,MLB $300 Dime Time [Just $0.10!],189659144,$0.10,Bryan Woo (42633717),MacKenzie Gore (42633720),Drake Baldwin (42633770),Matt Olson (42633776),Jose Altuve (42633755),Isaac Paredes (42633798),Trevor Story (42633824),Chase DeLauter (42633790),Masataka Yoshida (42633899),Randal Grichuk (42634014),SP,Kodai Senga (42634205),Kodai Senga,42634205,P,8300,NYM@LAD 04/14/2026 10:10PM ET,NYM,11.03
5114094432,MLB $300 Dime Time [Just $0.10!],189659144,$0.10,Kevin Gausman (42633716),Bryan Woo (42633717),Drake Baldwin (42633770),Jonathan Aranda (42633795),Isaac Paredes (42633798),Yandy Diaz (42633762),Carlos Correa (42633774),Chase DeLauter (42633790),Randal Grichuk (42634014),Eloy Jimenez (42634034),SP,Tylor Megill (42634206),Tylor Megill,42634206,P,8300,NYM@LAD 04/14/2026 10:10PM ET,NYM,0
5114094433,MLB $300 Dime Time [Just $0.10!],189659144,$0.10,Bryan Woo (42633717),MacKenzie Gore (42633720),Drake Baldwin (42633770),Matt Olson (42633776),Jose Altuve (42633755),Isaac Paredes (42633798),Trevor Story (42633824),Chase DeLauter (42633790),Masataka Yoshida (42633899),Randal Grichuk (42634014),SP,Gavin Williams (42634200),Gavin Williams,42634200,P,8300,CLE@STL 04/14/2026 07:45PM ET,CLE,22.35
5114094434,MLB $300 Dime Time [Just $0.10!],189659144,$0.10,Kevin Gausman (42633716),Bryan Woo (42633717),Drake Baldwin (42633770),Jonathan Aranda (42633795),Isaac Paredes (42633798),Yandy Diaz (42633762),Carlos Correa (42633774),Chase DeLauter (42633790),Randal Grichuk (42634014),Eloy Jimenez (42634034),SP,Tanner Bibee (42634201),Tanner Bibee,42634201,P,8300,CLE@STL 04/14/2026 07:45PM ET,CLE,8.31
5114094435,MLB $300 Dime Time [Just $0.10!],189659144,$0.10,Kevin Gausman (42633716),MacKenzie Gore (42633720),Will Smith (42633797),Matt Olson (42633776),Jose Altuve (42633755),Carlos Correa (42633774),Trevor Story (42633824),Giancarlo Stanton (42633800),Masataka Yoshida (42633899),Randal Grichuk (42634014),SP,Parker Messick (42634202),Parker Messick,42634202,P,8300,CLE@STL 04/14/2026 07:45PM ET,CLE,22.72
5114094436,MLB $300 Dime Time [Just $0.10!],189659144,$0.10,Kevin Gausman (42633716),MacKenzie Gore (42633720),Carlos Narvaez (42634013),Matt Olson (42633776),Jose Altuve (42633755),Yandy Diaz (42633762),Carlos Correa (42633774),Giancarlo Stanton (42633800),Masataka Yoshida (42633899),Eloy Jimenez (42634034),SP,Slade Cecconi (42634203),Slade Cecconi,42634203,P,8300,CLE@STL 04/14/2026 07:45PM ET,CLE,10.02
,,,,,,,,,,,,,,SP,Sonny Gray (42633722),Sonny Gray,42633722,P,8200,BOS@MIN 04/14/2026 07:40PM ET,BOS,15.05
,,,,,,,,,,,,,,SP,Ranger Suarez (42634207),Ranger Suarez,42634207,P,8200,BOS@MIN 04/14/2026 07:40PM ET,BOS,9.88
,,,,,,,,,,,,,,SP,Connelly Early (42634208),Connelly Early,42634208,P,8200,BOS@MIN 04/14/2026 07:40PM ET,BOS,13.18
,,,,,,,,,,,,,,SP,Shane McClanahan (42633723),Shane McClanahan,42633723,P,8100,TB@CWS 04/14/2026 07:40PM ET,TB,11.75
,,,,,,,,,,,,,,RP,Joe Boyle (42634209),Joe Boyle,42634209,P,8100,TB@CWS 04/14/2026 07:40PM ET,TB,13.02
,,,,,,,,,,,,,,RP,Ian Seymour (42634210),Ian Seymour,42634210,P,8100,TB@CWS 04/14/2026 07:40PM ET,TB,2.27
,,,,,,,,,,,,,,SP,Steven Matz (42634211),Steven Matz,42634211,P,8100,TB@CWS 04/14/2026 07:40PM ET,TB,19.47
,,,,,,,,,,,,,,RP,Jeffrey Springs (42633724),Jeffrey Springs,42633724,P,8000,TEX@ATH 04/14/2026 09:40PM ET,ATH,21.62
,,,,,,,,,,,,,,RP,Aaron Civale (42634218),Aaron Civale,42634218,P,8000,TEX@ATH 04/14/2026 09:40PM ET,ATH,17.42
,,,,,,,,,,,,,,RP,J.T. Ginn (42634219),J.T. Ginn,42634219,P,8000,TEX@ATH 04/14/2026 09:40PM ET,ATH,6.69
,,,,,,,,,,,,,,SP,Chad Patrick (42634213),Chad Patrick,42634213,P,8000,TOR@MIL 04/14/2026 07:40PM ET,MIL,11.18
,,,,,,,,,,,,,,RP,Jake Woodford (42634214),Jake Woodford,42634214,P,8000,TOR@MIL 04/14/2026 07:40PM ET,MIL,3.7
,,,,,,,,,,,,,,SP,Brandon Sproat (42634215),Brandon Sproat,42634215,P,8000,TOR@MIL 04/14/2026 07:40PM ET,MIL,1.62
,,,,,,,,,,,,,,SP,Quinn Priester (42634217),Quinn Priester,42634217,P,8000,TOR@MIL 04/14/2026 07:40PM ET,MIL,0
,,,,,,,,,,,,,,SP,Will Warren (42634212),Will Warren,42634212,P,8000,LAA@NYY 04/14/2026 07:05PM ET,NYY,15.21
,,,,,,,,,,,,,,SP,Clarke Schmidt (42634216),Clarke Schmidt,42634216,P,8000,LAA@NYY 04/14/2026 07:05PM ET,NYY,0
,,,,,,,,,,,,,,RP,Michael King (42633725),Michael King,42633725,P,7900,SEA@SD 04/14/2026 09:40PM ET,SD,15.63
,,,,,,,,,,,,,,SP,Nick Pivetta (42634220),Nick Pivetta,42634220,P,7900,SEA@SD 04/14/2026 09:40PM ET,SD,15.3
,,,,,,,,,,,,,,SP,Randy Vasquez (42634221),Randy Vasquez,42634221,P,7900,SEA@SD 04/14/2026 09:40PM ET,SD,21.92
,,,,,,,,,,,,,,SP,Max Meyer (42633726),Max Meyer,42633726,P,7800,MIA@ATL 04/14/2026 07:15PM ET,MIA,14.33
,,,,,,,,,,,,,,SP,Eury Perez (42634222),Eury Perez,42634222,P,7800,MIA@ATL 04/14/2026 07:15PM ET,MIA,11.3
,,,,,,,,,,,,,,RP,Janson Junk (42634223),Janson Junk,42634223,P,7800,MIA@ATL 04/14/2026 07:15PM ET,MIA,10.97
,,,,,,,,,,,,,,SP,Taj Bradley (42634226),Taj Bradley,42634226,P,7800,BOS@MIN 04/14/2026 07:40PM ET,MIN,23.84
,,,,,,,,,,,,,,SP,Roki Sasaki (42634225),Roki Sasaki,42634225,P,7800,NYM@LAD 04/14/2026 10:10PM ET,LAD,8.95
,,,,,,,,,,,,,,SP,Bryce Miller (42634224),Bryce Miller,42634224,P,7800,SEA@SD 04/14/2026 09:40PM ET,SEA,0
,,,,,,,,,,,,,,SP,Noah Schultz (42633727),Noah Schultz,42633727,P,7700,TB@CWS 04/14/2026 07:40PM ET,CWS,0
,,,,,,,,,,,,,,SP,Davis Martin (42634227),Davis Martin,42634227,P,7700,TB@CWS 04/14/2026 07:40PM ET,CWS,18.63
,,,,,,,,,,,,,,RP,Anthony Kay (42634228),Anthony Kay,42634228,P,7700,TB@CWS 04/14/2026 07:40PM ET,CWS,13.2
,,,,,,,,,,,,,,RP,Cody Bradford (42634231),Cody Bradford,42634231,P,7600,TEX@ATH 04/14/2026 09:40PM ET,TEX,0
,,,,,,,,,,,,,,SP,Jordan Montgomery (42634232),Jordan Montgomery,42634232,P,7600,TEX@ATH 04/14/2026 09:40PM ET,TEX,0
,,,,,,,,,,,,,,RP,Jakob Junis (42634233),Jakob Junis,42634233,P,7600,TEX@ATH 04/14/2026 09:40PM ET,TEX,3.86
,,,,,,,,,,,,,,SP,Nathan Eovaldi (42634234),Nathan Eovaldi,42634234,P,7600,TEX@ATH 04/14/2026 09:40PM ET,TEX,15.74
,,,,,,,,,,,,,,SP,Kumar Rocker (42634235),Kumar Rocker,42634235,P,7600,TEX@ATH 04/14/2026 09:40PM ET,TEX,10.05
,,,,,,,,,,,,,,RP,Jacob Latz (42634236),Jacob Latz,42634236,P,7600,TEX@ATH 04/14/2026 09:40PM ET,TEX,5.09
,,,,,,,,,,,,,,RP,Nick Martinez (42634229),Nick Martinez,42634229,P,7600,TB@CWS 04/14/2026 07:40PM ET,TB,13.97
,,,,,,,,,,,,,,SP,Ryan Pepiot (42634230),Ryan Pepiot,42634230,P,7600,TB@CWS 04/14/2026 07:40PM ET,TB,0
,,,,,,,,,,,,,,SP,Drew Rasmussen (42634237),Drew Rasmussen,42634237,P,7600,TB@CWS 04/14/2026 07:40PM ET,TB,21.73
,,,,,,,,,,,,,,RP,Reynaldo Lopez (42633728),Reynaldo Lopez,42633728,P,7500,MIA@ATL 04/14/2026 07:15PM ET,ATL,17.22
,,,,,,,,,,,,,,RP,Grant Holmes (42634238),Grant Holmes,42634238,P,7500,MIA@ATL 04/14/2026 07:15PM ET,ATL,14.09
,,,,,,,,,,,,,,RP,AJ Smith-Shawver (42634239),AJ Smith-Shawver,42634239,P,7500,MIA@ATL 04/14/2026 07:15PM ET,ATL,0
,,,,,,,,,,,,,,SP,Bryce Elder (42634240),Bryce Elder,42634240,P,7500,MIA@ATL 04/14/2026 07:15PM ET,ATL,20.32
,,,,,,,,,,,,,,RP,Joey Wentz (42634245),Joey Wentz,42634245,P,7500,MIA@ATL 04/14/2026 07:15PM ET,ATL,0
,,,,,,,,,,,,,,SP,Hurston Waldrep (42634246),Hurston Waldrep,42634246,P,7500,MIA@ATL 04/14/2026 07:15PM ET,ATL,0
,,,,,,,,,,,,,,RP,Eric Lauer (42634241),Eric Lauer,42634241,P,7500,TOR@MIL 04/14/2026 07:40PM ET,TOR,7.5
,,,,,,,,,,,,,,SP,Trey Yesavage (42634242),Trey Yesavage,42634242,P,7500,TOR@MIL 04/14/2026 07:40PM ET,TOR,0
,,,,,,,,,,,,,,SP,Jose Berrios (42634243),Jose Berrios,42634243,P,7500,TOR@MIL 04/14/2026 07:40PM ET,TOR,0
,,,,,,,,,,,,,,SP,Max Scherzer (42634244),Max Scherzer,42634244,P,7500,TOR@MIL 04/14/2026 07:40PM ET,TOR,4.55
,,,,,,,,,,,,,,SP,Gavin Stone (42634249),Gavin Stone,42634249,P,7300,NYM@LAD 04/14/2026 10:10PM ET,LAD,0
,,,,,,,,,,,,,,SP,River Ryan (42634250),River Ryan,42634250,P,7300,NYM@LAD 04/14/2026 10:10PM ET,LAD,0
,,,,,,,,,,,,,,SP,Bobby Miller (42634251),Bobby Miller,42634251,P,7300,NYM@LAD 04/14/2026 10:10PM ET,LAD,0
,,,,,,,,,,,,,,SP,Landon Knack (42634252),Landon Knack,42634252,P,7300,NYM@LAD 04/14/2026 10:10PM ET,LAD,0
,,,,,,,,,,,,,,SP,Justin Wrobleski (42634253),Justin Wrobleski,42634253,P,7300,NYM@LAD 04/14/2026 10:10PM ET,LAD,14.15
,,,,,,,,,,,,,,SP,Christian Scott (42634256),Christian Scott,42634256,P,7300,NYM@LAD 04/14/2026 10:10PM ET,NYM,0
,,,,,,,,,,,,,,SP,Tobias Myers (42634257),Tobias Myers,42634257,P,7300,NYM@LAD 04/14/2026 10:10PM ET,NYM,5.31
,,,,,,,,,,,,,,SP,Jonah Tong (42634258),Jonah Tong,42634258,P,7300,NYM@LAD 04/14/2026 10:10PM ET,NYM,0
,,,,,,,,,,,,,,SP,David Peterson (42634259),David Peterson,42634259,P,7300,NYM@LAD 04/14/2026 10:10PM ET,NYM,9.01
,,,,,,,,,,,,,,SP,Sean Manaea (42634260),Sean Manaea,42634260,P,7300,NYM@LAD 04/14/2026 10:10PM ET,NYM,7.85
,,,,,,,,,,,,,,RP,Joey Cantillo (42633729),Joey Cantillo,42633729,P,7300,CLE@STL 04/14/2026 07:45PM ET,CLE,19.4
,,,,,,,,,,,,,,RP,Kolby Allard (42634254),Kolby Allard,42634254,P,7300,CLE@STL 04/14/2026 07:45PM ET,CLE,1.38
,,,,,,,,,,,,,,SP,Logan Allen (42634255),Logan Allen,42634255,P,7300,CLE@STL 04/14/2026 07:45PM ET,CLE,0
,,,,,,,,,,,,,,SP,Logan Evans (42634247),Logan Evans,42634247,P,7300,SEA@SD 04/14/2026 09:40PM ET,SEA,0
,,,,,,,,,,,,,,RP,Cooper Criswell (42634248),Cooper Criswell,42634248,P,7300,SEA@SD 04/14/2026 09:40PM ET,SEA,4.92
,,,,,,,,,,,,,,SP,Brayan Bello (42634261),Brayan Bello,42634261,P,7200,BOS@MIN 04/14/2026 07:40PM ET,BOS,6.07
,,,,,,,,,,,,,,SP,Spencer Arrighetti (42634262),Spencer Arrighetti,42634262,P,7100,COL@HOU 04/14/2026 08:10PM ET,HOU,0
,,,,,,,,,,,,,,SP,Lance McCullers Jr. (42634263),Lance McCullers Jr.,42634263,P,7100,COL@HOU 04/14/2026 08:10PM ET,HOU,13.5
,,,,,,,,,,,,,,SP,Brandon Walter (42634264),Brandon Walter,42634264,P,7100,COL@HOU 04/14/2026 08:10PM ET,HOU,0
,,,,,,,,,,,,,,SP,Cody Ponce (42634267),Cody Ponce,42634267,P,7000,TOR@MIL 04/14/2026 07:40PM ET,TOR,8.05
,,,,,,,,,,,,,,SP,Shane Bieber (42634268),Shane Bieber,42634268,P,7000,TOR@MIL 04/14/2026 07:40PM ET,TOR,0
,,,,,,,,,,,,,,RP,Ryan Weathers (42633730),Ryan Weathers,42633730,P,7000,LAA@NYY 04/14/2026 07:05PM ET,NYY,16.27
,,,,,,,,,,,,,,RP,Ryan Yarbrough (42634265),Ryan Yarbrough,42634265,P,7000,LAA@NYY 04/14/2026 07:05PM ET,NYY,3.64
,,,,,,,,,,,,,,SP,Luis Gil (42634266),Luis Gil,42634266,P,7000,LAA@NYY 04/14/2026 07:05PM ET,NYY,2.8
,,,,,,,,,,,,,,RP,Jhony Brito (42634269),Jhony Brito,42634269,P,6900,SEA@SD 04/14/2026 09:40PM ET,SD,0
,,,,,,,,,,,,,,SP,Kyle Hart (42634270),Kyle Hart,42634270,P,6900,SEA@SD 04/14/2026 09:40PM ET,SD,2.72
,,,,,,,,,,,,,,SP,Walker Buehler (42634271),Walker Buehler,42634271,P,6900,SEA@SD 04/14/2026 09:40PM ET,SD,8.77
,,,,,,,,,,,,,,SP,JP Sears (42634272),JP Sears,42634272,P,6900,SEA@SD 04/14/2026 09:40PM ET,SD,0
,,,,,,,,,,,,,,SP,Griffin Canning (42634273),Griffin Canning,42634273,P,6900,SEA@SD 04/14/2026 09:40PM ET,SD,0
,,,,,,,,,,,,,,SP,Matt Waldron (42634274),Matt Waldron,42634274,P,6900,SEA@SD 04/14/2026 09:40PM ET,SD,0
,,,,,,,,,,,,,,SP,German Marquez (42634275),German Marquez,42634275,P,6900,SEA@SD 04/14/2026 09:40PM ET,SD,9.35
,,,,,,,,,,,,,,SP,Joey Estes (42634278),Joey Estes,42634278,P,6800,TEX@ATH 04/14/2026 09:40PM ET,ATH,0
,,,,,,,,,,,,,,SP,Luis Morales (42634279),Luis Morales,42634279,P,6800,TEX@ATH 04/14/2026 09:40PM ET,ATH,-3.35
,,,,,,,,,,,,,,RP,Hogan Harris (42634280),Hogan Harris,42634280,P,6800,TEX@ATH 04/14/2026 09:40PM ET,ATH,2.92
,,,,,,,,,,,,,,SP,Luis Medina (42634281),Luis Medina,42634281,P,6800,TEX@ATH 04/14/2026 09:40PM ET,ATH,4.84
,,,,,,,,,,,,,,RP,Jack Perkins (42634282),Jack Perkins,42634282,P,6800,TEX@ATH 04/14/2026 09:40PM ET,ATH,6.8
,,,,,,,,,,,,,,SP,Gunnar Hoglund (42634283),Gunnar Hoglund,42634283,P,6800,TEX@ATH 04/14/2026 09:40PM ET,ATH,0
,,,,,,,,,,,,,,RP,Jacob Lopez (42634284),Jacob Lopez,42634284,P,6800,TEX@ATH 04/14/2026 09:40PM ET,ATH,5.53
,,,,,,,,,,,,,,SP,Luis Severino (42634285),Luis Severino,42634285,P,6800,TEX@ATH 04/14/2026 09:40PM ET,ATH,11.92
,,,,,,,,,,,,,,SP,Coleman Crow (42634276),Coleman Crow,42634276,P,6800,TOR@MIL 04/14/2026 07:40PM ET,MIL,0
,,,,,,,,,,,,,,RP,Shane Drohan (42634277),Shane Drohan,42634277,P,6800,TOR@MIL 04/14/2026 07:40PM ET,MIL,-0.2
,,,,,,,,,,,,,,SP,Sean Burke (42634294),Sean Burke,42634294,P,6700,TB@CWS 04/14/2026 07:40PM ET,CWS,13.85
,,,,,,,,,,,,,,SP,Jonathan Cannon (42634297),Jonathan Cannon,42634297,P,6700,TB@CWS 04/14/2026 07:40PM ET,CWS,-3.8
,,,,,,,,,,,,,,SP,Michael McGreevy (42633731),Michael McGreevy,42633731,P,6700,CLE@STL 04/14/2026 07:45PM ET,STL,15.23
,,,,,,,,,,,,,,RP,Andre Pallante (42634286),Andre Pallante,42634286,P,6700,CLE@STL 04/14/2026 07:45PM ET,STL,6.05
,,,,,,,,,,,,,,SP,Dustin May (42634287),Dustin May,42634287,P,6700,CLE@STL 04/14/2026 07:45PM ET,STL,4.13
,,,,,,,,,,,,,,SP,Brycen Mautz (42634288),Brycen Mautz,42634288,P,6700,CLE@STL 04/14/2026 07:45PM ET,STL,0
,,,,,,,,,,,,,,SP,Tekoah Roby (42634289),Tekoah Roby,42634289,P,6700,CLE@STL 04/14/2026 07:45PM ET,STL,0
,,,,,,,,,,,,,,RP,Jared Shuster (42634290),Jared Shuster,42634290,P,6700,CLE@STL 04/14/2026 07:45PM ET,STL,1.92
,,,,,,,,,,,,,,RP,Gordon Graceffo (42634291),Gordon Graceffo,42634291,P,6700,CLE@STL 04/14/2026 07:45PM ET,STL,4.22
,,,,,,,,,,,,,,RP,Matthew Liberatore (42634292),Matthew Liberatore,42634292,P,6700,CLE@STL 04/14/2026 07:45PM ET,STL,7.86
,,,,,,,,,,,,,,SP,Hunter Dobbins (42634293),Hunter Dobbins,42634293,P,6700,CLE@STL 04/14/2026 07:45PM ET,STL,0
,,,,,,,,,,,,,,RP,Kyle Leahy (42634295),Kyle Leahy,42634295,P,6700,CLE@STL 04/14/2026 07:45PM ET,STL,6.17
,,,,,,,,,,,,,,SP,Richard Fitts (42634296),Richard Fitts,42634296,P,6700,CLE@STL 04/14/2026 07:45PM ET,STL,0
,,,,,,,,,,,,,,RP,Hayden Wesneski (42634298),Hayden Wesneski,42634298,P,6600,COL@HOU 04/14/2026 08:10PM ET,HOU,0
,,,,,,,,,,,,,,SP,Mike Burrows (42634299),Mike Burrows,42634299,P,6600,COL@HOU 04/14/2026 08:10PM ET,HOU,8.22
,,,,,,,,,,,,,,RP,Osvaldo Bido (42634301),Osvaldo Bido,42634301,P,6500,MIA@ATL 04/14/2026 07:15PM ET,ATL,4.75
,,,,,,,,,,,,,,RP,Jose Suarez (42634302),Jose Suarez,42634302,P,6500,MIA@ATL 04/14/2026 07:15PM ET,ATL,3.34
,,,,,,,,,,,,,,RP,Didier Fuentes (42634303),Didier Fuentes,42634303,P,6500,MIA@ATL 04/14/2026 07:15PM ET,ATL,13.2
,,,,,,,,,,,,,,RP,Victor Mederos (42634304),Victor Mederos,42634304,P,6500,MIA@ATL 04/14/2026 07:15PM ET,ATL,0
,,,,,,,,,,,,,,RP,Martin Perez (42634305),Martin Perez,42634305,P,6500,MIA@ATL 04/14/2026 07:15PM ET,ATL,8.82
,,,,,,,,,,,,,,SP,Tomoyuki Sugano (42634300),Tomoyuki Sugano,42634300,P,6500,COL@HOU 04/14/2026 08:10PM ET,COL,16.57
,,,,,,,,,,,,,,SP,Kyle Freeland (42634318),Kyle Freeland,42634318,P,6500,COL@HOU 04/14/2026 08:10PM ET,COL,11.16
,,,,,,,,,,,,,,1B/OF,Shohei Ohtani (42633736),Shohei Ohtani,42633736,1B/OF,6500,NYM@LAD 04/14/2026 10:10PM ET,LAD,9.81
,,,,,,,,,,,,,,RP,Mason Fluharty (42634306),Mason Fluharty,42634306,P,6500,TOR@MIL 04/14/2026 07:40PM ET,TOR,1.82
,,,,,,,,,,,,,,SP,Patrick Corbin (42634307),Patrick Corbin,42634307,P,6500,TOR@MIL 04/14/2026 07:40PM ET,TOR,1.6
,,,,,,,,,,,,,,SP,Reid Detmers (42633732),Reid Detmers,42633732,P,6500,LAA@NYY 04/14/2026 07:05PM ET,LAA,13.35
,,,,,,,,,,,,,,SP,Jack Kochanowicz (42634308),Jack Kochanowicz,42634308,P,6500,LAA@NYY 04/14/2026 07:05PM ET,LAA,14.97
,,,,,,,,,,,,,,SP,Yusei Kikuchi (42634309),Yusei Kikuchi,42634309,P,6500,LAA@NYY 04/14/2026 07:05PM ET,LAA,7.02
,,,,,,,,,,,,,,SP,Alek Manoah (42634310),Alek Manoah,42634310,P,6500,LAA@NYY 04/14/2026 07:05PM ET,LAA,0
,,,,,,,,,,,,,,SP,Grayson Rodriguez (42634311),Grayson Rodriguez,42634311,P,6500,LAA@NYY 04/14/2026 07:05PM ET,LAA,0
,,,,,,,,,,,,,,RP,Mitch Farris (42634312),Mitch Farris,42634312,P,6500,LAA@NYY 04/14/2026 07:05PM ET,LAA,3.18
,,,,,,,,,,,,,,RP,Sam Aldegheri (42634313),Sam Aldegheri,42634313,P,6500,LAA@NYY 04/14/2026 07:05PM ET,LAA,0
,,,,,,,,,,,,,,SP,Caden Dana (42634314),Caden Dana,42634314,P,6500,LAA@NYY 04/14/2026 07:05PM ET,LAA,0
,,,,,,,,,,,,,,RP,Ryan Johnson (42634315),Ryan Johnson,42634315,P,6500,LAA@NYY 04/14/2026 07:05PM ET,LAA,-7.1
,,,,,,,,,,,,,,SP,George Klassen (42634316),George Klassen,42634316,P,6500,LAA@NYY 04/14/2026 07:05PM ET,LAA,0.15
,,,,,,,,,,,,,,SP,Chase Silseth (42634317),Chase Silseth,42634317,P,6500,LAA@NYY 04/14/2026 07:05PM ET,LAA,2
,,,,,,,,,,,,,,OF,Aaron Judge (42633738),Aaron Judge,42633738,OF,6400,LAA@NYY 04/14/2026 07:05PM ET,NYY,10.69
,,,,,,,,,,,,,,SP,Dax Fulton (42634325),Dax Fulton,42634325,P,6300,MIA@ATL 04/14/2026 07:15PM ET,MIA,0
,,,,,,,,,,,,,,SP,Braxton Garrett (42634326),Braxton Garrett,42634326,P,6300,MIA@ATL 04/14/2026 07:15PM ET,MIA,0
,,,,,,,,,,,,,,RP,Ryan Gusto (42634327),Ryan Gusto,42634327,P,6300,MIA@ATL 04/14/2026 07:15PM ET,MIA,4.25
,,,,,,,,,,,,,,SP,Adam Mazur (42634328),Adam Mazur,42634328,P,6300,MIA@ATL 04/14/2026 07:15PM ET,MIA,0
,,,,,,,,,,,,,,SP,Chris Paddack (42634329),Chris Paddack,42634329,P,6300,MIA@ATL 04/14/2026 07:15PM ET,MIA,8.87
,,,,,,,,,,,,,,SP,Mick Abel (42633733),Mick Abel,42633733,P,6300,BOS@MIN 04/14/2026 07:40PM ET,MIN,6.67
,,,,,,,,,,,,,,SP,Marco Raya (42634319),Marco Raya,42634319,P,6300,BOS@MIN 04/14/2026 07:40PM ET,MIN,0
,,,,,,,,,,,,,,RP,Matt Bowman (42634320),Matt Bowman,42634320,P,6300,BOS@MIN 04/14/2026 07:40PM ET,MIN,0
,,,,,,,,,,,,,,SP,Zebby Matthews (42634321),Zebby Matthews,42634321,P,6300,BOS@MIN 04/14/2026 07:40PM ET,MIN,0
,,,,,,,,,,,,,,SP,Simeon Woods Richardson (42634322),Simeon Woods Richardson,42634322,P,6300,BOS@MIN 04/14/2026 07:40PM ET,MIN,7.75
,,,,,,,,,,,,,,SP,Bailey Ober (42634323),Bailey Ober,42634323,P,6300,BOS@MIN 04/14/2026 07:40PM ET,MIN,10.16
,,,,,,,,,,,,,,SP,David Festa (42634324),David Festa,42634324,P,6300,BOS@MIN 04/14/2026 07:40PM ET,MIN,0
,,,,,,,,,,,,,,SP,Robert Gasser (42634330),Robert Gasser,42634330,P,6300,TOR@MIL 04/14/2026 07:40PM ET,MIL,0
,,,,,,,,,,,,,,SP,Tanner Houck (42634331),Tanner Houck,42634331,P,6200,BOS@MIN 04/14/2026 07:40PM ET,BOS,0
,,,,,,,,,,,,,,SP,Patrick Sandoval (42634332),Patrick Sandoval,42634332,P,6200,BOS@MIN 04/14/2026 07:40PM ET,BOS,0
,,,,,,,,,,,,,,SP,Kutter Crawford (42634333),Kutter Crawford,42634333,P,6200,BOS@MIN 04/14/2026 07:40PM ET,BOS,0
,,,,,,,,,,,,,,SP,Payton Tolle (42634334),Payton Tolle,42634334,P,6200,BOS@MIN 04/14/2026 07:40PM ET,BOS,0
,,,,,,,,,,,,,,SP,Johan Oviedo (42634335),Johan Oviedo,42634335,P,6200,BOS@MIN 04/14/2026 07:40PM ET,BOS,1.45
,,,,,,,,,,,,,,OF,Yordan Alvarez (42633739),Yordan Alvarez,42633739,OF,6200,COL@HOU 04/14/2026 08:10PM ET,HOU,11.71
,,,,,,,,,,,,,,SP,Cristian Javier (42633734),Cristian Javier,42633734,P,6000,COL@HOU 04/14/2026 08:10PM ET,HOU,-3.8
,,,,,,,,,,,,,,RP,Nate Pearson (42634336),Nate Pearson,42634336,P,6000,COL@HOU 04/14/2026 08:10PM ET,HOU,0
,,,,,,,,,,,,,,SP,AJ Blubaugh (42634337),AJ Blubaugh,42634337,P,6000,COL@HOU 04/14/2026 08:10PM ET,HOU,1.57
,,,,,,,,,,,,,,SP,Colton Gordon (42634338),Colton Gordon,42634338,P,6000,COL@HOU 04/14/2026 08:10PM ET,HOU,0
,,,,,,,,,,,,,,RP,Ryan Weiss (42634339),Ryan Weiss,42634339,P,6000,COL@HOU 04/14/2026 08:10PM ET,HOU,4.59
,,,,,,,,,,,,,,RP,Jason Alexander (42634340),Jason Alexander,42634340,P,6000,COL@HOU 04/14/2026 08:10PM ET,HOU,0
,,,,,,,,,,,,,,SP,J.P. France (42634341),J.P. France,42634341,P,6000,COL@HOU 04/14/2026 08:10PM ET,HOU,1.25
,,,,,,,,,,,,,,RP,Cody Bolton (42634342),Cody Bolton,42634342,P,6000,COL@HOU 04/14/2026 08:10PM ET,HOU,7.25
,,,,,,,,,,,,,,SP,Miguel Ullola (42634343),Miguel Ullola,42634343,P,6000,COL@HOU 04/14/2026 08:10PM ET,HOU,0
,,,,,,,,,,,,,,OF,Kyle Tucker (42633740),Kyle Tucker,42633740,OF,6000,NYM@LAD 04/14/2026 10:10PM ET,LAD,8.12
,,,,,,,,,,,,,,OF,Juan Soto (42634043),Juan Soto,42634043,OF,5800,NYM@LAD 04/14/2026 10:10PM ET,NYM,8.25
,,,,,,,,,,,,,,3B,Jose Ramirez (42633741),Jose Ramirez,42633741,3B,5800,CLE@STL 04/14/2026 07:45PM ET,CLE,8.24
,,,,,,,,,,,,,,C,Shea Langeliers (42633742),Shea Langeliers,42633742,C,5700,TEX@ATH 04/14/2026 09:40PM ET,ATH,9.33
,,,,,,,,,,,,,,SP,Erick Fedde (42634344),Erick Fedde,42634344,P,5700,TB@CWS 04/14/2026 07:40PM ET,CWS,12.2
,,,,,,,,,,,,,,SP,Drew Thorpe (42634345),Drew Thorpe,42634345,P,5700,TB@CWS 04/14/2026 07:40PM ET,CWS,0
,,,,,,,,,,,,,,RP,Mike Vasil (42634346),Mike Vasil,42634346,P,5700,TB@CWS 04/14/2026 07:40PM ET,CWS,0
,,,,,,,,,,,,,,RP,Sean Newcomb (42634347),Sean Newcomb,42634347,P,5700,TB@CWS 04/14/2026 07:40PM ET,CWS,2.8
,,,,,,,,,,,,,,RP,Shane Smith (42634348),Shane Smith,42634348,P,5700,TB@CWS 04/14/2026 07:40PM ET,CWS,2.52
,,,,,,,,,,,,,,RP,Grant Taylor (42634349),Grant Taylor,42634349,P,5700,TB@CWS 04/14/2026 07:40PM ET,CWS,4.56
,,,,,,,,,,,,,,2B,Brice Turang (42633743),Brice Turang,42633743,2B,5600,TOR@MIL 04/14/2026 07:40PM ET,MIL,13.15
,,,,,,,,,,,,,,OF,Ronald Acuna Jr. (42633744),Ronald Acuna Jr.,42633744,OF,5500,MIA@ATL 04/14/2026 07:15PM ET,ATL,7.24
,,,,,,,,,,,,,,RP,Michael Lorenzen (42633735),Michael Lorenzen,42633735,P,5500,COL@HOU 04/14/2026 08:10PM ET,COL,2.42
,,,,,,,,,,,,,,SP,Ryan Feltner (42634350),Ryan Feltner,42634350,P,5500,COL@HOU 04/14/2026 08:10PM ET,COL,5.72
,,,,,,,,,,,,,,RP,Valente Bellozo (42634351),Valente Bellozo,42634351,P,5500,COL@HOU 04/14/2026 08:10PM ET,COL,3.73
,,,,,,,,,,,,,,SP,Antonio Senzatela (42634352),Antonio Senzatela,42634352,P,5500,COL@HOU 04/14/2026 08:10PM ET,COL,10.31
,,,,,,,,,,,,,,SP,McCade Brown (42634353),McCade Brown,42634353,P,5500,COL@HOU 04/14/2026 08:10PM ET,COL,0
,,,,,,,,,,,,,,RP,Jose Quintana (42634354),Jose Quintana,42634354,P,5500,COL@HOU 04/14/2026 08:10PM ET,COL,4.95
,,,,,,,,,,,,,,SP,Tanner Gordon (42634355),Tanner Gordon,42634355,P,5500,COL@HOU 04/14/2026 08:10PM ET,COL,0
,,,,,,,,,,,,,,SP,Chase Dollander (42634356),Chase Dollander,42634356,P,5500,COL@HOU 04/14/2026 08:10PM ET,COL,9.49
,,,,,,,,,,,,,,1B,Vladimir Guerrero Jr. (42633745),Vladimir Guerrero Jr.,42633745,1B,5500,TOR@MIL 04/14/2026 07:40PM ET,TOR,7.67
,,,,,,,,,,,,,,OF,Christian Yelich (42633746),Christian Yelich,42633746,OF,5400,TOR@MIL 04/14/2026 07:40PM ET,MIL,8.6
,,,,,,,,,,,,,,1B,Ben Rice (42633747),Ben Rice,42633747,1B,5400,LAA@NYY 04/14/2026 07:05PM ET,NYY,11.87
,,,,,,,,,,,,,,1B,Nick Kurtz (42633748),Nick Kurtz,42633748,1B,5300,TEX@ATH 04/14/2026 09:40PM ET,ATH,6.87
,,,,,,,,,,,,,,OF,Luis Robert Jr. (42633749),Luis Robert Jr.,42633749,OF,5300,NYM@LAD 04/14/2026 10:10PM ET,NYM,8.33
,,,,,,,,,,,,,,OF,Mike Trout (42633750),Mike Trout,42633750,OF,5300,LAA@NYY 04/14/2026 07:05PM ET,LAA,10.81
,,,,,,,,,,,,,,1B,Freddie Freeman (42633751),Freddie Freeman,42633751,1B,5200,NYM@LAD 04/14/2026 10:10PM ET,LAD,8.56
,,,,,,,,,,,,,,C,William Contreras (42633754),William Contreras,42633754,C,5200,TOR@MIL 04/14/2026 07:40PM ET,MIL,8.85
,,,,,,,,,,,,,,2B/OF,Fernando Tatis Jr. (42633752),Fernando Tatis Jr.,42633752,2B/OF,5200,SEA@SD 04/14/2026 09:40PM ET,SD,7.06
,,,,,,,,,,,,,,OF,Roman Anthony (42633756),Roman Anthony,42633756,OF,5100,BOS@MIN 04/14/2026 07:40PM ET,BOS,6.73
,,,,,,,,,,,,,,2B,Jose Altuve (42633755),Jose Altuve,42633755,2B,5100,COL@HOU 04/14/2026 08:10PM ET,HOU,8.71
,,,,,,,,,,,,,,OF,Jackson Chourio (42634044),Jackson Chourio,42634044,OF,5100,TOR@MIL 04/14/2026 07:40PM ET,MIL,0
,,,,,,,,,,,,,,3B,Junior Caminero (42633757),Junior Caminero,42633757,3B,5000,TB@CWS 04/14/2026 07:40PM ET,TB,6.53
,,,,,,,,,,,,,,C,Cal Raleigh (42633759),Cal Raleigh,42633759,C,5000,SEA@SD 04/14/2026 09:40PM ET,SEA,5.94
,,,,,,,,,,,,,,SS,Zach Neto (42633758),Zach Neto,42633758,SS,5000,LAA@NYY 04/14/2026 07:05PM ET,LAA,10.18
,,,,,,,,,,,,,,OF,Brent Rooker (42634046),Brent Rooker,42634046,OF,4900,TEX@ATH 04/14/2026 09:40PM ET,ATH,6.5
,,,,,,,,,,,,,,OF,Kyle Stowers (42634047),Kyle Stowers,42634047,OF,4900,MIA@ATL 04/14/2026 07:15PM ET,MIA,0
,,,,,,,,,,,,,,1B/3B,Yandy Diaz (42633762),Yandy Diaz,42633762,1B/3B,4900,TB@CWS 04/14/2026 07:40PM ET,TB,10.8
,,,,,,,,,,,,,,OF,Wilyer Abreu (42633760),Wilyer Abreu,42633760,OF,4900,BOS@MIN 04/14/2026 07:40PM ET,BOS,9.25
,,,,,,,,,,,,,,SS,Francisco Lindor (42633761),Francisco Lindor,42633761,SS,4900,NYM@LAD 04/14/2026 10:10PM ET,NYM,5.59
,,,,,,,,,,,,,,OF,George Springer (42634045),George Springer,42634045,OF,4900,TOR@MIL 04/14/2026 07:40PM ET,TOR,6.64
,,,,,,,,,,,,,,OF,Tyler Soderstrom (42633765),Tyler Soderstrom,42633765,OF,4800,TEX@ATH 04/14/2026 09:40PM ET,ATH,7.56
,,,,,,,,,,,,,,SS,Corey Seager (42633766),Corey Seager,42633766,SS,4800,TEX@ATH 04/14/2026 09:40PM ET,TEX,8.19
,,,,,,,,,,,,,,2B,Xavier Edwards (42633767),Xavier Edwards,42633767,2B,4800,MIA@ATL 04/14/2026 07:15PM ET,MIA,9.06
,,,,,,,,,,,,,,OF,Jarren Duran (42633764),Jarren Duran,42633764,OF,4800,BOS@MIN 04/14/2026 07:40PM ET,BOS,8.23
,,,,,,,,,,,,,,OF,Brandon Nimmo (42633772),Brandon Nimmo,42633772,OF,4700,TEX@ATH 04/14/2026 09:40PM ET,TEX,9.69
,,,,,,,,,,,,,,C,Drake Baldwin (42633770),Drake Baldwin,42633770,C,4700,MIA@ATL 04/14/2026 07:15PM ET,ATL,10.82
,,,,,,,,,,,,,,1B,Christian Walker (42633769),Christian Walker,42633769,1B,4700,COL@HOU 04/14/2026 08:10PM ET,HOU,8.59
,,,,,,,,,,,,,,OF,Teoscar Hernandez (42633768),Teoscar Hernandez,42633768,OF,4700,NYM@LAD 04/14/2026 10:10PM ET,LAD,9.29
,,,,,,,,,,,,,,3B,Manny Machado (42633771),Manny Machado,42633771,3B,4700,SEA@SD 04/14/2026 09:40PM ET,SD,7.93
,,,,,,,,,,,,,,1B,Matt Olson (42633776),Matt Olson,42633776,1B,4600,MIA@ATL 04/14/2026 07:15PM ET,ATL,10.12
,,,,,,,,,,,,,,3B/SS,Carlos Correa (42633774),Carlos Correa,42633774,3B/SS,4600,COL@HOU 04/14/2026 08:10PM ET,HOU,8.57
,,,,,,,,,,,,,,OF,Andy Pages (42633773),Andy Pages,42633773,OF,4600,NYM@LAD 04/14/2026 10:10PM ET,LAD,12.12
,,,,,,,,,,,,,,1B/C,Liam Hicks (42633779),Liam Hicks,42633779,C/1B,4500,MIA@ATL 04/14/2026 07:15PM ET,MIA,8.44
,,,,,,,,,,,,,,OF,Byron Buxton (42633777),Byron Buxton,42633777,OF,4500,BOS@MIN 04/14/2026 07:40PM ET,MIN,6.13
,,,,,,,,,,,,,,SS,Jeremy Pena (42633778),Jeremy Pena,42633778,SS,4500,COL@HOU 04/14/2026 08:10PM ET,HOU,6.2
,,,,,,,,,,,,,,SS,Mookie Betts (42634048),Mookie Betts,42634048,SS,4500,NYM@LAD 04/14/2026 10:10PM ET,LAD,8.38
,,,,,,,,,,,,,,OF,Jackson Merrill (42633781),Jackson Merrill,42633781,OF,4500,SEA@SD 04/14/2026 09:40PM ET,SD,8.69
,,,,,,,,,,,,,,OF,Julio Rodriguez (42633782),Julio Rodriguez,42633782,OF,4500,SEA@SD 04/14/2026 09:40PM ET,SEA,5.88
,,,,,,,,,,,,,,OF,Jakob Marsee (42633786),Jakob Marsee,42633786,OF,4400,MIA@ATL 04/14/2026 07:15PM ET,MIA,7.47
,,,,,,,,,,,,,,1B,Willson Contreras (42633784),Willson Contreras,42633784,1B,4400,BOS@MIN 04/14/2026 07:40PM ET,BOS,9
,,,,,,,,,,,,,,C,Hunter Goodman (42633783),Hunter Goodman,42633783,C,4400,COL@HOU 04/14/2026 08:10PM ET,COL,6.5
,,,,,,,,,,,,,,3B,Max Muncy (42633787),Max Muncy,42633787,3B,4400,NYM@LAD 04/14/2026 10:10PM ET,LAD,7.2
,,,,,,,,,,,,,,OF,Cody Bellinger (42633785),Cody Bellinger,42633785,OF,4400,LAA@NYY 04/14/2026 07:05PM ET,NYY,7.44
,,,,,,,,,,,,,,SS,Otto Lopez (42633792),Otto Lopez,42633792,SS,4300,MIA@ATL 04/14/2026 07:15PM ET,MIA,8.62
,,,,,,,,,,,,,,1B,Munetaka Murakami (42633789),Munetaka Murakami,42633789,1B,4300,TB@CWS 04/14/2026 07:40PM ET,CWS,7
,,,,,,,,,,,,,,1B,Alec Burleson (42633788),Alec Burleson,42633788,1B,4300,CLE@STL 04/14/2026 07:45PM ET,STL,8.31
,,,,,,,,,,,,,,OF,Chase DeLauter (42633790),Chase DeLauter,42633790,OF,4300,CLE@STL 04/14/2026 07:45PM ET,CLE,9.6
,,,,,,,,,,,,,,2B,JJ Wetherholt (42633791),JJ Wetherholt,42633791,2B,4300,CLE@STL 04/14/2026 07:45PM ET,STL,7.31
,,,,,,,,,,,,,,3B,Kazuma Okamoto (42633794),Kazuma Okamoto,42633794,3B,4300,TOR@MIL 04/14/2026 07:40PM ET,TOR,5.36
,,,,,,,,,,,,,,OF,Randy Arozarena (42633793),Randy Arozarena,42633793,OF,4300,SEA@SD 04/14/2026 09:40PM ET,SEA,8.24
,,,,,,,,,,,,,,1B,Jonathan Aranda (42633795),Jonathan Aranda,42633795,1B,4200,TB@CWS 04/14/2026 07:40PM ET,TB,8.13
,,,,,,,,,,,,,,OF,Chandler Simpson (42633801),Chandler Simpson,42633801,OF,4200,TB@CWS 04/14/2026 07:40PM ET,TB,9.73
,,,,,,,,,,,,,,2B/3B,Isaac Paredes (42633798),Isaac Paredes,42633798,2B/3B,4200,COL@HOU 04/14/2026 08:10PM ET,HOU,6.58
,,,,,,,,,,,,,,3B,Bo Bichette (42633796),Bo Bichette,42633796,3B,4200,NYM@LAD 04/14/2026 10:10PM ET,NYM,5.82
,,,,,,,,,,,,,,C,Will Smith (42633797),Will Smith,42633797,C,4200,NYM@LAD 04/14/2026 10:10PM ET,LAD,6.93
,,,,,,,,,,,,,,OF,Ramon Laureano (42633802),Ramon Laureano,42633802,OF,4200,SEA@SD 04/14/2026 09:40PM ET,SD,9.87
,,,,,,,,,,,,,,OF,Giancarlo Stanton (42633800),Giancarlo Stanton,42633800,OF,4200,LAA@NYY 04/14/2026 07:05PM ET,NYY,7.13
,,,,,,,,,,,,,,3B/SS,Colson Montgomery (42633808),Colson Montgomery,42633808,3B/SS,4100,TB@CWS 04/14/2026 07:40PM ET,CWS,6.81
,,,,,,,,,,,,,,1B,Josh Bell (42633804),Josh Bell,42633804,1B,4100,BOS@MIN 04/14/2026 07:40PM ET,MIN,9.18
,,,,,,,,,,,,,,2B,Luke Keaschall (42633805),Luke Keaschall,42633805,2B,4100,BOS@MIN 04/14/2026 07:40PM ET,MIN,7.12
,,,,,,,,,,,,,,OF,Cam Smith (42633806),Cam Smith,42633806,OF,4100,COL@HOU 04/14/2026 08:10PM ET,HOU,8.76
,,,,,,,,,,,,,,C,Francisco Alvarez (42633807),Francisco Alvarez,42633807,C,4100,NYM@LAD 04/14/2026 10:10PM ET,NYM,6.87
,,,,,,,,,,,,,,3B,Brendan Donovan (42633803),Brendan Donovan,42633803,3B,4100,SEA@SD 04/14/2026 09:40PM ET,SEA,8.43
,,,,,,,,,,,,,,OF,Wyatt Langford (42633818),Wyatt Langford,42633818,OF,4000,TEX@ATH 04/14/2026 09:40PM ET,TEX,5.31
,,,,,,,,,,,,,,SP,David Davalillo (42634362),David Davalillo,42634362,P,4000,TEX@ATH 04/14/2026 09:40PM ET,TEX,0
,,,,,,,,,,,,,,SP,Braden Nett (42634372),Braden Nett,42634372,P,4000,TEX@ATH 04/14/2026 09:40PM ET,ATH,0
,,,,,,,,,,,,,,SP,Henry Baez (42634373),Henry Baez,42634373,P,4000,TEX@ATH 04/14/2026 09:40PM ET,ATH,0
,,,,,,,,,,,,,,SP,Winston Santos (42634378),Winston Santos,42634378,P,4000,TEX@ATH 04/14/2026 09:40PM ET,TEX,0
,,,,,,,,,,,,,,SP,Leandro Lopez (42634379),Leandro Lopez,42634379,P,4000,TEX@ATH 04/14/2026 09:40PM ET,TEX,0
,,,,,,,,,,,,,,SP,Chen Zhong-Ao Zhuang (42634385),Chen Zhong-Ao Zhuang,42634385,P,4000,TEX@ATH 04/14/2026 09:40PM ET,ATH,0
,,,,,,,,,,,,,,SP,Emiliano Teodo (42634399),Emiliano Teodo,42634399,P,4000,TEX@ATH 04/14/2026 09:40PM ET,TEX,0
,,,,,,,,,,,,,,RP,Brady Basso (42634409),Brady Basso,42634409,P,4000,TEX@ATH 04/14/2026 09:40PM ET,ATH,0
,,,,,,,,,,,,,,RP,Mason Barnett (42634410),Mason Barnett,42634410,P,4000,TEX@ATH 04/14/2026 09:40PM ET,ATH,0
,,,,,,,,,,,,,,SP,Jose Corniell (42634415),Jose Corniell,42634415,P,4000,TEX@ATH 04/14/2026 09:40PM ET,TEX,0
,,,,,,,,,,,,,,RP,Justin Sterner (42634433),Justin Sterner,42634433,P,4000,TEX@ATH 04/14/2026 09:40PM ET,ATH,3.17
,,,,,,,,,,,,,,RP,Robert Garcia (42634453),Robert Garcia,42634453,P,4000,TEX@ATH 04/14/2026 09:40PM ET,TEX,0.99
,,,,,,,,,,,,,,RP,Tyler Ferguson (42634459),Tyler Ferguson,42634459,P,4000,TEX@ATH 04/14/2026 09:40PM ET,ATH,0
,,,,,,,,,,,,,,RP,Tyler Alexander (42634475),Tyler Alexander,42634475,P,4000,TEX@ATH 04/14/2026 09:40PM ET,TEX,3.34
,,,,,,,,,,,,,,RP,Carter Baumler (42634478),Carter Baumler,42634478,P,4000,TEX@ATH 04/14/2026 09:40PM ET,TEX,3.54
,,,,,,,,,,,,,,RP,Scott Barlow (42634480),Scott Barlow,42634480,P,4000,TEX@ATH 04/14/2026 09:40PM ET,ATH,2.14
,,,,,,,,,,,,,,RP,Mark Leiter Jr. (42634498),Mark Leiter Jr.,42634498,P,4000,TEX@ATH 04/14/2026 09:40PM ET,ATH,0.92
,,,,,,,,,,,,,,RP,Eduarniel Nunez (42634510),Eduarniel Nunez,42634510,P,4000,TEX@ATH 04/14/2026 09:40PM ET,ATH,0
,,,,,,,,,,,,,,RP,Joel Kuhnel (42634514),Joel Kuhnel,42634514,P,4000,TEX@ATH 04/14/2026 09:40PM ET,ATH,2.22
,,,,,,,,,,,,,,RP,Luis Curvelo (42634529),Luis Curvelo,42634529,P,4000,TEX@ATH 04/14/2026 09:40PM ET,TEX,2.35
,,,,,,,,,,,,,,RP,Michael Kelly (42634535),Michael Kelly,42634535,P,4000,TEX@ATH 04/14/2026 09:40PM ET,ATH,1.44
,,,,,,,,,,,,,,RP,Elvis Alvarado (42634543),Elvis Alvarado,42634543,P,4000,TEX@ATH 04/14/2026 09:40PM ET,ATH,2.41
,,,,,,,,,,,,,,RP,Chris Martin (42634554),Chris Martin,42634554,P,4000,TEX@ATH 04/14/2026 09:40PM ET,TEX,1.76
,,,,,,,,,,,,,,RP,Cole Winn (42634565),Cole Winn,42634565,P,4000,TEX@ATH 04/14/2026 09:40PM ET,TEX,3.81
,,,,,,,,,,,,,,RP,Michel Otanez (42634589),Michel Otanez,42634589,P,4000,TEX@ATH 04/14/2026 09:40PM ET,TEX,0
,,,,,,,,,,,,,,RP,Marc Church (42634599),Marc Church,42634599,P,4000,TEX@ATH 04/14/2026 09:40PM ET,TEX,0
,,,,,,,,,,,,,,RP,Jalen Beeks (42634606),Jalen Beeks,42634606,P,4000,TEX@ATH 04/14/2026 09:40PM ET,TEX,3.26
,,,,,,,,,,,,,,RP,Joe Jimenez (42634388),Joe Jimenez,42634388,P,4000,MIA@ATL 04/14/2026 07:15PM ET,ATL,0
,,,,,,,,,,,,,,RP,Jhancarlos Lara (42634390),Jhancarlos Lara,42634390,P,4000,MIA@ATL 04/14/2026 07:15PM ET,ATL,0
,,,,,,,,,,,,,,RP,William Kempner (42634398),William Kempner,42634398,P,4000,MIA@ATL 04/14/2026 07:15PM ET,MIA,0
,,,,,,,,,,,,,,RP,Josh White (42634403),Josh White,42634403,P,4000,MIA@ATL 04/14/2026 07:15PM ET,MIA,0
,,,,,,,,,,,,,,RP,Dylan Dodd (42634412),Dylan Dodd,42634412,P,4000,MIA@ATL 04/14/2026 07:15PM ET,ATL,10.15
,,,,,,,,,,,,,,SP,Bradley Blalock (42634419),Bradley Blalock,42634419,P,4000,MIA@ATL 04/14/2026 07:15PM ET,MIA,0
,,,,,,,,,,,,,,RP,Andrew Nardi (42634447),Andrew Nardi,42634447,P,4000,MIA@ATL 04/14/2026 07:15PM ET,MIA,4.04
,,,,,,,,,,,,,,RP,Raisel Iglesias (42634451),Raisel Iglesias,42634451,P,4000,MIA@ATL 04/14/2026 07:15PM ET,ATL,4.19
,,,,,,,,,,,,,,RP,Joel Payamps (42634461),Joel Payamps,42634461,P,4000,MIA@ATL 04/14/2026 07:15PM ET,ATL,1.13
,,,,,,,,,,,,,,RP,Lake Bachar (42634477),Lake Bachar,42634477,P,4000,MIA@ATL 04/14/2026 07:15PM ET,MIA,7.37
,,,,,,,,,,,,,,RP,Tyler Kinley (42634481),Tyler Kinley,42634481,P,4000,MIA@ATL 04/14/2026 07:15PM ET,ATL,3.79
,,,,,,,,,,,,,,RP,Michael Petersen (42634492),Michael Petersen,42634492,P,4000,MIA@ATL 04/14/2026 07:15PM ET,MIA,3.12
,,,,,,,,,,,,,,RP,Aaron Bummer (42634515),Aaron Bummer,42634515,P,4000,MIA@ATL 04/14/2026 07:15PM ET,ATL,1.41
,,,,,,,,,,,,,,RP,Dylan Lee (42634525),Dylan Lee,42634525,P,4000,MIA@ATL 04/14/2026 07:15PM ET,ATL,2.86
,,,,,,,,,,,,,,RP,John King (42634527),John King,42634527,P,4000,MIA@ATL 04/14/2026 07:15PM ET,MIA,3.26
,,,,,,,,,,,,,,RP,Tyler Phillips (42634534),Tyler Phillips,42634534,P,4000,MIA@ATL 04/14/2026 07:15PM ET,MIA,7.76
,,,,,,,,,,,,,,RP,Anthony Bender (42634540),Anthony Bender,42634540,P,4000,MIA@ATL 04/14/2026 07:15PM ET,MIA,2.17
,,,,,,,,,,,,,,RP,Ronny Henriquez (42634548),Ronny Henriquez,42634548,P,4000,MIA@ATL 04/14/2026 07:15PM ET,MIA,0
,,,,,,,,,,,,,,RP,Cade Gibson (42634551),Cade Gibson,42634551,P,4000,MIA@ATL 04/14/2026 07:15PM ET,MIA,0
,,,,,,,,,,,,,,RP,Hayden Harris (42634556),Hayden Harris,42634556,P,4000,MIA@ATL 04/14/2026 07:15PM ET,ATL,0
,,,,,,,,,,,,,,RP,Robert Suarez (42634575),Robert Suarez,42634575,P,4000,MIA@ATL 04/14/2026 07:15PM ET,ATL,4.75
,,,,,,,,,,,,,,RP,Hunter Stratton (42634581),Hunter Stratton,42634581,P,4000,MIA@ATL 04/14/2026 07:15PM ET,ATL,0
,,,,,,,,,,,,,,RP,Daysbel Hernandez (42634583),Daysbel Hernandez,42634583,P,4000,MIA@ATL 04/14/2026 07:15PM ET,ATL,0
,,,,,,,,,,,,,,RP,Pete Fairbanks (42634595),Pete Fairbanks,42634595,P,4000,MIA@ATL 04/14/2026 07:15PM ET,MIA,3
,,,,,,,,,,,,,,RP,Rolddy Munoz (42634600),Rolddy Munoz,42634600,P,4000,MIA@ATL 04/14/2026 07:15PM ET,ATL,0.9
,,,,,,,,,,,,,,RP,Danny Young (42634612),Danny Young,42634612,P,4000,MIA@ATL 04/14/2026 07:15PM ET,ATL,0
,,,,,,,,,,,,,,RP,Calvin Faucher (42634620),Calvin Faucher,42634620,P,4000,MIA@ATL 04/14/2026 07:15PM ET,MIA,3.54
,,,,,,,,,,,,,,RP,David Sandlin (42634358),David Sandlin,42634358,P,4000,TB@CWS 04/14/2026 07:40PM ET,CWS,0
,,,,,,,,,,,,,,RP,Alex Cook (42634365),Alex Cook,42634365,P,4000,TB@CWS 04/14/2026 07:40PM ET,TB,0
,,,,,,,,,,,,,,RP,Tyler Schweitzer (42634375),Tyler Schweitzer,42634375,P,4000,TB@CWS 04/14/2026 07:40PM ET,CWS,1.2
,,,,,,,,,,,,,,RP,Prelander Berroa (42634380),Prelander Berroa,42634380,P,4000,TB@CWS 04/14/2026 07:40PM ET,CWS,0
,,,,,,,,,,,,,,SP,Tanner McDougal (42634383),Tanner McDougal,42634383,P,4000,TB@CWS 04/14/2026 07:40PM ET,CWS,0
,,,,,,,,,,,,,,SP,Ky Bush (42634391),Ky Bush,42634391,P,4000,TB@CWS 04/14/2026 07:40PM ET,CWS,0
,,,,,,,,,,,,,,RP,Steven Wilson (42634411),Steven Wilson,42634411,P,4000,TB@CWS 04/14/2026 07:40PM ET,TB,0
,,,,,,,,,,,,,,SP,Doug Nikhazy (42634416),Doug Nikhazy,42634416,P,4000,TB@CWS 04/14/2026 07:40PM ET,CWS,0
,,,,,,,,,,,,,,RP,Mason Englert (42634454),Mason Englert,42634454,P,4000,TB@CWS 04/14/2026 07:40PM ET,TB,-0.19
,,,,,,,,,,,,,,RP,Bryan Baker (42634460),Bryan Baker,42634460,P,4000,TB@CWS 04/14/2026 07:40PM ET,TB,3.65
,,,,,,,,,,,,,,RP,Lucas Sims (42634466),Lucas Sims,42634466,P,4000,TB@CWS 04/14/2026 07:40PM ET,CWS,3.95
,,,,,,,,,,,,,,RP,Jordan Leasure (42634471),Jordan Leasure,42634471,P,4000,TB@CWS 04/14/2026 07:40PM ET,CWS,3.61
,,,,,,,,,,,,,,RP,Kevin Kelly (42634483),Kevin Kelly,42634483,P,4000,TB@CWS 04/14/2026 07:40PM ET,TB,1.79
,,,,,,,,,,,,,,RP,Edwin Uceta (42634485),Edwin Uceta,42634485,P,4000,TB@CWS 04/14/2026 07:40PM ET,TB,0
,,,,,,,,,,,,,,RP,Manuel Rodriguez (42634487),Manuel Rodriguez,42634487,P,4000,TB@CWS 04/14/2026 07:40PM ET,TB,0
,,,,,,,,,,,,,,RP,Wikelman Gonzalez (42634493),Wikelman Gonzalez,42634493,P,4000,TB@CWS 04/14/2026 07:40PM ET,CWS,0
,,,,,,,,,,,,,,RP,Griffin Jax (42634506),Griffin Jax,42634506,P,4000,TB@CWS 04/14/2026 07:40PM ET,TB,0.49
,,,,,,,,,,,,,,RP,Cam Booser (42634511),Cam Booser,42634511,P,4000,TB@CWS 04/14/2026 07:40PM ET,TB,0
,,,,,,,,,,,,,,RP,Bryan Hudson (42634526),Bryan Hudson,42634526,P,4000,TB@CWS 04/14/2026 07:40PM ET,CWS,2.79
,,,,,,,,,,,,,,RP,Jordan Hicks (42634531),Jordan Hicks,42634531,P,4000,TB@CWS 04/14/2026 07:40PM ET,CWS,0.88
,,,,,,,,,,,,,,RP,Jesse Scholtens (42634545),Jesse Scholtens,42634545,P,4000,TB@CWS 04/14/2026 07:40PM ET,TB,15.5
,,,,,,,,,,,,,,RP,Chris Murphy (42634546),Chris Murphy,42634546,P,4000,TB@CWS 04/14/2026 07:40PM ET,CWS,1.18
,,,,,,,,,,,,,,RP,Yoendrys Gomez (42634563),Yoendrys Gomez,42634563,P,4000,TB@CWS 04/14/2026 07:40PM ET,TB,2.28
,,,,,,,,,,,,,,RP,Hunter Bigge (42634580),Hunter Bigge,42634580,P,4000,TB@CWS 04/14/2026 07:40PM ET,TB,2.34
,,,,,,,,,,,,,,RP,Brandon Eisert (42634582),Brandon Eisert,42634582,P,4000,TB@CWS 04/14/2026 07:40PM ET,CWS,-1.55
,,,,,,,,,,,,,,RP,Cole Sulser (42634588),Cole Sulser,42634588,P,4000,TB@CWS 04/14/2026 07:40PM ET,TB,2.58
,,,,,,,,,,,,,,RP,Seranthony Dominguez (42634605),Seranthony Dominguez,42634605,P,4000,TB@CWS 04/14/2026 07:40PM ET,CWS,3.66
,,,,,,,,,,,,,,RP,Garrett Cleavinger (42634608),Garrett Cleavinger,42634608,P,4000,TB@CWS 04/14/2026 07:40PM ET,TB,2.35
,,,,,,,,,,,,,,RP,Joe Rock (42634618),Joe Rock,42634618,P,4000,TB@CWS 04/14/2026 07:40PM ET,TB,0
,,,,,,,,,,,,,,RP,Duncan Davitt (42634622),Duncan Davitt,42634622,P,4000,TB@CWS 04/14/2026 07:40PM ET,CWS,1.65
,,,,,,,,,,,,,,RP,Tyler Gilbert (42634625),Tyler Gilbert,42634625,P,4000,TB@CWS 04/14/2026 07:40PM ET,CWS,-3.55
,,,,,,,,,,,,,,SP,Kendry Rojas (42634357),Kendry Rojas,42634357,P,4000,BOS@MIN 04/14/2026 07:40PM ET,MIN,0
,,,,,,,,,,,,,,SP,Connor Prielipp (42634368),Connor Prielipp,42634368,P,4000,BOS@MIN 04/14/2026 07:40PM ET,MIN,0
,,,,,,,,,,,,,,SP,John Klein (42634395),John Klein,42634395,P,4000,BOS@MIN 04/14/2026 07:40PM ET,MIN,0
,,,,,,,,,,,,,,SP,Jake Bennett (42634401),Jake Bennett,42634401,P,4000,BOS@MIN 04/14/2026 07:40PM ET,BOS,0
,,,,,,,,,,,,,,RP,Travis Adams (42634413),Travis Adams,42634413,P,4000,BOS@MIN 04/14/2026 07:40PM ET,MIN,0
,,,,,,,,,,,,,,RP,Aroldis Chapman (42634444),Aroldis Chapman,42634444,P,4000,BOS@MIN 04/14/2026 07:40PM ET,BOS,2.57
,,,,,,,,,,,,,,RP,Taylor Rogers (42634455),Taylor Rogers,42634455,P,4000,BOS@MIN 04/14/2026 07:40PM ET,MIN,2.04
,,,,,,,,,,,,,,RP,Eric Orze (42634458),Eric Orze,42634458,P,4000,BOS@MIN 04/14/2026 07:40PM ET,MIN,1.83
,,,,,,,,,,,,,,RP,Anthony Banda (42634479),Anthony Banda,42634479,P,4000,BOS@MIN 04/14/2026 07:40PM ET,MIN,1.28
,,,,,,,,,,,,,,RP,Andrew Morris (42634496),Andrew Morris,42634496,P,4000,BOS@MIN 04/14/2026 07:40PM ET,MIN,5.15
,,,,,,,,,,,,,,RP,Tyler Samaniego (42634500),Tyler Samaniego,42634500,P,4000,BOS@MIN 04/14/2026 07:40PM ET,BOS,4.82
,,,,,,,,,,,,,,RP,Garrett Whitlock (42634501),Garrett Whitlock,42634501,P,4000,BOS@MIN 04/14/2026 07:40PM ET,BOS,3.78
,,,,,,,,,,,,,,RP,Danny Coulombe (42634505),Danny Coulombe,42634505,P,4000,BOS@MIN 04/14/2026 07:40PM ET,BOS,1.06
,,,,,,,,,,,,,,RP,Cole Sands (42634518),Cole Sands,42634518,P,4000,BOS@MIN 04/14/2026 07:40PM ET,MIN,1.43
,,,,,,,,,,,,,,RP,Cody Laweryson (42634520),Cody Laweryson,42634520,P,4000,BOS@MIN 04/14/2026 07:40PM ET,MIN,4.01
,,,,,,,,,,,,,,RP,Justin Topa (42634524),Justin Topa,42634524,P,4000,BOS@MIN 04/14/2026 07:40PM ET,MIN,1.14
,,,,,,,,,,,,,,RP,Jovani Moran (42634532),Jovani Moran,42634532,P,4000,BOS@MIN 04/14/2026 07:40PM ET,BOS,7.57
,,,,,,,,,,,,,,RP,Tyler Uberstine (42634539),Tyler Uberstine,42634539,P,4000,BOS@MIN 04/14/2026 07:40PM ET,BOS,5.6
,,,,,,,,,,,,,,RP,Zack Kelly (42634553),Zack Kelly,42634553,P,4000,BOS@MIN 04/14/2026 07:40PM ET,BOS,1.4
,,,,,,,,,,,,,,RP,Zak Kent (42634590),Zak Kent,42634590,P,4000,BOS@MIN 04/14/2026 07:40PM ET,MIN,1.42
,,,,,,,,,,,,,,RP,Kody Funderburk (42634592),Kody Funderburk,42634592,P,4000,BOS@MIN 04/14/2026 07:40PM ET,MIN,2.07
,,,,,,,,,,,,,,RP,Greg Weissert (42634615),Greg Weissert,42634615,P,4000,BOS@MIN 04/14/2026 07:40PM ET,BOS,2.89
,,,,,,,,,,,,,,RP,Justin Slaten (42634616),Justin Slaten,42634616,P,4000,BOS@MIN 04/14/2026 07:40PM ET,BOS,3.78
,,,,,,,,,,,,,,RP,Garrett Acton (42634617),Garrett Acton,42634617,P,4000,BOS@MIN 04/14/2026 07:40PM ET,MIN,9.3
,,,,,,,,,,,,,,RP,Ryan Watson (42634623),Ryan Watson,42634623,P,4000,BOS@MIN 04/14/2026 07:40PM ET,BOS,2.21
,,,,,,,,,,,,,,SS,Ezequiel Tovar (42633810),Ezequiel Tovar,42633810,SS,4000,COL@HOU 04/14/2026 08:10PM ET,COL,6.25
,,,,,,,,,,,,,,C,Yainer Diaz (42633811),Yainer Diaz,42633811,C,4000,COL@HOU 04/14/2026 08:10PM ET,HOU,5.69
,,,,,,,,,,,,,,SP,Gabriel Hughes (42634360),Gabriel Hughes,42634360,P,4000,COL@HOU 04/14/2026 08:10PM ET,COL,0
,,,,,,,,,,,,,,RP,Welinton Herrera (42634374),Welinton Herrera,42634374,P,4000,COL@HOU 04/14/2026 08:10PM ET,COL,0
,,,,,,,,,,,,,,RP,RJ Petit (42634396),RJ Petit,42634396,P,4000,COL@HOU 04/14/2026 08:10PM ET,COL,0
,,,,,,,,,,,,,,RP,Jeff Criswell (42634402),Jeff Criswell,42634402,P,4000,COL@HOU 04/14/2026 08:10PM ET,COL,0
,,,,,,,,,,,,,,SP,Pierson Ohl (42634418),Pierson Ohl,42634418,P,4000,COL@HOU 04/14/2026 08:10PM ET,COL,0
,,,,,,,,,,,,,,RP,Carson Palmquist (42634420),Carson Palmquist,42634420,P,4000,COL@HOU 04/14/2026 08:10PM ET,COL,0
,,,,,,,,,,,,,,RP,Bennett Sousa (42634422),Bennett Sousa,42634422,P,4000,COL@HOU 04/14/2026 08:10PM ET,HOU,0
,,,,,,,,,,,,,,RP,Steven Okert (42634427),Steven Okert,42634427,P,4000,COL@HOU 04/14/2026 08:10PM ET,HOU,2.41
,,,,,,,,,,,,,,RP,Bryan Abreu (42634452),Bryan Abreu,42634452,P,4000,COL@HOU 04/14/2026 08:10PM ET,HOU,0.35
,,,,,,,,,,,,,,RP,Jaden Hill (42634476),Jaden Hill,42634476,P,4000,COL@HOU 04/14/2026 08:10PM ET,COL,3.04
,,,,,,,,,,,,,,RP,Zach Agnos (42634486),Zach Agnos,42634486,P,4000,COL@HOU 04/14/2026 08:10PM ET,COL,1.59
,,,,,,,,,,,,,,RP,Bryan King (42634490),Bryan King,42634490,P,4000,COL@HOU 04/14/2026 08:10PM ET,HOU,4.37
,,,,,,,,,,,,,,RP,Juan Mejia (42634499),Juan Mejia,42634499,P,4000,COL@HOU 04/14/2026 08:10PM ET,COL,1.12
,,,,,,,,,,,,,,RP,Kai-Wei Teng (42634508),Kai-Wei Teng,42634508,P,4000,COL@HOU 04/14/2026 08:10PM ET,HOU,5.42
,,,,,,,,,,,,,,RP,Jimmy Herget (42634522),Jimmy Herget,42634522,P,4000,COL@HOU 04/14/2026 08:10PM ET,COL,2.93
,,,,,,,,,,,,,,RP,Jayden Murray (42634523),Jayden Murray,42634523,P,4000,COL@HOU 04/14/2026 08:10PM ET,HOU,3.5
,,,,,,,,,,,,,,RP,Brennan Bernardino (42634564),Brennan Bernardino,42634564,P,4000,COL@HOU 04/14/2026 08:10PM ET,COL,2.48
,,,,,,,,,,,,,,RP,Luis Peralta (42634567),Luis Peralta,42634567,P,4000,COL@HOU 04/14/2026 08:10PM ET,COL,0
,,,,,,,,,,,,,,RP,Seth Halvorsen (42634571),Seth Halvorsen,42634571,P,4000,COL@HOU 04/14/2026 08:10PM ET,COL,0
,,,,,,,,,,,,,,RP,Christian Roa (42634572),Christian Roa,42634572,P,4000,COL@HOU 04/14/2026 08:10PM ET,HOU,1.72
,,,,,,,,,,,,,,RP,Josh Hader (42634576),Josh Hader,42634576,P,4000,COL@HOU 04/14/2026 08:10PM ET,HOU,0
,,,,,,,,,,,,,,RP,Victor Vodnik (42634593),Victor Vodnik,42634593,P,4000,COL@HOU 04/14/2026 08:10PM ET,COL,2.42
,,,,,,,,,,,,,,RP,Sammy Peralta (42634597),Sammy Peralta,42634597,P,4000,COL@HOU 04/14/2026 08:10PM ET,COL,0
,,,,,,,,,,,,,,RP,Enyel De Los Santos (42634602),Enyel De Los Santos,42634602,P,4000,COL@HOU 04/14/2026 08:10PM ET,HOU,3.25
,,,,,,,,,,,,,,RP,Ronan Kopp (42634364),Ronan Kopp,42634364,P,4000,NYM@LAD 04/14/2026 10:10PM ET,LAD,0
,,,,,,,,,,,,,,RP,Jonathan Pintaro (42634366),Jonathan Pintaro,42634366,P,4000,NYM@LAD 04/14/2026 10:10PM ET,NYM,0
,,,,,,,,,,,,,,SP,Nick Nastrini (42634370),Nick Nastrini,42634370,P,4000,NYM@LAD 04/14/2026 10:10PM ET,LAD,0
,,,,,,,,,,,,,,RP,Jake Cousins (42634377),Jake Cousins,42634377,P,4000,NYM@LAD 04/14/2026 10:10PM ET,LAD,0
,,,,,,,,,,,,,,RP,Kyle Hurt (42634382),Kyle Hurt,42634382,P,4000,NYM@LAD 04/14/2026 10:10PM ET,LAD,0
,,,,,,,,,,,,,,RP,Brusdar Graterol (42634386),Brusdar Graterol,42634386,P,4000,NYM@LAD 04/14/2026 10:10PM ET,LAD,0
,,,,,,,,,,,,,,RP,Dylan Ross (42634393),Dylan Ross,42634393,P,4000,NYM@LAD 04/14/2026 10:10PM ET,NYM,0
,,,,,,,,,,,,,,RP,Austin Warren (42634406),Austin Warren,42634406,P,4000,NYM@LAD 04/14/2026 10:10PM ET,NYM,0
,,,,,,,,,,,,,,RP,Justin Hagenman (42634407),Justin Hagenman,42634407,P,4000,NYM@LAD 04/14/2026 10:10PM ET,NYM,0
,,,,,,,,,,,,,,RP,Will Klein (42634423),Will Klein,42634423,P,4000,NYM@LAD 04/14/2026 10:10PM ET,LAD,6.37
,,,,,,,,,,,,,,RP,Alex Vesia (42634428),Alex Vesia,42634428,P,4000,NYM@LAD 04/14/2026 10:10PM ET,LAD,3.32
,,,,,,,,,,,,,,RP,Brooks Raley (42634448),Brooks Raley,42634448,P,4000,NYM@LAD 04/14/2026 10:10PM ET,NYM,4.49
,,,,,,,,,,,,,,RP,A.J. Minter (42634449),A.J. Minter,42634449,P,4000,NYM@LAD 04/14/2026 10:10PM ET,NYM,0
,,,,,,,,,,,,,,RP,Jack Dreyer (42634482),Jack Dreyer,42634482,P,4000,NYM@LAD 04/14/2026 10:10PM ET,LAD,3.44
,,,,,,,,,,,,,,RP,Craig Kimbrel (42634491),Craig Kimbrel,42634491,P,4000,NYM@LAD 04/14/2026 10:10PM ET,NYM,3.65
,,,,,,,,,,,,,,RP,Paul Gervase (42634507),Paul Gervase,42634507,P,4000,NYM@LAD 04/14/2026 10:10PM ET,LAD,0
,,,,,,,,,,,,,,RP,Alex Carrillo (42634516),Alex Carrillo,42634516,P,4000,NYM@LAD 04/14/2026 10:10PM ET,NYM,0
,,,,,,,,,,,,,,RP,Edwin Diaz (42634519),Edwin Diaz,42634519,P,4000,NYM@LAD 04/14/2026 10:10PM ET,LAD,3.82
,,,,,,,,,,,,,,RP,Joey Gerber (42634537),Joey Gerber,42634537,P,4000,NYM@LAD 04/14/2026 10:10PM ET,NYM,12.7
,,,,,,,,,,,,,,RP,Evan Phillips (42634541),Evan Phillips,42634541,P,4000,NYM@LAD 04/14/2026 10:10PM ET,LAD,0
,,,,,,,,,,,,,,RP,Reed Garrett (42634544),Reed Garrett,42634544,P,4000,NYM@LAD 04/14/2026 10:10PM ET,NYM,0
,,,,,,,,,,,,,,RP,Huascar Brazoban (42634549),Huascar Brazoban,42634549,P,4000,NYM@LAD 04/14/2026 10:10PM ET,NYM,4.45
,,,,,,,,,,,,,,RP,Edgardo Henriquez (42634550),Edgardo Henriquez,42634550,P,4000,NYM@LAD 04/14/2026 10:10PM ET,LAD,2.37
,,,,,,,,,,,,,,RP,Brock Stewart (42634559),Brock Stewart,42634559,P,4000,NYM@LAD 04/14/2026 10:10PM ET,LAD,0
,,,,,,,,,,,,,,RP,Blake Treinen (42634561),Blake Treinen,42634561,P,4000,NYM@LAD 04/14/2026 10:10PM ET,LAD,2.83
,,,,,,,,,,,,,,RP,Ben Casparius (42634562),Ben Casparius,42634562,P,4000,NYM@LAD 04/14/2026 10:10PM ET,LAD,0.5
,,,,,,,,,,,,,,RP,Devin Williams (42634579),Devin Williams,42634579,P,4000,NYM@LAD 04/14/2026 10:10PM ET,NYM,4.21
,,,,,,,,,,,,,,RP,Tanner Scott (42634596),Tanner Scott,42634596,P,4000,NYM@LAD 04/14/2026 10:10PM ET,LAD,3.14
,,,,,,,,,,,,,,RP,Luke Weaver (42634607),Luke Weaver,42634607,P,4000,NYM@LAD 04/14/2026 10:10PM ET,NYM,1.37
,,,,,,,,,,,,,,RP,Dedniel Nunez (42634624),Dedniel Nunez,42634624,P,4000,NYM@LAD 04/14/2026 10:10PM ET,NYM,0
,,,,,,,,,,,,,,RP,Jake Eder (42634626),Jake Eder,42634626,P,4000,NYM@LAD 04/14/2026 10:10PM ET,LAD,0
,,,,,,,,,,,,,,OF,Jordan Walker (42633816),Jordan Walker,42633816,OF,4000,CLE@STL 04/14/2026 07:45PM ET,STL,12.31
,,,,,,,,,,,,,,OF,Steven Kwan (42633817),Steven Kwan,42633817,OF,4000,CLE@STL 04/14/2026 07:45PM ET,CLE,7.06
,,,,,,,,,,,,,,SP,Tink Hence (42634367),Tink Hence,42634367,P,4000,CLE@STL 04/14/2026 07:45PM ET,STL,0
,,,,,,,,,,,,,,RP,Yorman Gomez (42634369),Yorman Gomez,42634369,P,4000,CLE@STL 04/14/2026 07:45PM ET,CLE,0
,,,,,,,,,,,,,,SP,Austin Peterson (42634376),Austin Peterson,42634376,P,4000,CLE@STL 04/14/2026 07:45PM ET,CLE,0
,,,,,,,,,,,,,,SP,Daniel Espino (42634384),Daniel Espino,42634384,P,4000,CLE@STL 04/14/2026 07:45PM ET,CLE,0
,,,,,,,,,,,,,,RP,Cooper Hjerpe (42634387),Cooper Hjerpe,42634387,P,4000,CLE@STL 04/14/2026 07:45PM ET,STL,0
,,,,,,,,,,,,,,RP,Franco Aleman (42634394),Franco Aleman,42634394,P,4000,CLE@STL 04/14/2026 07:45PM ET,CLE,0
,,,,,,,,,,,,,,RP,Andrew Walters (42634432),Andrew Walters,42634432,P,4000,CLE@STL 04/14/2026 07:45PM ET,CLE,0
,,,,,,,,,,,,,,RP,Matt Svanson (42634434),Matt Svanson,42634434,P,4000,CLE@STL 04/14/2026 07:45PM ET,STL,-1.64
,,,,,,,,,,,,,,RP,Ryne Stanek (42634435),Ryne Stanek,42634435,P,4000,CLE@STL 04/14/2026 07:45PM ET,STL,3.11
,,,,,,,,,,,,,,RP,Shawn Armstrong (42634438),Shawn Armstrong,42634438,P,4000,CLE@STL 04/14/2026 07:45PM ET,CLE,4.01
,,,,,,,,,,,,,,RP,Tim Herrin (42634439),Tim Herrin,42634439,P,4000,CLE@STL 04/14/2026 07:45PM ET,CLE,2.1
,,,,,,,,,,,,,,SP,Riley O'Brien (42634462),Riley O'Brien,42634462,P,4000,CLE@STL 04/14/2026 07:45PM ET,STL,4.47
,,,,,,,,,,,,,,RP,Codi Heuer (42634470),Codi Heuer,42634470,P,4000,CLE@STL 04/14/2026 07:45PM ET,CLE,0
,,,,,,,,,,,,,,RP,George Soriano (42634473),George Soriano,42634473,P,4000,CLE@STL 04/14/2026 07:45PM ET,STL,3.26
,,,,,,,,,,,,,,RP,Matt Pushard (42634489),Matt Pushard,42634489,P,4000,CLE@STL 04/14/2026 07:45PM ET,STL,-4.15
,,,,,,,,,,,,,,RP,Colin Holderman (42634494),Colin Holderman,42634494,P,4000,CLE@STL 04/14/2026 07:45PM ET,CLE,3.18
,,,,,,,,,,,,,,RP,Justin Bruihl (42634497),Justin Bruihl,42634497,P,4000,CLE@STL 04/14/2026 07:45PM ET,STL,0.99
,,,,,,,,,,,,,,RP,Cade Smith (42634502),Cade Smith,42634502,P,4000,CLE@STL 04/14/2026 07:45PM ET,CLE,3.68
,,,,,,,,,,,,,,RP,Ryan Fernandez (42634509),Ryan Fernandez,42634509,P,4000,CLE@STL 04/14/2026 07:45PM ET,STL,5.35
,,,,,,,,,,,,,,RP,Peyton Pallette (42634513),Peyton Pallette,42634513,P,4000,CLE@STL 04/14/2026 07:45PM ET,CLE,4.01
,,,,,,,,,,,,,,RP,JoJo Romero (42634536),JoJo Romero,42634536,P,4000,CLE@STL 04/14/2026 07:45PM ET,STL,3.21
,,,,,,,,,,,,,,RP,Connor Brogdon (42634568),Connor Brogdon,42634568,P,4000,CLE@STL 04/14/2026 07:45PM ET,CLE,4.39
,,,,,,,,,,,,,,RP,Hunter Gaddis (42634570),Hunter Gaddis,42634570,P,4000,CLE@STL 04/14/2026 07:45PM ET,CLE,0.45
,,,,,,,,,,,,,,RP,Erik Sabrowski (42634578),Erik Sabrowski,42634578,P,4000,CLE@STL 04/14/2026 07:45PM ET,CLE,4.33
,,,,,,,,,,,,,,RP,Matt Festa (42634594),Matt Festa,42634594,P,4000,CLE@STL 04/14/2026 07:45PM ET,CLE,1.17
,,,,,,,,,,,,,,RP,Chris Roycroft (42634604),Chris Roycroft,42634604,P,4000,CLE@STL 04/14/2026 07:45PM ET,STL,-0.71
,,,,,,,,,,,,,,OF,Daulton Varsho (42633814),Daulton Varsho,42633814,OF,4000,TOR@MIL 04/14/2026 07:40PM ET,TOR,6.8
,,,,,,,,,,,,,,1B,Jake Bauers (42633815),Jake Bauers,42633815,1B,4000,TOR@MIL 04/14/2026 07:40PM ET,MIL,8.5
,,,,,,,,,,,,,,SP,Jake Bloss (42634361),Jake Bloss,42634361,P,4000,TOR@MIL 04/14/2026 07:40PM ET,TOR,0
,,,,,,,,,,,,,,SP,Adam Macko (42634389),Adam Macko,42634389,P,4000,TOR@MIL 04/14/2026 07:40PM ET,TOR,0
,,,,,,,,,,,,,,SP,Ricky Tiedemann (42634397),Ricky Tiedemann,42634397,P,4000,TOR@MIL 04/14/2026 07:40PM ET,TOR,0
,,,,,,,,,,,,,,RP,Carlos Rodriguez (42634414),Carlos Rodriguez,42634414,P,4000,TOR@MIL 04/14/2026 07:40PM ET,MIL,0
,,,,,,,,,,,,,,RP,Bowden Francis (42634417),Bowden Francis,42634417,P,4000,TOR@MIL 04/14/2026 07:40PM ET,TOR,0
,,,,,,,,,,,,,,RP,Grant Anderson (42634424),Grant Anderson,42634424,P,4000,TOR@MIL 04/14/2026 07:40PM ET,MIL,3.59
,,,,,,,,,,,,,,RP,Tommy Nance (42634426),Tommy Nance,42634426,P,4000,TOR@MIL 04/14/2026 07:40PM ET,TOR,2.45
,,,,,,,,,,,,,,RP,Aaron Ashby (42634436),Aaron Ashby,42634436,P,4000,TOR@MIL 04/14/2026 07:40PM ET,MIL,6.54
,,,,,,,,,,,,,,RP,Craig Yoho (42634445),Craig Yoho,42634445,P,4000,TOR@MIL 04/14/2026 07:40PM ET,MIL,0
,,,,,,,,,,,,,,RP,Tyler Rogers (42634446),Tyler Rogers,42634446,P,4000,TOR@MIL 04/14/2026 07:40PM ET,TOR,3.78
,,,,,,,,,,,,,,RP,Rob Zastryzny (42634450),Rob Zastryzny,42634450,P,4000,TOR@MIL 04/14/2026 07:40PM ET,MIL,0
,,,,,,,,,,,,,,RP,Louis Varland (42634464),Louis Varland,42634464,P,4000,TOR@MIL 04/14/2026 07:40PM ET,TOR,5.18
,,,,,,,,,,,,,,RP,Lazaro Estrada (42634465),Lazaro Estrada,42634465,P,4000,TOR@MIL 04/14/2026 07:40PM ET,TOR,13.8
,,,,,,,,,,,,,,RP,Joe Mantiply (42634467),Joe Mantiply,42634467,P,4000,TOR@MIL 04/14/2026 07:40PM ET,TOR,5.22
,,,,,,,,,,,,,,RP,Trevor Megill (42634468),Trevor Megill,42634468,P,4000,TOR@MIL 04/14/2026 07:40PM ET,MIL,0.72
,,,,,,,,,,,,,,RP,Brendon Little (42634472),Brendon Little,42634472,P,4000,TOR@MIL 04/14/2026 07:40PM ET,TOR,-1.51
,,,,,,,,,,,,,,RP,Jared Koenig (42634512),Jared Koenig,42634512,P,4000,TOR@MIL 04/14/2026 07:40PM ET,MIL,3.42
,,,,,,,,,,,,,,RP,DL Hall (42634521),DL Hall,42634521,P,4000,TOR@MIL 04/14/2026 07:40PM ET,MIL,5.11
,,,,,,,,,,,,,,RP,Yimi Garcia (42634528),Yimi Garcia,42634528,P,4000,TOR@MIL 04/14/2026 07:40PM ET,TOR,0
,,,,,,,,,,,,,,RP,Braydon Fisher (42634552),Braydon Fisher,42634552,P,4000,TOR@MIL 04/14/2026 07:40PM ET,TOR,5.76
,,,,,,,,,,,,,,RP,Spencer Miles (42634557),Spencer Miles,42634557,P,4000,TOR@MIL 04/14/2026 07:40PM ET,TOR,5.28
,,,,,,,,,,,,,,RP,Angel Zerpa (42634558),Angel Zerpa,42634558,P,4000,TOR@MIL 04/14/2026 07:40PM ET,MIL,0.51
,,,,,,,,,,,,,,RP,Easton McGee (42634566),Easton McGee,42634566,P,4000,TOR@MIL 04/14/2026 07:40PM ET,MIL,1.65
,,,,,,,,,,,,,,RP,Chase Lee (42634577),Chase Lee,42634577,P,4000,TOR@MIL 04/14/2026 07:40PM ET,TOR,0
,,,,,,,,,,,,,,RP,Jeff Hoffman (42634585),Jeff Hoffman,42634585,P,4000,TOR@MIL 04/14/2026 07:40PM ET,TOR,5.66
,,,,,,,,,,,,,,RP,Abner Uribe (42634613),Abner Uribe,42634613,P,4000,TOR@MIL 04/14/2026 07:40PM ET,MIL,2.3
,,,,,,,,,,,,,,RP,Alex Hoppe (42634363),Alex Hoppe,42634363,P,4000,SEA@SD 04/14/2026 09:40PM ET,SEA,0
,,,,,,,,,,,,,,RP,Robinson Ortiz (42634381),Robinson Ortiz,42634381,P,4000,SEA@SD 04/14/2026 09:40PM ET,SEA,0
,,,,,,,,,,,,,,RP,Domingo Gonzalez (42634392),Domingo Gonzalez,42634392,P,4000,SEA@SD 04/14/2026 09:40PM ET,SEA,0
,,,,,,,,,,,,,,RP,Garrett Hawkins (42634404),Garrett Hawkins,42634404,P,4000,SEA@SD 04/14/2026 09:40PM ET,SD,0
,,,,,,,,,,,,,,SP,Miguel Mendez (42634405),Miguel Mendez,42634405,P,4000,SEA@SD 04/14/2026 09:40PM ET,SD,0
,,,,,,,,,,,,,,RP,Blas Castano (42634408),Blas Castano,42634408,P,4000,SEA@SD 04/14/2026 09:40PM ET,SEA,0
,,,,,,,,,,,,,,RP,Wandy Peralta (42634421),Wandy Peralta,42634421,P,4000,SEA@SD 04/14/2026 09:40PM ET,SD,2.24
,,,,,,,,,,,,,,RP,Matt Brash (42634425),Matt Brash,42634425,P,4000,SEA@SD 04/14/2026 09:40PM ET,SEA,3.3
,,,,,,,,,,,,,,RP,Andres Munoz (42634429),Andres Munoz,42634429,P,4000,SEA@SD 04/14/2026 09:40PM ET,SEA,5.12
,,,,,,,,,,,,,,RP,Yosver Zulueta (42634437),Yosver Zulueta,42634437,P,4000,SEA@SD 04/14/2026 09:40PM ET,SEA,0
,,,,,,,,,,,,,,RP,Jose A. Ferrer (42634440),Jose A. Ferrer,42634440,P,4000,SEA@SD 04/14/2026 09:40PM ET,SEA,2.29
,,,,,,,,,,,,,,RP,Alek Jacob (42634456),Alek Jacob,42634456,P,4000,SEA@SD 04/14/2026 09:40PM ET,SD,0
,,,,,,,,,,,,,,RP,Bryan Hoeing (42634457),Bryan Hoeing,42634457,P,4000,SEA@SD 04/14/2026 09:40PM ET,SD,0
,,,,,,,,,,,,,,RP,Josh Simpson (42634463),Josh Simpson,42634463,P,4000,SEA@SD 04/14/2026 09:40PM ET,SEA,0
,,,,,,,,,,,,,,RP,Bradgley Rodriguez (42634469),Bradgley Rodriguez,42634469,P,4000,SEA@SD 04/14/2026 09:40PM ET,SD,4.71
,,,,,,,,,,,,,,RP,Gabe Speier (42634474),Gabe Speier,42634474,P,4000,SEA@SD 04/14/2026 09:40PM ET,SEA,2.47
,,,,,,,,,,,,,,RP,David Morgan (42634488),David Morgan,42634488,P,4000,SEA@SD 04/14/2026 09:40PM ET,SD,6.21
,,,,,,,,,,,,,,RP,Adrian Morejon (42634495),Adrian Morejon,42634495,P,4000,SEA@SD 04/14/2026 09:40PM ET,SD,0.57
,,,,,,,,,,,,,,RP,Troy Taylor (42634533),Troy Taylor,42634533,P,4000,SEA@SD 04/14/2026 09:40PM ET,SEA,0
,,,,,,,,,,,,,,RP,Ron Marinaccio (42634538),Ron Marinaccio,42634538,P,4000,SEA@SD 04/14/2026 09:40PM ET,SD,4.47
,,,,,,,,,,,,,,RP,Casey Legumina (42634542),Casey Legumina,42634542,P,4000,SEA@SD 04/14/2026 09:40PM ET,SEA,4.74
,,,,,,,,,,,,,,RP,Carlos Vargas (42634560),Carlos Vargas,42634560,P,4000,SEA@SD 04/14/2026 09:40PM ET,SEA,0
,,,,,,,,,,,,,,RP,Eduard Bazardo (42634573),Eduard Bazardo,42634573,P,4000,SEA@SD 04/14/2026 09:40PM ET,SEA,2.89
,,,,,,,,,,,,,,RP,Cole Wilcox (42634586),Cole Wilcox,42634586,P,4000,SEA@SD 04/14/2026 09:40PM ET,SEA,2.79
,,,,,,,,,,,,,,RP,Jason Adam (42634587),Jason Adam,42634587,P,4000,SEA@SD 04/14/2026 09:40PM ET,SD,0.75
,,,,,,,,,,,,,,RP,Mason Miller (42634591),Mason Miller,42634591,P,4000,SEA@SD 04/14/2026 09:40PM ET,SD,8.19
,,,,,,,,,,,,,,RP,Ty Adcock (42634609),Ty Adcock,42634609,P,4000,SEA@SD 04/14/2026 09:40PM ET,SD,0
,,,,,,,,,,,,,,RP,Yuki Matsui (42634610),Yuki Matsui,42634610,P,4000,SEA@SD 04/14/2026 09:40PM ET,SD,0
,,,,,,,,,,,,,,RP,Jeremiah Estrada (42634611),Jeremiah Estrada,42634611,P,4000,SEA@SD 04/14/2026 09:40PM ET,SD,3.11
,,,,,,,,,,,,,,OF,Jo Adell (42633812),Jo Adell,42633812,OF,4000,LAA@NYY 04/14/2026 07:05PM ET,LAA,6.65
,,,,,,,,,,,,,,2B,Jazz Chisholm Jr. (42633813),Jazz Chisholm Jr.,42633813,2B,4000,LAA@NYY 04/14/2026 07:05PM ET,NYY,5.94
,,,,,,,,,,,,,,SP,Chase Hampton (42634359),Chase Hampton,42634359,P,4000,LAA@NYY 04/14/2026 07:05PM ET,NYY,0
,,,,,,,,,,,,,,RP,Kervin Castro (42634371),Kervin Castro,42634371,P,4000,LAA@NYY 04/14/2026 07:05PM ET,NYY,0
,,,,,,,,,,,,,,SP,Elmer Rodriguez (42634400),Elmer Rodriguez,42634400,P,4000,LAA@NYY 04/14/2026 07:05PM ET,NYY,0
,,,,,,,,,,,,,,RP,Fernando Cruz (42634430),Fernando Cruz,42634430,P,4000,LAA@NYY 04/14/2026 07:05PM ET,NYY,3.32
,,,,,,,,,,,,,,RP,Jose Fermin (42634431),Jose Fermin,42634431,P,4000,LAA@NYY 04/14/2026 07:05PM ET,LAA,0
,,,,,,,,,,,,,,RP,Shaun Anderson (42634441),Shaun Anderson,42634441,P,4000,LAA@NYY 04/14/2026 07:05PM ET,LAA,3.76
,,,,,,,,,,,,,,SP,Walbert Urena (42634442),Walbert Urena,42634442,P,4000,LAA@NYY 04/14/2026 07:05PM ET,LAA,1.48
,,,,,,,,,,,,,,RP,Paul Blackburn (42634443),Paul Blackburn,42634443,P,4000,LAA@NYY 04/14/2026 07:05PM ET,NYY,3.61
,,,,,,,,,,,,,,RP,Kirby Yates (42634484),Kirby Yates,42634484,P,4000,LAA@NYY 04/14/2026 07:05PM ET,LAA,0
,,,,,,,,,,,,,,RP,Jake Bird (42634503),Jake Bird,42634503,P,4000,LAA@NYY 04/14/2026 07:05PM ET,NYY,2.39
,,,,,,,,,,,,,,RP,Tim Hill (42634504),Tim Hill,42634504,P,4000,LAA@NYY 04/14/2026 07:05PM ET,NYY,2.38
,,,,,,,,,,,,,,RP,Robert Stephenson (42634517),Robert Stephenson,42634517,P,4000,LAA@NYY 04/14/2026 07:05PM ET,LAA,0
,,,,,,,,,,,,,,RP,Camilo Doval (42634530),Camilo Doval,42634530,P,4000,LAA@NYY 04/14/2026 07:05PM ET,NYY,1.46
,,,,,,,,,,,,,,RP,Yerry de los Santos (42634547),Yerry de los Santos,42634547,P,4000,LAA@NYY 04/14/2026 07:05PM ET,NYY,0
,,,,,,,,,,,,,,RP,Drew Pomeranz (42634555),Drew Pomeranz,42634555,P,4000,LAA@NYY 04/14/2026 07:05PM ET,LAA,1.57
,,,,,,,,,,,,,,RP,Ben Joyce (42634569),Ben Joyce,42634569,P,4000,LAA@NYY 04/14/2026 07:05PM ET,LAA,0
,,,,,,,,,,,,,,RP,Brent Suter (42634574),Brent Suter,42634574,P,4000,LAA@NYY 04/14/2026 07:05PM ET,LAA,6.81
,,,,,,,,,,,,,,RP,Angel Chivilli (42634584),Angel Chivilli,42634584,P,4000,LAA@NYY 04/14/2026 07:05PM ET,NYY,0
,,,,,,,,,,,,,,RP,David Bednar (42634598),David Bednar,42634598,P,4000,LAA@NYY 04/14/2026 07:05PM ET,NYY,2
,,,,,,,,,,,,,,RP,Ryan Zeferjahn (42634601),Ryan Zeferjahn,42634601,P,4000,LAA@NYY 04/14/2026 07:05PM ET,LAA,5.75
,,,,,,,,,,,,,,RP,Jordan Romano (42634603),Jordan Romano,42634603,P,4000,LAA@NYY 04/14/2026 07:05PM ET,LAA,2.15
,,,,,,,,,,,,,,RP,Brent Headrick (42634614),Brent Headrick,42634614,P,4000,LAA@NYY 04/14/2026 07:05PM ET,NYY,3.44
,,,,,,,,,,,,,,RP,Sam Bachman (42634619),Sam Bachman,42634619,P,4000,LAA@NYY 04/14/2026 07:05PM ET,LAA,3.12
,,,,,,,,,,,,,,RP,Nick Sandlin (42634621),Nick Sandlin,42634621,P,4000,LAA@NYY 04/14/2026 07:05PM ET,LAA,-4.45
,,,,,,,,,,,,,,3B,Max Muncy (42633820),Max Muncy,42633820,3B,3900,TEX@ATH 04/14/2026 09:40PM ET,ATH,8.19
,,,,,,,,,,,,,,1B,Jake Burger (42633821),Jake Burger,42633821,1B,3900,TEX@ATH 04/14/2026 09:40PM ET,TEX,7.88
,,,,,,,,,,,,,,2B,Ozzie Albies (42633823),Ozzie Albies,42633823,2B,3900,MIA@ATL 04/14/2026 07:15PM ET,ATL,7.18
,,,,,,,,,,,,,,OF,Sal Frelick (42633822),Sal Frelick,42633822,OF,3900,TOR@MIL 04/14/2026 07:40PM ET,MIL,5
,,,,,,,,,,,,,,C,Alejandro Kirk (42634049),Alejandro Kirk,42634049,C,3900,TOR@MIL 04/14/2026 07:40PM ET,TOR,6
,,,,,,,,,,,,,,SS,Xander Bogaerts (42633819),Xander Bogaerts,42633819,SS,3900,SEA@SD 04/14/2026 09:40PM ET,SD,7.07
,,,,,,,,,,,,,,C,Agustin Ramirez (42633828),Agustin Ramirez,42633828,C,3800,MIA@ATL 04/14/2026 07:15PM ET,MIA,7.5
,,,,,,,,,,,,,,SS,Trevor Story (42633824),Trevor Story,42633824,SS,3800,BOS@MIN 04/14/2026 07:40PM ET,BOS,5.69
,,,,,,,,,,,,,,1B/OF,Brett Baty (42633825),Brett Baty,42633825,1B/OF,3800,NYM@LAD 04/14/2026 10:10PM ET,NYM,5.93
,,,,,,,,,,,,,,OF,Jorge Soler (42633827),Jorge Soler,42633827,OF,3800,LAA@NYY 04/14/2026 07:05PM ET,LAA,8.94
,,,,,,,,,,,,,,SS,Jacob Wilson (42633829),Jacob Wilson,42633829,SS,3700,TEX@ATH 04/14/2026 09:40PM ET,ATH,4.47
,,,,,,,,,,,,,,OF,Evan Carter (42633832),Evan Carter,42633832,OF,3700,TEX@ATH 04/14/2026 09:40PM ET,TEX,6.5
,,,,,,,,,,,,,,3B,Austin Riley (42633834),Austin Riley,42633834,3B,3700,MIA@ATL 04/14/2026 07:15PM ET,ATL,6.47
,,,,,,,,,,,,,,1B/OF,Troy Johnston (42633830),Troy Johnston,42633830,1B/OF,3700,COL@HOU 04/14/2026 08:10PM ET,COL,6.85
,,,,,,,,,,,,,,OF,Joey Loperfido (42633833),Joey Loperfido,42633833,OF,3700,COL@HOU 04/14/2026 08:10PM ET,HOU,5.5
,,,,,,,,,,,,,,1B,Gavin Sheets (42633835),Gavin Sheets,42633835,1B,3700,SEA@SD 04/14/2026 09:40PM ET,SD,6.29
,,,,,,,,,,,,,,OF,Lawrence Butler (42633843),Lawrence Butler,42633843,OF,3600,TEX@ATH 04/14/2026 09:40PM ET,ATH,5.47
,,,,,,,,,,,,,,OF,Owen Caissie (42633845),Owen Caissie,42633845,OF,3600,MIA@ATL 04/14/2026 07:15PM ET,MIA,7.27
,,,,,,,,,,,,,,C,Ryan Jeffers (42633841),Ryan Jeffers,42633841,C,3600,BOS@MIN 04/14/2026 07:40PM ET,MIN,9.33
,,,,,,,,,,,,,,1B/2B,Kody Clemens (42633846),Kody Clemens,42633846,1B/2B,3600,BOS@MIN 04/14/2026 07:40PM ET,MIN,6.44
,,,,,,,,,,,,,,OF,Mickey Moniak (42633840),Mickey Moniak,42633840,OF,3600,COL@HOU 04/14/2026 08:10PM ET,COL,9.4
,,,,,,,,,,,,,,2B/3B,Jorge Polanco (42633838),Jorge Polanco,42633838,2B/3B,3600,NYM@LAD 04/14/2026 10:10PM ET,NYM,4.85
,,,,,,,,,,,,,,3B/SS,David Hamilton (42633836),David Hamilton,42633836,3B/SS,3600,TOR@MIL 04/14/2026 07:40PM ET,MIL,7.09
,,,,,,,,,,,,,,1B,Paul Goldschmidt (42633842),Paul Goldschmidt,42633842,1B,3600,LAA@NYY 04/14/2026 07:05PM ET,NYY,8.4
,,,,,,,,,,,,,,1B,Nolan Schanuel (42633844),Nolan Schanuel,42633844,1B,3600,LAA@NYY 04/14/2026 07:05PM ET,LAA,6.87
,,,,,,,,,,,,,,OF,Andrew McCutchen (42633855),Andrew McCutchen,42633855,OF,3500,TEX@ATH 04/14/2026 09:40PM ET,TEX,4.5
,,,,,,,,,,,,,,3B,Miguel Vargas (42633858),Miguel Vargas,42633858,3B,3500,TB@CWS 04/14/2026 07:40PM ET,CWS,7.47
,,,,,,,,,,,,,,2B,Richie Palacios (42633859),Richie Palacios,42633859,2B,3500,TB@CWS 04/14/2026 07:40PM ET,TB,6.33
,,,,,,,,,,,,,,1B/2B,Romy Gonzalez (42634050),Romy Gonzalez,42634050,1B/2B,3500,BOS@MIN 04/14/2026 07:40PM ET,BOS,0
,,,,,,,,,,,,,,3B,Royce Lewis (42634052),Royce Lewis,42634052,3B,3500,BOS@MIN 04/14/2026 07:40PM ET,MIN,8.17
,,,,,,,,,,,,,,OF,Tyler Freeman (42633851),Tyler Freeman,42633851,OF,3500,COL@HOU 04/14/2026 08:10PM ET,COL,5.71
,,,,,,,,,,,,,,2B/OF,Brice Matthews (42633853),Brice Matthews,42633853,2B/OF,3500,COL@HOU 04/14/2026 08:10PM ET,HOU,3.2
,,,,,,,,,,,,,,1B,Mark Vientos (42633849),Mark Vientos,42633849,1B,3500,NYM@LAD 04/14/2026 10:10PM ET,NYM,5
,,,,,,,,,,,,,,C,Ivan Herrera (42633848),Ivan Herrera,42633848,C,3500,CLE@STL 04/14/2026 07:45PM ET,STL,5.69
,,,,,,,,,,,,,,3B,Nolan Gorman (42633852),Nolan Gorman,42633852,3B,3500,CLE@STL 04/14/2026 07:45PM ET,STL,5.87
,,,,,,,,,,,,,,OF,Angel Martinez (42633857),Angel Martinez,42633857,OF,3500,CLE@STL 04/14/2026 07:45PM ET,CLE,8.33
,,,,,,,,,,,,,,OF,Garrett Mitchell (42633856),Garrett Mitchell,42633856,OF,3500,TOR@MIL 04/14/2026 07:40PM ET,MIL,8.46
,,,,,,,,,,,,,,3B/OF,Addison Barger (42634053),Addison Barger,42634053,3B/OF,3500,TOR@MIL 04/14/2026 07:40PM ET,TOR,2.12
,,,,,,,,,,,,,,OF,Trent Grisham (42633850),Trent Grisham,42633850,OF,3500,LAA@NYY 04/14/2026 07:05PM ET,NYY,7
,,,,,,,,,,,,,,2B,Jeff McNeil (42633868),Jeff McNeil,42633868,2B,3400,TEX@ATH 04/14/2026 09:40PM ET,ATH,5.33
,,,,,,,,,,,,,,3B/OF,Javier Sanoja (42633860),Javier Sanoja,42633860,3B/OF,3400,MIA@ATL 04/14/2026 07:15PM ET,MIA,5.67
,,,,,,,,,,,,,,1B,Dominic Smith (42633862),Dominic Smith,42633862,1B,3400,MIA@ATL 04/14/2026 07:15PM ET,ATL,7.92
,,,,,,,,,,,,,,SS,Ha-Seong Kim (42634057),Ha-Seong Kim,42634057,SS,3400,MIA@ATL 04/14/2026 07:15PM ET,ATL,0
,,,,,,,,,,,,,,OF,Griffin Conine (42634058),Griffin Conine,42634058,OF,3400,MIA@ATL 04/14/2026 07:15PM ET,MIA,6.36
,,,,,,,,,,,,,,OF,Matt Wallner (42633865),Matt Wallner,42633865,OF,3400,BOS@MIN 04/14/2026 07:40PM ET,MIN,6.75
,,,,,,,,,,,,,,2B,Willi Castro (42633863),Willi Castro,42633863,2B,3400,COL@HOU 04/14/2026 08:10PM ET,COL,6.36
,,,,,,,,,,,,,,OF,Carson Benge (42633869),Carson Benge,42633869,OF,3400,NYM@LAD 04/14/2026 10:10PM ET,NYM,5.43
,,,,,,,,,,,,,,2B,Tommy Edman (42634055),Tommy Edman,42634055,2B,3400,NYM@LAD 04/14/2026 10:10PM ET,LAD,0
,,,,,,,,,,,,,,OF,Lars Nootbaar (42634056),Lars Nootbaar,42634056,OF,3400,CLE@STL 04/14/2026 07:45PM ET,STL,0
,,,,,,,,,,,,,,OF,Jesus Sanchez (42633864),Jesus Sanchez,42633864,OF,3400,TOR@MIL 04/14/2026 07:40PM ET,TOR,6.71
,,,,,,,,,,,,,,1B/C,Gary Sanchez (42633866),Gary Sanchez,42633866,C/1B,3400,TOR@MIL 04/14/2026 07:40PM ET,MIL,9.33
,,,,,,,,,,,,,,OF,Carlos Cortes (42633872),Carlos Cortes,42633872,OF,3300,TEX@ATH 04/14/2026 09:40PM ET,ATH,5.09
,,,,,,,,,,,,,,C,Danny Jansen (42633881),Danny Jansen,42633881,C,3300,TEX@ATH 04/14/2026 09:40PM ET,TEX,5.54
,,,,,,,,,,,,,,OF,Colby Thomas (42634059),Colby Thomas,42634059,OF,3300,TEX@ATH 04/14/2026 09:40PM ET,ATH,0
,,,,,,,,,,,,,,OF/SS,Mauricio Dubon (42633873),Mauricio Dubon,42633873,SS/OF,3300,MIA@ATL 04/14/2026 07:15PM ET,ATL,8.5
,,,,,,,,,,,,,,OF,Michael Harris II (42634060),Michael Harris II,42634060,OF,3300,MIA@ATL 04/14/2026 07:15PM ET,ATL,6.2
,,,,,,,,,,,,,,OF,Christopher Morel (42634061),Christopher Morel,42634061,OF,3300,MIA@ATL 04/14/2026 07:15PM ET,MIA,0
,,,,,,,,,,,,,,2B,Chase Meidroth (42633875),Chase Meidroth,42633875,2B,3300,TB@CWS 04/14/2026 07:40PM ET,CWS,5.07
,,,,,,,,,,,,,,OF,Jonny DeLuca (42633880),Jonny DeLuca,42633880,OF,3300,TB@CWS 04/14/2026 07:40PM ET,TB,5.46
,,,,,,,,,,,,,,OF,Austin Martin (42633879),Austin Martin,42633879,OF,3300,BOS@MIN 04/14/2026 07:40PM ET,MIN,5.62
,,,,,,,,,,,,,,2B,Marcus Semien (42633876),Marcus Semien,42633876,2B,3300,NYM@LAD 04/14/2026 10:10PM ET,NYM,4.29
,,,,,,,,,,,,,,1B,Rhys Hoskins (42633878),Rhys Hoskins,42633878,1B,3300,CLE@STL 04/14/2026 07:45PM ET,CLE,6.15
,,,,,,,,,,,,,,1B,Josh Naylor (42633871),Josh Naylor,42633871,1B,3300,SEA@SD 04/14/2026 09:40PM ET,SEA,4.62
,,,,,,,,,,,,,,OF,Luke Raley (42633882),Luke Raley,42633882,OF,3300,SEA@SD 04/14/2026 09:40PM ET,SEA,7.6
,,,,,,,,,,,,,,2B,Jake Cronenworth (42633883),Jake Cronenworth,42633883,2B,3300,SEA@SD 04/14/2026 09:40PM ET,SD,4.6
,,,,,,,,,,,,,,3B,Yoan Moncada (42633870),Yoan Moncada,42633870,3B,3300,LAA@NYY 04/14/2026 07:05PM ET,LAA,5.64
,,,,,,,,,,,,,,OF,Josh Lowe (42633877),Josh Lowe,42633877,OF,3300,LAA@NYY 04/14/2026 07:05PM ET,LAA,4.4
,,,,,,,,,,,,,,2B,Zack Gelof (42633888),Zack Gelof,42633888,2B,3200,TEX@ATH 04/14/2026 09:40PM ET,ATH,1
,,,,,,,,,,,,,,OF,Sam Haggerty (42633892),Sam Haggerty,42633892,OF,3200,TEX@ATH 04/14/2026 09:40PM ET,TEX,2.14
,,,,,,,,,,,,,,OF,Mike Yastrzemski (42633887),Mike Yastrzemski,42633887,OF,3200,MIA@ATL 04/14/2026 07:15PM ET,ATL,5
,,,,,,,,,,,,,,C,Sean Murphy (42634062),Sean Murphy,42634062,C,3200,MIA@ATL 04/14/2026 07:15PM ET,ATL,0
,,,,,,,,,,,,,,C,Christian Vazquez (42633886),Christian Vazquez,42633886,C,3200,COL@HOU 04/14/2026 08:10PM ET,HOU,8.71
,,,,,,,,,,,,,,C,Dalton Rushing (42633885),Dalton Rushing,42633885,C,3200,NYM@LAD 04/14/2026 10:10PM ET,LAD,16
,,,,,,,,,,,,,,SS,Masyn Winn (42633884),Masyn Winn,42633884,SS,3200,CLE@STL 04/14/2026 07:45PM ET,STL,5.92
,,,,,,,,,,,,,,3B,Ramon Urias (42633889),Ramon Urias,42633889,3B,3200,CLE@STL 04/14/2026 07:45PM ET,STL,5.15
,,,,,,,,,,,,,,OF,Dominic Canzone (42633893),Dominic Canzone,42633893,OF,3200,SEA@SD 04/14/2026 09:40PM ET,SEA,5.85
,,,,,,,,,,,,,,2B/3B,Amed Rosario (42633890),Amed Rosario,42633890,2B/3B,3200,LAA@NYY 04/14/2026 07:05PM ET,NYY,6.5
,,,,,,,,,,,,,,2B,Josh Smith (42633903),Josh Smith,42633903,2B,3100,TEX@ATH 04/14/2026 09:40PM ET,TEX,3.73
,,,,,,,,,,,,,,C,Kyle Teel (42634065),Kyle Teel,42634065,C,3100,TB@CWS 04/14/2026 07:40PM ET,CWS,0
,,,,,,,,,,,,,,1B/C,Victor Caratini (42633895),Victor Caratini,42633895,C/1B,3100,BOS@MIN 04/14/2026 07:40PM ET,MIN,6.57
,,,,,,,,,,,,,,OF,Masataka Yoshida (42633899),Masataka Yoshida,42633899,OF,3100,BOS@MIN 04/14/2026 07:40PM ET,BOS,5.78
,,,,,,,,,,,,,,OF,Trevor Larnach (42633902),Trevor Larnach,42633902,OF,3100,BOS@MIN 04/14/2026 07:40PM ET,MIN,5.67
,,,,,,,,,,,,,,OF,Brenton Doyle (42633900),Brenton Doyle,42633900,OF,3100,COL@HOU 04/14/2026 08:10PM ET,COL,4.73
,,,,,,,,,,,,,,OF,Jake Meyers (42634063),Jake Meyers,42634063,OF,3100,COL@HOU 04/14/2026 08:10PM ET,HOU,5.92
,,,,,,,,,,,,,,3B/OF,Daniel Schneemann (42633897),Daniel Schneemann,42633897,3B/OF,3100,CLE@STL 04/14/2026 07:45PM ET,CLE,5.31
,,,,,,,,,,,,,,1B,Kyle Manzardo (42633901),Kyle Manzardo,42633901,1B,3100,CLE@STL 04/14/2026 07:45PM ET,CLE,3
,,,,,,,,,,,,,,OF,George Valera (42634066),George Valera,42634066,OF,3100,CLE@STL 04/14/2026 07:45PM ET,CLE,0
,,,,,,,,,,,,,,SS,Andres Gimenez (42633894),Andres Gimenez,42633894,SS,3100,TOR@MIL 04/14/2026 07:40PM ET,TOR,7.67
,,,,,,,,,,,,,,2B,Cole Young (42633904),Cole Young,42633904,2B,3100,SEA@SD 04/14/2026 09:40PM ET,SEA,7.12
,,,,,,,,,,,,,,3B/OF,Miguel Andujar (42633905),Miguel Andujar,42633905,3B/OF,3100,SEA@SD 04/14/2026 09:40PM ET,SD,5.58
,,,,,,,,,,,,,,2B,Christian Moore (42634064),Christian Moore,42634064,2B,3100,LAA@NYY 04/14/2026 07:05PM ET,LAA,0
,,,,,,,,,,,,,,OF,Jake Fraley (42633909),Jake Fraley,42633909,OF,3000,TB@CWS 04/14/2026 07:40PM ET,TB,3.73
,,,,,,,,,,,,,,OF,Gavin Lux (42634067),Gavin Lux,42634067,OF,3000,TB@CWS 04/14/2026 07:40PM ET,TB,0
,,,,,,,,,,,,,,OF,Austin Hays (42634071),Austin Hays,42634071,OF,3000,TB@CWS 04/14/2026 07:40PM ET,CWS,5.33
,,,,,,,,,,,,,,OF,Ceddanne Rafaela (42633908),Ceddanne Rafaela,42633908,OF,3000,BOS@MIN 04/14/2026 07:40PM ET,BOS,5.5
,,,,,,,,,,,,,,3B/SS,Tristan Gray (42633914),Tristan Gray,42633914,3B/SS,3000,BOS@MIN 04/14/2026 07:40PM ET,MIN,8.25
,,,,,,,,,,,,,,1B,TJ Rumfield (42633913),TJ Rumfield,42633913,1B,3000,COL@HOU 04/14/2026 08:10PM ET,COL,6.69
,,,,,,,,,,,,,,OF,Zach Cole (42634070),Zach Cole,42634070,OF,3000,COL@HOU 04/14/2026 08:10PM ET,HOU,0
,,,,,,,,,,,,,,2B,Alex Freeland (42633910),Alex Freeland,42633910,2B,3000,NYM@LAD 04/14/2026 10:10PM ET,LAD,4.62
,,,,,,,,,,,,,,3B/OF,Kike Hernandez (42634068),Kike Hernandez,42634068,3B/OF,3000,NYM@LAD 04/14/2026 10:10PM ET,LAD,0
,,,,,,,,,,,,,,OF,Victor Scott II (42633911),Victor Scott II,42633911,OF,3000,CLE@STL 04/14/2026 07:45PM ET,STL,3.81
,,,,,,,,,,,,,,3B,Luis Rengifo (42633912),Luis Rengifo,42633912,3B,3000,TOR@MIL 04/14/2026 07:40PM ET,MIL,3.67
,,,,,,,,,,,,,,2B,Ernie Clement (42633916),Ernie Clement,42633916,2B,3000,TOR@MIL 04/14/2026 07:40PM ET,TOR,6.13
,,,,,,,,,,,,,,1B,Andrew Vaughn (42634074),Andrew Vaughn,42634074,1B,3000,TOR@MIL 04/14/2026 07:40PM ET,MIL,5
,,,,,,,,,,,,,,OF,Nick Castellanos (42633917),Nick Castellanos,42633917,OF,3000,SEA@SD 04/14/2026 09:40PM ET,SD,3.75
,,,,,,,,,,,,,,3B,Sung-Mun Song (42634073),Sung-Mun Song,42634073,3B,3000,SEA@SD 04/14/2026 09:40PM ET,SD,0
,,,,,,,,,,,,,,OF,Victor Robles (42634075),Victor Robles,42634075,OF,3000,SEA@SD 04/14/2026 09:40PM ET,SEA,3.6
,,,,,,,,,,,,,,C,Logan O'Hoppe (42633907),Logan O'Hoppe,42633907,C,3000,LAA@NYY 04/14/2026 07:05PM ET,LAA,4.69
,,,,,,,,,,,,,,OF,Jasson Dominguez (42634072),Jasson Dominguez,42634072,OF,3000,LAA@NYY 04/14/2026 07:05PM ET,NYY,0
,,,,,,,,,,,,,,1B/3B,Andy Ibanez (42633920),Andy Ibanez,42633920,1B/3B,2900,TEX@ATH 04/14/2026 09:40PM ET,ATH,1.75
,,,,,,,,,,,,,,OF,Heriberto Hernandez (42633924),Heriberto Hernandez,42633924,OF,2900,MIA@ATL 04/14/2026 07:15PM ET,MIA,5.07
,,,,,,,,,,,,,,C,Nick Fortes (42633923),Nick Fortes,42633923,C,2900,TB@CWS 04/14/2026 07:40PM ET,TB,5.85
,,,,,,,,,,,,,,2B,Edouard Julien (42633922),Edouard Julien,42633922,2B,2900,COL@HOU 04/14/2026 08:10PM ET,COL,5.71
,,,,,,,,,,,,,,OF,Zach Dezenzo (42634076),Zach Dezenzo,42634076,OF,2900,COL@HOU 04/14/2026 08:10PM ET,HOU,0
,,,,,,,,,,,,,,2B/SS,Brayan Rocchio (42633918),Brayan Rocchio,42633918,2B/SS,2900,CLE@STL 04/14/2026 07:45PM ET,CLE,5.76
,,,,,,,,,,,,,,C,Kyle Higashioka (42633925),Kyle Higashioka,42633925,C,2800,TEX@ATH 04/14/2026 09:40PM ET,TEX,6.86
,,,,,,,,,,,,,,OF,Joc Pederson (42633934),Joc Pederson,42633934,OF,2800,TEX@ATH 04/14/2026 09:40PM ET,TEX,3.93
,,,,,,,,,,,,,,1B,Connor Norby (42633928),Connor Norby,42633928,1B,2800,MIA@ATL 04/14/2026 07:15PM ET,MIA,6.4
,,,,,,,,,,,,,,OF,Cedric Mullins (42633931),Cedric Mullins,42633931,OF,2800,TB@CWS 04/14/2026 07:40PM ET,TB,5.07
,,,,,,,,,,,,,,OF,Dustin Harris (42633932),Dustin Harris,42633932,OF,2800,TB@CWS 04/14/2026 07:40PM ET,CWS,6.6
,,,,,,,,,,,,,,SS,Carson Williams (42634077),Carson Williams,42634077,SS,2800,TB@CWS 04/14/2026 07:40PM ET,TB,3.86
,,,,,,,,,,,,,,OF,Jordan Beck (42633929),Jordan Beck,42633929,OF,2800,COL@HOU 04/14/2026 08:10PM ET,COL,3.54
,,,,,,,,,,,,,,OF,Alex Call (42633930),Alex Call,42633930,OF,2800,NYM@LAD 04/14/2026 10:10PM ET,LAD,7.4
,,,,,,,,,,,,,,OF,David Fry (42633933),David Fry,42633933,OF,2800,CLE@STL 04/14/2026 07:45PM ET,CLE,2.75
,,,,,,,,,,,,,,2B/OF,Davis Schneider (42633936),Davis Schneider,42633936,2B/OF,2800,TOR@MIL 04/14/2026 07:40PM ET,TOR,6
,,,,,,,,,,,,,,SS,Joey Ortiz (42633938),Joey Ortiz,42633938,SS,2800,TOR@MIL 04/14/2026 07:40PM ET,MIL,5.82
,,,,,,,,,,,,,,OF,Anthony Santander (42634078),Anthony Santander,42634078,OF,2800,TOR@MIL 04/14/2026 07:40PM ET,TOR,0
,,,,,,,,,,,,,,SS,J.P. Crawford (42633935),J.P. Crawford,42633935,SS,2800,SEA@SD 04/14/2026 09:40PM ET,SEA,6
,,,,,,,,,,,,,,2B/OF,Adam Frazier (42633926),Adam Frazier,42633926,2B/OF,2800,LAA@NYY 04/14/2026 07:05PM ET,LAA,5.33
,,,,,,,,,,,,,,SS,Anthony Volpe (42634079),Anthony Volpe,42634079,SS,2800,LAA@NYY 04/14/2026 07:05PM ET,NYY,0
,,,,,,,,,,,,,,OF/SS,Jorge Mateo (42633945),Jorge Mateo,42633945,SS/OF,2700,MIA@ATL 04/14/2026 07:15PM ET,ATL,7.12
,,,,,,,,,,,,,,OF,Andrew Benintendi (42633951),Andrew Benintendi,42633951,OF,2700,TB@CWS 04/14/2026 07:40PM ET,CWS,3
,,,,,,,,,,,,,,SS,Brooks Lee (42633948),Brooks Lee,42633948,SS,2700,BOS@MIN 04/14/2026 07:40PM ET,MIN,5.27
,,,,,,,,,,,,,,2B,Marcelo Mayer (42633954),Marcelo Mayer,42633954,2B,2700,BOS@MIN 04/14/2026 07:40PM ET,BOS,4.53
,,,,,,,,,,,,,,OF,Taylor Trammell (42633943),Taylor Trammell,42633943,OF,2700,COL@HOU 04/14/2026 08:10PM ET,HOU,6.25
,,,,,,,,,,,,,,OF,Jake McCarthy (42633944),Jake McCarthy,42633944,OF,2700,COL@HOU 04/14/2026 08:10PM ET,COL,3.69
,,,,,,,,,,,,,,3B,Kyle Karros (42633955),Kyle Karros,42633955,3B,2700,COL@HOU 04/14/2026 08:10PM ET,COL,3.88
,,,,,,,,,,,,,,1B,Blaine Crim (42634080),Blaine Crim,42634080,1B,2700,COL@HOU 04/14/2026 08:10PM ET,COL,0
,,,,,,,,,,,,,,1B/OF,Jared Young (42633939),Jared Young,42633939,1B/OF,2700,NYM@LAD 04/14/2026 10:10PM ET,NYM,3.36
,,,,,,,,,,,,,,2B/SS,Hyeseong Kim (42633941),Hyeseong Kim,42633941,2B/SS,2700,NYM@LAD 04/14/2026 10:10PM ET,LAD,5.5
,,,,,,,,,,,,,,C,Pedro Pages (42633947),Pedro Pages,42633947,C,2700,CLE@STL 04/14/2026 07:45PM ET,STL,4.27
,,,,,,,,,,,,,,C,Austin Hedges (42633949),Austin Hedges,42633949,C,2700,CLE@STL 04/14/2026 07:45PM ET,CLE,6.14
,,,,,,,,,,,,,,OF,Rob Refsnyder (42633952),Rob Refsnyder,42633952,OF,2700,SEA@SD 04/14/2026 09:40PM ET,SEA,0.75
,,,,,,,,,,,,,,C,Luis Campusano (42633953),Luis Campusano,42633953,C,2700,SEA@SD 04/14/2026 09:40PM ET,SD,7
,,,,,,,,,,,,,,SS,Jose Caballero (42633950),Jose Caballero,42633950,SS,2700,LAA@NYY 04/14/2026 07:05PM ET,NYY,6.53
,,,,,,,,,,,,,,3B,Josh Jung (42633962),Josh Jung,42633962,3B,2600,TEX@ATH 04/14/2026 09:40PM ET,TEX,4.54
,,,,,,,,,,,,,,1B/3B,Graham Pauley (42633967),Graham Pauley,42633967,1B/3B,2600,MIA@ATL 04/14/2026 07:15PM ET,MIA,3.77
,,,,,,,,,,,,,,OF/SS,Luisangel Acuna (42633965),Luisangel Acuna,42633965,SS/OF,2600,TB@CWS 04/14/2026 07:40PM ET,CWS,4.5
,,,,,,,,,,,,,,OF,Brooks Baldwin (42634081),Brooks Baldwin,42634081,OF,2600,TB@CWS 04/14/2026 07:40PM ET,CWS,0
,,,,,,,,,,,,,,2B/SS,Miguel Rojas (42633956),Miguel Rojas,42633956,2B/SS,2600,NYM@LAD 04/14/2026 10:10PM ET,LAD,4
,,,,,,,,,,,,,,OF,Tommy Pham (42637268),Tommy Pham,42637268,OF,2600,NYM@LAD 04/14/2026 10:10PM ET,NYM,0
,,,,,,,,,,,,,,C,Bo Naylor (42633961),Bo Naylor,42633961,C,2600,CLE@STL 04/14/2026 07:45PM ET,CLE,1.82
,,,,,,,,,,,,,,OF,Nathan Church (42633963),Nathan Church,42633963,OF,2600,CLE@STL 04/14/2026 07:45PM ET,STL,3.14
,,,,,,,,,,,,,,SS,Gabriel Arias (42634082),Gabriel Arias,42634082,SS,2600,CLE@STL 04/14/2026 07:45PM ET,CLE,5
,,,,,,,,,,,,,,OF,Nathan Lukes (42633958),Nathan Lukes,42633958,OF,2600,TOR@MIL 04/14/2026 07:40PM ET,TOR,1.64
,,,,,,,,,,,,,,OF,Brandon Lockridge (42633964),Brandon Lockridge,42633964,OF,2600,TOR@MIL 04/14/2026 07:40PM ET,MIL,5.62
,,,,,,,,,,,,,,C,Freddy Fermin (42633969),Freddy Fermin,42633969,C,2600,SEA@SD 04/14/2026 09:40PM ET,SD,3.36
,,,,,,,,,,,,,,2B/3B,Oswald Peraza (42633959),Oswald Peraza,42633959,2B/3B,2600,LAA@NYY 04/14/2026 07:05PM ET,LAA,4.67
,,,,,,,,,,,,,,OF,Eli White (42633978),Eli White,42633978,OF,2500,MIA@ATL 04/14/2026 07:15PM ET,ATL,2.29
,,,,,,,,,,,,,,OF,Austin Slater (42633985),Austin Slater,42633985,OF,2500,MIA@ATL 04/14/2026 07:15PM ET,MIA,2.78
,,,,,,,,,,,,,,2B/SS,Ben Williamson (42633970),Ben Williamson,42633970,2B/SS,2500,TB@CWS 04/14/2026 07:40PM ET,TB,5.64
,,,,,,,,,,,,,,C,Hunter Feduccia (42633974),Hunter Feduccia,42633974,C,2500,TB@CWS 04/14/2026 07:40PM ET,TB,2.38
,,,,,,,,,,,,,,OF,Everson Pereira (42634084),Everson Pereira,42634084,OF,2500,TB@CWS 04/14/2026 07:40PM ET,CWS,6.2
,,,,,,,,,,,,,,3B,Caleb Durbin (42633973),Caleb Durbin,42633973,3B,2500,BOS@MIN 04/14/2026 07:40PM ET,BOS,4.07
,,,,,,,,,,,,,,C,Brett Sullivan (42633984),Brett Sullivan,42633984,C,2500,COL@HOU 04/14/2026 08:10PM ET,COL,3.7
,,,,,,,,,,,,,,2B/3B,Santiago Espinal (42633975),Santiago Espinal,42633975,2B/3B,2500,NYM@LAD 04/14/2026 10:10PM ET,LAD,2.33
,,,,,,,,,,,,,,C,Luis Torrens (42633986),Luis Torrens,42633986,C,2500,NYM@LAD 04/14/2026 10:10PM ET,NYM,4.14
,,,,,,,,,,,,,,OF/SS,Thomas Saggese (42633979),Thomas Saggese,42633979,SS/OF,2500,CLE@STL 04/14/2026 07:45PM ET,STL,4.25
,,,,,,,,,,,,,,OF,Petey Halpin (42634085),Petey Halpin,42634085,OF,2500,CLE@STL 04/14/2026 07:45PM ET,CLE,0
,,,,,,,,,,,,,,OF,Luis Matos (42633977),Luis Matos,42633977,OF,2500,TOR@MIL 04/14/2026 07:40PM ET,MIL,1.25
,,,,,,,,,,,,,,2B/OF,Tyler Fitzgerald (42633981),Tyler Fitzgerald,42633981,2B/OF,2500,TOR@MIL 04/14/2026 07:40PM ET,TOR,0
,,,,,,,,,,,,,,1B,Ty France (42633987),Ty France,42633987,1B,2500,SEA@SD 04/14/2026 09:40PM ET,SD,5.5
,,,,,,,,,,,,,,C,Austin Wells (42633972),Austin Wells,42633972,C,2500,LAA@NYY 04/14/2026 07:05PM ET,NYY,3.86
,,,,,,,,,,,,,,C,Travis d'Arnaud (42633983),Travis d'Arnaud,42633983,C,2500,LAA@NYY 04/14/2026 07:05PM ET,LAA,2.33
,,,,,,,,,,,,,,SS,Denzer Guzman (42634083),Denzer Guzman,42634083,SS,2500,LAA@NYY 04/14/2026 07:05PM ET,LAA,0
,,,,,,,,,,,,,,1B,Lenyn Sosa (42633994),Lenyn Sosa,42633994,1B,2400,TOR@MIL 04/14/2026 07:40PM ET,TOR,3.08
,,,,,,,,,,,,,,3B/OF,Ezequiel Duran (42633989),Ezequiel Duran,42633989,3B/OF,2400,TEX@ATH 04/14/2026 09:40PM ET,TEX,4.46
,,,,,,,,,,,,,,2B/SS,Darell Hernaiz (42633991),Darell Hernaiz,42633991,2B/SS,2400,TEX@ATH 04/14/2026 09:40PM ET,ATH,1.6
,,,,,,,,,,,,,,C,Austin Wynns (42633995),Austin Wynns,42633995,C,2400,TEX@ATH 04/14/2026 09:40PM ET,ATH,0.6
,,,,,,,,,,,,,,2B/3B,Maximo Acosta (42634088),Maximo Acosta,42634088,2B/3B,2400,MIA@ATL 04/14/2026 07:15PM ET,MIA,0
,,,,,,,,,,,,,,OF,Tristan Peters (42633997),Tristan Peters,42633997,OF,2400,TB@CWS 04/14/2026 07:40PM ET,CWS,2.93
,,,,,,,,,,,,,,2B/3B,Shay Whitcomb (42634086),Shay Whitcomb,42634086,2B/3B,2400,COL@HOU 04/14/2026 08:10PM ET,HOU,0.67
,,,,,,,,,,,,,,2B,Juan Brito (42633993),Juan Brito,42633993,2B,2400,CLE@STL 04/14/2026 07:45PM ET,CLE,5.67
,,,,,,,,,,,,,,OF,Blake Perkins (42633996),Blake Perkins,42633996,OF,2400,TOR@MIL 04/14/2026 07:40PM ET,MIL,3.5
,,,,,,,,,,,,,,C,Mitch Garver (42633988),Mitch Garver,42633988,C,2400,SEA@SD 04/14/2026 09:40PM ET,SEA,3
,,,,,,,,,,,,,,OF,Denzel Clarke (42634004),Denzel Clarke,42634004,OF,2300,TEX@ATH 04/14/2026 09:40PM ET,ATH,2.67
,,,,,,,,,,,,,,2B,Cody Freeman (42634090),Cody Freeman,42634090,2B,2300,TEX@ATH 04/14/2026 09:40PM ET,TEX,0
,,,,,,,,,,,,,,SS,Taylor Walls (42633998),Taylor Walls,42633998,SS,2300,TB@CWS 04/14/2026 07:40PM ET,TB,6.83
,,,,,,,,,,,,,,OF,Derek Hill (42634007),Derek Hill,42634007,OF,2300,TB@CWS 04/14/2026 07:40PM ET,CWS,2.83
,,,,,,,,,,,,,,C,Connor Wong (42634002),Connor Wong,42634002,C,2300,BOS@MIN 04/14/2026 07:40PM ET,BOS,5
,,,,,,,,,,,,,,1B/OF,CJ Kayfus (42634000),CJ Kayfus,42634000,1B/OF,2300,CLE@STL 04/14/2026 07:45PM ET,CLE,4.33
,,,,,,,,,,,,,,C,Tyler Heineman (42633999),Tyler Heineman,42633999,C,2300,TOR@MIL 04/14/2026 07:40PM ET,TOR,3.11
,,,,,,,,,,,,,,OF,Myles Straw (42634005),Myles Straw,42634005,OF,2300,TOR@MIL 04/14/2026 07:40PM ET,TOR,2.46
,,,,,,,,,,,,,,3B/SS,Leo Rivas (42634008),Leo Rivas,42634008,3B/SS,2300,SEA@SD 04/14/2026 09:40PM ET,SEA,4.23
,,,,,,,,,,,,,,OF,Bryce Johnson (42634010),Bryce Johnson,42634010,OF,2300,SEA@SD 04/14/2026 09:40PM ET,SD,1.6
,,,,,,,,,,,,,,3B,Ryan McMahon (42634003),Ryan McMahon,42634003,3B,2300,LAA@NYY 04/14/2026 07:05PM ET,NYY,2.4
,,,,,,,,,,,,,,2B,Vaughn Grissom (42634006),Vaughn Grissom,42634006,2B,2300,LAA@NYY 04/14/2026 07:05PM ET,LAA,3.5
,,,,,,,,,,,,,,2B/SS,Leo Jimenez (42634011),Leo Jimenez,42634011,2B/SS,2200,MIA@ATL 04/14/2026 07:15PM ET,MIA,1.83
,,,,,,,,,,,,,,C,Jonah Heim (42634017),Jonah Heim,42634017,C,2200,MIA@ATL 04/14/2026 07:15PM ET,ATL,3.83
,,,,,,,,,,,,,,3B/OF,Tanner Murray (42634019),Tanner Murray,42634019,3B/OF,2200,TB@CWS 04/14/2026 07:40PM ET,CWS,3.8
,,,,,,,,,,,,,,C,Carlos Narvaez (42634013),Carlos Narvaez,42634013,C,2200,BOS@MIN 04/14/2026 07:40PM ET,BOS,2.91
,,,,,,,,,,,,,,SS,Nick Allen (42634015),Nick Allen,42634015,SS,2200,COL@HOU 04/14/2026 08:10PM ET,HOU,2.09
,,,,,,,,,,,,,,3B,Ronny Mauricio (42634018),Ronny Mauricio,42634018,3B,2200,NYM@LAD 04/14/2026 10:10PM ET,NYM,2.5
,,,,,,,,,,,,,,C,Brandon Valenzuela (42634016),Brandon Valenzuela,42634016,C,2200,TOR@MIL 04/14/2026 07:40PM ET,TOR,3.71
,,,,,,,,,,,,,,OF,Randal Grichuk (42634014),Randal Grichuk,42634014,OF,2200,LAA@NYY 04/14/2026 07:05PM ET,NYY,1.11
,,,,,,,,,,,,,,1B,Deyvison De Los Santos (42634023),Deyvison De Los Santos,42634023,1B,2100,MIA@ATL 04/14/2026 07:15PM ET,MIA,2.5
,,,,,,,,,,,,,,C,Edgar Quero (42634027),Edgar Quero,42634027,C,2100,TB@CWS 04/14/2026 07:40PM ET,CWS,2.33
,,,,,,,,,,,,,,3B/SS,Andruw Monasterio (42634024),Andruw Monasterio,42634024,3B/SS,2100,BOS@MIN 04/14/2026 07:40PM ET,BOS,3.33
,,,,,,,,,,,,,,OF,James Outman (42634026),James Outman,42634026,OF,2100,BOS@MIN 04/14/2026 07:40PM ET,MIN,1
,,,,,,,,,,,,,,OF,Tyrone Taylor (42634030),Tyrone Taylor,42634030,OF,2100,NYM@LAD 04/14/2026 10:10PM ET,NYM,3.36
,,,,,,,,,,,,,,2B/OF,Jose Fermin (42634021),Jose Fermin,42634021,2B/OF,2100,CLE@STL 04/14/2026 07:45PM ET,STL,2.17
,,,,,,,,,,,,,,C,J.C. Escarra (42634028),J.C. Escarra,42634028,C,2100,LAA@NYY 04/14/2026 07:05PM ET,NYY,0.8
,,,,,,,,,,,,,,OF,Bryce Teodosio (42634029),Bryce Teodosio,42634029,OF,2100,LAA@NYY 04/14/2026 07:05PM ET,LAA,1.08
,,,,,,,,,,,,,,3B,Brett Harris (42634098),Brett Harris,42634098,3B,2000,TEX@ATH 04/14/2026 09:40PM ET,ATH,0
,,,,,,,,,,,,,,OF,Junior Perez (42634124),Junior Perez,42634124,OF,2000,TEX@ATH 04/14/2026 09:40PM ET,ATH,0
,,,,,,,,,,,,,,OF,Michael Helman (42634128),Michael Helman,42634128,OF,2000,TEX@ATH 04/14/2026 09:40PM ET,TEX,0
,,,,,,,,,,,,,,C,Willie MacIver (42634134),Willie MacIver,42634134,C,2000,TEX@ATH 04/14/2026 09:40PM ET,TEX,0
,,,,,,,,,,,,,,1B/2B,Justin Foscue (42634154),Justin Foscue,42634154,1B/2B,2000,TEX@ATH 04/14/2026 09:40PM ET,TEX,0
,,,,,,,,,,,,,,OF,Alejandro Osuna (42634158),Alejandro Osuna,42634158,OF,2000,TEX@ATH 04/14/2026 09:40PM ET,TEX,0
,,,,,,,,,,,,,,SS,Luke Williams (42634035),Luke Williams,42634035,SS,2000,MIA@ATL 04/14/2026 07:15PM ET,ATL,1
,,,,,,,,,,,,,,1B/3B,Kyle Farmer (42634036),Kyle Farmer,42634036,1B/3B,2000,MIA@ATL 04/14/2026 07:15PM ET,ATL,3.2
,,,,,,,,,,,,,,3B,Nacho Alvarez Jr. (42634100),Nacho Alvarez Jr.,42634100,3B,2000,MIA@ATL 04/14/2026 07:15PM ET,ATL,0
,,,,,,,,,,,,,,SS,Jared Serna (42634104),Jared Serna,42634104,SS,2000,MIA@ATL 04/14/2026 07:15PM ET,MIA,0
,,,,,,,,,,,,,,C,Joe Mack (42634118),Joe Mack,42634118,C,2000,MIA@ATL 04/14/2026 07:15PM ET,MIA,0
,,,,,,,,,,,,,,OF,Jurickson Profar (42634127),Jurickson Profar,42634127,OF,2000,MIA@ATL 04/14/2026 07:15PM ET,ATL,0
,,,,,,,,,,,,,,OF,Daniel Johnson (42634153),Daniel Johnson,42634153,OF,2000,MIA@ATL 04/14/2026 07:15PM ET,MIA,0
,,,,,,,,,,,,,,OF,Esteury Ruiz (42634156),Esteury Ruiz,42634156,OF,2000,MIA@ATL 04/14/2026 07:15PM ET,MIA,0
,,,,,,,,,,,,,,OF,Ryan Vilade (42634033),Ryan Vilade,42634033,OF,2000,TB@CWS 04/14/2026 07:40PM ET,TB,1.43
,,,,,,,,,,,,,,C,Reese McGuire (42634040),Reese McGuire,42634040,C,2000,TB@CWS 04/14/2026 07:40PM ET,CWS,1.14
,,,,,,,,,,,,,,OF,Jacob Melton (42634094),Jacob Melton,42634094,OF,2000,TB@CWS 04/14/2026 07:40PM ET,TB,0
,,,,,,,,,,,,,,2B/SS,Jadher Areinamo (42634105),Jadher Areinamo,42634105,2B/SS,2000,TB@CWS 04/14/2026 07:40PM ET,TB,0
,,,,,,,,,,,,,,C,Dom Keegan (42634119),Dom Keegan,42634119,C,2000,TB@CWS 04/14/2026 07:40PM ET,TB,0
,,,,,,,,,,,,,,OF,Victor Mesa Jr. (42634135),Victor Mesa Jr.,42634135,OF,2000,TB@CWS 04/14/2026 07:40PM ET,TB,0
,,,,,,,,,,,,,,OF,Justyn-Henry Malloy (42634148),Justyn-Henry Malloy,42634148,OF,2000,TB@CWS 04/14/2026 07:40PM ET,TB,0
,,,,,,,,,,,,,,2B/3B,Isiah Kiner-Falefa (42634031),Isiah Kiner-Falefa,42634031,2B/3B,2000,BOS@MIN 04/14/2026 07:40PM ET,BOS,1.5
,,,,,,,,,,,,,,3B/OF,Ryan Kreidler (42634041),Ryan Kreidler,42634041,3B/OF,2000,BOS@MIN 04/14/2026 07:40PM ET,MIN,7
,,,,,,,,,,,,,,OF,Nate Eaton (42634091),Nate Eaton,42634091,OF,2000,BOS@MIN 04/14/2026 07:40PM ET,BOS,0
,,,,,,,,,,,,,,1B,Eric Wagaman (42634093),Eric Wagaman,42634093,1B,2000,BOS@MIN 04/14/2026 07:40PM ET,MIN,0
,,,,,,,,,,,,,,OF,Hendry Mendez (42634109),Hendry Mendez,42634109,OF,2000,BOS@MIN 04/14/2026 07:40PM ET,MIN,0
,,,,,,,,,,,,,,OF,Emmanuel Rodriguez (42634116),Emmanuel Rodriguez,42634116,OF,2000,BOS@MIN 04/14/2026 07:40PM ET,MIN,0
,,,,,,,,,,,,,,OF,Gabriel Gonzalez (42634117),Gabriel Gonzalez,42634117,OF,2000,BOS@MIN 04/14/2026 07:40PM ET,MIN,0
,,,,,,,,,,,,,,1B,Triston Casas (42634129),Triston Casas,42634129,1B,2000,BOS@MIN 04/14/2026 07:40PM ET,BOS,0
,,,,,,,,,,,,,,2B,Kristian Campbell (42634133),Kristian Campbell,42634133,2B,2000,BOS@MIN 04/14/2026 07:40PM ET,BOS,0
,,,,,,,,,,,,,,OF,Alan Roden (42634137),Alan Roden,42634137,OF,2000,BOS@MIN 04/14/2026 07:40PM ET,MIN,0
,,,,,,,,,,,,,,3B,Anthony Seigler (42634139),Anthony Seigler,42634139,3B,2000,BOS@MIN 04/14/2026 07:40PM ET,BOS,0
,,,,,,,,,,,,,,2B/OF,Nick Sogard (42634140),Nick Sogard,42634140,2B/OF,2000,BOS@MIN 04/14/2026 07:40PM ET,BOS,0
,,,,,,,,,,,,,,C,Mickey Gasper (42634144),Mickey Gasper,42634144,C,2000,BOS@MIN 04/14/2026 07:40PM ET,BOS,0
,,,,,,,,,,,,,,2B/SS,Tsung-Che Cheng (42634165),Tsung-Che Cheng,42634165,2B/SS,2000,BOS@MIN 04/14/2026 07:40PM ET,BOS,0
,,,,,,,,,,,,,,C,Braxton Fulford (42634092),Braxton Fulford,42634092,C,2000,COL@HOU 04/14/2026 08:10PM ET,COL,7
,,,,,,,,,,,,,,OF,Sterlin Thompson (42634113),Sterlin Thompson,42634113,OF,2000,COL@HOU 04/14/2026 08:10PM ET,COL,0
,,,,,,,,,,,,,,3B/OF,Kris Bryant (42634130),Kris Bryant,42634130,3B/OF,2000,COL@HOU 04/14/2026 08:10PM ET,COL,0
,,,,,,,,,,,,,,OF,Zac Veen (42634142),Zac Veen,42634142,OF,2000,COL@HOU 04/14/2026 08:10PM ET,COL,0
,,,,,,,,,,,,,,2B,Adael Amador (42634150),Adael Amador,42634150,2B,2000,COL@HOU 04/14/2026 08:10PM ET,COL,0
,,,,,,,,,,,,,,2B,Ryan Ritter (42634164),Ryan Ritter,42634164,2B,2000,COL@HOU 04/14/2026 08:10PM ET,COL,0.83
,,,,,,,,,,,,,,OF,Michael Siani (42634095),Michael Siani,42634095,OF,2000,NYM@LAD 04/14/2026 10:10PM ET,LAD,0
,,,,,,,,,,,,,,OF,Ryan Ward (42634123),Ryan Ward,42634123,OF,2000,NYM@LAD 04/14/2026 10:10PM ET,LAD,0
,,,,,,,,,,,,,,2B/OF,Nick Morabito (42634125),Nick Morabito,42634125,2B/OF,2000,NYM@LAD 04/14/2026 10:10PM ET,NYM,0
,,,,,,,,,,,,,,C,Hayden Senger (42634161),Hayden Senger,42634161,C,2000,NYM@LAD 04/14/2026 10:10PM ET,NYM,0
,,,,,,,,,,,,,,OF,MJ Melendez (42634163),MJ Melendez,42634163,OF,2000,NYM@LAD 04/14/2026 10:10PM ET,NYM,0
,,,,,,,,,,,,,,C,Yohel Pozo (42634038),Yohel Pozo,42634038,C,2000,CLE@STL 04/14/2026 07:45PM ET,STL,1.4
,,,,,,,,,,,,,,C,Jimmy Crooks (42634096),Jimmy Crooks,42634096,C,2000,CLE@STL 04/14/2026 07:45PM ET,STL,0
,,,,,,,,,,,,,,SS,Angel Genao (42634101),Angel Genao,42634101,SS,2000,CLE@STL 04/14/2026 07:45PM ET,CLE,0
,,,,,,,,,,,,,,2B/OF,Bryan Torres (42634107),Bryan Torres,42634107,2B/OF,2000,CLE@STL 04/14/2026 07:45PM ET,STL,0
,,,,,,,,,,,,,,C,Leo Bernal (42634110),Leo Bernal,42634110,C,2000,CLE@STL 04/14/2026 07:45PM ET,STL,0
,,,,,,,,,,,,,,SS,Kahlil Watson (42634114),Kahlil Watson,42634114,SS,2000,CLE@STL 04/14/2026 07:45PM ET,CLE,0
,,,,,,,,,,,,,,OF,Joshua Baez (42634120),Joshua Baez,42634120,OF,2000,CLE@STL 04/14/2026 07:45PM ET,STL,0
,,,,,,,,,,,,,,3B/SS,Cesar Prieto (42634168),Cesar Prieto,42634168,3B/SS,2000,CLE@STL 04/14/2026 07:45PM ET,STL,0
,,,,,,,,,,,,,,OF,Eloy Jimenez (42634034),Eloy Jimenez,42634034,OF,2000,TOR@MIL 04/14/2026 07:40PM ET,TOR,6
,,,,,,,,,,,,,,OF,Jonatan Clase (42634097),Jonatan Clase,42634097,OF,2000,TOR@MIL 04/14/2026 07:40PM ET,TOR,0
,,,,,,,,,,,,,,SS,Cooper Pratt (42634115),Cooper Pratt,42634115,SS,2000,TOR@MIL 04/14/2026 07:40PM ET,MIL,0
,,,,,,,,,,,,,,1B/3B,Juan Yepez (42634121),Juan Yepez,42634121,1B/3B,2000,TOR@MIL 04/14/2026 07:40PM ET,TOR,0
,,,,,,,,,,,,,,OF,Akil Baddoo (42634132),Akil Baddoo,42634132,OF,2000,TOR@MIL 04/14/2026 07:40PM ET,MIL,0
,,,,,,,,,,,,,,1B,Tyler Black (42634149),Tyler Black,42634149,1B,2000,TOR@MIL 04/14/2026 07:40PM ET,MIL,0
,,,,,,,,,,,,,,C,Jeferson Quero (42634167),Jeferson Quero,42634167,C,2000,TOR@MIL 04/14/2026 07:40PM ET,MIL,2
,,,,,,,,,,,,,,OF,Connor Joe (42634039),Connor Joe,42634039,OF,2000,SEA@SD 04/14/2026 09:40PM ET,SEA,0
,,,,,,,,,,,,,,SS,Colt Emerson (42634103),Colt Emerson,42634103,SS,2000,SEA@SD 04/14/2026 09:40PM ET,SEA,0
,,,,,,,,,,,,,,OF,Rhylan Thomas (42634138),Rhylan Thomas,42634138,OF,2000,SEA@SD 04/14/2026 09:40PM ET,SEA,0
,,,,,,,,,,,,,,2B,Ryan Bliss (42634143),Ryan Bliss,42634143,2B,2000,SEA@SD 04/14/2026 09:40PM ET,SEA,0
,,,,,,,,,,,,,,C,Jhonny Pereda (42634145),Jhonny Pereda,42634145,C,2000,SEA@SD 04/14/2026 09:40PM ET,SEA,0
,,,,,,,,,,,,,,2B/SS,Mason McCoy (42634151),Mason McCoy,42634151,2B/SS,2000,SEA@SD 04/14/2026 09:40PM ET,SD,0
,,,,,,,,,,,,,,1B/3B,Will Wagner (42634159),Will Wagner,42634159,1B/3B,2000,SEA@SD 04/14/2026 09:40PM ET,SD,0
,,,,,,,,,,,,,,3B,Miles Mastrobuoni (42634162),Miles Mastrobuoni,42634162,3B,2000,SEA@SD 04/14/2026 09:40PM ET,SEA,0
,,,,,,,,,,,,,,3B,Oswaldo Cabrera (42634099),Oswaldo Cabrera,42634099,3B,2000,LAA@NYY 04/14/2026 07:05PM ET,NYY,0
,,,,,,,,,,,,,,OF,Spencer Jones (42634102),Spencer Jones,42634102,OF,2000,LAA@NYY 04/14/2026 07:05PM ET,NYY,0
,,,,,,,,,,,,,,2B/3B,Anthony Rendon (42634111),Anthony Rendon,42634111,2B/3B,2000,LAA@NYY 04/14/2026 07:05PM ET,LAA,0
,,,,,,,,,,,,,,OF,Kyren Paris (42634136),Kyren Paris,42634136,OF,2000,LAA@NYY 04/14/2026 07:05PM ET,LAA,0
,,,,,,,,,,,,,,2B/OF,Max Schuemann (42634146),Max Schuemann,42634146,2B/OF,2000,LAA@NYY 04/14/2026 07:05PM ET,NYY,0
,,,,,,,,,,,,,,OF,Matthew Lugo (42634157),Matthew Lugo,42634157,OF,2000,LAA@NYY 04/14/2026 07:05PM ET,LAA,0