Entry ID,Contest Name,Contest ID,Entry Fee,P,P,C,1B,2B,3B,SS,OF,OF,OF,,Instructions,,,,,,,,
5129226871,MLB $22K mini-MAX [150 Entry Max],190072921,$1,Zack Wheeler (42944644),Grant Holmes (42944656),Will Smith (42944768),Willson Contreras (42944748),Ozzie Albies (42944696),Max Muncy (42944726),Jose Caballero (42944805),Aaron Judge (42944666),Wilyer Abreu (42944734),Jerar Encarnacion (42944975),,1. Column A lists all of your contest entries for this draftgroup,,,,,,,,
5129226872,MLB $22K mini-MAX [150 Entry Max],190072921,$1,Zack Wheeler (42944644),Grant Holmes (42944656),Will Smith (42944768),Willson Contreras (42944748),Ozzie Albies (42944696),Yoan Moncada (42944820),Mauricio Dubon (42944775),Aaron Judge (42944666),Roman Anthony (42944698),Yohendrick Pinango (42944968),,2. Your current lineup is listed next to each entry (blank for reservations),,,,,,,,
5129226873,MLB $22K mini-MAX [150 Entry Max],190072921,$1,Will Warren (42944647),Cole Ragans (42944650),Drake Baldwin (42944676),Freddie Freeman (42944690),Jazz Chisholm Jr. (42944742),Austin Riley (42944703),Jose Caballero (42944805),Andy Pages (42944710),Yohendrick Pinango (42944968),Petey Halpin (42945113),,3. You can change the lineup for an entry by entering the IDs of the players in the row next to that entry,,,,,,,,
5129226769,MLB $20K mini-MAX [150 Entry Max],190072923,$0.50,Will Warren (42944647),Cole Ragans (42944650),Cal Raleigh (42944688),Ben Rice (42944679),Marcelo Mayer (42944903),Austin Riley (42944703),Jose Caballero (42944805),Ronald Acuna Jr. (42944674),Josh Lowe (42944861),Yohendrick Pinango (42944968),,4. Use data from the Name+ID column or the ID column; you cannot use just the player's name,,,,,,,,
5129226770,MLB $20K mini-MAX [150 Entry Max],190072923,$0.50,Will Warren (42944647),Cole Ragans (42944650),Cal Raleigh (42944688),Ben Rice (42944679),Jazz Chisholm Jr. (42944742),Austin Riley (42944703),Trevor Story (42944807),Roman Anthony (42944698),Josh Lowe (42944861),Petey Halpin (42945113),,5. For faster processing only include entries you are changing in the file you upload,,,,,,,,
5129226771,MLB $20K mini-MAX [150 Entry Max],190072923,$0.50,Zack Wheeler (42944644),Grant Holmes (42944656),Will Smith (42944768),Willson Contreras (42944748),Ozzie Albies (42944696),Yoan Moncada (42944820),Mauricio Dubon (42944775),Aaron Judge (42944666),Roman Anthony (42944698),Yohendrick Pinango (42944968),,,,,,,,,,
5129226772,MLB $20K mini-MAX [150 Entry Max],190072923,$0.50,Zack Wheeler (42944644),Grant Holmes (42944656),Will Smith (42944768),Willson Contreras (42944748),Ozzie Albies (42944696),Austin Riley (42944703),Trevor Story (42944807),Aaron Judge (42944666),Julio Rodriguez (42944744),Petey Halpin (42945113),,Position,Name + ID,Name,ID,Roster Position,Salary,Game Info,TeamAbbrev,AvgPointsPerGame
5129226773,MLB $20K mini-MAX [150 Entry Max],190072923,$0.50,Zack Wheeler (42944644),Grant Holmes (42944656),Will Smith (42944768),Willson Contreras (42944748),Ozzie Albies (42944696),Max Muncy (42944726),Jose Caballero (42944805),Aaron Judge (42944666),Wilyer Abreu (42944734),Jerar Encarnacion (42944975),,SP,Hunter Brown (42945150),Hunter Brown,42945150,P,10000,HOU@BOS 05/01/2026 07:10PM ET,HOU,26.7
5129226774,MLB $20K mini-MAX [150 Entry Max],190072923,$0.50,Zack Wheeler (42944644),Grant Holmes (42944656),Will Smith (42944768),Willson Contreras (42944748),Ozzie Albies (42944696),Max Muncy (42944726),Jose Caballero (42944805),Aaron Judge (42944666),Wilyer Abreu (42944734),Jerar Encarnacion (42944975),,SP,Dylan Cease (42945152),Dylan Cease,42945152,P,9700,TOR@MIN 05/01/2026 08:10PM ET,TOR,20.92
5129226775,MLB $20K mini-MAX [150 Entry Max],190072923,$0.50,Will Warren (42944647),Cole Ragans (42944650),Cal Raleigh (42944688),Willson Contreras (42944748),Jazz Chisholm Jr. (42944742),Austin Riley (42944703),Mauricio Dubon (42944775),Andy Pages (42944710),Teoscar Hernandez (42944729),Yohendrick Pinango (42944968),,SP,Kevin Gausman (42945153),Kevin Gausman,42945153,P,9700,TOR@MIN 05/01/2026 08:10PM ET,TOR,17.93
5129226776,MLB $20K mini-MAX [150 Entry Max],190072923,$0.50,Zack Wheeler (42944644),Grant Holmes (42944656),Will Smith (42944768),Willson Contreras (42944748),Ozzie Albies (42944696),Yoan Moncada (42944820),Mauricio Dubon (42944775),Aaron Judge (42944666),Roman Anthony (42944698),Yohendrick Pinango (42944968),,SP,Tyler Glasnow (42945151),Tyler Glasnow,42945151,P,9700,LAD@STL 05/01/2026 08:15PM ET,LAD,25.3
5129226777,MLB $20K mini-MAX [150 Entry Max],190072923,$0.50,Zack Wheeler (42944644),Grant Holmes (42944656),Will Smith (42944768),Willson Contreras (42944748),Ozzie Albies (42944696),Austin Riley (42944703),Trevor Story (42944807),Aaron Judge (42944666),Julio Rodriguez (42944744),Petey Halpin (42945113),,SP,Garrett Crochet (42945155),Garrett Crochet,42945155,P,9500,HOU@BOS 05/01/2026 07:10PM ET,BOS,13.78
5129226778,MLB $20K mini-MAX [150 Entry Max],190072923,$0.50,Zack Wheeler (42944644),Grant Holmes (42944656),Will Smith (42944768),Willson Contreras (42944748),Ozzie Albies (42944696),Max Muncy (42944726),Jose Caballero (42944805),Aaron Judge (42944666),Wilyer Abreu (42944734),Jerar Encarnacion (42944975),,SP,Zack Wheeler (42944644),Zack Wheeler,42944644,P,9500,PHI@MIA 05/01/2026 07:10PM ET,PHI,15.65
5129226442,MLB $1.5K Strike Three [5 Entry Max],190072929,$1,Zack Wheeler (42944644),Grant Holmes (42944656),Cal Raleigh (42944688),Willson Contreras (42944748),Ozzie Albies (42944696),Austin Riley (42944703),Jose Caballero (42944805),Aaron Judge (42944666),James Outman (42944963),Yohendrick Pinango (42944968),,SP,Cristopher Sanchez (42945154),Cristopher Sanchez,42945154,P,9500,PHI@MIA 05/01/2026 07:10PM ET,PHI,19.45
5129226443,MLB $1.5K Strike Three [5 Entry Max],190072929,$1,Zack Wheeler (42944644),Grant Holmes (42944656),Will Smith (42944768),Ben Rice (42944679),Ozzie Albies (42944696),Max Muncy (42944726),Mauricio Dubon (42944775),Aaron Judge (42944666),James Outman (42944963),Petey Halpin (42945113),,SP,Max Fried (42945156),Max Fried,42945156,P,9400,BAL@NYY 05/01/2026 07:05PM ET,NYY,21.5
5129226444,MLB $1.5K Strike Three [5 Entry Max],190072929,$1,Zack Wheeler (42944644),Will Warren (42944647),Will Smith (42944768),Willson Contreras (42944748),Ozzie Albies (42944696),Max Muncy (42944726),Mauricio Dubon (42944775),Roman Anthony (42944698),Trent Grisham (42944779),Petey Halpin (42945113),,SP,Cam Schlittler (42945157),Cam Schlittler,42945157,P,9400,BAL@NYY 05/01/2026 07:05PM ET,NYY,25.02
5129226445,MLB $1.5K Strike Three [5 Entry Max],190072929,$1,Zack Wheeler (42944644),Grant Holmes (42944656),Will Smith (42944768),Willson Contreras (42944748),Ozzie Albies (42944696),Yoan Moncada (42944820),Mauricio Dubon (42944775),Aaron Judge (42944666),Andy Pages (42944710),Yohendrick Pinango (42944968),,SP,Robbie Ray (42944645),Robbie Ray,42944645,P,9300,SF@TB 05/01/2026 07:10PM ET,SF,18.37
5129226446,MLB $1.5K Strike Three [5 Entry Max],190072929,$1,Zack Wheeler (42944644),Will Warren (42944647),Cal Raleigh (42944688),Willson Contreras (42944748),Ozzie Albies (42944696),Yoan Moncada (42944820),Mauricio Dubon (42944775),Aaron Judge (42944666),Petey Halpin (42945113),Jerar Encarnacion (42944975),,RP,Landen Roupp (42945158),Landen Roupp,42945158,P,9300,SF@TB 05/01/2026 07:10PM ET,SF,22.18
5129226520,MLB $100 Dime Time [Just $0.10!],190113025,$0.10,Will Warren (42944647),Grant Holmes (42944656),Will Smith (42944768),Willson Contreras (42944748),Ozzie Albies (42944696),Max Muncy (42944726),Mauricio Dubon (42944775),Aaron Judge (42944666),Wilyer Abreu (42944734),Jerar Encarnacion (42944975),,SP,Chris Sale (42945161),Chris Sale,42945161,P,9200,ATL@COL 05/01/2026 08:40PM ET,ATL,22.52
5129226521,MLB $100 Dime Time [Just $0.10!],190113025,$0.10,Zack Wheeler (42944644),Grant Holmes (42944656),Will Smith (42944768),Willson Contreras (42944748),Ozzie Albies (42944696),Austin Riley (42944703),Jose Caballero (42944805),Aaron Judge (42944666),Randy Arozarena (42944754),Petey Halpin (42945113),,SP,Nolan McLean (42945159),Nolan McLean,42945159,P,9200,NYM@LAA 05/01/2026 09:38PM ET,NYM,22.48
5129226522,MLB $100 Dime Time [Just $0.10!],190113025,$0.10,Will Warren (42944647),Grant Holmes (42944656),Will Smith (42944768),Ben Rice (42944679),Ozzie Albies (42944696),Yoan Moncada (42944820),Mauricio Dubon (42944775),Aaron Judge (42944666),Julio Rodriguez (42944744),Petey Halpin (42945113),,SP,Freddy Peralta (42945160),Freddy Peralta,42945160,P,9200,NYM@LAA 05/01/2026 09:38PM ET,NYM,16.49
5129226523,MLB $100 Dime Time [Just $0.10!],190113025,$0.10,Zack Wheeler (42944644),Will Warren (42944647),Will Smith (42944768),Ben Rice (42944679),Ozzie Albies (42944696),Max Muncy (42944726),Mauricio Dubon (42944775),Roman Anthony (42944698),James Outman (42944963),Yohendrick Pinango (42944968),,SP,Taj Bradley (42945164),Taj Bradley,42945164,P,9000,TOR@MIN 05/01/2026 08:10PM ET,MIN,19.29
5129226524,MLB $100 Dime Time [Just $0.10!],190113025,$0.10,Zack Wheeler (42944644),Grant Holmes (42944656),Will Smith (42944768),Willson Contreras (42944748),Jazz Chisholm Jr. (42944742),Austin Riley (42944703),Mauricio Dubon (42944775),Aaron Judge (42944666),Teoscar Hernandez (42944729),Yohendrick Pinango (42944968),,SP,Joe Ryan (42945165),Joe Ryan,42945165,P,9000,TOR@MIN 05/01/2026 08:10PM ET,MIN,16.44
5129226525,MLB $100 Dime Time [Just $0.10!],190113025,$0.10,Zack Wheeler (42944644),Grant Holmes (42944656),Will Smith (42944768),Matt Olson (42944677),Jazz Chisholm Jr. (42944742),Max Muncy (42944726),Mauricio Dubon (42944775),Aaron Judge (42944666),Ceddanne Rafaela (42944831),Petey Halpin (42945113),,SP,Bryan Woo (42944646),Bryan Woo,42944646,P,9000,KC@SEA 05/01/2026 09:45PM ET,SEA,13.89
5129226526,MLB $100 Dime Time [Just $0.10!],190113025,$0.10,Will Warren (42944647),Grant Holmes (42944656),Drake Baldwin (42944676),Willson Contreras (42944748),Jazz Chisholm Jr. (42944742),Max Muncy (42944726),Mauricio Dubon (42944775),Mike Trout (42944672),Jorge Soler (42944774),Yohendrick Pinango (42944968),,SP,Logan Gilbert (42945162),Logan Gilbert,42945162,P,9000,KC@SEA 05/01/2026 09:45PM ET,SEA,14.61
5129226527,MLB $100 Dime Time [Just $0.10!],190113025,$0.10,Will Warren (42944647),Cole Ragans (42944650),Cal Raleigh (42944688),Willson Contreras (42944748),Jazz Chisholm Jr. (42944742),Austin Riley (42944703),Mauricio Dubon (42944775),Andy Pages (42944710),Teoscar Hernandez (42944729),Yohendrick Pinango (42944968),,SP,George Kirby (42945163),George Kirby,42945163,P,9000,KC@SEA 05/01/2026 09:45PM ET,SEA,17.99
5129226528,MLB $100 Dime Time [Just $0.10!],190113025,$0.10,Will Warren (42944647),Cole Ragans (42944650),Cal Raleigh (42944688),Matt Olson (42944677),Jazz Chisholm Jr. (42944742),Austin Riley (42944703),Jose Caballero (42944805),Roman Anthony (42944698),James Outman (42944963),Yohendrick Pinango (42944968),,SP,Will Warren (42944647),Will Warren,42944647,P,8900,BAL@NYY 05/01/2026 07:05PM ET,NYY,19.38
5129226529,MLB $100 Dime Time [Just $0.10!],190113025,$0.10,Will Warren (42944647),Cole Ragans (42944650),Drake Baldwin (42944676),Freddie Freeman (42944690),Jazz Chisholm Jr. (42944742),Austin Riley (42944703),Jose Caballero (42944805),Andy Pages (42944710),Yohendrick Pinango (42944968),Petey Halpin (42945113),,SP,Gerrit Cole (42945166),Gerrit Cole,42945166,P,8900,BAL@NYY 05/01/2026 07:05PM ET,NYY,0
5129226530,MLB $100 Dime Time [Just $0.10!],190113025,$0.10,Will Warren (42944647),Cole Ragans (42944650),Cal Raleigh (42944688),Ben Rice (42944679),Marcelo Mayer (42944903),Austin Riley (42944703),Jose Caballero (42944805),Ronald Acuna Jr. (42944674),Josh Lowe (42944861),Yohendrick Pinango (42944968),,SP,Carlos Rodon (42945167),Carlos Rodon,42945167,P,8900,BAL@NYY 05/01/2026 07:05PM ET,NYY,0
5129226531,MLB $100 Dime Time [Just $0.10!],190113025,$0.10,Will Warren (42944647),Cole Ragans (42944650),Cal Raleigh (42944688),Ben Rice (42944679),Jazz Chisholm Jr. (42944742),Austin Riley (42944703),Trevor Story (42944807),Roman Anthony (42944698),Josh Lowe (42944861),Petey Halpin (42945113),,SP,Emmet Sheehan (42944648),Emmet Sheehan,42944648,P,8700,LAD@STL 05/01/2026 08:15PM ET,LAD,14.97
5129226532,MLB $100 Dime Time [Just $0.10!],190113025,$0.10,Zack Wheeler (42944644),Grant Holmes (42944656),Will Smith (42944768),Willson Contreras (42944748),Ozzie Albies (42944696),Yoan Moncada (42944820),Mauricio Dubon (42944775),Aaron Judge (42944666),Roman Anthony (42944698),Yohendrick Pinango (42944968),,SP,Yoshinobu Yamamoto (42945169),Yoshinobu Yamamoto,42945169,P,8700,LAD@STL 05/01/2026 08:15PM ET,LAD,18.22
5129226533,MLB $100 Dime Time [Just $0.10!],190113025,$0.10,Zack Wheeler (42944644),Grant Holmes (42944656),Will Smith (42944768),Willson Contreras (42944748),Ozzie Albies (42944696),Austin Riley (42944703),Trevor Story (42944807),Aaron Judge (42944666),Julio Rodriguez (42944744),Petey Halpin (42945113),,SP,Blake Snell (42945170),Blake Snell,42945170,P,8700,LAD@STL 05/01/2026 08:15PM ET,LAD,0
5129226534,MLB $100 Dime Time [Just $0.10!],190113025,$0.10,Zack Wheeler (42944644),Grant Holmes (42944656),Will Smith (42944768),Willson Contreras (42944748),Ozzie Albies (42944696),Max Muncy (42944726),Jose Caballero (42944805),Aaron Judge (42944666),Wilyer Abreu (42944734),Jerar Encarnacion (42944975),,RP,Clay Holmes (42945168),Clay Holmes,42945168,P,8700,NYM@LAA 05/01/2026 09:38PM ET,NYM,17.9
5129226535,MLB $100 Dime Time [Just $0.10!],190113025,$0.10,Zack Wheeler (42944644),Grant Holmes (42944656),Cal Raleigh (42944688),Willson Contreras (42944748),Ozzie Albies (42944696),Austin Riley (42944703),Jose Caballero (42944805),Aaron Judge (42944666),James Outman (42944963),Yohendrick Pinango (42944968),,SP,Payton Tolle (42945173),Payton Tolle,42945173,P,8500,HOU@BOS 05/01/2026 07:10PM ET,BOS,19.7
5129226536,MLB $100 Dime Time [Just $0.10!],190113025,$0.10,Zack Wheeler (42944644),Grant Holmes (42944656),Will Smith (42944768),Ben Rice (42944679),Ozzie Albies (42944696),Max Muncy (42944726),Mauricio Dubon (42944775),Aaron Judge (42944666),James Outman (42944963),Petey Halpin (42945113),,SP,Ranger Suarez (42945174),Ranger Suarez,42945174,P,8500,HOU@BOS 05/01/2026 07:10PM ET,BOS,16.82
5129226537,MLB $100 Dime Time [Just $0.10!],190113025,$0.10,Zack Wheeler (42944644),Will Warren (42944647),Will Smith (42944768),Willson Contreras (42944748),Ozzie Albies (42944696),Max Muncy (42944726),Mauricio Dubon (42944775),Roman Anthony (42944698),Trent Grisham (42944779),Petey Halpin (42945113),,SP,Jesus Luzardo (42945172),Jesus Luzardo,42945172,P,8500,PHI@MIA 05/01/2026 07:10PM ET,PHI,16.38
5129226538,MLB $100 Dime Time [Just $0.10!],190113025,$0.10,Zack Wheeler (42944644),Grant Holmes (42944656),Will Smith (42944768),Willson Contreras (42944748),Ozzie Albies (42944696),Yoan Moncada (42944820),Mauricio Dubon (42944775),Aaron Judge (42944666),Andy Pages (42944710),Yohendrick Pinango (42944968),,SP,Jose Soriano (42945171),Jose Soriano,42945171,P,8500,NYM@LAA 05/01/2026 09:38PM ET,LAA,26
5129226539,MLB $100 Dime Time [Just $0.10!],190113025,$0.10,Zack Wheeler (42944644),Will Warren (42944647),Cal Raleigh (42944688),Willson Contreras (42944748),Ozzie Albies (42944696),Yoan Moncada (42944820),Mauricio Dubon (42944775),Aaron Judge (42944666),Petey Halpin (42945113),Jerar Encarnacion (42944975),,SP,Noah Schultz (42944649),Noah Schultz,42944649,P,8500,CWS@SD 05/01/2026 09:40PM ET,CWS,17.43
5129226370,MLB $300 Dime Time [Just $0.10!],190113902,$0.10,Will Warren (42944647),Grant Holmes (42944656),Will Smith (42944768),Willson Contreras (42944748),Ozzie Albies (42944696),Max Muncy (42944726),Mauricio Dubon (42944775),Aaron Judge (42944666),Wilyer Abreu (42944734),Jerar Encarnacion (42944975),,SP,Parker Messick (42945175),Parker Messick,42945175,P,8400,CLE@ATH 05/01/2026 09:40PM ET,CLE,22.66
5129226371,MLB $300 Dime Time [Just $0.10!],190113902,$0.10,Zack Wheeler (42944644),Grant Holmes (42944656),Will Smith (42944768),Willson Contreras (42944748),Ozzie Albies (42944696),Austin Riley (42944703),Jose Caballero (42944805),Aaron Judge (42944666),Randy Arozarena (42944754),Petey Halpin (42945113),,SP,Gavin Williams (42945176),Gavin Williams,42945176,P,8400,CLE@ATH 05/01/2026 09:40PM ET,CLE,24.36
5129226372,MLB $300 Dime Time [Just $0.10!],190113902,$0.10,Will Warren (42944647),Grant Holmes (42944656),Will Smith (42944768),Ben Rice (42944679),Ozzie Albies (42944696),Yoan Moncada (42944820),Mauricio Dubon (42944775),Aaron Judge (42944666),Julio Rodriguez (42944744),Petey Halpin (42945113),,SP,Tanner Bibee (42945177),Tanner Bibee,42945177,P,8400,CLE@ATH 05/01/2026 09:40PM ET,CLE,11.56
5129226373,MLB $300 Dime Time [Just $0.10!],190113902,$0.10,Zack Wheeler (42944644),Will Warren (42944647),Will Smith (42944768),Ben Rice (42944679),Ozzie Albies (42944696),Max Muncy (42944726),Mauricio Dubon (42944775),Roman Anthony (42944698),James Outman (42944963),Yohendrick Pinango (42944968),,SP,Logan Webb (42945184),Logan Webb,42945184,P,8300,SF@TB 05/01/2026 07:10PM ET,SF,14.54
5129226374,MLB $300 Dime Time [Just $0.10!],190113902,$0.10,Zack Wheeler (42944644),Grant Holmes (42944656),Will Smith (42944768),Willson Contreras (42944748),Jazz Chisholm Jr. (42944742),Austin Riley (42944703),Mauricio Dubon (42944775),Aaron Judge (42944666),Teoscar Hernandez (42944729),Yohendrick Pinango (42944968),,SP,Cole Ragans (42944650),Cole Ragans,42944650,P,8300,KC@SEA 05/01/2026 09:45PM ET,KC,12.79
5129226375,MLB $300 Dime Time [Just $0.10!],190113902,$0.10,Zack Wheeler (42944644),Grant Holmes (42944656),Will Smith (42944768),Matt Olson (42944677),Jazz Chisholm Jr. (42944742),Max Muncy (42944726),Mauricio Dubon (42944775),Aaron Judge (42944666),Ceddanne Rafaela (42944831),Petey Halpin (42945113),,SP,Michael Wacha (42945178),Michael Wacha,42945178,P,8300,KC@SEA 05/01/2026 09:45PM ET,KC,17.7
5129226376,MLB $300 Dime Time [Just $0.10!],190113902,$0.10,Will Warren (42944647),Grant Holmes (42944656),Drake Baldwin (42944676),Willson Contreras (42944748),Jazz Chisholm Jr. (42944742),Max Muncy (42944726),Mauricio Dubon (42944775),Mike Trout (42944672),Jorge Soler (42944774),Yohendrick Pinango (42944968),,SP,Kris Bubic (42945179),Kris Bubic,42945179,P,8300,KC@SEA 05/01/2026 09:45PM ET,KC,16.86
5129226377,MLB $300 Dime Time [Just $0.10!],190113902,$0.10,Will Warren (42944647),Cole Ragans (42944650),Cal Raleigh (42944688),Willson Contreras (42944748),Jazz Chisholm Jr. (42944742),Austin Riley (42944703),Mauricio Dubon (42944775),Andy Pages (42944710),Teoscar Hernandez (42944729),Yohendrick Pinango (42944968),,RP,Seth Lugo (42945180),Seth Lugo,42945180,P,8300,KC@SEA 05/01/2026 09:45PM ET,KC,17.06
5129226378,MLB $300 Dime Time [Just $0.10!],190113902,$0.10,Will Warren (42944647),Cole Ragans (42944650),Cal Raleigh (42944688),Matt Olson (42944677),Jazz Chisholm Jr. (42944742),Austin Riley (42944703),Jose Caballero (42944805),Roman Anthony (42944698),James Outman (42944963),Yohendrick Pinango (42944968),,SP,Nick Pivetta (42945181),Nick Pivetta,42945181,P,8300,CWS@SD 05/01/2026 09:40PM ET,SD,15.3
5129226379,MLB $300 Dime Time [Just $0.10!],190113902,$0.10,Will Warren (42944647),Cole Ragans (42944650),Drake Baldwin (42944676),Freddie Freeman (42944690),Jazz Chisholm Jr. (42944742),Austin Riley (42944703),Jose Caballero (42944805),Andy Pages (42944710),Yohendrick Pinango (42944968),Petey Halpin (42945113),,SP,Lucas Giolito (42945182),Lucas Giolito,42945182,P,8300,CWS@SD 05/01/2026 09:40PM ET,SD,0
5129226380,MLB $300 Dime Time [Just $0.10!],190113902,$0.10,Will Warren (42944647),Cole Ragans (42944650),Cal Raleigh (42944688),Ben Rice (42944679),Marcelo Mayer (42944903),Austin Riley (42944703),Jose Caballero (42944805),Ronald Acuna Jr. (42944674),Josh Lowe (42944861),Yohendrick Pinango (42944968),,RP,Michael King (42945183),Michael King,42945183,P,8300,CWS@SD 05/01/2026 09:40PM ET,SD,19.06
5129226381,MLB $300 Dime Time [Just $0.10!],190113902,$0.10,Will Warren (42944647),Cole Ragans (42944650),Cal Raleigh (42944688),Ben Rice (42944679),Jazz Chisholm Jr. (42944742),Austin Riley (42944703),Trevor Story (42944807),Roman Anthony (42944698),Josh Lowe (42944861),Petey Halpin (42945113),,SP,Shane McClanahan (42944651),Shane McClanahan,42944651,P,8200,SF@TB 05/01/2026 07:10PM ET,TB,14.47
5129226382,MLB $300 Dime Time [Just $0.10!],190113902,$0.10,Zack Wheeler (42944644),Grant Holmes (42944656),Will Smith (42944768),Willson Contreras (42944748),Ozzie Albies (42944696),Yoan Moncada (42944820),Mauricio Dubon (42944775),Aaron Judge (42944666),Roman Anthony (42944698),Yohendrick Pinango (42944968),,SP,Steven Matz (42945188),Steven Matz,42945188,P,8200,SF@TB 05/01/2026 07:10PM ET,TB,14.82
5129226383,MLB $300 Dime Time [Just $0.10!],190113902,$0.10,Zack Wheeler (42944644),Grant Holmes (42944656),Will Smith (42944768),Willson Contreras (42944748),Ozzie Albies (42944696),Austin Riley (42944703),Trevor Story (42944807),Aaron Judge (42944666),Julio Rodriguez (42944744),Petey Halpin (42945113),,RP,Joe Boyle (42945189),Joe Boyle,42945189,P,8200,SF@TB 05/01/2026 07:10PM ET,TB,13.02
5129226384,MLB $300 Dime Time [Just $0.10!],190113902,$0.10,Zack Wheeler (42944644),Grant Holmes (42944656),Will Smith (42944768),Willson Contreras (42944748),Ozzie Albies (42944696),Max Muncy (42944726),Jose Caballero (42944805),Aaron Judge (42944666),Wilyer Abreu (42944734),Jerar Encarnacion (42944975),,SP,Drew Rasmussen (42945192),Drew Rasmussen,42945192,P,8200,SF@TB 05/01/2026 07:10PM ET,TB,18
5129226385,MLB $300 Dime Time [Just $0.10!],190113902,$0.10,Will Warren (42944647),Cole Ragans (42944650),Cal Raleigh (42944688),Ben Rice (42944679),Marcelo Mayer (42944903),Austin Riley (42944703),Jose Caballero (42944805),Ronald Acuna Jr. (42944674),Josh Lowe (42944861),Yohendrick Pinango (42944968),,RP,Nick Martinez (42945193),Nick Martinez,42945193,P,8200,SF@TB 05/01/2026 07:10PM ET,TB,17.18
5129226386,MLB $300 Dime Time [Just $0.10!],190113902,$0.10,Will Warren (42944647),Cole Ragans (42944650),Cal Raleigh (42944688),Ben Rice (42944679),Jazz Chisholm Jr. (42944742),Austin Riley (42944703),Trevor Story (42944807),Roman Anthony (42944698),Josh Lowe (42944861),Petey Halpin (42945113),,SP,Shane Bieber (42945191),Shane Bieber,42945191,P,8200,TOR@MIN 05/01/2026 08:10PM ET,TOR,0
5129226387,MLB $300 Dime Time [Just $0.10!],190113902,$0.10,Zack Wheeler (42944644),Grant Holmes (42944656),Will Smith (42944768),Willson Contreras (42944748),Ozzie Albies (42944696),Yoan Moncada (42944820),Mauricio Dubon (42944775),Aaron Judge (42944666),Roman Anthony (42944698),Yohendrick Pinango (42944968),,RP,Spencer Strider (42945185),Spencer Strider,42945185,P,8200,ATL@COL 05/01/2026 08:40PM ET,ATL,0
5129226388,MLB $300 Dime Time [Just $0.10!],190113902,$0.10,Zack Wheeler (42944644),Grant Holmes (42944656),Will Smith (42944768),Willson Contreras (42944748),Ozzie Albies (42944696),Austin Riley (42944703),Trevor Story (42944807),Aaron Judge (42944666),Julio Rodriguez (42944744),Petey Halpin (42945113),,SP,Spencer Schwellenbach (42945186),Spencer Schwellenbach,42945186,P,8200,ATL@COL 05/01/2026 08:40PM ET,ATL,0
5129226389,MLB $300 Dime Time [Just $0.10!],190113902,$0.10,Will Warren (42944647),Cole Ragans (42944650),Cal Raleigh (42944688),Ben Rice (42944679),Marcelo Mayer (42944903),Austin Riley (42944703),Jose Caballero (42944805),Ronald Acuna Jr. (42944674),Josh Lowe (42944861),Yohendrick Pinango (42944968),,SP,JR Ritchie (42945187),JR Ritchie,42945187,P,8200,ATL@COL 05/01/2026 08:40PM ET,ATL,18.08
5129220042,MLB $300 Dime Time [Just $0.10!],190114240,$0.10,Will Warren (42944647),Cole Ragans (42944650),Cal Raleigh (42944688),Ben Rice (42944679),Jazz Chisholm Jr. (42944742),Austin Riley (42944703),Trevor Story (42944807),Roman Anthony (42944698),Josh Lowe (42944861),Petey Halpin (42945113),,SP,Bryce Elder (42945190),Bryce Elder,42945190,P,8200,ATL@COL 05/01/2026 08:40PM ET,ATL,19.22
5129220043,MLB $300 Dime Time [Just $0.10!],190114240,$0.10,Zack Wheeler (42944644),Grant Holmes (42944656),Will Smith (42944768),Willson Contreras (42944748),Ozzie Albies (42944696),Yoan Moncada (42944820),Mauricio Dubon (42944775),Aaron Judge (42944666),Roman Anthony (42944698),Yohendrick Pinango (42944968),,SP,Spencer Arrighetti (42945197),Spencer Arrighetti,42945197,P,8000,HOU@BOS 05/01/2026 07:10PM ET,HOU,24.03
5129220044,MLB $300 Dime Time [Just $0.10!],190114240,$0.10,Zack Wheeler (42944644),Grant Holmes (42944656),Will Smith (42944768),Willson Contreras (42944748),Ozzie Albies (42944696),Austin Riley (42944703),Trevor Story (42944807),Aaron Judge (42944666),Julio Rodriguez (42944744),Petey Halpin (42945113),,SP,Peter Lambert (42945198),Peter Lambert,42945198,P,8000,HOU@BOS 05/01/2026 07:10PM ET,HOU,17.3
5129220045,MLB $300 Dime Time [Just $0.10!],190114240,$0.10,Zack Wheeler (42944644),Grant Holmes (42944656),Will Smith (42944768),Willson Contreras (42944748),Ozzie Albies (42944696),Yoan Moncada (42944820),Mauricio Dubon (42944775),Aaron Judge (42944666),Roman Anthony (42944698),Yohendrick Pinango (42944968),,SP,Pablo Lopez (42945196),Pablo Lopez,42945196,P,8000,TOR@MIN 05/01/2026 08:10PM ET,MIN,0
5129220046,MLB $300 Dime Time [Just $0.10!],190114240,$0.10,Zack Wheeler (42944644),Grant Holmes (42944656),Will Smith (42944768),Willson Contreras (42944748),Ozzie Albies (42944696),Austin Riley (42944703),Trevor Story (42944807),Aaron Judge (42944666),Julio Rodriguez (42944744),Petey Halpin (42945113),,SP,Eury Perez (42944652),Eury Perez,42944652,P,8000,PHI@MIA 05/01/2026 07:10PM ET,MIA,14.15
5129220047,MLB $300 Dime Time [Just $0.10!],190114240,$0.10,Zack Wheeler (42944644),Grant Holmes (42944656),Will Smith (42944768),Willson Contreras (42944748),Ozzie Albies (42944696),Max Muncy (42944726),Jose Caballero (42944805),Aaron Judge (42944666),Wilyer Abreu (42944734),Jerar Encarnacion (42944975),,SP,Max Meyer (42945199),Max Meyer,42945199,P,8000,PHI@MIA 05/01/2026 07:10PM ET,MIA,15.35
5129220048,MLB $300 Dime Time [Just $0.10!],190114240,$0.10,Zack Wheeler (42944644),Grant Holmes (42944656),Cal Raleigh (42944688),Willson Contreras (42944748),Ozzie Albies (42944696),Austin Riley (42944703),Jose Caballero (42944805),Aaron Judge (42944666),James Outman (42944963),Yohendrick Pinango (42944968),,SP,Sandy Alcantara (42945200),Sandy Alcantara,42945200,P,8000,PHI@MIA 05/01/2026 07:10PM ET,MIA,16.76
5129220049,MLB $300 Dime Time [Just $0.10!],190114240,$0.10,Zack Wheeler (42944644),Grant Holmes (42944656),Will Smith (42944768),Ben Rice (42944679),Ozzie Albies (42944696),Max Muncy (42944726),Mauricio Dubon (42944775),Aaron Judge (42944666),James Outman (42944963),Petey Halpin (42945113),,SP,Emerson Hancock (42945194),Emerson Hancock,42945194,P,8000,KC@SEA 05/01/2026 09:45PM ET,SEA,17.73
5129220050,MLB $300 Dime Time [Just $0.10!],190114240,$0.10,Zack Wheeler (42944644),Will Warren (42944647),Will Smith (42944768),Willson Contreras (42944748),Ozzie Albies (42944696),Max Muncy (42944726),Mauricio Dubon (42944775),Roman Anthony (42944698),Trent Grisham (42944779),Petey Halpin (42945113),,SP,Luis Castillo (42945195),Luis Castillo,42945195,P,8000,KC@SEA 05/01/2026 09:45PM ET,SEA,7.52
5129220051,MLB $300 Dime Time [Just $0.10!],190114240,$0.10,Zack Wheeler (42944644),Grant Holmes (42944656),Will Smith (42944768),Willson Contreras (42944748),Ozzie Albies (42944696),Yoan Moncada (42944820),Mauricio Dubon (42944775),Aaron Judge (42944666),Andy Pages (42944710),Yohendrick Pinango (42944968),,RP,Jeffrey Springs (42945202),Jeffrey Springs,42945202,P,7900,CLE@ATH 05/01/2026 09:40PM ET,ATH,15.51
5129220052,MLB $300 Dime Time [Just $0.10!],190114240,$0.10,Zack Wheeler (42944644),Will Warren (42944647),Cal Raleigh (42944688),Willson Contreras (42944748),Ozzie Albies (42944696),Yoan Moncada (42944820),Mauricio Dubon (42944775),Aaron Judge (42944666),Petey Halpin (42945113),Jerar Encarnacion (42944975),,SP,Elmer Rodriguez (42945201),Elmer Rodriguez,42945201,P,7900,BAL@NYY 05/01/2026 07:05PM ET,NYY,5.6
5129220053,MLB $300 Dime Time [Just $0.10!],190114240,$0.10,Will Warren (42944647),Grant Holmes (42944656),Will Smith (42944768),Willson Contreras (42944748),Ozzie Albies (42944696),Max Muncy (42944726),Mauricio Dubon (42944775),Aaron Judge (42944666),Wilyer Abreu (42944734),Jerar Encarnacion (42944975),,RP,Ryan Weathers (42945203),Ryan Weathers,42945203,P,7900,BAL@NYY 05/01/2026 07:05PM ET,NYY,18.52
5129220054,MLB $300 Dime Time [Just $0.10!],190114240,$0.10,Zack Wheeler (42944644),Grant Holmes (42944656),Will Smith (42944768),Willson Contreras (42944748),Ozzie Albies (42944696),Austin Riley (42944703),Jose Caballero (42944805),Aaron Judge (42944666),Randy Arozarena (42944754),Petey Halpin (42945113),,SP,Clarke Schmidt (42945204),Clarke Schmidt,42945204,P,7900,BAL@NYY 05/01/2026 07:05PM ET,NYY,0
5129220055,MLB $300 Dime Time [Just $0.10!],190114240,$0.10,Will Warren (42944647),Grant Holmes (42944656),Will Smith (42944768),Ben Rice (42944679),Ozzie Albies (42944696),Yoan Moncada (42944820),Mauricio Dubon (42944775),Aaron Judge (42944666),Julio Rodriguez (42944744),Petey Halpin (42945113),,SP,Ryan Pepiot (42945205),Ryan Pepiot,42945205,P,7700,SF@TB 05/01/2026 07:10PM ET,TB,0
5129220056,MLB $300 Dime Time [Just $0.10!],190114240,$0.10,Zack Wheeler (42944644),Will Warren (42944647),Will Smith (42944768),Ben Rice (42944679),Ozzie Albies (42944696),Max Muncy (42944726),Mauricio Dubon (42944775),Roman Anthony (42944698),James Outman (42944963),Yohendrick Pinango (42944968),,SP,Jose Berrios (42945211),Jose Berrios,42945211,P,7700,TOR@MIN 05/01/2026 08:10PM ET,TOR,0
5129220057,MLB $300 Dime Time [Just $0.10!],190114240,$0.10,Zack Wheeler (42944644),Grant Holmes (42944656),Will Smith (42944768),Willson Contreras (42944748),Jazz Chisholm Jr. (42944742),Austin Riley (42944703),Mauricio Dubon (42944775),Aaron Judge (42944666),Teoscar Hernandez (42944729),Yohendrick Pinango (42944968),,SP,Trey Yesavage (42945212),Trey Yesavage,42945212,P,7700,TOR@MIN 05/01/2026 08:10PM ET,TOR,19.6
5129220058,MLB $300 Dime Time [Just $0.10!],190114240,$0.10,Zack Wheeler (42944644),Grant Holmes (42944656),Will Smith (42944768),Matt Olson (42944677),Jazz Chisholm Jr. (42944742),Max Muncy (42944726),Mauricio Dubon (42944775),Aaron Judge (42944666),Ceddanne Rafaela (42944831),Petey Halpin (42945113),,SP,Justin Wrobleski (42945207),Justin Wrobleski,42945207,P,7700,LAD@STL 05/01/2026 08:15PM ET,LAD,17.1
5129220059,MLB $300 Dime Time [Just $0.10!],190114240,$0.10,Will Warren (42944647),Grant Holmes (42944656),Drake Baldwin (42944676),Willson Contreras (42944748),Jazz Chisholm Jr. (42944742),Max Muncy (42944726),Mauricio Dubon (42944775),Mike Trout (42944672),Jorge Soler (42944774),Yohendrick Pinango (42944968),,SP,Cade Povich (42944653),Cade Povich,42944653,P,7700,BAL@NYY 05/01/2026 07:05PM ET,BAL,16.28
5129220060,MLB $300 Dime Time [Just $0.10!],190114240,$0.10,Will Warren (42944647),Cole Ragans (42944650),Cal Raleigh (42944688),Willson Contreras (42944748),Jazz Chisholm Jr. (42944742),Austin Riley (42944703),Mauricio Dubon (42944775),Andy Pages (42944710),Teoscar Hernandez (42944729),Yohendrick Pinango (42944968),,SP,Kyle Bradish (42945206),Kyle Bradish,42945206,P,7700,BAL@NYY 05/01/2026 07:05PM ET,BAL,11.62
5129220061,MLB $300 Dime Time [Just $0.10!],190114240,$0.10,Will Warren (42944647),Cole Ragans (42944650),Cal Raleigh (42944688),Matt Olson (42944677),Jazz Chisholm Jr. (42944742),Austin Riley (42944703),Jose Caballero (42944805),Roman Anthony (42944698),James Outman (42944963),Yohendrick Pinango (42944968),,SP,Trevor Rogers (42945208),Trevor Rogers,42945208,P,7700,BAL@NYY 05/01/2026 07:05PM ET,BAL,11.88
,,,,,,,,,,,,,,,SP,Brandon Young (42945209),Brandon Young,42945209,P,7700,BAL@NYY 05/01/2026 07:05PM ET,BAL,8.2
,,,,,,,,,,,,,,,SP,Shane Baz (42945210),Shane Baz,42945210,P,7700,BAL@NYY 05/01/2026 07:05PM ET,BAL,12.55
,,,,,,,,,,,,,,,SP,Dean Kremer (42945213),Dean Kremer,42945213,P,7700,BAL@NYY 05/01/2026 07:05PM ET,BAL,20.38
,,,,,,,,,,,,,,,SP,Zach Eflin (42945214),Zach Eflin,42945214,P,7700,BAL@NYY 05/01/2026 07:05PM ET,BAL,16.65
,,,,,,,,,,,,,,,SP,Jake Bennett (42944654),Jake Bennett,42944654,P,7500,HOU@BOS 05/01/2026 07:10PM ET,BOS,0
,,,,,,,,,,,,,,,SP,Sonny Gray (42945215),Sonny Gray,42945215,P,7500,HOU@BOS 05/01/2026 07:10PM ET,BOS,9.03
,,,,,,,,,,,,,,,SP,Connelly Early (42945216),Connelly Early,42945216,P,7500,HOU@BOS 05/01/2026 07:10PM ET,BOS,15.11
,,,,,,,,,,,,,,,SP,Aaron Nola (42945219),Aaron Nola,42945219,P,7500,PHI@MIA 05/01/2026 07:10PM ET,PHI,12.18
,,,,,,,,,,,,,,,SP,Andrew Painter (42945220),Andrew Painter,42945220,P,7500,PHI@MIA 05/01/2026 07:10PM ET,PHI,9.96
,,,,,,,,,,,,,,,SP,Reid Detmers (42945217),Reid Detmers,42945217,P,7500,NYM@LAA 05/01/2026 09:38PM ET,LAA,15.96
,,,,,,,,,,,,,,,SP,Grayson Rodriguez (42945218),Grayson Rodriguez,42945218,P,7500,NYM@LAA 05/01/2026 09:38PM ET,LAA,0
,,,,,,,,,,,,,,,SP,Davis Martin (42945221),Davis Martin,42945221,P,7500,CWS@SD 05/01/2026 09:40PM ET,CWS,20.68
,,,,,,,,,,,,,,,SP,Sean Burke (42945222),Sean Burke,42945222,P,7500,CWS@SD 05/01/2026 09:40PM ET,CWS,13.69
,,,,,,,,,,,,,,,RP,Shane Smith (42945223),Shane Smith,42945223,P,7500,CWS@SD 05/01/2026 09:40PM ET,CWS,2.52
,,,,,,,,,,,,,,,RP,Joey Cantillo (42944655),Joey Cantillo,42944655,P,7400,CLE@ATH 05/01/2026 09:40PM ET,CLE,15.61
,,,,,,,,,,,,,,,SP,Slade Cecconi (42945224),Slade Cecconi,42945224,P,7400,CLE@ATH 05/01/2026 09:40PM ET,CLE,7.81
,,,,,,,,,,,,,,,SP,Logan Allen (42945225),Logan Allen,42945225,P,7400,CLE@ATH 05/01/2026 09:40PM ET,CLE,0
,,,,,,,,,,,,,,,SP,Noah Cameron (42945229),Noah Cameron,42945229,P,7300,KC@SEA 05/01/2026 09:45PM ET,KC,11.11
,,,,,,,,,,,,,,,SP,Joe Musgrove (42945226),Joe Musgrove,42945226,P,7300,CWS@SD 05/01/2026 09:40PM ET,SD,0
,,,,,,,,,,,,,,,SP,Randy Vasquez (42945227),Randy Vasquez,42945227,P,7300,CWS@SD 05/01/2026 09:40PM ET,SD,18.19
,,,,,,,,,,,,,,,SP,JP Sears (42945228),JP Sears,42945228,P,7300,CWS@SD 05/01/2026 09:40PM ET,SD,0
,,,,,,,,,,,,,,,RP,Grant Holmes (42944656),Grant Holmes,42944656,P,7200,ATL@COL 05/01/2026 08:40PM ET,ATL,13.56
,,,,,,,,,,,,,,,RP,AJ Smith-Shawver (42945231),AJ Smith-Shawver,42945231,P,7200,ATL@COL 05/01/2026 08:40PM ET,ATL,0
,,,,,,,,,,,,,,,SP,Hurston Waldrep (42945232),Hurston Waldrep,42945232,P,7200,ATL@COL 05/01/2026 08:40PM ET,ATL,0
,,,,,,,,,,,,,,,RP,Martin Perez (42945233),Martin Perez,42945233,P,7200,ATL@COL 05/01/2026 08:40PM ET,ATL,12.96
,,,,,,,,,,,,,,,RP,Reynaldo Lopez (42945234),Reynaldo Lopez,42945234,P,7200,ATL@COL 05/01/2026 08:40PM ET,ATL,11.34
,,,,,,,,,,,,,,,SP,Kodai Senga (42945230),Kodai Senga,42945230,P,7200,NYM@LAA 05/01/2026 09:38PM ET,NYM,5.4
,,,,,,,,,,,,,,,SP,Mike Burrows (42944657),Mike Burrows,42944657,P,7000,HOU@BOS 05/01/2026 07:10PM ET,HOU,10.81
,,,,,,,,,,,,,,,SP,Ronel Blanco (42945241),Ronel Blanco,42945241,P,7000,HOU@BOS 05/01/2026 07:10PM ET,HOU,0
,,,,,,,,,,,,,,,SP,Lance McCullers Jr. (42945242),Lance McCullers Jr.,42945242,P,7000,HOU@BOS 05/01/2026 07:10PM ET,HOU,12.25
,,,,,,,,,,,,,,,RP,Hayden Wesneski (42945243),Hayden Wesneski,42945243,P,7000,HOU@BOS 05/01/2026 07:10PM ET,HOU,0
,,,,,,,,,,,,,,,SP,Cristian Javier (42945244),Cristian Javier,42945244,P,7000,HOU@BOS 05/01/2026 07:10PM ET,HOU,-3.8
,,,,,,,,,,,,,,,SP,Connor Prielipp (42945235),Connor Prielipp,42945235,P,7000,TOR@MIN 05/01/2026 08:10PM ET,MIN,16.72
,,,,,,,,,,,,,,,SP,Bailey Ober (42945236),Bailey Ober,42945236,P,7000,TOR@MIN 05/01/2026 08:10PM ET,MIN,14.07
,,,,,,,,,,,,,,,SP,Mick Abel (42945237),Mick Abel,42945237,P,7000,TOR@MIN 05/01/2026 08:10PM ET,MIN,14.19
,,,,,,,,,,,,,,,SP,Braxton Garrett (42945245),Braxton Garrett,42945245,P,7000,PHI@MIA 05/01/2026 07:10PM ET,MIA,0
,,,,,,,,,,,,,,,SP,Dax Fulton (42945246),Dax Fulton,42945246,P,7000,PHI@MIA 05/01/2026 07:10PM ET,MIA,0
,,,,,,,,,,,,,,,RP,Ryan Gusto (42945247),Ryan Gusto,42945247,P,7000,PHI@MIA 05/01/2026 07:10PM ET,MIA,4.25
,,,,,,,,,,,,,,,SP,Adam Mazur (42945248),Adam Mazur,42945248,P,7000,PHI@MIA 05/01/2026 07:10PM ET,MIA,0
,,,,,,,,,,,,,,,RP,Janson Junk (42945249),Janson Junk,42945249,P,7000,PHI@MIA 05/01/2026 07:10PM ET,MIA,13.44
,,,,,,,,,,,,,,,SP,Chris Paddack (42945250),Chris Paddack,42945250,P,7000,PHI@MIA 05/01/2026 07:10PM ET,MIA,8.53
,,,,,,,,,,,,,,,SP,Logan Evans (42945238),Logan Evans,42945238,P,7000,KC@SEA 05/01/2026 09:45PM ET,SEA,0
,,,,,,,,,,,,,,,RP,Cooper Criswell (42945239),Cooper Criswell,42945239,P,7000,KC@SEA 05/01/2026 09:45PM ET,SEA,4.11
,,,,,,,,,,,,,,,SP,Bryce Miller (42945240),Bryce Miller,42945240,P,7000,KC@SEA 05/01/2026 09:45PM ET,SEA,0
,,,,,,,,,,,,,,,RP,J.T. Ginn (42944658),J.T. Ginn,42944658,P,6900,CLE@ATH 05/01/2026 09:40PM ET,ATH,8.49
,,,,,,,,,,,,,,,SP,Joey Estes (42945252),Joey Estes,42945252,P,6900,CLE@ATH 05/01/2026 09:40PM ET,ATH,0
,,,,,,,,,,,,,,,RP,Jacob Lopez (42945253),Jacob Lopez,42945253,P,6900,CLE@ATH 05/01/2026 09:40PM ET,ATH,6.45
,,,,,,,,,,,,,,,SP,Luis Medina (42945254),Luis Medina,42945254,P,6900,CLE@ATH 05/01/2026 09:40PM ET,ATH,4.26
,,,,,,,,,,,,,,,RP,Jack Perkins (42945255),Jack Perkins,42945255,P,6900,CLE@ATH 05/01/2026 09:40PM ET,ATH,6.8
,,,,,,,,,,,,,,,RP,Hogan Harris (42945256),Hogan Harris,42945256,P,6900,CLE@ATH 05/01/2026 09:40PM ET,ATH,3.18
,,,,,,,,,,,,,,,SP,Luis Morales (42945257),Luis Morales,42945257,P,6900,CLE@ATH 05/01/2026 09:40PM ET,ATH,-3.35
,,,,,,,,,,,,,,,SP,Gunnar Hoglund (42945258),Gunnar Hoglund,42945258,P,6900,CLE@ATH 05/01/2026 09:40PM ET,ATH,0
,,,,,,,,,,,,,,,SP,Luis Severino (42945259),Luis Severino,42945259,P,6900,CLE@ATH 05/01/2026 09:40PM ET,ATH,14.58
,,,,,,,,,,,,,,,RP,Aaron Civale (42945260),Aaron Civale,42945260,P,6900,CLE@ATH 05/01/2026 09:40PM ET,ATH,13.07
,,,,,,,,,,,,,,,RP,Ryan Yarbrough (42945251),Ryan Yarbrough,42945251,P,6900,BAL@NYY 05/01/2026 07:05PM ET,NYY,3.19
,,,,,,,,,,,,,,,SP,Luis Gil (42945261),Luis Gil,42945261,P,6900,BAL@NYY 05/01/2026 07:05PM ET,NYY,5.52
,,,,,,,,,,,,,,,SP,Patrick Corbin (42944659),Patrick Corbin,42944659,P,6700,TOR@MIN 05/01/2026 08:10PM ET,TOR,10.98
,,,,,,,,,,,,,,,SP,Cody Ponce (42945268),Cody Ponce,42945268,P,6700,TOR@MIN 05/01/2026 08:10PM ET,TOR,8.05
,,,,,,,,,,,,,,,RP,Mason Fluharty (42945269),Mason Fluharty,42945269,P,6700,TOR@MIN 05/01/2026 08:10PM ET,TOR,1.96
,,,,,,,,,,,,,,,SP,Max Scherzer (42945270),Max Scherzer,42945270,P,6700,TOR@MIN 05/01/2026 08:10PM ET,TOR,1.48
,,,,,,,,,,,,,,,RP,Eric Lauer (42945271),Eric Lauer,42945271,P,6700,TOR@MIN 05/01/2026 08:10PM ET,TOR,7.36
,,,,,,,,,,,,,,,SP,Gavin Stone (42945262),Gavin Stone,42945262,P,6700,LAD@STL 05/01/2026 08:15PM ET,LAD,0
,,,,,,,,,,,,,,,SP,River Ryan (42945263),River Ryan,42945263,P,6700,LAD@STL 05/01/2026 08:15PM ET,LAD,0
,,,,,,,,,,,,,,,SP,Bobby Miller (42945264),Bobby Miller,42945264,P,6700,LAD@STL 05/01/2026 08:15PM ET,LAD,0
,,,,,,,,,,,,,,,SP,Landon Knack (42945265),Landon Knack,42945265,P,6700,LAD@STL 05/01/2026 08:15PM ET,LAD,0
,,,,,,,,,,,,,,,SP,Chayce McDermott (42945266),Chayce McDermott,42945266,P,6700,LAD@STL 05/01/2026 08:15PM ET,LAD,0
,,,,,,,,,,,,,,,SP,Roki Sasaki (42945267),Roki Sasaki,42945267,P,6700,LAD@STL 05/01/2026 08:15PM ET,LAD,8.24
,,,,,,,,,,,,,,,SP,Dustin May (42945272),Dustin May,42945272,P,6700,LAD@STL 05/01/2026 08:15PM ET,STL,9.93
,,,,,,,,,,,,,,,RP,Andre Pallante (42945273),Andre Pallante,42945273,P,6700,LAD@STL 05/01/2026 08:15PM ET,STL,13.35
,,,,,,,,,,,,,,,SP,Michael McGreevy (42945274),Michael McGreevy,42945274,P,6700,LAD@STL 05/01/2026 08:15PM ET,STL,13.5
,,,,,,,,,,,,,,,RP,Kyle Leahy (42945275),Kyle Leahy,42945275,P,6700,LAD@STL 05/01/2026 08:15PM ET,STL,9.23
,,,,,,,,,,,,,,,SP,Chris Bassitt (42945276),Chris Bassitt,42945276,P,6700,BAL@NYY 05/01/2026 07:05PM ET,BAL,6.33
,,,,,,,,,,,,,,,SP,Tanner Houck (42945291),Tanner Houck,42945291,P,6500,HOU@BOS 05/01/2026 07:10PM ET,BOS,0
,,,,,,,,,,,,,,,SP,Patrick Sandoval (42945292),Patrick Sandoval,42945292,P,6500,HOU@BOS 05/01/2026 07:10PM ET,BOS,0
,,,,,,,,,,,,,,,SP,Kutter Crawford (42945293),Kutter Crawford,42945293,P,6500,HOU@BOS 05/01/2026 07:10PM ET,BOS,0
,,,,,,,,,,,,,,,SP,Johan Oviedo (42945294),Johan Oviedo,42945294,P,6500,HOU@BOS 05/01/2026 07:10PM ET,BOS,1.45
,,,,,,,,,,,,,,,SP,Brayan Bello (42945295),Brayan Bello,42945295,P,6500,HOU@BOS 05/01/2026 07:10PM ET,BOS,1.49
,,,,,,,,,,,,,,,SP,Tomoyuki Sugano (42945296),Tomoyuki Sugano,42945296,P,6500,ATL@COL 05/01/2026 08:40PM ET,COL,13.84
,,,,,,,,,,,,,,,SP,Kyle Freeland (42945297),Kyle Freeland,42945297,P,6500,ATL@COL 05/01/2026 08:40PM ET,COL,10.46
,,,,,,,,,,,,,,,RP,Walbert Urena (42944660),Walbert Urena,42944660,P,6500,NYM@LAA 05/01/2026 09:38PM ET,LAA,6.12
,,,,,,,,,,,,,,,SP,Yusei Kikuchi (42945277),Yusei Kikuchi,42945277,P,6500,NYM@LAA 05/01/2026 09:38PM ET,LAA,9.39
,,,,,,,,,,,,,,,SP,Alek Manoah (42945278),Alek Manoah,42945278,P,6500,NYM@LAA 05/01/2026 09:38PM ET,LAA,0
,,,,,,,,,,,,,,,SP,Chase Silseth (42945279),Chase Silseth,42945279,P,6500,NYM@LAA 05/01/2026 09:38PM ET,LAA,1.82
,,,,,,,,,,,,,,,RP,Mitch Farris (42945280),Mitch Farris,42945280,P,6500,NYM@LAA 05/01/2026 09:38PM ET,LAA,4.7
,,,,,,,,,,,,,,,SP,Caden Dana (42945281),Caden Dana,42945281,P,6500,NYM@LAA 05/01/2026 09:38PM ET,LAA,0
,,,,,,,,,,,,,,,RP,Ryan Johnson (42945282),Ryan Johnson,42945282,P,6500,NYM@LAA 05/01/2026 09:38PM ET,LAA,-7.1
,,,,,,,,,,,,,,,SP,Jack Kochanowicz (42945283),Jack Kochanowicz,42945283,P,6500,NYM@LAA 05/01/2026 09:38PM ET,LAA,14.16
,,,,,,,,,,,,,,,SP,George Klassen (42945284),George Klassen,42945284,P,6500,NYM@LAA 05/01/2026 09:38PM ET,LAA,0.15
,,,,,,,,,,,,,,,RP,Sam Aldegheri (42945285),Sam Aldegheri,42945285,P,6500,NYM@LAA 05/01/2026 09:38PM ET,LAA,7.95
,,,,,,,,,,,,,,,SP,Drew Thorpe (42945286),Drew Thorpe,42945286,P,6500,CWS@SD 05/01/2026 09:40PM ET,CWS,0
,,,,,,,,,,,,,,,RP,Sean Newcomb (42945287),Sean Newcomb,42945287,P,6500,CWS@SD 05/01/2026 09:40PM ET,CWS,2.98
,,,,,,,,,,,,,,,RP,Grant Taylor (42945288),Grant Taylor,42945288,P,6500,CWS@SD 05/01/2026 09:40PM ET,CWS,5.26
,,,,,,,,,,,,,,,RP,Osvaldo Bido (42945289),Osvaldo Bido,42945289,P,6500,CWS@SD 05/01/2026 09:40PM ET,CWS,2.97
,,,,,,,,,,,,,,,RP,Mike Vasil (42945290),Mike Vasil,42945290,P,6500,CWS@SD 05/01/2026 09:40PM ET,CWS,0
,,,,,,,,,,,,,,,SP,Jonathan Cannon (42945298),Jonathan Cannon,42945298,P,6500,CWS@SD 05/01/2026 09:40PM ET,CWS,-3.8
,,,,,,,,,,,,,,,RP,Anthony Kay (42945299),Anthony Kay,42945299,P,6500,CWS@SD 05/01/2026 09:40PM ET,CWS,4.68
,,,,,,,,,,,,,,,SP,Erick Fedde (42945300),Erick Fedde,42945300,P,6500,CWS@SD 05/01/2026 09:40PM ET,CWS,12.13
,,,,,,,,,,,,,,,OF,Aaron Judge (42944666),Aaron Judge,42944666,OF,6500,BAL@NYY 05/01/2026 07:05PM ET,NYY,10.94
,,,,,,,,,,,,,,,OF,Yordan Alvarez (42944667),Yordan Alvarez,42944667,OF,6400,HOU@BOS 05/01/2026 07:10PM ET,HOU,12.03
,,,,,,,,,,,,,,,SP,Tyler Mahle (42945314),Tyler Mahle,42945314,P,6300,SF@TB 05/01/2026 07:10PM ET,SF,10.17
,,,,,,,,,,,,,,,SP,Blade Tidwell (42945315),Blade Tidwell,42945315,P,6300,SF@TB 05/01/2026 07:10PM ET,SF,3.82
,,,,,,,,,,,,,,,RP,Carson Seymour (42945316),Carson Seymour,42945316,P,6300,SF@TB 05/01/2026 07:10PM ET,SF,0
,,,,,,,,,,,,,,,SP,Keaton Winn (42945317),Keaton Winn,42945317,P,6300,SF@TB 05/01/2026 07:10PM ET,SF,3.07
,,,,,,,,,,,,,,,RP,Jose Butto (42945318),Jose Butto,42945318,P,6300,SF@TB 05/01/2026 07:10PM ET,SF,-0.5
,,,,,,,,,,,,,,,SP,Dylan Smith (42945319),Dylan Smith,42945319,P,6300,SF@TB 05/01/2026 07:10PM ET,SF,0
,,,,,,,,,,,,,,,RP,Tristan Beck (42945320),Tristan Beck,42945320,P,6300,SF@TB 05/01/2026 07:10PM ET,SF,0
,,,,,,,,,,,,,,,RP,Spencer Bivens (42945321),Spencer Bivens,42945321,P,6300,SF@TB 05/01/2026 07:10PM ET,SF,0
,,,,,,,,,,,,,,,SP,Adrian Houser (42945322),Adrian Houser,42945322,P,6300,SF@TB 05/01/2026 07:10PM ET,SF,3.41
,,,,,,,,,,,,,,,SP,Carson Whisenhunt (42945323),Carson Whisenhunt,42945323,P,6300,SF@TB 05/01/2026 07:10PM ET,SF,0
,,,,,,,,,,,,,,,RP,Hayden Birdsong (42945324),Hayden Birdsong,42945324,P,6300,SF@TB 05/01/2026 07:10PM ET,SF,0
,,,,,,,,,,,,,,,RP,JT Brubaker (42945325),JT Brubaker,42945325,P,6300,SF@TB 05/01/2026 07:10PM ET,SF,3.3
,,,,,,,,,,,,,,,RP,Stephen Kolek (42945301),Stephen Kolek,42945301,P,6300,KC@SEA 05/01/2026 09:45PM ET,KC,0
,,,,,,,,,,,,,,,SP,Alec Marsh (42945302),Alec Marsh,42945302,P,6300,KC@SEA 05/01/2026 09:45PM ET,KC,0
,,,,,,,,,,,,,,,RP,Mason Black (42945303),Mason Black,42945303,P,6300,KC@SEA 05/01/2026 09:45PM ET,KC,3.92
,,,,,,,,,,,,,,,RP,Luinder Avila (42945304),Luinder Avila,42945304,P,6300,KC@SEA 05/01/2026 09:45PM ET,KC,1.92
,,,,,,,,,,,,,,,RP,Mitch Spence (42945305),Mitch Spence,42945305,P,6300,KC@SEA 05/01/2026 09:45PM ET,KC,-2.4
,,,,,,,,,,,,,,,RP,Bailey Falter (42945306),Bailey Falter,42945306,P,6300,KC@SEA 05/01/2026 09:45PM ET,KC,-0.25
,,,,,,,,,,,,,,,RP,Daniel Lynch IV (42945307),Daniel Lynch IV,42945307,P,6300,KC@SEA 05/01/2026 09:45PM ET,KC,4.12
,,,,,,,,,,,,,,,RP,Ryan Bergert (42945308),Ryan Bergert,42945308,P,6300,KC@SEA 05/01/2026 09:45PM ET,KC,0
,,,,,,,,,,,,,,,1B/OF,Shohei Ohtani (42944668),Shohei Ohtani,42944668,1B/OF,6300,LAD@STL 05/01/2026 08:15PM ET,LAD,9.16
,,,,,,,,,,,,,,,SP,German Marquez (42944661),German Marquez,42944661,P,6300,CWS@SD 05/01/2026 09:40PM ET,SD,11.42
,,,,,,,,,,,,,,,RP,Jhony Brito (42945309),Jhony Brito,42945309,P,6300,CWS@SD 05/01/2026 09:40PM ET,SD,0
,,,,,,,,,,,,,,,SP,Kyle Hart (42945310),Kyle Hart,42945310,P,6300,CWS@SD 05/01/2026 09:40PM ET,SD,1.85
,,,,,,,,,,,,,,,SP,Walker Buehler (42945311),Walker Buehler,42945311,P,6300,CWS@SD 05/01/2026 09:40PM ET,SD,8.94
,,,,,,,,,,,,,,,SP,Matt Waldron (42945312),Matt Waldron,42945312,P,6300,CWS@SD 05/01/2026 09:40PM ET,SD,-0.22
,,,,,,,,,,,,,,,SP,Griffin Canning (42945313),Griffin Canning,42945313,P,6300,CWS@SD 05/01/2026 09:40PM ET,SD,0
,,,,,,,,,,,,,,,3B,Jose Ramirez (42944670),Jose Ramirez,42944670,3B,6200,CLE@ATH 05/01/2026 09:40PM ET,CLE,9.31
,,,,,,,,,,,,,,,RP,Ian Seymour (42945326),Ian Seymour,42945326,P,6200,SF@TB 05/01/2026 07:10PM ET,TB,2.62
,,,,,,,,,,,,,,,RP,Jesse Scholtens (42945327),Jesse Scholtens,42945327,P,6200,SF@TB 05/01/2026 07:10PM ET,TB,13.11
,,,,,,,,,,,,,,,RP,Joey Wentz (42945337),Joey Wentz,42945337,P,6200,ATL@COL 05/01/2026 08:40PM ET,ATL,0
,,,,,,,,,,,,,,,RP,Jose Suarez (42945338),Jose Suarez,42945338,P,6200,ATL@COL 05/01/2026 08:40PM ET,ATL,4.29
,,,,,,,,,,,,,,,RP,Victor Mederos (42945339),Victor Mederos,42945339,P,6200,ATL@COL 05/01/2026 08:40PM ET,ATL,0
,,,,,,,,,,,,,,,RP,Didier Fuentes (42945340),Didier Fuentes,42945340,P,6200,ATL@COL 05/01/2026 08:40PM ET,ATL,9.02
,,,,,,,,,,,,,,,SP,Christian Scott (42944662),Christian Scott,42944662,P,6200,NYM@LAA 05/01/2026 09:38PM ET,NYM,-0.6
,,,,,,,,,,,,,,,SP,David Peterson (42945328),David Peterson,42945328,P,6200,NYM@LAA 05/01/2026 09:38PM ET,NYM,7.12
,,,,,,,,,,,,,,,SP,Tylor Megill (42945330),Tylor Megill,42945330,P,6200,NYM@LAA 05/01/2026 09:38PM ET,NYM,0
,,,,,,,,,,,,,,,SP,Tobias Myers (42945331),Tobias Myers,42945331,P,6200,NYM@LAA 05/01/2026 09:38PM ET,NYM,6.28
,,,,,,,,,,,,,,,SP,Jonah Tong (42945332),Jonah Tong,42945332,P,6200,NYM@LAA 05/01/2026 09:38PM ET,NYM,0
,,,,,,,,,,,,,,,SP,Sean Manaea (42945333),Sean Manaea,42945333,P,6200,NYM@LAA 05/01/2026 09:38PM ET,NYM,5.81
,,,,,,,,,,,,,,,RP,Albert Suarez (42945329),Albert Suarez,42945329,P,6200,BAL@NYY 05/01/2026 07:05PM ET,BAL,5.25
,,,,,,,,,,,,,,,RP,Dietrich Enns (42945334),Dietrich Enns,42945334,P,6200,BAL@NYY 05/01/2026 07:05PM ET,BAL,5.38
,,,,,,,,,,,,,,,SP,Tyler Wells (42945335),Tyler Wells,42945335,P,6200,BAL@NYY 05/01/2026 07:05PM ET,BAL,3.71
,,,,,,,,,,,,,,,RP,Keegan Akin (42945336),Keegan Akin,42945336,P,6200,BAL@NYY 05/01/2026 07:05PM ET,BAL,-2.85
,,,,,,,,,,,,,,,SS,Bobby Witt Jr. (42944671),Bobby Witt Jr.,42944671,SS,6100,KC@SEA 05/01/2026 09:45PM ET,KC,8.84
,,,,,,,,,,,,,,,SP,Brandon Walter (42945346),Brandon Walter,42945346,P,6000,HOU@BOS 05/01/2026 07:10PM ET,HOU,0
,,,,,,,,,,,,,,,SP,Tatsuya Imai (42945347),Tatsuya Imai,42945347,P,6000,HOU@BOS 05/01/2026 07:10PM ET,HOU,8.03
,,,,,,,,,,,,,,,SP,Miguel Ullola (42945348),Miguel Ullola,42945348,P,6000,HOU@BOS 05/01/2026 07:10PM ET,HOU,0
,,,,,,,,,,,,,,,RP,Nate Pearson (42945349),Nate Pearson,42945349,P,6000,HOU@BOS 05/01/2026 07:10PM ET,HOU,0
,,,,,,,,,,,,,,,SP,AJ Blubaugh (42945350),AJ Blubaugh,42945350,P,6000,HOU@BOS 05/01/2026 07:10PM ET,HOU,3
,,,,,,,,,,,,,,,RP,Jason Alexander (42945351),Jason Alexander,42945351,P,6000,HOU@BOS 05/01/2026 07:10PM ET,HOU,-6.5
,,,,,,,,,,,,,,,SP,Colton Gordon (42945352),Colton Gordon,42945352,P,6000,HOU@BOS 05/01/2026 07:10PM ET,HOU,1
,,,,,,,,,,,,,,,RP,Kai-Wei Teng (42945353),Kai-Wei Teng,42945353,P,6000,HOU@BOS 05/01/2026 07:10PM ET,HOU,5.02
,,,,,,,,,,,,,,,RP,Ryan Weiss (42945354),Ryan Weiss,42945354,P,6000,HOU@BOS 05/01/2026 07:10PM ET,HOU,5.12
,,,,,,,,,,,,,,,RP,Cody Bolton (42945355),Cody Bolton,42945355,P,6000,HOU@BOS 05/01/2026 07:10PM ET,HOU,5.2
,,,,,,,,,,,,,,,SP,Simeon Woods Richardson (42944663),Simeon Woods Richardson,42944663,P,6000,TOR@MIN 05/01/2026 08:10PM ET,MIN,4.15
,,,,,,,,,,,,,,,SP,Marco Raya (42945341),Marco Raya,42945341,P,6000,TOR@MIN 05/01/2026 08:10PM ET,MIN,0
,,,,,,,,,,,,,,,RP,Matt Bowman (42945342),Matt Bowman,42945342,P,6000,TOR@MIN 05/01/2026 08:10PM ET,MIN,0
,,,,,,,,,,,,,,,SP,Zebby Matthews (42945343),Zebby Matthews,42945343,P,6000,TOR@MIN 05/01/2026 08:10PM ET,MIN,0
,,,,,,,,,,,,,,,SP,David Festa (42945344),David Festa,42945344,P,6000,TOR@MIN 05/01/2026 08:10PM ET,MIN,0
,,,,,,,,,,,,,,,RP,Kendry Rojas (42945345),Kendry Rojas,42945345,P,6000,TOR@MIN 05/01/2026 08:10PM ET,MIN,1.5
,,,,,,,,,,,,,,,OF,Mike Trout (42944672),Mike Trout,42944672,OF,6000,NYM@LAA 05/01/2026 09:38PM ET,LAA,11.48
,,,,,,,,,,,,,,,OF,Ronald Acuna Jr. (42944674),Ronald Acuna Jr.,42944674,OF,5900,ATL@COL 05/01/2026 08:40PM ET,ATL,7.62
,,,,,,,,,,,,,,,1B,Munetaka Murakami (42944673),Munetaka Murakami,42944673,1B,5900,CWS@SD 05/01/2026 09:40PM ET,CWS,9.74
,,,,,,,,,,,,,,,SP,Alex McFarlane (42945356),Alex McFarlane,42945356,P,5800,PHI@MIA 05/01/2026 07:10PM ET,PHI,0
,,,,,,,,,,,,,,,RP,Seth Johnson (42945357),Seth Johnson,42945357,P,5800,PHI@MIA 05/01/2026 07:10PM ET,PHI,1.62
,,,,,,,,,,,,,,,RP,Jonathan Bowlan (42945358),Jonathan Bowlan,42945358,P,5800,PHI@MIA 05/01/2026 07:10PM ET,PHI,2.92
,,,,,,,,,,,,,,,SP,Taijuan Walker (42945359),Taijuan Walker,42945359,P,5800,PHI@MIA 05/01/2026 07:10PM ET,PHI,2.84
,,,,,,,,,,,,,,,C,Drake Baldwin (42944676),Drake Baldwin,42944676,C,5800,ATL@COL 05/01/2026 08:40PM ET,ATL,10.12
,,,,,,,,,,,,,,,OF,Juan Soto (42944675),Juan Soto,42944675,OF,5800,NYM@LAA 05/01/2026 09:38PM ET,NYM,8.69
,,,,,,,,,,,,,,,1B,Matt Olson (42944677),Matt Olson,42944677,1B,5700,ATL@COL 05/01/2026 08:40PM ET,ATL,10.69
,,,,,,,,,,,,,,,RP,Matthew Liberatore (42944664),Matthew Liberatore,42944664,P,5700,LAD@STL 05/01/2026 08:15PM ET,STL,7.68
,,,,,,,,,,,,,,,SP,Brycen Mautz (42945360),Brycen Mautz,42945360,P,5700,LAD@STL 05/01/2026 08:15PM ET,STL,0
,,,,,,,,,,,,,,,SP,Tekoah Roby (42945361),Tekoah Roby,42945361,P,5700,LAD@STL 05/01/2026 08:15PM ET,STL,0
,,,,,,,,,,,,,,,RP,Gordon Graceffo (42945362),Gordon Graceffo,42945362,P,5700,LAD@STL 05/01/2026 08:15PM ET,STL,4
,,,,,,,,,,,,,,,SP,Hunter Dobbins (42945363),Hunter Dobbins,42945363,P,5700,LAD@STL 05/01/2026 08:15PM ET,STL,7.55
,,,,,,,,,,,,,,,SP,Richard Fitts (42945364),Richard Fitts,42945364,P,5700,LAD@STL 05/01/2026 08:15PM ET,STL,0
,,,,,,,,,,,,,,,SS,Gunnar Henderson (42944678),Gunnar Henderson,42944678,SS,5700,BAL@NYY 05/01/2026 07:05PM ET,BAL,9.58
,,,,,,,,,,,,,,,OF,Kyle Tucker (42944680),Kyle Tucker,42944680,OF,5600,LAD@STL 05/01/2026 08:15PM ET,LAD,7.87
,,,,,,,,,,,,,,,1B,Ben Rice (42944679),Ben Rice,42944679,1B,5600,BAL@NYY 05/01/2026 07:05PM ET,NYY,10.97
,,,,,,,,,,,,,,,C,Shea Langeliers (42944681),Shea Langeliers,42944681,C,5500,CLE@ATH 05/01/2026 09:40PM ET,ATH,9.7
,,,,,,,,,,,,,,,1B,Vladimir Guerrero Jr. (42944682),Vladimir Guerrero Jr.,42944682,1B,5500,TOR@MIN 05/01/2026 08:10PM ET,TOR,8.32
,,,,,,,,,,,,,,,RP,Jose Quintana (42944665),Jose Quintana,42944665,P,5500,ATL@COL 05/01/2026 08:40PM ET,COL,6.61
,,,,,,,,,,,,,,,RP,Tanner Gordon (42945365),Tanner Gordon,42945365,P,5500,ATL@COL 05/01/2026 08:40PM ET,COL,7.12
,,,,,,,,,,,,,,,RP,Blas Castano (42945366),Blas Castano,42945366,P,5500,ATL@COL 05/01/2026 08:40PM ET,COL,0
,,,,,,,,,,,,,,,RP,Valente Bellozo (42945367),Valente Bellozo,42945367,P,5500,ATL@COL 05/01/2026 08:40PM ET,COL,3.73
,,,,,,,,,,,,,,,SP,McCade Brown (42945368),McCade Brown,42945368,P,5500,ATL@COL 05/01/2026 08:40PM ET,COL,0
,,,,,,,,,,,,,,,SP,Chase Dollander (42945369),Chase Dollander,42945369,P,5500,ATL@COL 05/01/2026 08:40PM ET,COL,17.86
,,,,,,,,,,,,,,,SP,Ryan Feltner (42945370),Ryan Feltner,42945370,P,5500,ATL@COL 05/01/2026 08:40PM ET,COL,7.4
,,,,,,,,,,,,,,,SP,Antonio Senzatela (42945371),Antonio Senzatela,42945371,P,5500,ATL@COL 05/01/2026 08:40PM ET,COL,8.43
,,,,,,,,,,,,,,,SP,Michael Lorenzen (42945372),Michael Lorenzen,42945372,P,5500,ATL@COL 05/01/2026 08:40PM ET,COL,6.16
,,,,,,,,,,,,,,,1B,Nick Kurtz (42944684),Nick Kurtz,42944684,1B,5400,CLE@ATH 05/01/2026 09:40PM ET,ATH,8.9
,,,,,,,,,,,,,,,OF,Kyle Schwarber (42944683),Kyle Schwarber,42944683,OF,5400,PHI@MIA 05/01/2026 07:10PM ET,PHI,9.9
,,,,,,,,,,,,,,,OF,Byron Buxton (42944685),Byron Buxton,42944685,OF,5300,TOR@MIN 05/01/2026 08:10PM ET,MIN,8.86
,,,,,,,,,,,,,,,SS,Zach Neto (42944686),Zach Neto,42944686,SS,5300,NYM@LAA 05/01/2026 09:38PM ET,LAA,8.75
,,,,,,,,,,,,,,,C,Cal Raleigh (42944688),Cal Raleigh,42944688,C,5200,KC@SEA 05/01/2026 09:45PM ET,SEA,7.22
,,,,,,,,,,,,,,,OF,Jordan Walker (42944687),Jordan Walker,42944687,OF,5200,LAD@STL 05/01/2026 08:15PM ET,STL,10.43
,,,,,,,,,,,,,,,2B,JJ Wetherholt (42944689),JJ Wetherholt,42944689,2B,5100,LAD@STL 05/01/2026 08:15PM ET,STL,9.77
,,,,,,,,,,,,,,,1B,Freddie Freeman (42944690),Freddie Freeman,42944690,1B,5100,LAD@STL 05/01/2026 08:15PM ET,LAD,7.1
,,,,,,,,,,,,,,,3B,Junior Caminero (42944691),Junior Caminero,42944691,3B,5000,SF@TB 05/01/2026 07:10PM ET,TB,8.07
,,,,,,,,,,,,,,,OF,George Springer (42944692),George Springer,42944692,OF,5000,TOR@MIN 05/01/2026 08:10PM ET,TOR,6.5
,,,,,,,,,,,,,,,2B/OF,Fernando Tatis Jr. (42944693),Fernando Tatis Jr.,42944693,2B/OF,5000,CWS@SD 05/01/2026 09:40PM ET,SD,6.93
,,,,,,,,,,,,,,,OF,Roman Anthony (42944698),Roman Anthony,42944698,OF,4900,HOU@BOS 05/01/2026 07:10PM ET,BOS,6.08
,,,,,,,,,,,,,,,2B,Ozzie Albies (42944696),Ozzie Albies,42944696,2B,4900,ATL@COL 05/01/2026 08:40PM ET,ATL,8.97
,,,,,,,,,,,,,,,C,Hunter Goodman (42944697),Hunter Goodman,42944697,C,4900,ATL@COL 05/01/2026 08:40PM ET,COL,9.03
,,,,,,,,,,,,,,,SS,Colson Montgomery (42944695),Colson Montgomery,42944695,SS,4900,CWS@SD 05/01/2026 09:40PM ET,CWS,8.1
,,,,,,,,,,,,,,,2B,Jose Altuve (42944699),Jose Altuve,42944699,2B,4800,HOU@BOS 05/01/2026 07:10PM ET,HOU,7.38
,,,,,,,,,,,,,,,3B,Miguel Vargas (42944701),Miguel Vargas,42944701,3B,4800,CWS@SD 05/01/2026 09:40PM ET,CWS,9.17
,,,,,,,,,,,,,,,1B,Pete Alonso (42944700),Pete Alonso,42944700,1B,4800,BAL@NYY 05/01/2026 07:05PM ET,BAL,6.84
,,,,,,,,,,,,,,,OF,Cody Bellinger (42944702),Cody Bellinger,42944702,OF,4800,BAL@NYY 05/01/2026 07:05PM ET,NYY,7.63
,,,,,,,,,,,,,,,3B,Austin Riley (42944703),Austin Riley,42944703,3B,4700,ATL@COL 05/01/2026 08:40PM ET,ATL,6.38
,,,,,,,,,,,,,,,1B,Alec Burleson (42944704),Alec Burleson,42944704,1B,4700,LAD@STL 05/01/2026 08:15PM ET,STL,8.6
,,,,,,,,,,,,,,,OF,Jackson Merrill (42944705),Jackson Merrill,42944705,OF,4700,CWS@SD 05/01/2026 09:40PM ET,SD,7.23
,,,,,,,,,,,,,,,1B/3B,Yandy Diaz (42944708),Yandy Diaz,42944708,1B/3B,4600,SF@TB 05/01/2026 07:10PM ET,TB,9
,,,,,,,,,,,,,,,2B/SS,Willi Castro (42944706),Willi Castro,42944706,2B/SS,4600,ATL@COL 05/01/2026 08:40PM ET,COL,6
,,,,,,,,,,,,,,,OF,Andy Pages (42944710),Andy Pages,42944710,OF,4600,LAD@STL 05/01/2026 08:15PM ET,LAD,8.94
,,,,,,,,,,,,,,,OF,Brent Rooker (42944712),Brent Rooker,42944712,OF,4500,CLE@ATH 05/01/2026 09:40PM ET,ATH,5.47
,,,,,,,,,,,,,,,C,Ryan Jeffers (42944716),Ryan Jeffers,42944716,C,4500,TOR@MIN 05/01/2026 08:10PM ET,MIN,9.04
,,,,,,,,,,,,,,,1B,Bryce Harper (42944715),Bryce Harper,42944715,1B,4500,PHI@MIA 05/01/2026 07:10PM ET,PHI,8.32
,,,,,,,,,,,,,,,SS,Trea Turner (42944717),Trea Turner,42944717,SS,4500,PHI@MIA 05/01/2026 07:10PM ET,PHI,7.58
,,,,,,,,,,,,,,,OF,Mickey Moniak (42944714),Mickey Moniak,42944714,OF,4500,ATL@COL 05/01/2026 08:40PM ET,COL,9.4
,,,,,,,,,,,,,,,SS,Francisco Lindor (42944999),Francisco Lindor,42944999,SS,4500,NYM@LAA 05/01/2026 09:38PM ET,NYM,6.79
,,,,,,,,,,,,,,,3B,Manny Machado (42944711),Manny Machado,42944711,3B,4500,CWS@SD 05/01/2026 09:40PM ET,SD,7.46
,,,,,,,,,,,,,,,OF,Taylor Ward (42944713),Taylor Ward,42944713,OF,4500,BAL@NYY 05/01/2026 07:05PM ET,BAL,8.29
,,,,,,,,,,,,,,,OF,Chase DeLauter (42944718),Chase DeLauter,42944718,OF,4400,CLE@ATH 05/01/2026 09:40PM ET,CLE,7.52
,,,,,,,,,,,,,,,OF,Angel Martinez (42944721),Angel Martinez,42944721,OF,4400,CLE@ATH 05/01/2026 09:40PM ET,CLE,7.28
,,,,,,,,,,,,,,,1B,Christian Walker (42944720),Christian Walker,42944720,1B,4400,HOU@BOS 05/01/2026 07:10PM ET,HOU,8.84
,,,,,,,,,,,,,,,OF,Jarren Duran (42944725),Jarren Duran,42944725,OF,4400,HOU@BOS 05/01/2026 07:10PM ET,BOS,6.19
,,,,,,,,,,,,,,,SS,Jeremy Pena (42945001),Jeremy Pena,42945001,SS,4400,HOU@BOS 05/01/2026 07:10PM ET,HOU,6.2
,,,,,,,,,,,,,,,2B,Xavier Edwards (42944722),Xavier Edwards,42944722,2B,4400,PHI@MIA 05/01/2026 07:10PM ET,MIA,8.48
,,,,,,,,,,,,,,,C,Liam Hicks (42944723),Liam Hicks,42944723,C,4400,PHI@MIA 05/01/2026 07:10PM ET,MIA,8.86
,,,,,,,,,,,,,,,SS,Otto Lopez (42944724),Otto Lopez,42944724,SS,4400,PHI@MIA 05/01/2026 07:10PM ET,MIA,8.8
,,,,,,,,,,,,,,,3B,Maikel Garcia (42944719),Maikel Garcia,42944719,3B,4400,KC@SEA 05/01/2026 09:45PM ET,KC,7.93
,,,,,,,,,,,,,,,OF,Giancarlo Stanton (42945000),Giancarlo Stanton,42945000,OF,4400,BAL@NYY 05/01/2026 07:05PM ET,NYY,6.79
,,,,,,,,,,,,,,,OF,Tyler Soderstrom (42944727),Tyler Soderstrom,42944727,OF,4300,CLE@ATH 05/01/2026 09:40PM ET,ATH,7.31
,,,,,,,,,,,,,,,SS,Ezequiel Tovar (42944730),Ezequiel Tovar,42944730,SS,4300,ATL@COL 05/01/2026 08:40PM ET,COL,4.69
,,,,,,,,,,,,,,,1B,Vinnie Pasquantino (42944731),Vinnie Pasquantino,42944731,1B,4300,KC@SEA 05/01/2026 09:45PM ET,KC,5.93
,,,,,,,,,,,,,,,3B,Max Muncy (42944726),Max Muncy,42944726,3B,4300,LAD@STL 05/01/2026 08:15PM ET,LAD,8.76
,,,,,,,,,,,,,,,OF,Teoscar Hernandez (42944729),Teoscar Hernandez,42944729,OF,4300,LAD@STL 05/01/2026 08:15PM ET,LAD,7.26
,,,,,,,,,,,,,,,C,Ivan Herrera (42944732),Ivan Herrera,42944732,C,4300,LAD@STL 05/01/2026 08:15PM ET,STL,8.16
,,,,,,,,,,,,,,,OF,Ramon Laureano (42944728),Ramon Laureano,42944728,OF,4300,CWS@SD 05/01/2026 09:40PM ET,SD,8.14
,,,,,,,,,,,,,,,3B,Jordan Westburg (42945002),Jordan Westburg,42945002,3B,4300,BAL@NYY 05/01/2026 07:05PM ET,BAL,0
,,,,,,,,,,,,,,,OF,Wilyer Abreu (42944734),Wilyer Abreu,42944734,OF,4200,HOU@BOS 05/01/2026 07:10PM ET,BOS,7.83
,,,,,,,,,,,,,,,3B,Matt Chapman (42944733),Matt Chapman,42944733,3B,4200,SF@TB 05/01/2026 07:10PM ET,SF,6.55
,,,,,,,,,,,,,,,1B,Rafael Devers (42944738),Rafael Devers,42944738,1B,4200,SF@TB 05/01/2026 07:10PM ET,SF,4.81
,,,,,,,,,,,,,,,OF,Kyle Stowers (42944737),Kyle Stowers,42944737,OF,4200,PHI@MIA 05/01/2026 07:10PM ET,MIA,5.78
,,,,,,,,,,,,,,,2B,Edouard Julien (42944740),Edouard Julien,42944740,2B,4200,ATL@COL 05/01/2026 08:40PM ET,COL,6.7
,,,,,,,,,,,,,,,SS,Mookie Betts (42945003),Mookie Betts,42945003,SS,4200,LAD@STL 05/01/2026 08:15PM ET,LAD,8.38
,,,,,,,,,,,,,,,OF,Jo Adell (42944735),Jo Adell,42944735,OF,4200,NYM@LAA 05/01/2026 09:38PM ET,LAA,7
,,,,,,,,,,,,,,,SS,Xander Bogaerts (42944736),Xander Bogaerts,42944736,SS,4200,CWS@SD 05/01/2026 09:40PM ET,SD,8
,,,,,,,,,,,,,,,C,Adley Rutschman (42944739),Adley Rutschman,42944739,C,4200,BAL@NYY 05/01/2026 07:05PM ET,BAL,10.31
,,,,,,,,,,,,,,,SS,Carlos Correa (42944741),Carlos Correa,42944741,SS,4100,HOU@BOS 05/01/2026 07:10PM ET,HOU,7.79
,,,,,,,,,,,,,,,1B,Jonathan Aranda (42944743),Jonathan Aranda,42944743,1B,4100,SF@TB 05/01/2026 07:10PM ET,TB,8.43
,,,,,,,,,,,,,,,OF,Chandler Simpson (42944746),Chandler Simpson,42944746,OF,4100,SF@TB 05/01/2026 07:10PM ET,TB,7.73
,,,,,,,,,,,,,,,OF,Julio Rodriguez (42944744),Julio Rodriguez,42944744,OF,4100,KC@SEA 05/01/2026 09:45PM ET,SEA,6.78
,,,,,,,,,,,,,,,C,Carter Jensen (42944745),Carter Jensen,42944745,C,4100,KC@SEA 05/01/2026 09:45PM ET,KC,6.79
,,,,,,,,,,,,,,,2B,Jazz Chisholm Jr. (42944742),Jazz Chisholm Jr.,42944742,2B,4100,BAL@NYY 05/01/2026 07:05PM ET,NYY,7.07
,,,,,,,,,,,,,,,SS,Jacob Wilson (42944758),Jacob Wilson,42944758,SS,4000,CLE@ATH 05/01/2026 09:40PM ET,ATH,6.93
,,,,,,,,,,,,,,,SP,Braden Nett (42945375),Braden Nett,42945375,P,4000,CLE@ATH 05/01/2026 09:40PM ET,ATH,0
,,,,,,,,,,,,,,,SP,Austin Peterson (42945380),Austin Peterson,42945380,P,4000,CLE@ATH 05/01/2026 09:40PM ET,CLE,0
,,,,,,,,,,,,,,,SP,Chen Zhong-Ao Zhuang (42945385),Chen Zhong-Ao Zhuang,42945385,P,4000,CLE@ATH 05/01/2026 09:40PM ET,ATH,0
,,,,,,,,,,,,,,,SP,Daniel Espino (42945395),Daniel Espino,42945395,P,4000,CLE@ATH 05/01/2026 09:40PM ET,CLE,0
,,,,,,,,,,,,,,,SP,Henry Baez (42945396),Henry Baez,42945396,P,4000,CLE@ATH 05/01/2026 09:40PM ET,ATH,0
,,,,,,,,,,,,,,,RP,Yorman Gomez (42945408),Yorman Gomez,42945408,P,4000,CLE@ATH 05/01/2026 09:40PM ET,CLE,0
,,,,,,,,,,,,,,,RP,Franco Aleman (42945417),Franco Aleman,42945417,P,4000,CLE@ATH 05/01/2026 09:40PM ET,CLE,0
,,,,,,,,,,,,,,,RP,Elvis Alvarado (42945436),Elvis Alvarado,42945436,P,4000,CLE@ATH 05/01/2026 09:40PM ET,ATH,1.9
,,,,,,,,,,,,,,,RP,Brady Basso (42945446),Brady Basso,42945446,P,4000,CLE@ATH 05/01/2026 09:40PM ET,ATH,0.65
,,,,,,,,,,,,,,,RP,Shawn Armstrong (42945456),Shawn Armstrong,42945456,P,4000,CLE@ATH 05/01/2026 09:40PM ET,CLE,2.87
,,,,,,,,,,,,,,,RP,Erik Sabrowski (42945467),Erik Sabrowski,42945467,P,4000,CLE@ATH 05/01/2026 09:40PM ET,CLE,3.68
,,,,,,,,,,,,,,,RP,Colin Holderman (42945469),Colin Holderman,42945469,P,4000,CLE@ATH 05/01/2026 09:40PM ET,CLE,4.96
,,,,,,,,,,,,,,,RP,Cade Smith (42945474),Cade Smith,42945474,P,4000,CLE@ATH 05/01/2026 09:40PM ET,CLE,3.54
,,,,,,,,,,,,,,,RP,Tim Herrin (42945482),Tim Herrin,42945482,P,4000,CLE@ATH 05/01/2026 09:40PM ET,CLE,1.78
,,,,,,,,,,,,,,,RP,Hunter Gaddis (42945484),Hunter Gaddis,42945484,P,4000,CLE@ATH 05/01/2026 09:40PM ET,CLE,1.97
,,,,,,,,,,,,,,,RP,Michael Kelly (42945500),Michael Kelly,42945500,P,4000,CLE@ATH 05/01/2026 09:40PM ET,ATH,1.44
,,,,,,,,,,,,,,,RP,Mason Barnett (42945516),Mason Barnett,42945516,P,4000,CLE@ATH 05/01/2026 09:40PM ET,ATH,4.7
,,,,,,,,,,,,,,,RP,Eduarniel Nunez (42945525),Eduarniel Nunez,42945525,P,4000,CLE@ATH 05/01/2026 09:40PM ET,ATH,0
,,,,,,,,,,,,,,,RP,Peyton Pallette (42945535),Peyton Pallette,42945535,P,4000,CLE@ATH 05/01/2026 09:40PM ET,CLE,4.19
,,,,,,,,,,,,,,,RP,Connor Brogdon (42945548),Connor Brogdon,42945548,P,4000,CLE@ATH 05/01/2026 09:40PM ET,CLE,2.98
,,,,,,,,,,,,,,,RP,Andrew Walters (42945561),Andrew Walters,42945561,P,4000,CLE@ATH 05/01/2026 09:40PM ET,CLE,0
,,,,,,,,,,,,,,,RP,Scott Barlow (42945565),Scott Barlow,42945565,P,4000,CLE@ATH 05/01/2026 09:40PM ET,ATH,2.58
,,,,,,,,,,,,,,,RP,Tyler Ferguson (42945601),Tyler Ferguson,42945601,P,4000,CLE@ATH 05/01/2026 09:40PM ET,ATH,0
,,,,,,,,,,,,,,,RP,Matt Festa (42945637),Matt Festa,42945637,P,4000,CLE@ATH 05/01/2026 09:40PM ET,CLE,3.05
,,,,,,,,,,,,,,,RP,Joel Kuhnel (42945640),Joel Kuhnel,42945640,P,4000,CLE@ATH 05/01/2026 09:40PM ET,ATH,1.73
,,,,,,,,,,,,,,,RP,Codi Heuer (42945644),Codi Heuer,42945644,P,4000,CLE@ATH 05/01/2026 09:40PM ET,CLE,0
,,,,,,,,,,,,,,,RP,Justin Sterner (42945656),Justin Sterner,42945656,P,4000,CLE@ATH 05/01/2026 09:40PM ET,ATH,3.35
,,,,,,,,,,,,,,,RP,Mark Leiter Jr. (42945660),Mark Leiter Jr.,42945660,P,4000,CLE@ATH 05/01/2026 09:40PM ET,ATH,1.7
,,,,,,,,,,,,,,,1B,Willson Contreras (42944748),Willson Contreras,42944748,1B,4000,HOU@BOS 05/01/2026 07:10PM ET,BOS,8.37
,,,,,,,,,,,,,,,RP,Eduardo Rivera (42945401),Eduardo Rivera,42945401,P,4000,HOU@BOS 05/01/2026 07:10PM ET,BOS,12.9
,,,,,,,,,,,,,,,RP,Bryan Abreu (42945444),Bryan Abreu,42945444,P,4000,HOU@BOS 05/01/2026 07:10PM ET,HOU,1.04
,,,,,,,,,,,,,,,RP,Aroldis Chapman (42945445),Aroldis Chapman,42945445,P,4000,HOU@BOS 05/01/2026 07:10PM ET,BOS,3.57
,,,,,,,,,,,,,,,RP,Bryan King (42945452),Bryan King,42945452,P,4000,HOU@BOS 05/01/2026 07:10PM ET,HOU,3.08
,,,,,,,,,,,,,,,RP,Justin Slaten (42945462),Justin Slaten,42945462,P,4000,HOU@BOS 05/01/2026 07:10PM ET,BOS,3.78
,,,,,,,,,,,,,,,RP,Jack Anderson (42945470),Jack Anderson,42945470,P,4000,HOU@BOS 05/01/2026 07:10PM ET,BOS,6
,,,,,,,,,,,,,,,RP,Enyel De Los Santos (42945503),Enyel De Los Santos,42945503,P,4000,HOU@BOS 05/01/2026 07:10PM ET,HOU,1.94
,,,,,,,,,,,,,,,RP,Josh Hader (42945505),Josh Hader,42945505,P,4000,HOU@BOS 05/01/2026 07:10PM ET,HOU,0
,,,,,,,,,,,,,,,RP,Tyler Samaniego (42945534),Tyler Samaniego,42945534,P,4000,HOU@BOS 05/01/2026 07:10PM ET,BOS,4.28
,,,,,,,,,,,,,,,RP,Steven Okert (42945541),Steven Okert,42945541,P,4000,HOU@BOS 05/01/2026 07:10PM ET,HOU,1.58
,,,,,,,,,,,,,,,RP,Danny Coulombe (42945559),Danny Coulombe,42945559,P,4000,HOU@BOS 05/01/2026 07:10PM ET,BOS,0.84
,,,,,,,,,,,,,,,RP,Ryan Watson (42945566),Ryan Watson,42945566,P,4000,HOU@BOS 05/01/2026 07:10PM ET,BOS,1.32
,,,,,,,,,,,,,,,RP,Bennett Sousa (42945573),Bennett Sousa,42945573,P,4000,HOU@BOS 05/01/2026 07:10PM ET,HOU,1
,,,,,,,,,,,,,,,RP,Greg Weissert (42945606),Greg Weissert,42945606,P,4000,HOU@BOS 05/01/2026 07:10PM ET,BOS,2.64
,,,,,,,,,,,,,,,RP,Tyler Uberstine (42945615),Tyler Uberstine,42945615,P,4000,HOU@BOS 05/01/2026 07:10PM ET,BOS,5.6
,,,,,,,,,,,,,,,RP,Jayden Murray (42945623),Jayden Murray,42945623,P,4000,HOU@BOS 05/01/2026 07:10PM ET,HOU,2.08
,,,,,,,,,,,,,,,RP,Zack Kelly (42945624),Zack Kelly,42945624,P,4000,HOU@BOS 05/01/2026 07:10PM ET,BOS,2.58
,,,,,,,,,,,,,,,RP,Jovani Moran (42945646),Jovani Moran,42945646,P,4000,HOU@BOS 05/01/2026 07:10PM ET,BOS,5.71
,,,,,,,,,,,,,,,RP,Garrett Whitlock (42945652),Garrett Whitlock,42945652,P,4000,HOU@BOS 05/01/2026 07:10PM ET,BOS,3.9
,,,,,,,,,,,,,,,2B,Luis Arraez (42944750),Luis Arraez,42944750,2B,4000,SF@TB 05/01/2026 07:10PM ET,SF,6.67
,,,,,,,,,,,,,,,RP,Sam Hentges (42945383),Sam Hentges,42945383,P,4000,SF@TB 05/01/2026 07:10PM ET,SF,0
,,,,,,,,,,,,,,,RP,Michael Grove (42945387),Michael Grove,42945387,P,4000,SF@TB 05/01/2026 07:10PM ET,TB,0
,,,,,,,,,,,,,,,RP,Alex Cook (42945391),Alex Cook,42945391,P,4000,SF@TB 05/01/2026 07:10PM ET,TB,0
,,,,,,,,,,,,,,,RP,Rowan Wick (42945404),Rowan Wick,42945404,P,4000,SF@TB 05/01/2026 07:10PM ET,SF,0
,,,,,,,,,,,,,,,RP,Jason Foley (42945409),Jason Foley,42945409,P,4000,SF@TB 05/01/2026 07:10PM ET,SF,0
,,,,,,,,,,,,,,,RP,Reiver Sanmartin (42945423),Reiver Sanmartin,42945423,P,4000,SF@TB 05/01/2026 07:10PM ET,SF,0
,,,,,,,,,,,,,,,RP,Steven Wilson (42945426),Steven Wilson,42945426,P,4000,SF@TB 05/01/2026 07:10PM ET,TB,0
,,,,,,,,,,,,,,,RP,Casey Legumina (42945437),Casey Legumina,42945437,P,4000,SF@TB 05/01/2026 07:10PM ET,TB,2.3
,,,,,,,,,,,,,,,RP,Joe Rock (42945441),Joe Rock,42945441,P,4000,SF@TB 05/01/2026 07:10PM ET,TB,0
,,,,,,,,,,,,,,,RP,Randy Rodriguez (42945453),Randy Rodriguez,42945453,P,4000,SF@TB 05/01/2026 07:10PM ET,SF,0
,,,,,,,,,,,,,,,RP,Mason Englert (42945459),Mason Englert,42945459,P,4000,SF@TB 05/01/2026 07:10PM ET,TB,1.63
,,,,,,,,,,,,,,,RP,Cam Booser (42945479),Cam Booser,42945479,P,4000,SF@TB 05/01/2026 07:10PM ET,TB,0
,,,,,,,,,,,,,,,RP,Ryan Borucki (42945502),Ryan Borucki,42945502,P,4000,SF@TB 05/01/2026 07:10PM ET,SF,1.28
,,,,,,,,,,,,,,,RP,Manuel Rodriguez (42945510),Manuel Rodriguez,42945510,P,4000,SF@TB 05/01/2026 07:10PM ET,TB,0
,,,,,,,,,,,,,,,RP,Griffin Jax (42945518),Griffin Jax,42945518,P,4000,SF@TB 05/01/2026 07:10PM ET,TB,2.18
,,,,,,,,,,,,,,,RP,Yoendrys Gomez (42945539),Yoendrys Gomez,42945539,P,4000,SF@TB 05/01/2026 07:10PM ET,TB,2.56
,,,,,,,,,,,,,,,RP,Trevor McDonald (42945545),Trevor McDonald,42945545,P,4000,SF@TB 05/01/2026 07:10PM ET,SF,0
,,,,,,,,,,,,,,,RP,Kevin Kelly (42945574),Kevin Kelly,42945574,P,4000,SF@TB 05/01/2026 07:10PM ET,TB,3.32
,,,,,,,,,,,,,,,RP,Hunter Bigge (42945575),Hunter Bigge,42945575,P,4000,SF@TB 05/01/2026 07:10PM ET,TB,1.75
,,,,,,,,,,,,,,,RP,Ryan Walker (42945583),Ryan Walker,42945583,P,4000,SF@TB 05/01/2026 07:10PM ET,SF,2.39
,,,,,,,,,,,,,,,RP,Trevor Martin (42945591),Trevor Martin,42945591,P,4000,SF@TB 05/01/2026 07:10PM ET,TB,2.32
,,,,,,,,,,,,,,,RP,Bryan Baker (42945592),Bryan Baker,42945592,P,4000,SF@TB 05/01/2026 07:10PM ET,TB,3.36
,,,,,,,,,,,,,,,RP,Garrett Cleavinger (42945600),Garrett Cleavinger,42945600,P,4000,SF@TB 05/01/2026 07:10PM ET,TB,2.35
,,,,,,,,,,,,,,,SP,Caleb Kilian (42945607),Caleb Kilian,42945607,P,4000,SF@TB 05/01/2026 07:10PM ET,SF,4.44
,,,,,,,,,,,,,,,RP,Erik Miller (42945609),Erik Miller,42945609,P,4000,SF@TB 05/01/2026 07:10PM ET,SF,3.59
,,,,,,,,,,,,,,,RP,Gregory Santos (42945610),Gregory Santos,42945610,P,4000,SF@TB 05/01/2026 07:10PM ET,SF,0
,,,,,,,,,,,,,,,RP,Edwin Uceta (42945628),Edwin Uceta,42945628,P,4000,SF@TB 05/01/2026 07:10PM ET,TB,0
,,,,,,,,,,,,,,,RP,Joel Peguero (42945651),Joel Peguero,42945651,P,4000,SF@TB 05/01/2026 07:10PM ET,SF,0
,,,,,,,,,,,,,,,RP,Matt Gage (42945655),Matt Gage,42945655,P,4000,SF@TB 05/01/2026 07:10PM ET,SF,2.86
,,,,,,,,,,,,,,,RP,Cole Sulser (42945659),Cole Sulser,42945659,P,4000,SF@TB 05/01/2026 07:10PM ET,TB,3.28
,,,,,,,,,,,,,,,OF,Daulton Varsho (42944751),Daulton Varsho,42944751,OF,4000,TOR@MIN 05/01/2026 08:10PM ET,TOR,6.24
,,,,,,,,,,,,,,,SP,Jake Bloss (42945379),Jake Bloss,42945379,P,4000,TOR@MIN 05/01/2026 08:10PM ET,TOR,0
,,,,,,,,,,,,,,,SP,John Klein (42945399),John Klein,42945399,P,4000,TOR@MIN 05/01/2026 08:10PM ET,MIN,0
,,,,,,,,,,,,,,,SP,Ricky Tiedemann (42945419),Ricky Tiedemann,42945419,P,4000,TOR@MIN 05/01/2026 08:10PM ET,TOR,0
,,,,,,,,,,,,,,,SP,Adam Macko (42945420),Adam Macko,42945420,P,4000,TOR@MIN 05/01/2026 08:10PM ET,TOR,0
,,,,,,,,,,,,,,,RP,Travis Adams (42945425),Travis Adams,42945425,P,4000,TOR@MIN 05/01/2026 08:10PM ET,MIN,0
,,,,,,,,,,,,,,,RP,Bowden Francis (42945427),Bowden Francis,42945427,P,4000,TOR@MIN 05/01/2026 08:10PM ET,TOR,0
,,,,,,,,,,,,,,,RP,Cody Laweryson (42945439),Cody Laweryson,42945439,P,4000,TOR@MIN 05/01/2026 08:10PM ET,MIN,4.01
,,,,,,,,,,,,,,,RP,Brendon Little (42945442),Brendon Little,42945442,P,4000,TOR@MIN 05/01/2026 08:10PM ET,TOR,-1.51
,,,,,,,,,,,,,,,RP,Louis Varland (42945447),Louis Varland,42945447,P,4000,TOR@MIN 05/01/2026 08:10PM ET,TOR,5.36
,,,,,,,,,,,,,,,RP,Anthony Banda (42945454),Anthony Banda,42945454,P,4000,TOR@MIN 05/01/2026 08:10PM ET,MIN,1.6
,,,,,,,,,,,,,,,RP,Joe Mantiply (42945461),Joe Mantiply,42945461,P,4000,TOR@MIN 05/01/2026 08:10PM ET,TOR,4.06
,,,,,,,,,,,,,,,RP,Cole Sands (42945466),Cole Sands,42945466,P,4000,TOR@MIN 05/01/2026 08:10PM ET,MIN,2.55
,,,,,,,,,,,,,,,RP,Christian Roa (42945472),Christian Roa,42945472,P,4000,TOR@MIN 05/01/2026 08:10PM ET,MIN,1.36
,,,,,,,,,,,,,,,RP,Justin Topa (42945477),Justin Topa,42945477,P,4000,TOR@MIN 05/01/2026 08:10PM ET,MIN,1.46
,,,,,,,,,,,,,,,RP,Eric Orze (42945483),Eric Orze,42945483,P,4000,TOR@MIN 05/01/2026 08:10PM ET,MIN,2.18
,,,,,,,,,,,,,,,RP,Yimi Garcia (42945498),Yimi Garcia,42945498,P,4000,TOR@MIN 05/01/2026 08:10PM ET,TOR,0
,,,,,,,,,,,,,,,RP,Lazaro Estrada (42945521),Lazaro Estrada,42945521,P,4000,TOR@MIN 05/01/2026 08:10PM ET,TOR,13.8
,,,,,,,,,,,,,,,RP,Kody Funderburk (42945527),Kody Funderburk,42945527,P,4000,TOR@MIN 05/01/2026 08:10PM ET,MIN,2.06
,,,,,,,,,,,,,,,RP,Tyler Rogers (42945531),Tyler Rogers,42945531,P,4000,TOR@MIN 05/01/2026 08:10PM ET,TOR,3.02
,,,,,,,,,,,,,,,RP,Braydon Fisher (42945536),Braydon Fisher,42945536,P,4000,TOR@MIN 05/01/2026 08:10PM ET,TOR,4.06
,,,,,,,,,,,,,,,RP,Garrett Acton (42945572),Garrett Acton,42945572,P,4000,TOR@MIN 05/01/2026 08:10PM ET,MIN,7.05
,,,,,,,,,,,,,,,RP,Spencer Miles (42945584),Spencer Miles,42945584,P,4000,TOR@MIN 05/01/2026 08:10PM ET,TOR,5.38
,,,,,,,,,,,,,,,RP,Andrew Morris (42945593),Andrew Morris,42945593,P,4000,TOR@MIN 05/01/2026 08:10PM ET,MIN,3.62
,,,,,,,,,,,,,,,RP,Luis Garcia (42945604),Luis Garcia,42945604,P,4000,TOR@MIN 05/01/2026 08:10PM ET,MIN,0.13
,,,,,,,,,,,,,,,RP,Jeff Hoffman (42945621),Jeff Hoffman,42945621,P,4000,TOR@MIN 05/01/2026 08:10PM ET,TOR,3.82
,,,,,,,,,,,,,,,RP,Tommy Nance (42945634),Tommy Nance,42945634,P,4000,TOR@MIN 05/01/2026 08:10PM ET,TOR,2.76
,,,,,,,,,,,,,,,RP,Taylor Rogers (42945648),Taylor Rogers,42945648,P,4000,TOR@MIN 05/01/2026 08:10PM ET,MIN,0.91
,,,,,,,,,,,,,,,RP,Chase Lee (42945650),Chase Lee,42945650,P,4000,TOR@MIN 05/01/2026 08:10PM ET,TOR,2.4
,,,,,,,,,,,,,,,OF,Jakob Marsee (42944755),Jakob Marsee,42944755,OF,4000,PHI@MIA 05/01/2026 07:10PM ET,MIA,7.42
,,,,,,,,,,,,,,,RP,Moises Chace (42945400),Moises Chace,42945400,P,4000,PHI@MIA 05/01/2026 07:10PM ET,PHI,0
,,,,,,,,,,,,,,,RP,William Kempner (42945407),William Kempner,42945407,P,4000,PHI@MIA 05/01/2026 07:10PM ET,MIA,0
,,,,,,,,,,,,,,,SP,Jean Cabrera (42945413),Jean Cabrera,42945413,P,4000,PHI@MIA 05/01/2026 07:10PM ET,PHI,0
,,,,,,,,,,,,,,,RP,Josh White (42945421),Josh White,42945421,P,4000,PHI@MIA 05/01/2026 07:10PM ET,MIA,0
,,,,,,,,,,,,,,,SP,Bradley Blalock (42945428),Bradley Blalock,42945428,P,4000,PHI@MIA 05/01/2026 07:10PM ET,MIA,0
,,,,,,,,,,,,,,,RP,Tim Mayza (42945434),Tim Mayza,42945434,P,4000,PHI@MIA 05/01/2026 07:10PM ET,PHI,3.37
,,,,,,,,,,,,,,,RP,Brad Keller (42945435),Brad Keller,42945435,P,4000,PHI@MIA 05/01/2026 07:10PM ET,PHI,2.98
,,,,,,,,,,,,,,,RP,Chase Shugart (42945449),Chase Shugart,42945449,P,4000,PHI@MIA 05/01/2026 07:10PM ET,PHI,4.12
,,,,,,,,,,,,,,,RP,Michael Petersen (42945471),Michael Petersen,42945471,P,4000,PHI@MIA 05/01/2026 07:10PM ET,MIA,3.58
,,,,,,,,,,,,,,,RP,Zach Pop (42945481),Zach Pop,42945481,P,4000,PHI@MIA 05/01/2026 07:10PM ET,PHI,2.44
,,,,,,,,,,,,,,,RP,Jose Alvarado (42945514),Jose Alvarado,42945514,P,4000,PHI@MIA 05/01/2026 07:10PM ET,PHI,1.2
,,,,,,,,,,,,,,,RP,Max Lazar (42945533),Max Lazar,42945533,P,4000,PHI@MIA 05/01/2026 07:10PM ET,PHI,0
,,,,,,,,,,,,,,,RP,Ronny Henriquez (42945544),Ronny Henriquez,42945544,P,4000,PHI@MIA 05/01/2026 07:10PM ET,MIA,0
,,,,,,,,,,,,,,,RP,Anthony Bender (42945547),Anthony Bender,42945547,P,4000,PHI@MIA 05/01/2026 07:10PM ET,MIA,2.31
,,,,,,,,,,,,,,,RP,Cade Gibson (42945549),Cade Gibson,42945549,P,4000,PHI@MIA 05/01/2026 07:10PM ET,MIA,0
,,,,,,,,,,,,,,,RP,Kyle Backhus (42945550),Kyle Backhus,42945550,P,4000,PHI@MIA 05/01/2026 07:10PM ET,PHI,2.46
,,,,,,,,,,,,,,,RP,Calvin Faucher (42945557),Calvin Faucher,42945557,P,4000,PHI@MIA 05/01/2026 07:10PM ET,MIA,2.67
,,,,,,,,,,,,,,,RP,Lake Bachar (42945564),Lake Bachar,42945564,P,4000,PHI@MIA 05/01/2026 07:10PM ET,MIA,5.47
,,,,,,,,,,,,,,,RP,Nolan Hoffman (42945567),Nolan Hoffman,42945567,P,4000,PHI@MIA 05/01/2026 07:10PM ET,PHI,2.95
,,,,,,,,,,,,,,,RP,Jhoan Duran (42945594),Jhoan Duran,42945594,P,4000,PHI@MIA 05/01/2026 07:10PM ET,PHI,4.29
,,,,,,,,,,,,,,,RP,Alan Rangel (42945599),Alan Rangel,42945599,P,4000,PHI@MIA 05/01/2026 07:10PM ET,PHI,12.95
,,,,,,,,,,,,,,,RP,Pete Fairbanks (42945602),Pete Fairbanks,42945602,P,4000,PHI@MIA 05/01/2026 07:10PM ET,MIA,1.78
,,,,,,,,,,,,,,,RP,Tanner Banks (42945617),Tanner Banks,42945617,P,4000,PHI@MIA 05/01/2026 07:10PM ET,PHI,1.78
,,,,,,,,,,,,,,,RP,Tyler Phillips (42945619),Tyler Phillips,42945619,P,4000,PHI@MIA 05/01/2026 07:10PM ET,MIA,5.76
,,,,,,,,,,,,,,,RP,John King (42945635),John King,42945635,P,4000,PHI@MIA 05/01/2026 07:10PM ET,MIA,3.56
,,,,,,,,,,,,,,,RP,Orion Kerkering (42945641),Orion Kerkering,42945641,P,4000,PHI@MIA 05/01/2026 07:10PM ET,PHI,2.69
,,,,,,,,,,,,,,,RP,Andrew Nardi (42945642),Andrew Nardi,42945642,P,4000,PHI@MIA 05/01/2026 07:10PM ET,MIA,2.32
,,,,,,,,,,,,,,,OF,Michael Harris II (42944752),Michael Harris II,42944752,OF,4000,ATL@COL 05/01/2026 08:40PM ET,ATL,7.67
,,,,,,,,,,,,,,,1B/OF,Troy Johnston (42944756),Troy Johnston,42944756,1B/OF,4000,ATL@COL 05/01/2026 08:40PM ET,COL,6.82
,,,,,,,,,,,,,,,RP,Welinton Herrera (42945377),Welinton Herrera,42945377,P,4000,ATL@COL 05/01/2026 08:40PM ET,COL,0
,,,,,,,,,,,,,,,RP,Jhancarlos Lara (42945390),Jhancarlos Lara,42945390,P,4000,ATL@COL 05/01/2026 08:40PM ET,ATL,0
,,,,,,,,,,,,,,,RP,RJ Petit (42945392),RJ Petit,42945392,P,4000,ATL@COL 05/01/2026 08:40PM ET,COL,0
,,,,,,,,,,,,,,,SP,Gabriel Hughes (42945403),Gabriel Hughes,42945403,P,4000,ATL@COL 05/01/2026 08:40PM ET,COL,0
,,,,,,,,,,,,,,,RP,Joe Jimenez (42945405),Joe Jimenez,42945405,P,4000,ATL@COL 05/01/2026 08:40PM ET,ATL,0
,,,,,,,,,,,,,,,RP,Jeff Criswell (42945411),Jeff Criswell,42945411,P,4000,ATL@COL 05/01/2026 08:40PM ET,COL,0
,,,,,,,,,,,,,,,SP,Pierson Ohl (42945429),Pierson Ohl,42945429,P,4000,ATL@COL 05/01/2026 08:40PM ET,COL,0
,,,,,,,,,,,,,,,RP,Carson Palmquist (42945430),Carson Palmquist,42945430,P,4000,ATL@COL 05/01/2026 08:40PM ET,COL,0
,,,,,,,,,,,,,,,RP,Dylan Lee (42945431),Dylan Lee,42945431,P,4000,ATL@COL 05/01/2026 08:40PM ET,ATL,4.15
,,,,,,,,,,,,,,,RP,Brennan Bernardino (42945440),Brennan Bernardino,42945440,P,4000,ATL@COL 05/01/2026 08:40PM ET,COL,3.44
,,,,,,,,,,,,,,,RP,Dylan Dodd (42945450),Dylan Dodd,42945450,P,4000,ATL@COL 05/01/2026 08:40PM ET,ATL,6.3
,,,,,,,,,,,,,,,RP,Danny Young (42945451),Danny Young,42945451,P,4000,ATL@COL 05/01/2026 08:40PM ET,ATL,0
,,,,,,,,,,,,,,,RP,Hayden Harris (42945464),Hayden Harris,42945464,P,4000,ATL@COL 05/01/2026 08:40PM ET,ATL,0
,,,,,,,,,,,,,,,RP,Aaron Bummer (42945493),Aaron Bummer,42945493,P,4000,ATL@COL 05/01/2026 08:40PM ET,ATL,1.45
,,,,,,,,,,,,,,,RP,Joel Payamps (42945507),Joel Payamps,42945507,P,4000,ATL@COL 05/01/2026 08:40PM ET,ATL,0.95
,,,,,,,,,,,,,,,RP,Victor Vodnik (42945543),Victor Vodnik,42945543,P,4000,ATL@COL 05/01/2026 08:40PM ET,COL,1.02
,,,,,,,,,,,,,,,RP,Rolddy Munoz (42945552),Rolddy Munoz,42945552,P,4000,ATL@COL 05/01/2026 08:40PM ET,ATL,0.9
,,,,,,,,,,,,,,,RP,Raisel Iglesias (42945571),Raisel Iglesias,42945571,P,4000,ATL@COL 05/01/2026 08:40PM ET,ATL,4.74
,,,,,,,,,,,,,,,RP,Zach Agnos (42945577),Zach Agnos,42945577,P,4000,ATL@COL 05/01/2026 08:40PM ET,COL,3.58
,,,,,,,,,,,,,,,RP,Seth Halvorsen (42945586),Seth Halvorsen,42945586,P,4000,ATL@COL 05/01/2026 08:40PM ET,COL,3.65
,,,,,,,,,,,,,,,RP,Juan Mejia (42945603),Juan Mejia,42945603,P,4000,ATL@COL 05/01/2026 08:40PM ET,COL,2.77
,,,,,,,,,,,,,,,RP,Tyler Kinley (42945605),Tyler Kinley,42945605,P,4000,ATL@COL 05/01/2026 08:40PM ET,ATL,3.82
,,,,,,,,,,,,,,,RP,Daysbel Hernandez (42945616),Daysbel Hernandez,42945616,P,4000,ATL@COL 05/01/2026 08:40PM ET,ATL,0
,,,,,,,,,,,,,,,RP,Jimmy Herget (42945625),Jimmy Herget,42945625,P,4000,ATL@COL 05/01/2026 08:40PM ET,COL,3.35
,,,,,,,,,,,,,,,RP,Robert Suarez (42945636),Robert Suarez,42945636,P,4000,ATL@COL 05/01/2026 08:40PM ET,ATL,4.15
,,,,,,,,,,,,,,,RP,Jaden Hill (42945654),Jaden Hill,42945654,P,4000,ATL@COL 05/01/2026 08:40PM ET,COL,2.27
,,,,,,,,,,,,,,,RP,Sammy Peralta (42945662),Sammy Peralta,42945662,P,4000,ATL@COL 05/01/2026 08:40PM ET,COL,0
,,,,,,,,,,,,,,,RP,Hunter Stratton (42945664),Hunter Stratton,42945664,P,4000,ATL@COL 05/01/2026 08:40PM ET,ATL,0
,,,,,,,,,,,,,,,OF,Randy Arozarena (42944754),Randy Arozarena,42944754,OF,4000,KC@SEA 05/01/2026 09:45PM ET,SEA,8.38
,,,,,,,,,,,,,,,SP,Ben Kudrna (42945374),Ben Kudrna,42945374,P,4000,KC@SEA 05/01/2026 09:45PM ET,KC,0
,,,,,,,,,,,,,,,RP,Robinson Ortiz (42945376),Robinson Ortiz,42945376,P,4000,KC@SEA 05/01/2026 09:45PM ET,SEA,0
,,,,,,,,,,,,,,,RP,James McArthur (42945388),James McArthur,42945388,P,4000,KC@SEA 05/01/2026 09:45PM ET,KC,0
,,,,,,,,,,,,,,,SP,Steven Zobac (42945394),Steven Zobac,42945394,P,4000,KC@SEA 05/01/2026 09:45PM ET,KC,0
,,,,,,,,,,,,,,,RP,Domingo Gonzalez (42945402),Domingo Gonzalez,42945402,P,4000,KC@SEA 05/01/2026 09:45PM ET,SEA,0
,,,,,,,,,,,,,,,RP,Eric Cerantola (42945410),Eric Cerantola,42945410,P,4000,KC@SEA 05/01/2026 09:45PM ET,KC,0
,,,,,,,,,,,,,,,RP,Carlos Estevez (42945448),Carlos Estevez,42945448,P,4000,KC@SEA 05/01/2026 09:45PM ET,KC,-14.85
,,,,,,,,,,,,,,,RP,Jose A. Ferrer (42945458),Jose A. Ferrer,42945458,P,4000,KC@SEA 05/01/2026 09:45PM ET,SEA,2.16
,,,,,,,,,,,,,,,RP,Matt Strahm (42945475),Matt Strahm,42945475,P,4000,KC@SEA 05/01/2026 09:45PM ET,KC,2.58
,,,,,,,,,,,,,,,RP,Josh Simpson (42945486),Josh Simpson,42945486,P,4000,KC@SEA 05/01/2026 09:45PM ET,SEA,0
,,,,,,,,,,,,,,,RP,Lucas Erceg (42945490),Lucas Erceg,42945490,P,4000,KC@SEA 05/01/2026 09:45PM ET,KC,2.44
,,,,,,,,,,,,,,,RP,Eli Morgan (42945499),Eli Morgan,42945499,P,4000,KC@SEA 05/01/2026 09:45PM ET,KC,3.84
,,,,,,,,,,,,,,,RP,Alex Lange (42945501),Alex Lange,42945501,P,4000,KC@SEA 05/01/2026 09:45PM ET,KC,2.86
,,,,,,,,,,,,,,,RP,John Schreiber (42945512),John Schreiber,42945512,P,4000,KC@SEA 05/01/2026 09:45PM ET,KC,0.99
,,,,,,,,,,,,,,,RP,Nick Mears (42945517),Nick Mears,42945517,P,4000,KC@SEA 05/01/2026 09:45PM ET,KC,3.13
,,,,,,,,,,,,,,,RP,Gabe Speier (42945519),Gabe Speier,42945519,P,4000,KC@SEA 05/01/2026 09:45PM ET,SEA,2.12
,,,,,,,,,,,,,,,RP,Eduard Bazardo (42945523),Eduard Bazardo,42945523,P,4000,KC@SEA 05/01/2026 09:45PM ET,SEA,3.1
,,,,,,,,,,,,,,,RP,Troy Taylor (42945526),Troy Taylor,42945526,P,4000,KC@SEA 05/01/2026 09:45PM ET,SEA,0
,,,,,,,,,,,,,,,RP,Matt Brash (42945551),Matt Brash,42945551,P,4000,KC@SEA 05/01/2026 09:45PM ET,SEA,3.28
,,,,,,,,,,,,,,,RP,Cole Wilcox (42945570),Cole Wilcox,42945570,P,4000,KC@SEA 05/01/2026 09:45PM ET,SEA,2.37
,,,,,,,,,,,,,,,RP,Steven Cruz (42945585),Steven Cruz,42945585,P,4000,KC@SEA 05/01/2026 09:45PM ET,KC,0.53
,,,,,,,,,,,,,,,RP,Yosver Zulueta (42945639),Yosver Zulueta,42945639,P,4000,KC@SEA 05/01/2026 09:45PM ET,SEA,0
,,,,,,,,,,,,,,,RP,Alex Hoppe (42945643),Alex Hoppe,42945643,P,4000,KC@SEA 05/01/2026 09:45PM ET,SEA,0.75
,,,,,,,,,,,,,,,RP,Carlos Vargas (42945645),Carlos Vargas,42945645,P,4000,KC@SEA 05/01/2026 09:45PM ET,SEA,0
,,,,,,,,,,,,,,,RP,Andres Munoz (42945653),Andres Munoz,42945653,P,4000,KC@SEA 05/01/2026 09:45PM ET,SEA,4.11
,,,,,,,,,,,,,,,C,Dalton Rushing (42944753),Dalton Rushing,42944753,C,4000,LAD@STL 05/01/2026 08:15PM ET,LAD,11.53
,,,,,,,,,,,,,,,RP,Ronan Kopp (42945378),Ronan Kopp,42945378,P,4000,LAD@STL 05/01/2026 08:15PM ET,LAD,0
,,,,,,,,,,,,,,,SP,Nick Nastrini (42945393),Nick Nastrini,42945393,P,4000,LAD@STL 05/01/2026 08:15PM ET,LAD,0
,,,,,,,,,,,,,,,RP,Jake Cousins (42945397),Jake Cousins,42945397,P,4000,LAD@STL 05/01/2026 08:15PM ET,LAD,0
,,,,,,,,,,,,,,,SP,Tink Hence (42945398),Tink Hence,42945398,P,4000,LAD@STL 05/01/2026 08:15PM ET,STL,0
,,,,,,,,,,,,,,,RP,Cooper Hjerpe (42945406),Cooper Hjerpe,42945406,P,4000,LAD@STL 05/01/2026 08:15PM ET,STL,0
,,,,,,,,,,,,,,,RP,Brusdar Graterol (42945415),Brusdar Graterol,42945415,P,4000,LAD@STL 05/01/2026 08:15PM ET,LAD,0
,,,,,,,,,,,,,,,RP,Matt Svanson (42945432),Matt Svanson,42945432,P,4000,LAD@STL 05/01/2026 08:15PM ET,STL,0.66
,,,,,,,,,,,,,,,RP,JoJo Romero (42945438),JoJo Romero,42945438,P,4000,LAD@STL 05/01/2026 08:15PM ET,STL,1.94
,,,,,,,,,,,,,,,RP,Ben Casparius (42945457),Ben Casparius,42945457,P,4000,LAD@STL 05/01/2026 08:15PM ET,LAD,0.5
,,,,,,,,,,,,,,,RP,Brock Stewart (42945463),Brock Stewart,42945463,P,4000,LAD@STL 05/01/2026 08:15PM ET,LAD,0
,,,,,,,,,,,,,,,RP,Edgardo Henriquez (42945468),Edgardo Henriquez,42945468,P,4000,LAD@STL 05/01/2026 08:15PM ET,LAD,2.92
,,,,,,,,,,,,,,,RP,George Soriano (42945485),George Soriano,42945485,P,4000,LAD@STL 05/01/2026 08:15PM ET,STL,2.46
,,,,,,,,,,,,,,,RP,Ryan Fernandez (42945487),Ryan Fernandez,42945487,P,4000,LAD@STL 05/01/2026 08:15PM ET,STL,6.84
,,,,,,,,,,,,,,,SP,Riley O'Brien (42945488),Riley O'Brien,42945488,P,4000,LAD@STL 05/01/2026 08:15PM ET,STL,4.54
,,,,,,,,,,,,,,,RP,Jake Eder (42945489),Jake Eder,42945489,P,4000,LAD@STL 05/01/2026 08:15PM ET,LAD,2.98
,,,,,,,,,,,,,,,RP,Chris Roycroft (42945495),Chris Roycroft,42945495,P,4000,LAD@STL 05/01/2026 08:15PM ET,STL,-0.71
,,,,,,,,,,,,,,,RP,Ryne Stanek (42945496),Ryne Stanek,42945496,P,4000,LAD@STL 05/01/2026 08:15PM ET,STL,1.86
,,,,,,,,,,,,,,,RP,Paul Gervase (42945497),Paul Gervase,42945497,P,4000,LAD@STL 05/01/2026 08:15PM ET,LAD,0
,,,,,,,,,,,,,,,RP,Alex Vesia (42945528),Alex Vesia,42945528,P,4000,LAD@STL 05/01/2026 08:15PM ET,LAD,3.28
,,,,,,,,,,,,,,,RP,Will Klein (42945532),Will Klein,42945532,P,4000,LAD@STL 05/01/2026 08:15PM ET,LAD,4.94
,,,,,,,,,,,,,,,RP,Tanner Scott (42945538),Tanner Scott,42945538,P,4000,LAD@STL 05/01/2026 08:15PM ET,LAD,2.93
,,,,,,,,,,,,,,,RP,Evan Phillips (42945546),Evan Phillips,42945546,P,4000,LAD@STL 05/01/2026 08:15PM ET,LAD,0
,,,,,,,,,,,,,,,RP,Justin Bruihl (42945553),Justin Bruihl,42945553,P,4000,LAD@STL 05/01/2026 08:15PM ET,STL,0.81
,,,,,,,,,,,,,,,RP,Matt Pushard (42945560),Matt Pushard,42945560,P,4000,LAD@STL 05/01/2026 08:15PM ET,STL,-4.15
,,,,,,,,,,,,,,,RP,Kyle Hurt (42945576),Kyle Hurt,42945576,P,4000,LAD@STL 05/01/2026 08:15PM ET,LAD,3.85
,,,,,,,,,,,,,,,RP,Blake Treinen (42945587),Blake Treinen,42945587,P,4000,LAD@STL 05/01/2026 08:15PM ET,LAD,2.28
,,,,,,,,,,,,,,,RP,Jack Dreyer (42945611),Jack Dreyer,42945611,P,4000,LAD@STL 05/01/2026 08:15PM ET,LAD,3.6
,,,,,,,,,,,,,,,RP,Edwin Diaz (42945631),Edwin Diaz,42945631,P,4000,LAD@STL 05/01/2026 08:15PM ET,LAD,2.07
,,,,,,,,,,,,,,,RP,Luis Peralta (42945633),Luis Peralta,42945633,P,4000,LAD@STL 05/01/2026 08:15PM ET,STL,0
,,,,,,,,,,,,,,,3B,Bo Bichette (42944747),Bo Bichette,42944747,3B,4000,NYM@LAA 05/01/2026 09:38PM ET,NYM,6.13
,,,,,,,,,,,,,,,OF,Luis Robert Jr. (42944749),Luis Robert Jr.,42944749,OF,4000,NYM@LAA 05/01/2026 09:38PM ET,NYM,6.33
,,,,,,,,,,,,,,,RP,Dylan Ross (42945382),Dylan Ross,42945382,P,4000,NYM@LAA 05/01/2026 09:38PM ET,NYM,0
,,,,,,,,,,,,,,,RP,Jonathan Pintaro (42945416),Jonathan Pintaro,42945416,P,4000,NYM@LAA 05/01/2026 09:38PM ET,NYM,0
,,,,,,,,,,,,,,,RP,Justin Hagenman (42945424),Justin Hagenman,42945424,P,4000,NYM@LAA 05/01/2026 09:38PM ET,NYM,0
,,,,,,,,,,,,,,,RP,Kirby Yates (42945473),Kirby Yates,42945473,P,4000,NYM@LAA 05/01/2026 09:38PM ET,LAA,0
,,,,,,,,,,,,,,,RP,Ryan Zeferjahn (42945480),Ryan Zeferjahn,42945480,P,4000,NYM@LAA 05/01/2026 09:38PM ET,LAA,4.56
,,,,,,,,,,,,,,,RP,Drew Pomeranz (42945491),Drew Pomeranz,42945491,P,4000,NYM@LAA 05/01/2026 09:38PM ET,LAA,0.65
,,,,,,,,,,,,,,,RP,Brent Suter (42945492),Brent Suter,42945492,P,4000,NYM@LAA 05/01/2026 09:38PM ET,LAA,4.94
,,,,,,,,,,,,,,,RP,Dedniel Nunez (42945508),Dedniel Nunez,42945508,P,4000,NYM@LAA 05/01/2026 09:38PM ET,NYM,0
,,,,,,,,,,,,,,,RP,Reed Garrett (42945509),Reed Garrett,42945509,P,4000,NYM@LAA 05/01/2026 09:38PM ET,NYM,0
,,,,,,,,,,,,,,,RP,Craig Kimbrel (42945520),Craig Kimbrel,42945520,P,4000,NYM@LAA 05/01/2026 09:38PM ET,NYM,2.63
,,,,,,,,,,,,,,,RP,Shaun Anderson (42945524),Shaun Anderson,42945524,P,4000,NYM@LAA 05/01/2026 09:38PM ET,LAA,3.1
,,,,,,,,,,,,,,,RP,Alex Carrillo (42945530),Alex Carrillo,42945530,P,4000,NYM@LAA 05/01/2026 09:38PM ET,NYM,0
,,,,,,,,,,,,,,,RP,Joey Gerber (42945542),Joey Gerber,42945542,P,4000,NYM@LAA 05/01/2026 09:38PM ET,NYM,12.7
,,,,,,,,,,,,,,,RP,Devin Williams (42945554),Devin Williams,42945554,P,4000,NYM@LAA 05/01/2026 09:38PM ET,NYM,2.33
,,,,,,,,,,,,,,,RP,A.J. Minter (42945558),A.J. Minter,42945558,P,4000,NYM@LAA 05/01/2026 09:38PM ET,NYM,0
,,,,,,,,,,,,,,,RP,Ben Joyce (42945569),Ben Joyce,42945569,P,4000,NYM@LAA 05/01/2026 09:38PM ET,LAA,0
,,,,,,,,,,,,,,,RP,Brooks Raley (42945581),Brooks Raley,42945581,P,4000,NYM@LAA 05/01/2026 09:38PM ET,NYM,3.33
,,,,,,,,,,,,,,,RP,Jose Fermin (42945590),Jose Fermin,42945590,P,4000,NYM@LAA 05/01/2026 09:38PM ET,LAA,5.4
,,,,,,,,,,,,,,,RP,Sam Bachman (42945595),Sam Bachman,42945595,P,4000,NYM@LAA 05/01/2026 09:38PM ET,LAA,3.68
,,,,,,,,,,,,,,,RP,Huascar Brazoban (42945596),Huascar Brazoban,42945596,P,4000,NYM@LAA 05/01/2026 09:38PM ET,NYM,3.63
,,,,,,,,,,,,,,,RP,Nick Sandlin (42945608),Nick Sandlin,42945608,P,4000,NYM@LAA 05/01/2026 09:38PM ET,LAA,-0.08
,,,,,,,,,,,,,,,RP,Luke Weaver (42945613),Luke Weaver,42945613,P,4000,NYM@LAA 05/01/2026 09:38PM ET,NYM,2.22
,,,,,,,,,,,,,,,RP,Austin Warren (42945626),Austin Warren,42945626,P,4000,NYM@LAA 05/01/2026 09:38PM ET,NYM,5.02
,,,,,,,,,,,,,,,RP,Jordan Romano (42945632),Jordan Romano,42945632,P,4000,NYM@LAA 05/01/2026 09:38PM ET,LAA,1.2
,,,,,,,,,,,,,,,RP,Carl Edwards Jr. (42945649),Carl Edwards Jr.,42945649,P,4000,NYM@LAA 05/01/2026 09:38PM ET,NYM,14.65
,,,,,,,,,,,,,,,RP,Robert Stephenson (42945658),Robert Stephenson,42945658,P,4000,NYM@LAA 05/01/2026 09:38PM ET,LAA,0
,,,,,,,,,,,,,,,RP,David Sandlin (42945381),David Sandlin,42945381,P,4000,CWS@SD 05/01/2026 09:40PM ET,CWS,0
,,,,,,,,,,,,,,,SP,Ky Bush (42945384),Ky Bush,42945384,P,4000,CWS@SD 05/01/2026 09:40PM ET,CWS,0
,,,,,,,,,,,,,,,SP,Miguel Mendez (42945386),Miguel Mendez,42945386,P,4000,CWS@SD 05/01/2026 09:40PM ET,SD,0
,,,,,,,,,,,,,,,RP,Tyler Schweitzer (42945389),Tyler Schweitzer,42945389,P,4000,CWS@SD 05/01/2026 09:40PM ET,CWS,1.2
,,,,,,,,,,,,,,,SP,Tanner McDougal (42945412),Tanner McDougal,42945412,P,4000,CWS@SD 05/01/2026 09:40PM ET,CWS,0
,,,,,,,,,,,,,,,RP,Garrett Hawkins (42945414),Garrett Hawkins,42945414,P,4000,CWS@SD 05/01/2026 09:40PM ET,SD,0
,,,,,,,,,,,,,,,RP,Prelander Berroa (42945418),Prelander Berroa,42945418,P,4000,CWS@SD 05/01/2026 09:40PM ET,CWS,0
,,,,,,,,,,,,,,,RP,Bryan Hoeing (42945433),Bryan Hoeing,42945433,P,4000,CWS@SD 05/01/2026 09:40PM ET,SD,0
,,,,,,,,,,,,,,,RP,Jordan Hicks (42945460),Jordan Hicks,42945460,P,4000,CWS@SD 05/01/2026 09:40PM ET,CWS,1.02
,,,,,,,,,,,,,,,RP,Jordan Leasure (42945476),Jordan Leasure,42945476,P,4000,CWS@SD 05/01/2026 09:40PM ET,CWS,2.45
,,,,,,,,,,,,,,,RP,Wikelman Gonzalez (42945494),Wikelman Gonzalez,42945494,P,4000,CWS@SD 05/01/2026 09:40PM ET,CWS,0
,,,,,,,,,,,,,,,RP,Jason Adam (42945504),Jason Adam,42945504,P,4000,CWS@SD 05/01/2026 09:40PM ET,SD,1.91
,,,,,,,,,,,,,,,RP,Alek Jacob (42945506),Alek Jacob,42945506,P,4000,CWS@SD 05/01/2026 09:40PM ET,SD,12.7
,,,,,,,,,,,,,,,RP,Duncan Davitt (42945511),Duncan Davitt,42945511,P,4000,CWS@SD 05/01/2026 09:40PM ET,CWS,1.65
,,,,,,,,,,,,,,,RP,Tyler Davis (42945515),Tyler Davis,42945515,P,4000,CWS@SD 05/01/2026 09:40PM ET,CWS,3.95
,,,,,,,,,,,,,,,RP,Yuki Matsui (42945529),Yuki Matsui,42945529,P,4000,CWS@SD 05/01/2026 09:40PM ET,SD,0
,,,,,,,,,,,,,,,RP,Ron Marinaccio (42945556),Ron Marinaccio,42945556,P,4000,CWS@SD 05/01/2026 09:40PM ET,SD,2.83
,,,,,,,,,,,,,,,RP,Tyler Gilbert (42945562),Tyler Gilbert,42945562,P,4000,CWS@SD 05/01/2026 09:40PM ET,CWS,-3.1
,,,,,,,,,,,,,,,RP,Mason Miller (42945578),Mason Miller,42945578,P,4000,CWS@SD 05/01/2026 09:40PM ET,SD,5.81
,,,,,,,,,,,,,,,RP,Wandy Peralta (42945580),Wandy Peralta,42945580,P,4000,CWS@SD 05/01/2026 09:40PM ET,SD,2.11
,,,,,,,,,,,,,,,RP,Brandon Eisert (42945582),Brandon Eisert,42945582,P,4000,CWS@SD 05/01/2026 09:40PM ET,CWS,-1.48
,,,,,,,,,,,,,,,RP,Jeremiah Estrada (42945589),Jeremiah Estrada,42945589,P,4000,CWS@SD 05/01/2026 09:40PM ET,SD,3.11
,,,,,,,,,,,,,,,RP,Adrian Morejon (42945614),Adrian Morejon,42945614,P,4000,CWS@SD 05/01/2026 09:40PM ET,SD,3.16
,,,,,,,,,,,,,,,RP,Bryan Hudson (42945620),Bryan Hudson,42945620,P,4000,CWS@SD 05/01/2026 09:40PM ET,CWS,3.39
,,,,,,,,,,,,,,,RP,Seranthony Dominguez (42945622),Seranthony Dominguez,42945622,P,4000,CWS@SD 05/01/2026 09:40PM ET,CWS,3.28
,,,,,,,,,,,,,,,RP,Bradgley Rodriguez (42945629),Bradgley Rodriguez,42945629,P,4000,CWS@SD 05/01/2026 09:40PM ET,SD,3.29
,,,,,,,,,,,,,,,RP,David Morgan (42945638),David Morgan,42945638,P,4000,CWS@SD 05/01/2026 09:40PM ET,SD,2.91
,,,,,,,,,,,,,,,RP,Chris Murphy (42945661),Chris Murphy,42945661,P,4000,CWS@SD 05/01/2026 09:40PM ET,CWS,1.18
,,,,,,,,,,,,,,,RP,Ty Adcock (42945663),Ty Adcock,42945663,P,4000,CWS@SD 05/01/2026 09:40PM ET,SD,0
,,,,,,,,,,,,,,,RP,Kervin Castro (42945373),Kervin Castro,42945373,P,4000,BAL@NYY 05/01/2026 07:05PM ET,NYY,0
,,,,,,,,,,,,,,,SP,Chase Hampton (42945422),Chase Hampton,42945422,P,4000,BAL@NYY 05/01/2026 07:05PM ET,NYY,0
,,,,,,,,,,,,,,,RP,Anthony Nunez (42945443),Anthony Nunez,42945443,P,4000,BAL@NYY 05/01/2026 07:05PM ET,BAL,3.92
,,,,,,,,,,,,,,,RP,Yerry de los Santos (42945455),Yerry de los Santos,42945455,P,4000,BAL@NYY 05/01/2026 07:05PM ET,NYY,1.5
,,,,,,,,,,,,,,,RP,Rico Garcia (42945465),Rico Garcia,42945465,P,4000,BAL@NYY 05/01/2026 07:05PM ET,BAL,4.25
,,,,,,,,,,,,,,,RP,Nick Raquet (42945478),Nick Raquet,42945478,P,4000,BAL@NYY 05/01/2026 07:05PM ET,BAL,-2.62
,,,,,,,,,,,,,,,RP,Felix Bautista (42945513),Felix Bautista,42945513,P,4000,BAL@NYY 05/01/2026 07:05PM ET,BAL,0
,,,,,,,,,,,,,,,RP,Andrew Kittredge (42945522),Andrew Kittredge,42945522,P,4000,BAL@NYY 05/01/2026 07:05PM ET,BAL,4.32
,,,,,,,,,,,,,,,RP,Angel Chivilli (42945537),Angel Chivilli,42945537,P,4000,BAL@NYY 05/01/2026 07:05PM ET,NYY,2.82
,,,,,,,,,,,,,,,RP,Colin Selby (42945540),Colin Selby,42945540,P,4000,BAL@NYY 05/01/2026 07:05PM ET,BAL,0
,,,,,,,,,,,,,,,RP,Fernando Cruz (42945555),Fernando Cruz,42945555,P,4000,BAL@NYY 05/01/2026 07:05PM ET,NYY,3.67
,,,,,,,,,,,,,,,RP,Jake Bird (42945563),Jake Bird,42945563,P,4000,BAL@NYY 05/01/2026 07:05PM ET,NYY,2.24
,,,,,,,,,,,,,,,RP,Ryan Helsley (42945568),Ryan Helsley,42945568,P,4000,BAL@NYY 05/01/2026 07:05PM ET,BAL,3.3
,,,,,,,,,,,,,,,RP,Cameron Foster (42945579),Cameron Foster,42945579,P,4000,BAL@NYY 05/01/2026 07:05PM ET,BAL,2.89
,,,,,,,,,,,,,,,RP,Yaramil Hiraldo (42945588),Yaramil Hiraldo,42945588,P,4000,BAL@NYY 05/01/2026 07:05PM ET,BAL,-1.48
,,,,,,,,,,,,,,,RP,Jose Espada (42945597),Jose Espada,42945597,P,4000,BAL@NYY 05/01/2026 07:05PM ET,BAL,1.05
,,,,,,,,,,,,,,,RP,Brent Headrick (42945598),Brent Headrick,42945598,P,4000,BAL@NYY 05/01/2026 07:05PM ET,NYY,3.02
,,,,,,,,,,,,,,,RP,Grant Wolfram (42945612),Grant Wolfram,42945612,P,4000,BAL@NYY 05/01/2026 07:05PM ET,BAL,3.14
,,,,,,,,,,,,,,,RP,Tim Hill (42945618),Tim Hill,42945618,P,4000,BAL@NYY 05/01/2026 07:05PM ET,NYY,2.13
,,,,,,,,,,,,,,,RP,David Bednar (42945627),David Bednar,42945627,P,4000,BAL@NYY 05/01/2026 07:05PM ET,NYY,2.87
,,,,,,,,,,,,,,,RP,Paul Blackburn (42945630),Paul Blackburn,42945630,P,4000,BAL@NYY 05/01/2026 07:05PM ET,NYY,3.22
,,,,,,,,,,,,,,,RP,Camilo Doval (42945647),Camilo Doval,42945647,P,4000,BAL@NYY 05/01/2026 07:05PM ET,NYY,2.17
,,,,,,,,,,,,,,,RP,Yennier Cano (42945657),Yennier Cano,42945657,P,4000,BAL@NYY 05/01/2026 07:05PM ET,BAL,2.83
,,,,,,,,,,,,,,,OF,Steven Kwan (42944763),Steven Kwan,42944763,OF,3900,CLE@ATH 05/01/2026 09:40PM ET,CLE,5.67
,,,,,,,,,,,,,,,3B,Isaac Paredes (42944760),Isaac Paredes,42944760,3B,3900,HOU@BOS 05/01/2026 07:10PM ET,HOU,7.04
,,,,,,,,,,,,,,,SS,Willy Adames (42944766),Willy Adames,42944766,SS,3900,SF@TB 05/01/2026 07:10PM ET,SF,5.43
,,,,,,,,,,,,,,,C,Alejandro Kirk (42945004),Alejandro Kirk,42945004,C,3900,TOR@MIN 05/01/2026 08:10PM ET,TOR,6
,,,,,,,,,,,,,,,1B/OF,Dominic Smith (42944761),Dominic Smith,42944761,1B/OF,3900,ATL@COL 05/01/2026 08:40PM ET,ATL,6.75
,,,,,,,,,,,,,,,OF,Tyler Freeman (42944765),Tyler Freeman,42944765,OF,3900,ATL@COL 05/01/2026 08:40PM ET,COL,5.83
,,,,,,,,,,,,,,,C,Samuel Basallo (42944759),Samuel Basallo,42944759,C,3900,BAL@NYY 05/01/2026 07:05PM ET,BAL,6.7
,,,,,,,,,,,,,,,2B,Jeremiah Jackson (42944764),Jeremiah Jackson,42944764,2B,3900,BAL@NYY 05/01/2026 07:05PM ET,BAL,7.17
,,,,,,,,,,,,,,,2B,Jackson Holliday (42945005),Jackson Holliday,42945005,2B,3900,BAL@NYY 05/01/2026 07:05PM ET,BAL,0
,,,,,,,,,,,,,,,1B,Josh Bell (42944767),Josh Bell,42944767,1B,3800,TOR@MIN 05/01/2026 08:10PM ET,MIN,6.84
,,,,,,,,,,,,,,,2B,Luke Keaschall (42944769),Luke Keaschall,42944769,2B,3800,TOR@MIN 05/01/2026 08:10PM ET,MIN,6.48
,,,,,,,,,,,,,,,C,Will Smith (42944768),Will Smith,42944768,C,3800,LAD@STL 05/01/2026 08:15PM ET,LAD,6.11
,,,,,,,,,,,,,,,2B/3B,Amed Rosario (42944770),Amed Rosario,42944770,2B/3B,3800,BAL@NYY 05/01/2026 07:05PM ET,NYY,6.4
,,,,,,,,,,,,,,,3B,Max Muncy (42945008),Max Muncy,42945008,3B,3700,CLE@ATH 05/01/2026 09:40PM ET,ATH,6.69
,,,,,,,,,,,,,,,3B,Kazuma Okamoto (42944773),Kazuma Okamoto,42944773,3B,3700,TOR@MIN 05/01/2026 08:10PM ET,TOR,6.37
,,,,,,,,,,,,,,,3B/OF,Addison Barger (42945006),Addison Barger,42945006,3B/OF,3700,TOR@MIN 05/01/2026 08:10PM ET,TOR,2.12
,,,,,,,,,,,,,,,C,Agustin Ramirez (42944777),Agustin Ramirez,42944777,C,3700,PHI@MIA 05/01/2026 07:10PM ET,MIA,6.86
,,,,,,,,,,,,,,,OF/SS,Mauricio Dubon (42944775),Mauricio Dubon,42944775,SS/OF,3700,ATL@COL 05/01/2026 08:40PM ET,ATL,6.77
,,,,,,,,,,,,,,,1B,Josh Naylor (42944778),Josh Naylor,42944778,1B,3700,KC@SEA 05/01/2026 09:45PM ET,SEA,6.69
,,,,,,,,,,,,,,,OF,Jorge Soler (42944774),Jorge Soler,42944774,OF,3700,NYM@LAA 05/01/2026 09:38PM ET,LAA,8.29
,,,,,,,,,,,,,,,OF,Tyler O'Neill (42944772),Tyler O'Neill,42944772,OF,3700,BAL@NYY 05/01/2026 07:05PM ET,BAL,5.14
,,,,,,,,,,,,,,,1B,TJ Rumfield (42944781),TJ Rumfield,42944781,1B,3600,ATL@COL 05/01/2026 08:40PM ET,COL,6.38
,,,,,,,,,,,,,,,C,Salvador Perez (42944782),Salvador Perez,42944782,C,3600,KC@SEA 05/01/2026 09:45PM ET,KC,5.57
,,,,,,,,,,,,,,,SS,Masyn Winn (42944780),Masyn Winn,42944780,SS,3600,LAD@STL 05/01/2026 08:15PM ET,STL,7.58
,,,,,,,,,,,,,,,2B/3B,Oswald Peraza (42944783),Oswald Peraza,42944783,2B/3B,3600,NYM@LAA 05/01/2026 09:38PM ET,LAA,6.34
,,,,,,,,,,,,,,,OF,Everson Pereira (42945009),Everson Pereira,42945009,OF,3600,CWS@SD 05/01/2026 09:40PM ET,CWS,6.78
,,,,,,,,,,,,,,,OF,Trent Grisham (42944779),Trent Grisham,42944779,OF,3600,BAL@NYY 05/01/2026 07:05PM ET,NYY,6.13
,,,,,,,,,,,,,,,OF,Carlos Cortes (42944789),Carlos Cortes,42944789,OF,3500,CLE@ATH 05/01/2026 09:40PM ET,ATH,7.36
,,,,,,,,,,,,,,,3B,Casey Schmitt (42944790),Casey Schmitt,42944790,3B,3500,SF@TB 05/01/2026 07:10PM ET,SF,8.24
,,,,,,,,,,,,,,,OF,Austin Martin (42944786),Austin Martin,42944786,OF,3500,TOR@MIN 05/01/2026 08:10PM ET,MIN,6.18
,,,,,,,,,,,,,,,OF,Jesus Sanchez (42944791),Jesus Sanchez,42944791,OF,3500,TOR@MIN 05/01/2026 08:10PM ET,TOR,5.87
,,,,,,,,,,,,,,,SS,Andres Gimenez (42944797),Andres Gimenez,42944797,SS,3500,TOR@MIN 05/01/2026 08:10PM ET,TOR,6.9
,,,,,,,,,,,,,,,C,J.T. Realmuto (42945010),J.T. Realmuto,42945010,C,3500,PHI@MIA 05/01/2026 07:10PM ET,PHI,5
,,,,,,,,,,,,,,,OF,Mike Yastrzemski (42944792),Mike Yastrzemski,42944792,OF,3500,ATL@COL 05/01/2026 08:40PM ET,ATL,4.45
,,,,,,,,,,,,,,,OF,Jac Caglianone (42944795),Jac Caglianone,42944795,OF,3500,KC@SEA 05/01/2026 09:45PM ET,KC,5.44
,,,,,,,,,,,,,,,3B,Brendan Donovan (42945013),Brendan Donovan,42945013,3B,3500,KC@SEA 05/01/2026 09:45PM ET,SEA,7.83
,,,,,,,,,,,,,,,C,Francisco Alvarez (42944787),Francisco Alvarez,42944787,C,3500,NYM@LAA 05/01/2026 09:38PM ET,NYM,4.93
,,,,,,,,,,,,,,,2B/3B,Jorge Polanco (42945011),Jorge Polanco,42945011,2B/3B,3500,NYM@LAA 05/01/2026 09:38PM ET,NYM,4.5
,,,,,,,,,,,,,,,1B,Gavin Sheets (42944788),Gavin Sheets,42944788,1B,3500,CWS@SD 05/01/2026 09:40PM ET,SD,5.96
,,,,,,,,,,,,,,,OF,Andrew Benintendi (42944794),Andrew Benintendi,42944794,OF,3500,CWS@SD 05/01/2026 09:40PM ET,CWS,5.21
,,,,,,,,,,,,,,,2B,Chase Meidroth (42944796),Chase Meidroth,42944796,2B,3500,CWS@SD 05/01/2026 09:40PM ET,CWS,6.14
,,,,,,,,,,,,,,,OF,Jasson Dominguez (42944785),Jasson Dominguez,42944785,OF,3500,BAL@NYY 05/01/2026 07:05PM ET,NYY,1.67
,,,,,,,,,,,,,,,OF,Leody Taveras (42944793),Leody Taveras,42944793,OF,3500,BAL@NYY 05/01/2026 07:05PM ET,BAL,6.6
,,,,,,,,,,,,,,,2B/3B,Daniel Schneemann (42944803),Daniel Schneemann,42944803,2B/3B,3400,CLE@ATH 05/01/2026 09:40PM ET,CLE,7.58
,,,,,,,,,,,,,,,C,Christian Vazquez (42944800),Christian Vazquez,42944800,C,3400,HOU@BOS 05/01/2026 07:10PM ET,HOU,7.6
,,,,,,,,,,,,,,,OF,Jung Hoo Lee (42944801),Jung Hoo Lee,42944801,OF,3400,SF@TB 05/01/2026 07:10PM ET,SF,6.52
,,,,,,,,,,,,,,,3B,Royce Lewis (42944799),Royce Lewis,42944799,3B,3400,TOR@MIN 05/01/2026 08:10PM ET,MIN,6.4
,,,,,,,,,,,,,,,OF,Griffin Conine (42945017),Griffin Conine,42945017,OF,3400,PHI@MIA 05/01/2026 07:10PM ET,MIA,6.36
,,,,,,,,,,,,,,,OF,Brenton Doyle (42944802),Brenton Doyle,42944802,OF,3400,ATL@COL 05/01/2026 08:40PM ET,COL,4.97
,,,,,,,,,,,,,,,SS,Ha-Seong Kim (42945015),Ha-Seong Kim,42945015,SS,3400,ATL@COL 05/01/2026 08:40PM ET,ATL,0
,,,,,,,,,,,,,,,OF,Lars Nootbaar (42945014),Lars Nootbaar,42945014,OF,3400,LAD@STL 05/01/2026 08:15PM ET,STL,0
,,,,,,,,,,,,,,,2B,Tommy Edman (42945016),Tommy Edman,42945016,2B,3400,LAD@STL 05/01/2026 08:15PM ET,LAD,0
,,,,,,,,,,,,,,,1B,Paul Goldschmidt (42944798),Paul Goldschmidt,42944798,1B,3400,BAL@NYY 05/01/2026 07:05PM ET,NYY,6
,,,,,,,,,,,,,,,SS,Jose Caballero (42944805),Jose Caballero,42944805,SS,3400,BAL@NYY 05/01/2026 07:05PM ET,NYY,7.73
,,,,,,,,,,,,,,,OF,Lawrence Butler (42944812),Lawrence Butler,42944812,OF,3300,CLE@ATH 05/01/2026 09:40PM ET,ATH,5.52
,,,,,,,,,,,,,,,SS,Trevor Story (42944807),Trevor Story,42944807,SS,3300,HOU@BOS 05/01/2026 07:10PM ET,BOS,5.93
,,,,,,,,,,,,,,,C,Yainer Diaz (42944813),Yainer Diaz,42944813,C,3300,HOU@BOS 05/01/2026 07:10PM ET,HOU,6.04
,,,,,,,,,,,,,,,OF,Joey Loperfido (42945019),Joey Loperfido,42945019,OF,3300,HOU@BOS 05/01/2026 07:10PM ET,HOU,5
,,,,,,,,,,,,,,,2B,Richie Palacios (42944816),Richie Palacios,42944816,2B,3300,SF@TB 05/01/2026 07:10PM ET,TB,5.1
,,,,,,,,,,,,,,,OF,Brandon Marsh (42944808),Brandon Marsh,42944808,OF,3300,PHI@MIA 05/01/2026 07:10PM ET,PHI,7.61
,,,,,,,,,,,,,,,OF,Jordan Beck (42944815),Jordan Beck,42944815,OF,3300,ATL@COL 05/01/2026 08:40PM ET,COL,3.77
,,,,,,,,,,,,,,,C,Sean Murphy (42945018),Sean Murphy,42945018,C,3300,ATL@COL 05/01/2026 08:40PM ET,ATL,0
,,,,,,,,,,,,,,,OF,Luke Raley (42944814),Luke Raley,42944814,OF,3300,KC@SEA 05/01/2026 09:45PM ET,SEA,5.86
,,,,,,,,,,,,,,,3B,Nolan Gorman (42944811),Nolan Gorman,42944811,3B,3300,LAD@STL 05/01/2026 08:15PM ET,STL,6.17
,,,,,,,,,,,,,,,3B/OF,Kike Hernandez (42945020),Kike Hernandez,42945020,3B/OF,3300,LAD@STL 05/01/2026 08:15PM ET,LAD,0
,,,,,,,,,,,,,,,1B,Nolan Schanuel (42944806),Nolan Schanuel,42944806,1B,3300,NYM@LAA 05/01/2026 09:38PM ET,LAA,6.69
,,,,,,,,,,,,,,,1B/OF,Brett Baty (42944809),Brett Baty,42944809,1B/OF,3300,NYM@LAA 05/01/2026 09:38PM ET,NYM,5.18
,,,,,,,,,,,,,,,OF,Masataka Yoshida (42944818),Masataka Yoshida,42944818,OF,3200,HOU@BOS 05/01/2026 07:10PM ET,BOS,5
,,,,,,,,,,,,,,,OF,Cam Smith (42944822),Cam Smith,42944822,OF,3200,HOU@BOS 05/01/2026 07:10PM ET,HOU,7.13
,,,,,,,,,,,,,,,1B,Kody Clemens (42944817),Kody Clemens,42944817,1B,3200,TOR@MIN 05/01/2026 08:10PM ET,MIN,6
,,,,,,,,,,,,,,,OF,Trevor Larnach (42944821),Trevor Larnach,42944821,OF,3200,TOR@MIN 05/01/2026 08:10PM ET,MIN,6.28
,,,,,,,,,,,,,,,1B/C,Victor Caratini (42944825),Victor Caratini,42944825,C/1B,3200,TOR@MIN 05/01/2026 08:10PM ET,MIN,5.13
,,,,,,,,,,,,,,,2B/SS,Ernie Clement (42944827),Ernie Clement,42944827,2B/SS,3200,TOR@MIN 05/01/2026 08:10PM ET,TOR,6.39
,,,,,,,,,,,,,,,1B,Blaine Crim (42945022),Blaine Crim,42945022,1B,3200,ATL@COL 05/01/2026 08:40PM ET,COL,0
,,,,,,,,,,,,,,,2B,Marcus Semien (42944819),Marcus Semien,42944819,2B,3200,NYM@LAA 05/01/2026 09:38PM ET,NYM,4.97
,,,,,,,,,,,,,,,3B,Yoan Moncada (42944820),Yoan Moncada,42944820,3B,3200,NYM@LAA 05/01/2026 09:38PM ET,LAA,5.04
,,,,,,,,,,,,,,,OF,Sam Antonacci (42944824),Sam Antonacci,42944824,OF,3200,CWS@SD 05/01/2026 09:40PM ET,CWS,6
,,,,,,,,,,,,,,,OF,Dylan Beavers (42944823),Dylan Beavers,42944823,OF,3200,BAL@NYY 05/01/2026 07:05PM ET,BAL,5.71
,,,,,,,,,,,,,,,2B,Jeff McNeil (42944829),Jeff McNeil,42944829,2B,3100,CLE@ATH 05/01/2026 09:40PM ET,ATH,5.27
,,,,,,,,,,,,,,,OF,Ceddanne Rafaela (42944831),Ceddanne Rafaela,42944831,OF,3100,HOU@BOS 05/01/2026 07:10PM ET,BOS,5.83
,,,,,,,,,,,,,,,OF,Jake Meyers (42945024),Jake Meyers,42945024,OF,3100,HOU@BOS 05/01/2026 07:10PM ET,HOU,5.92
,,,,,,,,,,,,,,,OF,Jonny DeLuca (42944830),Jonny DeLuca,42944830,OF,3100,SF@TB 05/01/2026 07:10PM ET,TB,6.41
,,,,,,,,,,,,,,,3B/SS,Tristan Gray (42944838),Tristan Gray,42944838,3B/SS,3100,TOR@MIN 05/01/2026 08:10PM ET,MIN,6.65
,,,,,,,,,,,,,,,OF,Dominic Canzone (42944834),Dominic Canzone,42944834,OF,3100,KC@SEA 05/01/2026 09:45PM ET,SEA,5.88
,,,,,,,,,,,,,,,OF,Victor Robles (42945025),Victor Robles,42945025,OF,3100,KC@SEA 05/01/2026 09:45PM ET,SEA,3.6
,,,,,,,,,,,,,,,2B,Jonathan India (42945026),Jonathan India,42945026,2B,3100,KC@SEA 05/01/2026 09:45PM ET,KC,5.41
,,,,,,,,,,,,,,,OF,Nathan Church (42944832),Nathan Church,42944832,OF,3100,LAD@STL 05/01/2026 08:15PM ET,STL,6.43
,,,,,,,,,,,,,,,1B,Mark Vientos (42944833),Mark Vientos,42944833,1B,3100,NYM@LAA 05/01/2026 09:38PM ET,NYM,4.83
,,,,,,,,,,,,,,,3B/OF,Miguel Andujar (42944835),Miguel Andujar,42944835,3B/OF,3100,CWS@SD 05/01/2026 09:40PM ET,SD,6.4
,,,,,,,,,,,,,,,C,Luis Campusano (42944837),Luis Campusano,42944837,C,3100,CWS@SD 05/01/2026 09:40PM ET,SD,7.75
,,,,,,,,,,,,,,,C,Kyle Teel (42945023),Kyle Teel,42945023,C,3100,CWS@SD 05/01/2026 09:40PM ET,CWS,0
,,,,,,,,,,,,,,,2B,Travis Bazzana (42944840),Travis Bazzana,42944840,2B,3000,CLE@ATH 05/01/2026 09:40PM ET,CLE,2
,,,,,,,,,,,,,,,1B,Rhys Hoskins (42944841),Rhys Hoskins,42944841,1B,3000,CLE@ATH 05/01/2026 09:40PM ET,CLE,5.29
,,,,,,,,,,,,,,,OF,Colby Thomas (42944845),Colby Thomas,42944845,OF,3000,CLE@ATH 05/01/2026 09:40PM ET,ATH,4
,,,,,,,,,,,,,,,SS,Brayan Rocchio (42944850),Brayan Rocchio,42944850,SS,3000,CLE@ATH 05/01/2026 09:40PM ET,CLE,6.61
,,,,,,,,,,,,,,,1B/2B,Romy Gonzalez (42945028),Romy Gonzalez,42945028,1B/2B,3000,HOU@BOS 05/01/2026 07:10PM ET,BOS,0
,,,,,,,,,,,,,,,OF,Cedric Mullins (42944842),Cedric Mullins,42944842,OF,3000,SF@TB 05/01/2026 07:10PM ET,TB,5
,,,,,,,,,,,,,,,OF,Heliot Ramos (42944846),Heliot Ramos,42944846,OF,3000,SF@TB 05/01/2026 07:10PM ET,SF,6.53
,,,,,,,,,,,,,,,C,Nick Fortes (42944855),Nick Fortes,42944855,C,3000,SF@TB 05/01/2026 07:10PM ET,TB,4.83
,,,,,,,,,,,,,,,OF,Gavin Lux (42945027),Gavin Lux,42945027,OF,3000,SF@TB 05/01/2026 07:10PM ET,TB,0
,,,,,,,,,,,,,,,3B,Alec Bohm (42944843),Alec Bohm,42944843,3B,3000,PHI@MIA 05/01/2026 07:10PM ET,PHI,4.1
,,,,,,,,,,,,,,,1B/OF,Christopher Morel (42944852),Christopher Morel,42944852,1B/OF,3000,PHI@MIA 05/01/2026 07:10PM ET,MIA,4
,,,,,,,,,,,,,,,OF/SS,Jorge Mateo (42944848),Jorge Mateo,42944848,SS/OF,3000,ATL@COL 05/01/2026 08:40PM ET,ATL,4.18
,,,,,,,,,,,,,,,OF,Jake McCarthy (42944854),Jake McCarthy,42944854,OF,3000,ATL@COL 05/01/2026 08:40PM ET,COL,5.25
,,,,,,,,,,,,,,,SS,Colt Emerson (42945030),Colt Emerson,42945030,SS,3000,KC@SEA 05/01/2026 09:45PM ET,SEA,0
,,,,,,,,,,,,,,,OF,Alex Call (42944851),Alex Call,42944851,OF,3000,LAD@STL 05/01/2026 08:15PM ET,LAD,5.42
,,,,,,,,,,,,,,,OF,Carson Benge (42944844),Carson Benge,42944844,OF,3000,NYM@LAA 05/01/2026 09:38PM ET,NYM,5.11
,,,,,,,,,,,,,,,2B,Adam Frazier (42944847),Adam Frazier,42944847,2B,3000,NYM@LAA 05/01/2026 09:38PM ET,LAA,4.46
,,,,,,,,,,,,,,,2B/OF,Zack Gelof (42944863),Zack Gelof,42944863,2B/OF,2900,CLE@ATH 05/01/2026 09:40PM ET,ATH,4.06
,,,,,,,,,,,,,,,1B,Kyle Manzardo (42944866),Kyle Manzardo,42944866,1B,2900,CLE@ATH 05/01/2026 09:40PM ET,CLE,3.54
,,,,,,,,,,,,,,,OF,Brice Matthews (42944862),Brice Matthews,42944862,OF,2900,HOU@BOS 05/01/2026 07:10PM ET,HOU,4.39
,,,,,,,,,,,,,,,SS,Brooks Lee (42944859),Brooks Lee,42944859,SS,2900,TOR@MIN 05/01/2026 08:10PM ET,MIN,6.79
,,,,,,,,,,,,,,,2B,Bryson Stott (42944860),Bryson Stott,42944860,2B,2900,PHI@MIA 05/01/2026 07:10PM ET,PHI,5
,,,,,,,,,,,,,,,OF,Owen Caissie (42944867),Owen Caissie,42944867,OF,2900,PHI@MIA 05/01/2026 07:10PM ET,MIA,5.07
,,,,,,,,,,,,,,,C,Jonah Heim (42944865),Jonah Heim,42944865,C,2900,ATL@COL 05/01/2026 08:40PM ET,ATL,4.3
,,,,,,,,,,,,,,,SS,J.P. Crawford (42944856),J.P. Crawford,42944856,SS,2900,KC@SEA 05/01/2026 09:45PM ET,SEA,6.46
,,,,,,,,,,,,,,,2B/3B,Will Wilson (42944868),Will Wilson,42944868,2B/3B,2900,KC@SEA 05/01/2026 09:45PM ET,SEA,9
,,,,,,,,,,,,,,,3B,Ramon Urias (42944857),Ramon Urias,42944857,3B,2900,LAD@STL 05/01/2026 08:15PM ET,STL,4.04
,,,,,,,,,,,,,,,OF,Josh Lowe (42944861),Josh Lowe,42944861,OF,2900,NYM@LAA 05/01/2026 09:38PM ET,LAA,4.39
,,,,,,,,,,,,,,,C,Logan O'Hoppe (42945031),Logan O'Hoppe,42945031,C,2900,NYM@LAA 05/01/2026 09:38PM ET,LAA,4.58
,,,,,,,,,,,,,,,OF,Austin Hays (42944858),Austin Hays,42944858,OF,2900,CWS@SD 05/01/2026 09:40PM ET,CWS,4.91
,,,,,,,,,,,,,,,OF,David Fry (42944881),David Fry,42944881,OF,2800,CLE@ATH 05/01/2026 09:40PM ET,CLE,3.82
,,,,,,,,,,,,,,,3B/OF,Shay Whitcomb (42944879),Shay Whitcomb,42944879,3B/OF,2800,HOU@BOS 05/01/2026 07:10PM ET,HOU,2.5
,,,,,,,,,,,,,,,OF,Jake Fraley (42944871),Jake Fraley,42944871,OF,2800,SF@TB 05/01/2026 07:10PM ET,TB,5.29
,,,,,,,,,,,,,,,C,Daniel Susac (42945034),Daniel Susac,42945034,C,2800,SF@TB 05/01/2026 07:10PM ET,SF,5.09
,,,,,,,,,,,,,,,OF,Matt Wallner (42944877),Matt Wallner,42944877,OF,2800,TOR@MIN 05/01/2026 08:10PM ET,MIN,5.15
,,,,,,,,,,,,,,,OF,Anthony Santander (42945033),Anthony Santander,42945033,OF,2800,TOR@MIN 05/01/2026 08:10PM ET,TOR,0
,,,,,,,,,,,,,,,OF,Adolis Garcia (42944872),Adolis Garcia,42944872,OF,2800,PHI@MIA 05/01/2026 07:10PM ET,PHI,6.13
,,,,,,,,,,,,,,,3B/OF,Javier Sanoja (42944882),Javier Sanoja,42944882,3B/OF,2800,PHI@MIA 05/01/2026 07:10PM ET,MIA,4.78
,,,,,,,,,,,,,,,2B,Michael Massey (42944870),Michael Massey,42944870,2B,2800,KC@SEA 05/01/2026 09:45PM ET,KC,4
,,,,,,,,,,,,,,,2B,Cole Young (42944884),Cole Young,42944884,2B,2800,KC@SEA 05/01/2026 09:45PM ET,SEA,7.62
,,,,,,,,,,,,,,,SS,Hyeseong Kim (42944878),Hyeseong Kim,42944878,SS,2800,LAD@STL 05/01/2026 08:15PM ET,LAD,6
,,,,,,,,,,,,,,,OF,MJ Melendez (42944873),MJ Melendez,42944873,OF,2800,NYM@LAA 05/01/2026 09:38PM ET,NYM,6.91
,,,,,,,,,,,,,,,1B/2B,Vaughn Grissom (42944874),Vaughn Grissom,42944874,1B/2B,2800,NYM@LAA 05/01/2026 09:38PM ET,LAA,6.77
,,,,,,,,,,,,,,,OF,Derek Hill (42944876),Derek Hill,42944876,OF,2800,CWS@SD 05/01/2026 09:40PM ET,CWS,3.17
,,,,,,,,,,,,,,,C,J.C. Escarra (42944885),J.C. Escarra,42944885,C,2800,BAL@NYY 05/01/2026 07:05PM ET,NYY,4.5
,,,,,,,,,,,,,,,SS,Anthony Volpe (42945032),Anthony Volpe,42945032,SS,2800,BAL@NYY 05/01/2026 07:05PM ET,NYY,0
,,,,,,,,,,,,,,,OF,George Valera (42944896),George Valera,42944896,OF,2700,CLE@ATH 05/01/2026 09:40PM ET,CLE,3.54
,,,,,,,,,,,,,,,2B/3B,Darell Hernaiz (42944904),Darell Hernaiz,42944904,2B/3B,2700,CLE@ATH 05/01/2026 09:40PM ET,ATH,3.94
,,,,,,,,,,,,,,,2B,Marcelo Mayer (42944903),Marcelo Mayer,42944903,2B,2700,HOU@BOS 05/01/2026 07:10PM ET,BOS,4.82
,,,,,,,,,,,,,,,OF,Ryan Vilade (42944889),Ryan Vilade,42944889,OF,2700,SF@TB 05/01/2026 07:10PM ET,TB,4.4
,,,,,,,,,,,,,,,OF,Myles Straw (42944893),Myles Straw,42944893,OF,2700,TOR@MIN 05/01/2026 08:10PM ET,TOR,4.04
,,,,,,,,,,,,,,,OF,Justin Crawford (42944890),Justin Crawford,42944890,OF,2700,PHI@MIA 05/01/2026 07:10PM ET,PHI,5.41
,,,,,,,,,,,,,,,3B,Kyle Karros (42944886),Kyle Karros,42944886,3B,2700,ATL@COL 05/01/2026 08:40PM ET,COL,4.75
,,,,,,,,,,,,,,,OF,Eli White (42944892),Eli White,42944892,OF,2700,ATL@COL 05/01/2026 08:40PM ET,ATL,3.67
,,,,,,,,,,,,,,,C,Brett Sullivan (42944899),Brett Sullivan,42944899,C,2700,ATL@COL 05/01/2026 08:40PM ET,COL,4.29
,,,,,,,,,,,,,,,OF,Rob Refsnyder (42944897),Rob Refsnyder,42944897,OF,2700,KC@SEA 05/01/2026 09:45PM ET,SEA,3
,,,,,,,,,,,,,,,OF,Starling Marte (42944902),Starling Marte,42944902,OF,2700,KC@SEA 05/01/2026 09:45PM ET,KC,3.83
,,,,,,,,,,,,,,,2B/SS,Miguel Rojas (42944894),Miguel Rojas,42944894,2B/SS,2700,LAD@STL 05/01/2026 08:15PM ET,LAD,4.32
,,,,,,,,,,,,,,,C,Pedro Pages (42944906),Pedro Pages,42944906,C,2700,LAD@STL 05/01/2026 08:15PM ET,STL,6.3
,,,,,,,,,,,,,,,1B/OF,Nick Castellanos (42944887),Nick Castellanos,42944887,1B/OF,2700,CWS@SD 05/01/2026 09:40PM ET,SD,3.79
,,,,,,,,,,,,,,,2B,Jake Cronenworth (42944891),Jake Cronenworth,42944891,2B,2700,CWS@SD 05/01/2026 09:40PM ET,SD,4.17
,,,,,,,,,,,,,,,OF/SS,Luisangel Acuna (42944900),Luisangel Acuna,42944900,SS/OF,2700,CWS@SD 05/01/2026 09:40PM ET,CWS,4.2
,,,,,,,,,,,,,,,OF,Colton Cowser (42944898),Colton Cowser,42944898,OF,2700,BAL@NYY 05/01/2026 07:05PM ET,BAL,2.81
,,,,,,,,,,,,,,,C,Bo Naylor (42944909),Bo Naylor,42944909,C,2600,CLE@ATH 05/01/2026 09:40PM ET,CLE,2.22
,,,,,,,,,,,,,,,SS,Gabriel Arias (42945037),Gabriel Arias,42945037,SS,2600,CLE@ATH 05/01/2026 09:40PM ET,CLE,5
,,,,,,,,,,,,,,,2B/SS,Ben Williamson (42944915),Ben Williamson,42944915,2B/SS,2600,SF@TB 05/01/2026 07:10PM ET,TB,5.63
,,,,,,,,,,,,,,,1B,Connor Norby (42944907),Connor Norby,42944907,1B,2600,PHI@MIA 05/01/2026 07:10PM ET,MIA,6
,,,,,,,,,,,,,,,2B/OF,Nick Loftin (42944913),Nick Loftin,42944913,2B/OF,2600,KC@SEA 05/01/2026 09:45PM ET,KC,6.09
,,,,,,,,,,,,,,,2B/3B,Santiago Espinal (42944910),Santiago Espinal,42944910,2B/3B,2600,LAD@STL 05/01/2026 08:15PM ET,LAD,2.23
,,,,,,,,,,,,,,,2B,Christian Moore (42945036),Christian Moore,42945036,2B,2600,NYM@LAA 05/01/2026 09:38PM ET,LAA,0
,,,,,,,,,,,,,,,C,Freddy Fermin (42944908),Freddy Fermin,42944908,C,2600,CWS@SD 05/01/2026 09:40PM ET,SD,3.22
,,,,,,,,,,,,,,,OF,Brooks Baldwin (42945035),Brooks Baldwin,42945035,OF,2600,CWS@SD 05/01/2026 09:40PM ET,CWS,0
,,,,,,,,,,,,,,,3B,Coby Mayo (42944912),Coby Mayo,42944912,3B,2600,BAL@NYY 05/01/2026 07:05PM ET,BAL,4.96
,,,,,,,,,,,,,,,C,Austin Hedges (42944927),Austin Hedges,42944927,C,2500,CLE@ATH 05/01/2026 09:40PM ET,CLE,4.46
,,,,,,,,,,,,,,,3B/SS,Andruw Monasterio (42944918),Andruw Monasterio,42944918,3B/SS,2500,HOU@BOS 05/01/2026 07:10PM ET,BOS,5.6
,,,,,,,,,,,,,,,OF,Zach Cole (42945043),Zach Cole,42945043,OF,2500,HOU@BOS 05/01/2026 07:10PM ET,HOU,0
,,,,,,,,,,,,,,,OF,Drew Gilbert (42944926),Drew Gilbert,42944926,OF,2500,SF@TB 05/01/2026 07:10PM ET,SF,5.43
,,,,,,,,,,,,,,,SS,Carson Williams (42945038),Carson Williams,42945038,SS,2500,SF@TB 05/01/2026 07:10PM ET,TB,3.86
,,,,,,,,,,,,,,,OF,Harrison Bader (42945044),Harrison Bader,42945044,OF,2500,SF@TB 05/01/2026 07:10PM ET,SF,3
,,,,,,,,,,,,,,,C,Willie MacIver (42945041),Willie MacIver,42945041,C,2500,TOR@MIN 05/01/2026 08:10PM ET,TOR,0
,,,,,,,,,,,,,,,2B/3B,Edmundo Sosa (42944920),Edmundo Sosa,42944920,2B/3B,2500,PHI@MIA 05/01/2026 07:10PM ET,PHI,4.81
,,,,,,,,,,,,,,,OF,Heriberto Hernandez (42945042),Heriberto Hernandez,42945042,OF,2500,PHI@MIA 05/01/2026 07:10PM ET,MIA,4.46
,,,,,,,,,,,,,,,1B/3B,Kyle Farmer (42944924),Kyle Farmer,42944924,1B/3B,2500,ATL@COL 05/01/2026 08:40PM ET,ATL,3.14
,,,,,,,,,,,,,,,OF,Kyle Isbel (42944929),Kyle Isbel,42944929,OF,2500,KC@SEA 05/01/2026 09:45PM ET,KC,6.68
,,,,,,,,,,,,,,,2B,Alex Freeland (42944923),Alex Freeland,42944923,2B,2500,LAD@STL 05/01/2026 08:15PM ET,LAD,4.38
,,,,,,,,,,,,,,,OF,Tyrone Taylor (42944922),Tyrone Taylor,42944922,OF,2500,NYM@LAA 05/01/2026 09:38PM ET,NYM,3.17
,,,,,,,,,,,,,,,1B/OF,Jared Young (42945039),Jared Young,42945039,1B/OF,2500,NYM@LAA 05/01/2026 09:38PM ET,NYM,3.36
,,,,,,,,,,,,,,,OF,Bryce Johnson (42944928),Bryce Johnson,42944928,OF,2500,CWS@SD 05/01/2026 09:40PM ET,SD,3.19
,,,,,,,,,,,,,,,C,Drew Romo (42944930),Drew Romo,42944930,C,2500,CWS@SD 05/01/2026 09:40PM ET,CWS,12
,,,,,,,,,,,,,,,C,Austin Wells (42944917),Austin Wells,42944917,C,2500,BAL@NYY 05/01/2026 07:05PM ET,NYY,4.96
,,,,,,,,,,,,,,,1B/3B,Christian Encarnacion-Strand (42945045),Christian Encarnacion-Strand,42945045,1B/3B,2500,BAL@NYY 05/01/2026 07:05PM ET,BAL,0
,,,,,,,,,,,,,,,1B/OF,CJ Kayfus (42945051),CJ Kayfus,42945051,1B/OF,2400,CLE@ATH 05/01/2026 09:40PM ET,CLE,4.33
,,,,,,,,,,,,,,,2B,Juan Brito (42945053),Juan Brito,42945053,2B,2400,CLE@ATH 05/01/2026 09:40PM ET,CLE,4.33
,,,,,,,,,,,,,,,C,Connor Wong (42944940),Connor Wong,42944940,C,2400,HOU@BOS 05/01/2026 07:10PM ET,BOS,5.08
,,,,,,,,,,,,,,,OF,Zach Dezenzo (42945054),Zach Dezenzo,42945054,OF,2400,HOU@BOS 05/01/2026 07:10PM ET,HOU,0
,,,,,,,,,,,,,,,SS,Taylor Walls (42944939),Taylor Walls,42944939,SS,2400,SF@TB 05/01/2026 07:10PM ET,TB,5.32
,,,,,,,,,,,,,,,2B/OF,Davis Schneider (42944936),Davis Schneider,42944936,2B/OF,2400,TOR@MIN 05/01/2026 08:10PM ET,TOR,3.71
,,,,,,,,,,,,,,,3B/OF,Ryan Kreidler (42945047),Ryan Kreidler,42945047,3B/OF,2400,TOR@MIN 05/01/2026 08:10PM ET,MIN,9
,,,,,,,,,,,,,,,3B,Graham Pauley (42944933),Graham Pauley,42944933,3B,2400,PHI@MIA 05/01/2026 07:10PM ET,MIA,4.29
,,,,,,,,,,,,,,,C,Garrett Stubbs (42944942),Garrett Stubbs,42944942,C,2400,PHI@MIA 05/01/2026 07:10PM ET,PHI,3.5
,,,,,,,,,,,,,,,OF,Johan Rojas (42945049),Johan Rojas,42945049,OF,2400,PHI@MIA 05/01/2026 07:10PM ET,PHI,0
,,,,,,,,,,,,,,,2B/3B,Maximo Acosta (42945055),Maximo Acosta,42945055,2B/3B,2400,PHI@MIA 05/01/2026 07:10PM ET,MIA,0
,,,,,,,,,,,,,,,3B,Nacho Alvarez Jr. (42945050),Nacho Alvarez Jr.,42945050,3B,2400,ATL@COL 05/01/2026 08:40PM ET,ATL,0
,,,,,,,,,,,,,,,C,Elias Diaz (42944944),Elias Diaz,42944944,C,2400,KC@SEA 05/01/2026 09:45PM ET,KC,8.75
,,,,,,,,,,,,,,,2B/OF,Jose Fermin (42944934),Jose Fermin,42944934,2B/OF,2400,LAD@STL 05/01/2026 08:15PM ET,STL,4.08
,,,,,,,,,,,,,,,OF,Austin Slater (42944941),Austin Slater,42944941,OF,2400,NYM@LAA 05/01/2026 09:38PM ET,NYM,2.07
,,,,,,,,,,,,,,,C,Edgar Quero (42944938),Edgar Quero,42944938,C,2400,CWS@SD 05/01/2026 09:40PM ET,CWS,3.17
,,,,,,,,,,,,,,,1B,Ty France (42944943),Ty France,42944943,1B,2400,CWS@SD 05/01/2026 09:40PM ET,SD,6.59
,,,,,,,,,,,,,,,3B/OF,Blaze Alexander (42944931),Blaze Alexander,42944931,3B/OF,2400,BAL@NYY 05/01/2026 07:05PM ET,BAL,3.28
,,,,,,,,,,,,,,,3B,Oswaldo Cabrera (42945057),Oswaldo Cabrera,42945057,3B,2400,BAL@NYY 05/01/2026 07:05PM ET,NYY,0
,,,,,,,,,,,,,,,OF,Nate Eaton (42944956),Nate Eaton,42944956,OF,2300,HOU@BOS 05/01/2026 07:10PM ET,BOS,0
,,,,,,,,,,,,,,,OF,Taylor Trammell (42945061),Taylor Trammell,42945061,OF,2300,HOU@BOS 05/01/2026 07:10PM ET,HOU,6.6
,,,,,,,,,,,,,,,C,Patrick Bailey (42944945),Patrick Bailey,42944945,C,2300,SF@TB 05/01/2026 07:10PM ET,SF,3.36
,,,,,,,,,,,,,,,C,Hunter Feduccia (42944951),Hunter Feduccia,42944951,C,2300,SF@TB 05/01/2026 07:10PM ET,TB,3.19
,,,,,,,,,,,,,,,C,Brandon Valenzuela (42944952),Brandon Valenzuela,42944952,C,2300,TOR@MIN 05/01/2026 08:10PM ET,TOR,3.87
,,,,,,,,,,,,,,,1B/2B,Lenyn Sosa (42944958),Lenyn Sosa,42944958,1B/2B,2300,TOR@MIN 05/01/2026 08:10PM ET,TOR,3.23
,,,,,,,,,,,,,,,C,Rafael Marchan (42944950),Rafael Marchan,42944950,C,2300,PHI@MIA 05/01/2026 07:10PM ET,PHI,2.33
,,,,,,,,,,,,,,,OF,Esteury Ruiz (42944955),Esteury Ruiz,42944955,OF,2300,PHI@MIA 05/01/2026 07:10PM ET,MIA,4.4
,,,,,,,,,,,,,,,1B/OF,Connor Joe (42944947),Connor Joe,42944947,1B/OF,2300,KC@SEA 05/01/2026 09:45PM ET,SEA,4.8
,,,,,,,,,,,,,,,OF,Isaac Collins (42944957),Isaac Collins,42944957,OF,2300,KC@SEA 05/01/2026 09:45PM ET,KC,5.38
,,,,,,,,,,,,,,,2B/OF,Tyler Fitzgerald (42945059),Tyler Fitzgerald,42945059,2B/OF,2300,LAD@STL 05/01/2026 08:15PM ET,LAD,0
,,,,,,,,,,,,,,,3B/SS,Ronny Mauricio (42944960),Ronny Mauricio,42944960,3B/SS,2300,NYM@LAA 05/01/2026 09:38PM ET,NYM,2.62
,,,,,,,,,,,,,,,OF,Tristan Peters (42944949),Tristan Peters,42944949,OF,2300,CWS@SD 05/01/2026 09:40PM ET,CWS,3.71
,,,,,,,,,,,,,,,3B,Sung-Mun Song (42945058),Sung-Mun Song,42945058,3B,2300,CWS@SD 05/01/2026 09:40PM ET,SD,0
,,,,,,,,,,,,,,,3B,Ryan McMahon (42944946),Ryan McMahon,42944946,3B,2300,BAL@NYY 05/01/2026 07:05PM ET,NYY,3.31
,,,,,,,,,,,,,,,3B/OF,Weston Wilson (42944953),Weston Wilson,42944953,3B/OF,2300,BAL@NYY 05/01/2026 07:05PM ET,BAL,5.57
,,,,,,,,,,,,,,,3B,Caleb Durbin (42944964),Caleb Durbin,42944964,3B,2200,HOU@BOS 05/01/2026 07:10PM ET,BOS,5.34
,,,,,,,,,,,,,,,OF,Dustin Harris (42944967),Dustin Harris,42944967,OF,2200,HOU@BOS 05/01/2026 07:10PM ET,HOU,5.64
,,,,,,,,,,,,,,,C,Eric Haase (42944962),Eric Haase,42944962,C,2200,SF@TB 05/01/2026 07:10PM ET,SF,7
,,,,,,,,,,,,,,,OF,James Outman (42944963),James Outman,42944963,OF,2200,TOR@MIN 05/01/2026 08:10PM ET,MIN,2.04
,,,,,,,,,,,,,,,OF,Yohendrick Pinango (42944968),Yohendrick Pinango,42944968,OF,2200,TOR@MIN 05/01/2026 08:10PM ET,TOR,2.5
,,,,,,,,,,,,,,,2B/SS,Leo Jimenez (42944970),Leo Jimenez,42944970,2B/SS,2200,PHI@MIA 05/01/2026 07:10PM ET,MIA,2.38
,,,,,,,,,,,,,,,C,Mitch Garver (42944969),Mitch Garver,42944969,C,2200,KC@SEA 05/01/2026 09:45PM ET,SEA,3.62
,,,,,,,,,,,,,,,OF,Lane Thomas (42944972),Lane Thomas,42944972,OF,2200,KC@SEA 05/01/2026 09:45PM ET,KC,4.64
,,,,,,,,,,,,,,,OF,Victor Scott II (42944965),Victor Scott II,42944965,OF,2200,LAD@STL 05/01/2026 08:15PM ET,STL,4
,,,,,,,,,,,,,,,C,Travis d'Arnaud (42944966),Travis d'Arnaud,42944966,C,2200,NYM@LAA 05/01/2026 09:38PM ET,LAA,3.56
,,,,,,,,,,,,,,,3B,Brett Harris (42944983),Brett Harris,42944983,3B,2100,CLE@ATH 05/01/2026 09:40PM ET,ATH,0
,,,,,,,,,,,,,,,C,Carlos Narvaez (42944978),Carlos Narvaez,42944978,C,2100,HOU@BOS 05/01/2026 07:10PM ET,BOS,4.74
,,,,,,,,,,,,,,,OF,Daniel Johnson (42944982),Daniel Johnson,42944982,OF,2100,HOU@BOS 05/01/2026 07:10PM ET,HOU,2.33
,,,,,,,,,,,,,,,2B/SS,Christian Koss (42944973),Christian Koss,42944973,2B/SS,2100,SF@TB 05/01/2026 07:10PM ET,SF,0.71
,,,,,,,,,,,,,,,1B/OF,Jerar Encarnacion (42944975),Jerar Encarnacion,42944975,1B/OF,2100,SF@TB 05/01/2026 07:10PM ET,SF,1.6
,,,,,,,,,,,,,,,C,Tyler Heineman (42944980),Tyler Heineman,42944980,C,2100,TOR@MIN 05/01/2026 08:10PM ET,TOR,2.1
,,,,,,,,,,,,,,,OF,Felix Reyes (42944977),Felix Reyes,42944977,OF,2100,PHI@MIA 05/01/2026 07:10PM ET,PHI,3.67
,,,,,,,,,,,,,,,2B/OF,Dylan Moore (42944985),Dylan Moore,42944985,2B/OF,2100,PHI@MIA 05/01/2026 07:10PM ET,PHI,1.21
,,,,,,,,,,,,,,,3B,Leo Rivas (42944984),Leo Rivas,42944984,3B,2100,KC@SEA 05/01/2026 09:45PM ET,SEA,3.65
,,,,,,,,,,,,,,,C,Luis Torrens (42944979),Luis Torrens,42944979,C,2100,NYM@LAA 05/01/2026 09:38PM ET,NYM,2.62
,,,,,,,,,,,,,,,OF,Bryce Teodosio (42944981),Bryce Teodosio,42944981,OF,2100,NYM@LAA 05/01/2026 09:38PM ET,LAA,1.85
,,,,,,,,,,,,,,,3B/OF,Tanner Murray (42945062),Tanner Murray,42945062,3B/OF,2100,CWS@SD 05/01/2026 09:40PM ET,CWS,3.15
,,,,,,,,,,,,,,,C,Austin Wynns (42944993),Austin Wynns,42944993,C,2000,CLE@ATH 05/01/2026 09:40PM ET,ATH,1.54
,,,,,,,,,,,,,,,SS,Angel Genao (42945081),Angel Genao,42945081,SS,2000,CLE@ATH 05/01/2026 09:40PM ET,CLE,0
,,,,,,,,,,,,,,,SS,Kahlil Watson (42945082),Kahlil Watson,42945082,SS,2000,CLE@ATH 05/01/2026 09:40PM ET,CLE,0
,,,,,,,,,,,,,,,OF,Junior Perez (42945085),Junior Perez,42945085,OF,2000,CLE@ATH 05/01/2026 09:40PM ET,ATH,0
,,,,,,,,,,,,,,,OF,Petey Halpin (42945113),Petey Halpin,42945113,OF,2000,CLE@ATH 05/01/2026 09:40PM ET,CLE,0
,,,,,,,,,,,,,,,OF,Denzel Clarke (42945127),Denzel Clarke,42945127,OF,2000,CLE@ATH 05/01/2026 09:40PM ET,ATH,3.04
,,,,,,,,,,,,,,,2B/3B,Isiah Kiner-Falefa (42944991),Isiah Kiner-Falefa,42944991,2B/3B,2000,HOU@BOS 05/01/2026 07:10PM ET,BOS,3.86
,,,,,,,,,,,,,,,2B,Braden Shewmake (42944998),Braden Shewmake,42944998,2B,2000,HOU@BOS 05/01/2026 07:10PM ET,HOU,6.33
,,,,,,,,,,,,,,,1B,Triston Casas (42945104),Triston Casas,42945104,1B,2000,HOU@BOS 05/01/2026 07:10PM ET,BOS,0
,,,,,,,,,,,,,,,2B,Kristian Campbell (42945108),Kristian Campbell,42945108,2B,2000,HOU@BOS 05/01/2026 07:10PM ET,BOS,0
,,,,,,,,,,,,,,,2B/OF,Nick Sogard (42945117),Nick Sogard,42945117,2B/OF,2000,HOU@BOS 05/01/2026 07:10PM ET,BOS,0
,,,,,,,,,,,,,,,3B,Anthony Seigler (42945120),Anthony Seigler,42945120,3B,2000,HOU@BOS 05/01/2026 07:10PM ET,BOS,0
,,,,,,,,,,,,,,,C,Mickey Gasper (42945122),Mickey Gasper,42945122,C,2000,HOU@BOS 05/01/2026 07:10PM ET,BOS,0
,,,,,,,,,,,,,,,SS,Nick Allen (42945125),Nick Allen,42945125,SS,2000,HOU@BOS 05/01/2026 07:10PM ET,HOU,2.21
,,,,,,,,,,,,,,,2B/SS,Tsung-Che Cheng (42945146),Tsung-Che Cheng,42945146,2B/SS,2000,HOU@BOS 05/01/2026 07:10PM ET,BOS,0
,,,,,,,,,,,,,,,OF,Will Brennan (42944994),Will Brennan,42944994,OF,2000,SF@TB 05/01/2026 07:10PM ET,SF,0
,,,,,,,,,,,,,,,OF,Jacob Melton (42945064),Jacob Melton,42945064,OF,2000,SF@TB 05/01/2026 07:10PM ET,TB,0
,,,,,,,,,,,,,,,C,Jesus Rodriguez (42945079),Jesus Rodriguez,42945079,C,2000,SF@TB 05/01/2026 07:10PM ET,SF,0
,,,,,,,,,,,,,,,2B/SS,Jadher Areinamo (42945088),Jadher Areinamo,42945088,2B/SS,2000,SF@TB 05/01/2026 07:10PM ET,TB,0
,,,,,,,,,,,,,,,C,Diego Cartaya (42945097),Diego Cartaya,42945097,C,2000,SF@TB 05/01/2026 07:10PM ET,SF,0
,,,,,,,,,,,,,,,C,Dom Keegan (42945101),Dom Keegan,42945101,C,2000,SF@TB 05/01/2026 07:10PM ET,TB,0
,,,,,,,,,,,,,,,1B,Bryce Eldridge (42945110),Bryce Eldridge,42945110,1B,2000,SF@TB 05/01/2026 07:10PM ET,SF,0
,,,,,,,,,,,,,,,OF,Victor Mesa Jr. (42945111),Victor Mesa Jr.,42945111,OF,2000,SF@TB 05/01/2026 07:10PM ET,TB,0
,,,,,,,,,,,,,,,OF,Justyn-Henry Malloy (42945121),Justyn-Henry Malloy,42945121,OF,2000,SF@TB 05/01/2026 07:10PM ET,TB,0
,,,,,,,,,,,,,,,OF,Grant McCray (42945126),Grant McCray,42945126,OF,2000,SF@TB 05/01/2026 07:10PM ET,SF,0
,,,,,,,,,,,,,,,OF,Jared Oliva (42945149),Jared Oliva,42945149,OF,2000,SF@TB 05/01/2026 07:10PM ET,SF,1.43
,,,,,,,,,,,,,,,OF,Nathan Lukes (42945070),Nathan Lukes,42945070,OF,2000,TOR@MIN 05/01/2026 08:10PM ET,TOR,3.95
,,,,,,,,,,,,,,,OF,Jonatan Clase (42945071),Jonatan Clase,42945071,OF,2000,TOR@MIN 05/01/2026 08:10PM ET,TOR,0
,,,,,,,,,,,,,,,OF,Gabriel Gonzalez (42945078),Gabriel Gonzalez,42945078,OF,2000,TOR@MIN 05/01/2026 08:10PM ET,MIN,0
,,,,,,,,,,,,,,,OF,Hendry Mendez (42945080),Hendry Mendez,42945080,OF,2000,TOR@MIN 05/01/2026 08:10PM ET,MIN,0
,,,,,,,,,,,,,,,1B/3B,Juan Yepez (42945083),Juan Yepez,42945083,1B/3B,2000,TOR@MIN 05/01/2026 08:10PM ET,TOR,0
,,,,,,,,,,,,,,,OF,Emmanuel Rodriguez (42945086),Emmanuel Rodriguez,42945086,OF,2000,TOR@MIN 05/01/2026 08:10PM ET,MIN,0
,,,,,,,,,,,,,,,OF,Alan Roden (42945115),Alan Roden,42945115,OF,2000,TOR@MIN 05/01/2026 08:10PM ET,MIN,0
,,,,,,,,,,,,,,,OF,Steward Berroa (42945065),Steward Berroa,42945065,OF,2000,PHI@MIA 05/01/2026 07:10PM ET,PHI,0
,,,,,,,,,,,,,,,SS,Jared Serna (42945074),Jared Serna,42945074,SS,2000,PHI@MIA 05/01/2026 07:10PM ET,MIA,0
,,,,,,,,,,,,,,,SS,Christian Cairo (42945094),Christian Cairo,42945094,SS,2000,PHI@MIA 05/01/2026 07:10PM ET,PHI,0
,,,,,,,,,,,,,,,OF,Gabriel Rincones Jr. (42945098),Gabriel Rincones Jr.,42945098,OF,2000,PHI@MIA 05/01/2026 07:10PM ET,PHI,0
,,,,,,,,,,,,,,,C,Joe Mack (42945102),Joe Mack,42945102,C,2000,PHI@MIA 05/01/2026 07:10PM ET,MIA,0
,,,,,,,,,,,,,,,1B/OF,Otto Kemp (42945129),Otto Kemp,42945129,1B/OF,2000,PHI@MIA 05/01/2026 07:10PM ET,PHI,1
,,,,,,,,,,,,,,,1B,Deyvison De Los Santos (42945136),Deyvison De Los Santos,42945136,1B,2000,PHI@MIA 05/01/2026 07:10PM ET,MIA,2.67
,,,,,,,,,,,,,,,C,Braxton Fulford (42945072),Braxton Fulford,42945072,C,2000,ATL@COL 05/01/2026 08:40PM ET,COL,7
,,,,,,,,,,,,,,,OF,Sterlin Thompson (42945096),Sterlin Thompson,42945096,OF,2000,ATL@COL 05/01/2026 08:40PM ET,COL,0
,,,,,,,,,,,,,,,OF,Jurickson Profar (42945103),Jurickson Profar,42945103,OF,2000,ATL@COL 05/01/2026 08:40PM ET,ATL,0
,,,,,,,,,,,,,,,3B/OF,Kris Bryant (42945106),Kris Bryant,42945106,3B/OF,2000,ATL@COL 05/01/2026 08:40PM ET,COL,0
,,,,,,,,,,,,,,,OF,Zac Veen (42945116),Zac Veen,42945116,OF,2000,ATL@COL 05/01/2026 08:40PM ET,COL,0
,,,,,,,,,,,,,,,2B,Adael Amador (42945124),Adael Amador,42945124,2B,2000,ATL@COL 05/01/2026 08:40PM ET,COL,0
,,,,,,,,,,,,,,,2B,Ryan Ritter (42945143),Ryan Ritter,42945143,2B,2000,ATL@COL 05/01/2026 08:40PM ET,COL,0.83
,,,,,,,,,,,,,,,1B/3B,Patrick Wisdom (42945099),Patrick Wisdom,42945099,1B/3B,2000,KC@SEA 05/01/2026 09:45PM ET,SEA,0
,,,,,,,,,,,,,,,OF,Kameron Misner (42945105),Kameron Misner,42945105,OF,2000,KC@SEA 05/01/2026 09:45PM ET,KC,0
,,,,,,,,,,,,,,,OF,Rhylan Thomas (42945114),Rhylan Thomas,42945114,OF,2000,KC@SEA 05/01/2026 09:45PM ET,SEA,0
,,,,,,,,,,,,,,,2B,Ryan Bliss (42945119),Ryan Bliss,42945119,2B,2000,KC@SEA 05/01/2026 09:45PM ET,SEA,0
,,,,,,,,,,,,,,,C,Jhonny Pereda (42945123),Jhonny Pereda,42945123,C,2000,KC@SEA 05/01/2026 09:45PM ET,SEA,0
,,,,,,,,,,,,,,,OF,Tyler Tolbert (42945137),Tyler Tolbert,42945137,OF,2000,KC@SEA 05/01/2026 09:45PM ET,KC,1.25
,,,,,,,,,,,,,,,OF,John Rave (42945142),John Rave,42945142,OF,2000,KC@SEA 05/01/2026 09:45PM ET,KC,0
,,,,,,,,,,,,,,,3B,Miles Mastrobuoni (42945144),Miles Mastrobuoni,42945144,3B,2000,KC@SEA 05/01/2026 09:45PM ET,SEA,0
,,,,,,,,,,,,,,,OF/SS,Thomas Saggese (42944987),Thomas Saggese,42944987,SS/OF,2000,LAD@STL 05/01/2026 08:15PM ET,STL,2.94
,,,,,,,,,,,,,,,C,Yohel Pozo (42944996),Yohel Pozo,42944996,C,2000,LAD@STL 05/01/2026 08:15PM ET,STL,1.56
,,,,,,,,,,,,,,,C,Jimmy Crooks (42945069),Jimmy Crooks,42945069,C,2000,LAD@STL 05/01/2026 08:15PM ET,STL,0
,,,,,,,,,,,,,,,C,Leo Bernal (42945077),Leo Bernal,42945077,C,2000,LAD@STL 05/01/2026 08:15PM ET,STL,0
,,,,,,,,,,,,,,,OF,Bryan Torres (42945087),Bryan Torres,42945087,OF,2000,LAD@STL 05/01/2026 08:15PM ET,STL,0
,,,,,,,,,,,,,,,OF,Joshua Baez (42945095),Joshua Baez,42945095,OF,2000,LAD@STL 05/01/2026 08:15PM ET,STL,0
,,,,,,,,,,,,,,,3B/SS,Cesar Prieto (42945140),Cesar Prieto,42945140,3B/SS,2000,LAD@STL 05/01/2026 08:15PM ET,STL,0
,,,,,,,,,,,,,,,OF,Ryan Ward (42945145),Ryan Ward,42945145,OF,2000,LAD@STL 05/01/2026 08:15PM ET,LAD,4
,,,,,,,,,,,,,,,OF,Michael Siani (42945148),Michael Siani,42945148,OF,2000,LAD@STL 05/01/2026 08:15PM ET,LAD,0
,,,,,,,,,,,,,,,C,Sebastian Rivero (42944997),Sebastian Rivero,42944997,C,2000,NYM@LAA 05/01/2026 09:38PM ET,LAA,2
,,,,,,,,,,,,,,,1B,Eric Wagaman (42945068),Eric Wagaman,42945068,1B,2000,NYM@LAA 05/01/2026 09:38PM ET,NYM,0
,,,,,,,,,,,,,,,SS,Denzer Guzman (42945073),Denzer Guzman,42945073,SS,2000,NYM@LAA 05/01/2026 09:38PM ET,LAA,0
,,,,,,,,,,,,,,,2B/OF,Nick Morabito (42945075),Nick Morabito,42945075,2B/OF,2000,NYM@LAA 05/01/2026 09:38PM ET,NYM,0
,,,,,,,,,,,,,,,2B/3B,Anthony Rendon (42945091),Anthony Rendon,42945091,2B/3B,2000,NYM@LAA 05/01/2026 09:38PM ET,LAA,0
,,,,,,,,,,,,,,,OF,Kyren Paris (42945112),Kyren Paris,42945112,OF,2000,NYM@LAA 05/01/2026 09:38PM ET,LAA,0
,,,,,,,,,,,,,,,C,Hayden Senger (42945133),Hayden Senger,42945133,C,2000,NYM@LAA 05/01/2026 09:38PM ET,NYM,0
,,,,,,,,,,,,,,,OF,Matthew Lugo (42945135),Matthew Lugo,42945135,OF,2000,NYM@LAA 05/01/2026 09:38PM ET,LAA,0
,,,,,,,,,,,,,,,OF,Jarred Kelenic (42944995),Jarred Kelenic,42944995,OF,2000,CWS@SD 05/01/2026 09:40PM ET,CWS,2
,,,,,,,,,,,,,,,2B/SS,Mason McCoy (42945066),Mason McCoy,42945066,2B/SS,2000,CWS@SD 05/01/2026 09:40PM ET,SD,0
,,,,,,,,,,,,,,,1B/3B,Will Wagner (42945131),Will Wagner,42945131,1B/3B,2000,CWS@SD 05/01/2026 09:40PM ET,SD,0
,,,,,,,,,,,,,,,C,Reese McGuire (42945138),Reese McGuire,42945138,C,2000,CWS@SD 05/01/2026 09:40PM ET,CWS,2.82
,,,,,,,,,,,,,,,2B/OF,Max Schuemann (42944989),Max Schuemann,42944989,2B/OF,2000,BAL@NYY 05/01/2026 07:05PM ET,NYY,2
,,,,,,,,,,,,,,,OF,Spencer Jones (42945090),Spencer Jones,42945090,OF,2000,BAL@NYY 05/01/2026 07:05PM ET,NYY,0
,,,,,,,,,,,,,,,OF,Reed Trimble (42945093),Reed Trimble,42945093,OF,2000,BAL@NYY 05/01/2026 07:05PM ET,BAL,0
,,,,,,,,,,,,,,,OF,Heston Kjerstad (42945109),Heston Kjerstad,42945109,OF,2000,BAL@NYY 05/01/2026 07:05PM ET,BAL,0
,,,,,,,,,,,,,,,OF,Johnathan Rodriguez (42945128),Johnathan Rodriguez,42945128,OF,2000,BAL@NYY 05/01/2026 07:05PM ET,BAL,1.6
,,,,,,,,,,,,,,,1B,Ryan Mountcastle (42945134),Ryan Mountcastle,42945134,1B,2000,BAL@NYY 05/01/2026 07:05PM ET,BAL,2.25
,,,,,,,,,,,,,,,C,Maverick Handley (42945139),Maverick Handley,42945139,C,2000,BAL@NYY 05/01/2026 07:05PM ET,BAL,0