Entry ID,Contest Name,Contest ID,Entry Fee,P,P,C,1B,2B,3B,SS,OF,OF,OF,,Instructions
5107778427,MLB $2.5K Quarter Jukebox [Just $0.25!],189485033,$0.25,,,,,,,,,,,,1. Column A lists all of your contest entries for this draftgroup
5107778428,MLB $2.5K Quarter Jukebox [Just $0.25!],189485033,$0.25,,,,,,,,,,,,2. Your current lineup is listed next to each entry (blank for reservations)
5107778429,MLB $2.5K Quarter Jukebox [Just $0.25!],189485033,$0.25,,,,,,,,,,,,3. You can change the lineup for an entry by entering the IDs of the players in the row next to that entry
5107778430,MLB $2.5K Quarter Jukebox [Just $0.25!],189485033,$0.25,,,,,,,,,,,,4. Use data from the Name+ID column or the ID column; you cannot use just the player's name
5107781625,MLB Satellite to $15 Relay Throw,189485640,$0.10,,,,,,,,,,,,5. For faster processing only include entries you are changing in the file you upload
5107781626,MLB Satellite to $15 Relay Throw,189485640,$0.10,,,,,,,,,,,,
5107778180,MLB $100 Dime Time [Just $0.10!],189501938,$0.10,,,,,,,,,,,,Position,Name + ID,Name,ID,Roster Position,Salary,Game Info,TeamAbbrev,AvgPointsPerGame
5107778181,MLB $100 Dime Time [Just $0.10!],189501938,$0.10,,,,,,,,,,,,SP,Tarik Skubal (42557238),Tarik Skubal,42557238,P,10500,DET@MIN 04/07/2026 07:40PM ET,DET,21.92
5107778182,MLB $100 Dime Time [Just $0.10!],189501938,$0.10,,,,,,,,,,,,SP,Garrett Crochet (42557239),Garrett Crochet,42557239,P,10000,MIL@BOS 04/07/2026 06:45PM ET,BOS,21.48
5107778183,MLB $100 Dime Time [Just $0.10!],189501938,$0.10,,,,,,,,,,,,SP,Cristopher Sanchez (42557240),Cristopher Sanchez,42557240,P,9700,PHI@SF 04/07/2026 09:45PM ET,PHI,27.45
5107778184,MLB $100 Dime Time [Just $0.10!],189501938,$0.10,,,,,,,,,,,,SP,Jesus Luzardo (42557802),Jesus Luzardo,42557802,P,9700,PHI@SF 04/07/2026 09:45PM ET,PHI,23.65
5107778185,MLB $100 Dime Time [Just $0.10!],189501938,$0.10,,,,,,,,,,,,SP,Zack Wheeler (42557803),Zack Wheeler,42557803,P,9700,PHI@SF 04/07/2026 09:45PM ET,PHI,0
5107778186,MLB $100 Dime Time [Just $0.10!],189501938,$0.10,,,,,,,,,,,,SP,Chris Sale (42557805),Chris Sale,42557805,P,9600,ATL@LAA 04/07/2026 09:38PM ET,ATL,17.27
5107778187,MLB $100 Dime Time [Just $0.10!],189501938,$0.10,,,,,,,,,,,,SP,Kevin Gausman (42557241),Kevin Gausman,42557241,P,9500,LAD@TOR 04/07/2026 07:07PM ET,TOR,32.6
5107778188,MLB $100 Dime Time [Just $0.10!],189501938,$0.10,,,,,,,,,,,,SP,Dylan Cease (42557804),Dylan Cease,42557804,P,9500,LAD@TOR 04/07/2026 07:07PM ET,TOR,21.98
5107778189,MLB $100 Dime Time [Just $0.10!],189501938,$0.10,,,,,,,,,,,,SP,Bryan Woo (42557806),Bryan Woo,42557806,P,9400,SEA@TEX 04/07/2026 08:05PM ET,SEA,25.22
5107778190,MLB $100 Dime Time [Just $0.10!],189501938,$0.10,,,,,,,,,,,,SP,Logan Gilbert (42557807),Logan Gilbert,42557807,P,9400,SEA@TEX 04/07/2026 08:05PM ET,SEA,13.63
5107778191,MLB $100 Dime Time [Just $0.10!],189501938,$0.10,,,,,,,,,,,,SP,Yoshinobu Yamamoto (42557242),Yoshinobu Yamamoto,42557242,P,9200,LAD@TOR 04/07/2026 07:07PM ET,LAD,16.2
5107778192,MLB $100 Dime Time [Just $0.10!],189501938,$0.10,,,,,,,,,,,,SP,Tyler Glasnow (42557809),Tyler Glasnow,42557809,P,9200,LAD@TOR 04/07/2026 07:07PM ET,LAD,23.2
5107778193,MLB $100 Dime Time [Just $0.10!],189501938,$0.10,,,,,,,,,,,,SP,Blake Snell (42557810),Blake Snell,42557810,P,9200,LAD@TOR 04/07/2026 07:07PM ET,LAD,0
5107778194,MLB $100 Dime Time [Just $0.10!],189501938,$0.10,,,,,,,,,,,,SP,Chase Burns (42557808),Chase Burns,42557808,P,9100,CIN@MIA 04/07/2026 06:40PM ET,CIN,26.38
5107778195,MLB $100 Dime Time [Just $0.10!],189501938,$0.10,,,,,,,,,,,,SP,Paul Skenes (42557243),Paul Skenes,42557243,P,9000,SD@PIT 04/07/2026 06:40PM ET,PIT,4.78
5107778196,MLB $100 Dime Time [Just $0.10!],189501938,$0.10,,,,,,,,,,,,SP,Max Fried (42557811),Max Fried,42557811,P,9000,ATH@NYY 04/07/2026 07:05PM ET,NYY,21.6
5107778197,MLB $100 Dime Time [Just $0.10!],189501938,$0.10,,,,,,,,,,,,SP,Gerrit Cole (42557812),Gerrit Cole,42557812,P,9000,ATH@NYY 04/07/2026 07:05PM ET,NYY,0
5107778198,MLB $100 Dime Time [Just $0.10!],189501938,$0.10,,,,,,,,,,,,SP,Shane McClanahan (42557816),Shane McClanahan,42557816,P,8900,CHC@TB 04/07/2026 06:40PM ET,TB,11.75
5107778199,MLB $100 Dime Time [Just $0.10!],189501938,$0.10,,,,,,,,,,,,SP,Logan Webb (42557815),Logan Webb,42557815,P,8900,PHI@SF 04/07/2026 09:45PM ET,SF,12.97
5107781102,MLB SUPERSatellite to $2 MLB Pocket Cup MEGA Qualifier [5x],189502680,$0.01,,,,,,,,,,,,SP,Jacob deGrom (42557813),Jacob deGrom,42557813,P,8800,SEA@TEX 04/07/2026 08:05PM ET,TEX,17.48
5107781103,MLB SUPERSatellite to $2 MLB Pocket Cup MEGA Qualifier [5x],189502680,$0.01,,,,,,,,,,,,SP,MacKenzie Gore (42557814),MacKenzie Gore,42557814,P,8800,SEA@TEX 04/07/2026 08:05PM ET,TEX,22.15
5107781104,MLB SUPERSatellite to $2 MLB Pocket Cup MEGA Qualifier [5x],189502680,$0.01,,,,,,,,,,,,SP,Logan Henderson (42557817),Logan Henderson,42557817,P,8800,MIL@BOS 04/07/2026 06:45PM ET,MIL,4.1
5107781105,MLB SUPERSatellite to $2 MLB Pocket Cup MEGA Qualifier [5x],189502680,$0.01,,,,,,,,,,,,SP,Brandon Woodruff (42557818),Brandon Woodruff,42557818,P,8800,MIL@BOS 04/07/2026 06:45PM ET,MIL,14.8
5107781106,MLB SUPERSatellite to $2 MLB Pocket Cup MEGA Qualifier [5x],189502680,$0.01,,,,,,,,,,,,SP,Chad Patrick (42557819),Chad Patrick,42557819,P,8800,MIL@BOS 04/07/2026 06:45PM ET,MIL,14.6
5107781107,MLB SUPERSatellite to $2 MLB Pocket Cup MEGA Qualifier [5x],189502680,$0.01,,,,,,,,,,,,SP,Luis Castillo (42557822),Luis Castillo,42557822,P,8700,SEA@TEX 04/07/2026 08:05PM ET,SEA,14.98
5107781108,MLB SUPERSatellite to $2 MLB Pocket Cup MEGA Qualifier [5x],189502680,$0.01,,,,,,,,,,,,SP,Jacob Misiorowski (42557244),Jacob Misiorowski,42557244,P,8700,MIL@BOS 04/07/2026 06:45PM ET,MIL,25.78
5107781109,MLB SUPERSatellite to $2 MLB Pocket Cup MEGA Qualifier [5x],189502680,$0.01,,,,,,,,,,,,SP,Pablo Lopez (42557820),Pablo Lopez,42557820,P,8700,DET@MIN 04/07/2026 07:40PM ET,MIN,0
5107781110,MLB SUPERSatellite to $2 MLB Pocket Cup MEGA Qualifier [5x],189502680,$0.01,,,,,,,,,,,,SP,Andrew Painter (42557821),Andrew Painter,42557821,P,8700,PHI@SF 04/07/2026 09:45PM ET,PHI,12
5107781111,MLB SUPERSatellite to $2 MLB Pocket Cup MEGA Qualifier [5x],189502680,$0.01,,,,,,,,,,,,SP,Aaron Nola (42557823),Aaron Nola,42557823,P,8700,PHI@SF 04/07/2026 09:45PM ET,PHI,22.85
5107781112,MLB SUPERSatellite to $2 MLB Pocket Cup MEGA Qualifier [5x],189502680,$0.01,,,,,,,,,,,,RP,Spencer Strider (42557824),Spencer Strider,42557824,P,8600,ATL@LAA 04/07/2026 09:38PM ET,ATL,0
5107781113,MLB SUPERSatellite to $2 MLB Pocket Cup MEGA Qualifier [5x],189502680,$0.01,,,,,,,,,,,,SP,Spencer Schwellenbach (42557825),Spencer Schwellenbach,42557825,P,8600,ATL@LAA 04/07/2026 09:38PM ET,ATL,0
5107781114,MLB SUPERSatellite to $2 MLB Pocket Cup MEGA Qualifier [5x],189502680,$0.01,,,,,,,,,,,,SP,Connelly Early (42557831),Connelly Early,42557831,P,8500,MIL@BOS 04/07/2026 06:45PM ET,BOS,13.3
5107781115,MLB SUPERSatellite to $2 MLB Pocket Cup MEGA Qualifier [5x],189502680,$0.01,,,,,,,,,,,,SP,Sonny Gray (42557833),Sonny Gray,42557833,P,8500,MIL@BOS 04/07/2026 06:45PM ET,BOS,12.95
5107781116,MLB SUPERSatellite to $2 MLB Pocket Cup MEGA Qualifier [5x],189502680,$0.01,,,,,,,,,,,,SP,Ranger Suarez (42557834),Ranger Suarez,42557834,P,8500,MIL@BOS 04/07/2026 06:45PM ET,BOS,1.58
5107781117,MLB SUPERSatellite to $2 MLB Pocket Cup MEGA Qualifier [5x],189502680,$0.01,,,,,,,,,,,,SP,Edward Cabrera (42557826),Edward Cabrera,42557826,P,8500,CHC@TB 04/07/2026 06:40PM ET,CHC,21.72
5107781118,MLB SUPERSatellite to $2 MLB Pocket Cup MEGA Qualifier [5x],189502680,$0.01,,,,,,,,,,,,RP,Framber Valdez (42557827),Framber Valdez,42557827,P,8500,DET@MIN 04/07/2026 07:40PM ET,DET,20.6
5107781119,MLB SUPERSatellite to $2 MLB Pocket Cup MEGA Qualifier [5x],189502680,$0.01,,,,,,,,,,,,SP,Max Meyer (42557836),Max Meyer,42557836,P,8500,CIN@MIA 04/07/2026 06:40PM ET,MIA,12.98
5107781120,MLB SUPERSatellite to $2 MLB Pocket Cup MEGA Qualifier [5x],189502680,$0.01,,,,,,,,,,,,RP,Bubba Chandler (42557832),Bubba Chandler,42557832,P,8500,SD@PIT 04/07/2026 06:40PM ET,PIT,12.25
5107781121,MLB SUPERSatellite to $2 MLB Pocket Cup MEGA Qualifier [5x],189502680,$0.01,,,,,,,,,,,,SP,Cam Schlittler (42557245),Cam Schlittler,42557245,P,8500,ATH@NYY 04/07/2026 07:05PM ET,NYY,31.22
5107788655,MLB Satellite to $2 MLB Pocket Cup MEGA Qualifier,189503020,$0.01,,,,,,,,,,,,SP,Will Warren (42557828),Will Warren,42557828,P,8500,ATH@NYY 04/07/2026 07:05PM ET,NYY,15.95
5107788656,MLB Satellite to $2 MLB Pocket Cup MEGA Qualifier,189503020,$0.01,,,,,,,,,,,,SP,Carlos Rodon (42557829),Carlos Rodon,42557829,P,8500,ATH@NYY 04/07/2026 07:05PM ET,NYY,0
5107788657,MLB Satellite to $2 MLB Pocket Cup MEGA Qualifier,189503020,$0.01,,,,,,,,,,,,SP,Clarke Schmidt (42557830),Clarke Schmidt,42557830,P,8500,ATH@NYY 04/07/2026 07:05PM ET,NYY,0
5107798766,MLB Satellite to 4-9 $10 Golf Millionaire,189503309,$0.25,,,,,,,,,,,,SP,Luis Gil (42557835),Luis Gil,42557835,P,8500,ATH@NYY 04/07/2026 07:05PM ET,NYY,0
5107777928,MLB $300 Dime Time [Just $0.10!],189503419,$0.10,,,,,,,,,,,,SP,Hunter Brown (42557837),Hunter Brown,42557837,P,8400,HOU@COL 04/07/2026 08:40PM ET,HOU,26.7
5107777929,MLB $300 Dime Time [Just $0.10!],189503419,$0.10,,,,,,,,,,,,SP,Ronel Blanco (42557838),Ronel Blanco,42557838,P,8400,HOU@COL 04/07/2026 08:40PM ET,HOU,0
5107777930,MLB $300 Dime Time [Just $0.10!],189503419,$0.10,,,,,,,,,,,,RP,Kyle Harrison (42557839),Kyle Harrison,42557839,P,8300,MIL@BOS 04/07/2026 06:45PM ET,MIL,21.32
5107777931,MLB $300 Dime Time [Just $0.10!],189503419,$0.10,,,,,,,,,,,,SP,Sandy Alcantara (42557246),Sandy Alcantara,42557246,P,8300,CIN@MIA 04/07/2026 06:40PM ET,MIA,33.5
5107777932,MLB $300 Dime Time [Just $0.10!],189503419,$0.10,,,,,,,,,,,,SP,Roki Sasaki (42557842),Roki Sasaki,42557842,P,8200,LAD@TOR 04/07/2026 07:07PM ET,LAD,7.92
5107777933,MLB $300 Dime Time [Just $0.10!],189503419,$0.10,,,,,,,,,,,,SP,George Kirby (42557247),George Kirby,42557247,P,8200,SEA@TEX 04/07/2026 08:05PM ET,SEA,18.6
5107777934,MLB $300 Dime Time [Just $0.10!],189503419,$0.10,,,,,,,,,,,,SP,Joe Ryan (42557840),Joe Ryan,42557840,P,8200,DET@MIN 04/07/2026 07:40PM ET,MIN,14.95
5107777935,MLB $300 Dime Time [Just $0.10!],189503419,$0.10,,,,,,,,,,,,SP,Zebby Matthews (42557841),Zebby Matthews,42557841,P,8200,DET@MIN 04/07/2026 07:40PM ET,MIN,0
5107777936,MLB $300 Dime Time [Just $0.10!],189503419,$0.10,,,,,,,,,,,,SP,Cody Ponce (42557844),Cody Ponce,42557844,P,8000,LAD@TOR 04/07/2026 07:07PM ET,TOR,8.05
5107777937,MLB $300 Dime Time [Just $0.10!],189503419,$0.10,,,,,,,,,,,,SP,Max Scherzer (42557846),Max Scherzer,42557846,P,8000,LAD@TOR 04/07/2026 07:07PM ET,TOR,11.6
5107777938,MLB $300 Dime Time [Just $0.10!],189503419,$0.10,,,,,,,,,,,,SP,Trey Yesavage (42557847),Trey Yesavage,42557847,P,8000,LAD@TOR 04/07/2026 07:07PM ET,TOR,0
5107777939,MLB $300 Dime Time [Just $0.10!],189503419,$0.10,,,,,,,,,,,,RP,Eric Lauer (42557848),Eric Lauer,42557848,P,8000,LAD@TOR 04/07/2026 07:07PM ET,TOR,12.25
5107777940,MLB $300 Dime Time [Just $0.10!],189503419,$0.10,,,,,,,,,,,,SP,Jose Berrios (42557849),Jose Berrios,42557849,P,8000,LAD@TOR 04/07/2026 07:07PM ET,TOR,0
5107777941,MLB $300 Dime Time [Just $0.10!],189503419,$0.10,,,,,,,,,,,,SP,Shane Bieber (42557851),Shane Bieber,42557851,P,8000,LAD@TOR 04/07/2026 07:07PM ET,TOR,0
5107777942,MLB $300 Dime Time [Just $0.10!],189503419,$0.10,,,,,,,,,,,,SP,Shota Imanaga (42557843),Shota Imanaga,42557843,P,8000,CHC@TB 04/07/2026 06:40PM ET,CHC,13.65
5107777943,MLB $300 Dime Time [Just $0.10!],189503419,$0.10,,,,,,,,,,,,SP,Justin Steele (42557845),Justin Steele,42557845,P,8000,CHC@TB 04/07/2026 06:40PM ET,CHC,0
5107777944,MLB $300 Dime Time [Just $0.10!],189503419,$0.10,,,,,,,,,,,,SP,Eury Perez (42557850),Eury Perez,42557850,P,8000,CIN@MIA 04/07/2026 06:40PM ET,MIA,12.88
5107777945,MLB $300 Dime Time [Just $0.10!],189503419,$0.10,,,,,,,,,,,,SP,Robbie Ray (42557248),Robbie Ray,42557248,P,8000,PHI@SF 04/07/2026 09:45PM ET,SF,17.7
5107777946,MLB $300 Dime Time [Just $0.10!],189503419,$0.10,,,,,,,,,,,,RP,Landen Roupp (42557852),Landen Roupp,42557852,P,8000,PHI@SF 04/07/2026 09:45PM ET,SF,19.4
5107777947,MLB $300 Dime Time [Just $0.10!],189503419,$0.10,,,,,,,,,,,,SP,Nathan Eovaldi (42557249),Nathan Eovaldi,42557249,P,7800,SEA@TEX 04/07/2026 08:05PM ET,TEX,5.05
5107781509,MLB Satellite to 4-9 $10 Golf Millionaire,189504425,$0.25,,,,,,,,,,,,SP,Jack Leiter (42557853),Jack Leiter,42557853,P,7800,SEA@TEX 04/07/2026 08:05PM ET,TEX,25.08
5107788917,MLB Satellite to 4-9 $10 Golf Millionaire,189504653,$0.25,,,,,,,,,,,,SP,Kumar Rocker (42557854),Kumar Rocker,42557854,P,7800,SEA@TEX 04/07/2026 08:05PM ET,TEX,9.05
5107780807,MLB $300 Dime Time [Just $0.10!],189505025,$0.10,,,,,,,,,,,,SP,Logan Evans (42557855),Logan Evans,42557855,P,7700,SEA@TEX 04/07/2026 08:05PM ET,SEA,0
5107780808,MLB $300 Dime Time [Just $0.10!],189505025,$0.10,,,,,,,,,,,,SP,Marco Raya (42557861),Marco Raya,42557861,P,7700,DET@MIN 04/07/2026 07:40PM ET,MIN,0
5107780809,MLB $300 Dime Time [Just $0.10!],189505025,$0.10,,,,,,,,,,,,SP,Hunter Greene (42557856),Hunter Greene,42557856,P,7700,CIN@MIA 04/07/2026 06:40PM ET,CIN,0
5107780810,MLB $300 Dime Time [Just $0.10!],189505025,$0.10,,,,,,,,,,,,SP,Brady Singer (42557857),Brady Singer,42557857,P,7700,CIN@MIA 04/07/2026 06:40PM ET,CIN,10.62
5107780811,MLB $300 Dime Time [Just $0.10!],189505025,$0.10,,,,,,,,,,,,SP,Nick Lodolo (42557859),Nick Lodolo,42557859,P,7700,CIN@MIA 04/07/2026 06:40PM ET,CIN,0
5107780812,MLB $300 Dime Time [Just $0.10!],189505025,$0.10,,,,,,,,,,,,SP,Nick Pivetta (42557250),Nick Pivetta,42557250,P,7700,SD@PIT 04/07/2026 06:40PM ET,SD,13.1
5107780813,MLB $300 Dime Time [Just $0.10!],189505025,$0.10,,,,,,,,,,,,SP,Joe Musgrove (42557858),Joe Musgrove,42557858,P,7700,SD@PIT 04/07/2026 06:40PM ET,SD,0
5107780814,MLB $300 Dime Time [Just $0.10!],189505025,$0.10,,,,,,,,,,,,RP,Michael King (42557860),Michael King,42557860,P,7700,SD@PIT 04/07/2026 06:40PM ET,SD,14.8
5107780815,MLB $300 Dime Time [Just $0.10!],189505025,$0.10,,,,,,,,,,,,SP,Brayan Bello (42557869),Brayan Bello,42557869,P,7500,MIL@BOS 04/07/2026 06:45PM ET,BOS,2
5107780816,MLB $300 Dime Time [Just $0.10!],189505025,$0.10,,,,,,,,,,,,SP,Matthew Boyd (42557862),Matthew Boyd,42557862,P,7500,CHC@TB 04/07/2026 06:40PM ET,CHC,19.2
5107780817,MLB $300 Dime Time [Just $0.10!],189505025,$0.10,,,,,,,,,,,,SP,Cade Horton (42557865),Cade Horton,42557865,P,7500,CHC@TB 04/07/2026 06:40PM ET,CHC,10.45
5107780818,MLB $300 Dime Time [Just $0.10!],189505025,$0.10,,,,,,,,,,,,SP,Jack Flaherty (42557864),Jack Flaherty,42557864,P,7500,DET@MIN 04/07/2026 07:40PM ET,DET,4.98
5107780819,MLB $300 Dime Time [Just $0.10!],189505025,$0.10,,,,,,,,,,,,SP,Reese Olson (42557866),Reese Olson,42557866,P,7500,DET@MIN 04/07/2026 07:40PM ET,DET,0
5107780820,MLB $300 Dime Time [Just $0.10!],189505025,$0.10,,,,,,,,,,,,SP,Justin Verlander (42557867),Justin Verlander,42557867,P,7500,DET@MIN 04/07/2026 07:40PM ET,DET,-4.55
5107780821,MLB $300 Dime Time [Just $0.10!],189505025,$0.10,,,,,,,,,,,,SP,Casey Mize (42557868),Casey Mize,42557868,P,7500,DET@MIN 04/07/2026 07:40PM ET,DET,13.82
5107780822,MLB $300 Dime Time [Just $0.10!],189505025,$0.10,,,,,,,,,,,,SP,Jared Jones (42557870),Jared Jones,42557870,P,7500,SD@PIT 04/07/2026 06:40PM ET,PIT,0
5107780823,MLB $300 Dime Time [Just $0.10!],189505025,$0.10,,,,,,,,,,,,RP,Braxton Ashcraft (42557871),Braxton Ashcraft,42557871,P,7500,SD@PIT 04/07/2026 06:40PM ET,PIT,19.9
5107780824,MLB $300 Dime Time [Just $0.10!],189505025,$0.10,,,,,,,,,,,,SP,Mitch Keller (42557872),Mitch Keller,42557872,P,7500,SD@PIT 04/07/2026 06:40PM ET,PIT,16.6
5107780825,MLB $300 Dime Time [Just $0.10!],189505025,$0.10,,,,,,,,,,,,SP,Reynaldo Lopez (42557251),Reynaldo Lopez,42557251,P,7500,ATL@LAA 04/07/2026 09:38PM ET,ATL,15.38
5107780826,MLB $300 Dime Time [Just $0.10!],189505025,$0.10,,,,,,,,,,,,RP,AJ Smith-Shawver (42557863),AJ Smith-Shawver,42557863,P,7500,ATL@LAA 04/07/2026 09:38PM ET,ATL,0
,,,,,,,,,,,,,,,SP,Bryce Elder (42557873),Bryce Elder,42557873,P,7500,ATL@LAA 04/07/2026 09:38PM ET,ATL,26.32
,,,,,,,,,,,,,,,SP,Lance McCullers Jr. (42557874),Lance McCullers Jr.,42557874,P,7400,HOU@COL 04/07/2026 08:40PM ET,HOU,19.48
,,,,,,,,,,,,,,,SP,Spencer Arrighetti (42557875),Spencer Arrighetti,42557875,P,7400,HOU@COL 04/07/2026 08:40PM ET,HOU,0
,,,,,,,,,,,,,,,SP,Tatsuya Imai (42557876),Tatsuya Imai,42557876,P,7400,HOU@COL 04/07/2026 08:40PM ET,HOU,16.48
,,,,,,,,,,,,,,,SP,Brandon Walter (42557877),Brandon Walter,42557877,P,7400,HOU@COL 04/07/2026 08:40PM ET,HOU,0
,,,,,,,,,,,,,,,RP,Shane Drohan (42557881),Shane Drohan,42557881,P,7300,MIL@BOS 04/07/2026 06:45PM ET,MIL,0
,,,,,,,,,,,,,,,RP,Jake Woodford (42557882),Jake Woodford,42557882,P,7300,MIL@BOS 04/07/2026 06:45PM ET,MIL,7.78
,,,,,,,,,,,,,,,SP,Brandon Sproat (42557883),Brandon Sproat,42557883,P,7300,MIL@BOS 04/07/2026 06:45PM ET,MIL,-1.6
,,,,,,,,,,,,,,,SP,Quinn Priester (42557884),Quinn Priester,42557884,P,7300,MIL@BOS 04/07/2026 06:45PM ET,MIL,0
,,,,,,,,,,,,,,,RP,Joe Boyle (42557878),Joe Boyle,42557878,P,7300,CHC@TB 04/07/2026 06:40PM ET,TB,18.75
,,,,,,,,,,,,,,,SP,Ryan Pepiot (42557879),Ryan Pepiot,42557879,P,7300,CHC@TB 04/07/2026 06:40PM ET,TB,0
,,,,,,,,,,,,,,,RP,Ian Seymour (42557880),Ian Seymour,42557880,P,7300,CHC@TB 04/07/2026 06:40PM ET,TB,-0.1
,,,,,,,,,,,,,,,SP,Taj Bradley (42557252),Taj Bradley,42557252,P,7300,DET@MIN 04/07/2026 07:40PM ET,MIN,21.02
,,,,,,,,,,,,,,,SP,Dustin May (42557891),Dustin May,42557891,P,7200,STL@WSH 04/07/2026 06:45PM ET,STL,-4.05
,,,,,,,,,,,,,,,SP,Michael McGreevy (42557892),Michael McGreevy,42557892,P,7200,STL@WSH 04/07/2026 06:45PM ET,STL,15.3
,,,,,,,,,,,,,,,RP,Andre Pallante (42557893),Andre Pallante,42557893,P,7200,STL@WSH 04/07/2026 06:45PM ET,STL,12.35
,,,,,,,,,,,,,,,RP,Matt Bowman (42557886),Matt Bowman,42557886,P,7200,DET@MIN 04/07/2026 07:40PM ET,MIN,0
,,,,,,,,,,,,,,,SP,Mick Abel (42557887),Mick Abel,42557887,P,7200,DET@MIN 04/07/2026 07:40PM ET,MIN,-0.65
,,,,,,,,,,,,,,,SP,Bailey Ober (42557894),Bailey Ober,42557894,P,7200,DET@MIN 04/07/2026 07:40PM ET,MIN,4.7
,,,,,,,,,,,,,,,SP,Simeon Woods Richardson (42557895),Simeon Woods Richardson,42557895,P,7200,DET@MIN 04/07/2026 07:40PM ET,MIN,12.22
,,,,,,,,,,,,,,,SP,David Festa (42557896),David Festa,42557896,P,7200,DET@MIN 04/07/2026 07:40PM ET,MIN,0
,,,,,,,,,,,,,,,SP,Walker Buehler (42557888),Walker Buehler,42557888,P,7200,SD@PIT 04/07/2026 06:40PM ET,SD,3.3
,,,,,,,,,,,,,,,SP,Reid Detmers (42557885),Reid Detmers,42557885,P,7200,ATL@LAA 04/07/2026 09:38PM ET,LAA,18.55
,,,,,,,,,,,,,,,RP,Jose Soriano (42557889),Jose Soriano,42557889,P,7200,ATL@LAA 04/07/2026 09:38PM ET,LAA,29.73
,,,,,,,,,,,,,,,SP,Jack Kochanowicz (42557890),Jack Kochanowicz,42557890,P,7200,ATL@LAA 04/07/2026 09:38PM ET,LAA,13.38
,,,,,,,,,,,,,,,SP,Jameson Taillon (42557900),Jameson Taillon,42557900,P,7000,CHC@TB 04/07/2026 06:40PM ET,CHC,12.1
,,,,,,,,,,,,,,,SP,Andrew Abbott (42557253),Andrew Abbott,42557253,P,7000,CIN@MIA 04/07/2026 06:40PM ET,CIN,13.32
,,,,,,,,,,,,,,,RP,Janson Junk (42557901),Janson Junk,42557901,P,7000,CIN@MIA 04/07/2026 06:40PM ET,MIA,12.92
,,,,,,,,,,,,,,,SP,Braxton Garrett (42557903),Braxton Garrett,42557903,P,7000,CIN@MIA 04/07/2026 06:40PM ET,MIA,0
,,,,,,,,,,,,,,,SP,Dax Fulton (42557904),Dax Fulton,42557904,P,7000,CIN@MIA 04/07/2026 06:40PM ET,MIA,0
,,,,,,,,,,,,,,,SP,Adam Mazur (42557905),Adam Mazur,42557905,P,7000,CIN@MIA 04/07/2026 06:40PM ET,MIA,0
,,,,,,,,,,,,,,,SP,Chris Paddack (42557906),Chris Paddack,42557906,P,7000,CIN@MIA 04/07/2026 06:40PM ET,MIA,6.95
,,,,,,,,,,,,,,,RP,Ryan Gusto (42557907),Ryan Gusto,42557907,P,7000,CIN@MIA 04/07/2026 06:40PM ET,MIA,0
,,,,,,,,,,,,,,,RP,Ryan Weathers (42557897),Ryan Weathers,42557897,P,7000,ATH@NYY 04/07/2026 07:05PM ET,NYY,11.5
,,,,,,,,,,,,,,,RP,Ryan Yarbrough (42557902),Ryan Yarbrough,42557902,P,7000,ATH@NYY 04/07/2026 07:05PM ET,NYY,5.4
,,,,,,,,,,,,,,,SP,Carson Whisenhunt (42557898),Carson Whisenhunt,42557898,P,7000,PHI@SF 04/07/2026 09:45PM ET,SF,0
,,,,,,,,,,,,,,,SP,Tyler Mahle (42557899),Tyler Mahle,42557899,P,7000,PHI@SF 04/07/2026 09:45PM ET,SF,7.32
,,,,,,,,,,,,,,,RP,Cody Bradford (42557910),Cody Bradford,42557910,P,6800,SEA@TEX 04/07/2026 08:05PM ET,TEX,0
,,,,,,,,,,,,,,,SP,Jordan Montgomery (42557911),Jordan Montgomery,42557911,P,6800,SEA@TEX 04/07/2026 08:05PM ET,TEX,0
,,,,,,,,,,,,,,,RP,Jakob Junis (42557912),Jakob Junis,42557912,P,6800,SEA@TEX 04/07/2026 08:05PM ET,TEX,4.06
,,,,,,,,,,,,,,,RP,Jacob Latz (42557913),Jacob Latz,42557913,P,6800,SEA@TEX 04/07/2026 08:05PM ET,TEX,6.64
,,,,,,,,,,,,,,,SP,Drew Rasmussen (42557254),Drew Rasmussen,42557254,P,6800,CHC@TB 04/07/2026 06:40PM ET,TB,17.15
,,,,,,,,,,,,,,,SP,Steven Matz (42557908),Steven Matz,42557908,P,6800,CHC@TB 04/07/2026 06:40PM ET,TB,18.08
,,,,,,,,,,,,,,,RP,Nick Martinez (42557909),Nick Martinez,42557909,P,6800,CHC@TB 04/07/2026 06:40PM ET,TB,15.1
,,,,,,,,,,,,,,,SP,Emmet Sheehan (42557919),Emmet Sheehan,42557919,P,6700,LAD@TOR 04/07/2026 07:07PM ET,LAD,7.02
,,,,,,,,,,,,,,,SP,Gavin Stone (42557923),Gavin Stone,42557923,P,6700,LAD@TOR 04/07/2026 07:07PM ET,LAD,0
,,,,,,,,,,,,,,,SP,River Ryan (42557924),River Ryan,42557924,P,6700,LAD@TOR 04/07/2026 07:07PM ET,LAD,0
,,,,,,,,,,,,,,,SP,Bobby Miller (42557925),Bobby Miller,42557925,P,6700,LAD@TOR 04/07/2026 07:07PM ET,LAD,0
,,,,,,,,,,,,,,,RP,Cooper Criswell (42557915),Cooper Criswell,42557915,P,6700,SEA@TEX 04/07/2026 08:05PM ET,SEA,5.24
,,,,,,,,,,,,,,,SP,Bryce Miller (42557918),Bryce Miller,42557918,P,6700,SEA@TEX 04/07/2026 08:05PM ET,SEA,0
,,,,,,,,,,,,,,,SP,Emerson Hancock (42557927),Emerson Hancock,42557927,P,6700,SEA@TEX 04/07/2026 08:05PM ET,SEA,26.85
,,,,,,,,,,,,,,,SP,Brandon Williamson (42557916),Brandon Williamson,42557916,P,6700,CIN@MIA 04/07/2026 06:40PM ET,CIN,12.15
,,,,,,,,,,,,,,,SP,Rhett Lowder (42557917),Rhett Lowder,42557917,P,6700,CIN@MIA 04/07/2026 06:40PM ET,CIN,18.38
,,,,,,,,,,,,,,,SP,Chase Petty (42557920),Chase Petty,42557920,P,6700,CIN@MIA 04/07/2026 06:40PM ET,CIN,0
,,,,,,,,,,,,,,,SP,Randy Vasquez (42557922),Randy Vasquez,42557922,P,6700,SD@PIT 04/07/2026 06:40PM ET,SD,21.9
,,,,,,,,,,,,,,,SP,Aaron Civale (42557255),Aaron Civale,42557255,P,6700,ATH@NYY 04/07/2026 07:05PM ET,ATH,14.25
,,,,,,,,,,,,,,,SP,Luis Morales (42557914),Luis Morales,42557914,P,6700,ATH@NYY 04/07/2026 07:05PM ET,ATH,-3.35
,,,,,,,,,,,,,,,RP,Jacob Lopez (42557921),Jacob Lopez,42557921,P,6700,ATH@NYY 04/07/2026 07:05PM ET,ATH,3.68
,,,,,,,,,,,,,,,RP,Jack Perkins (42557926),Jack Perkins,42557926,P,6700,ATH@NYY 04/07/2026 07:05PM ET,ATH,0
,,,,,,,,,,,,,,,SP,Joey Estes (42557928),Joey Estes,42557928,P,6700,ATH@NYY 04/07/2026 07:05PM ET,ATH,0
,,,,,,,,,,,,,,,RP,J.T. Ginn (42557929),J.T. Ginn,42557929,P,6700,ATH@NYY 04/07/2026 07:05PM ET,ATH,3.65
,,,,,,,,,,,,,,,SP,Luis Medina (42557930),Luis Medina,42557930,P,6700,ATH@NYY 04/07/2026 07:05PM ET,ATH,5.18
,,,,,,,,,,,,,,,SP,Gunnar Hoglund (42557931),Gunnar Hoglund,42557931,P,6700,ATH@NYY 04/07/2026 07:05PM ET,ATH,0
,,,,,,,,,,,,,,,RP,Jeffrey Springs (42557932),Jeffrey Springs,42557932,P,6700,ATH@NYY 04/07/2026 07:05PM ET,ATH,17.45
,,,,,,,,,,,,,,,SP,Luis Severino (42557933),Luis Severino,42557933,P,6700,ATH@NYY 04/07/2026 07:05PM ET,ATH,8.88
,,,,,,,,,,,,,,,RP,Hogan Harris (42557934),Hogan Harris,42557934,P,6700,ATH@NYY 04/07/2026 07:05PM ET,ATH,1.92
,,,,,,,,,,,,,,,RP,Carmen Mlodzinski (42557945),Carmen Mlodzinski,42557945,P,6600,SD@PIT 04/07/2026 06:40PM ET,PIT,14.92
,,,,,,,,,,,,,,,SP,Keaton Winn (42557935),Keaton Winn,42557935,P,6600,PHI@SF 04/07/2026 09:45PM ET,SF,2.83
,,,,,,,,,,,,,,,RP,Carson Seymour (42557936),Carson Seymour,42557936,P,6600,PHI@SF 04/07/2026 09:45PM ET,SF,0
,,,,,,,,,,,,,,,RP,Jose Butto (42557937),Jose Butto,42557937,P,6600,PHI@SF 04/07/2026 09:45PM ET,SF,-0.5
,,,,,,,,,,,,,,,SP,Dylan Smith (42557938),Dylan Smith,42557938,P,6600,PHI@SF 04/07/2026 09:45PM ET,SF,0
,,,,,,,,,,,,,,,RP,Tristan Beck (42557939),Tristan Beck,42557939,P,6600,PHI@SF 04/07/2026 09:45PM ET,SF,0
,,,,,,,,,,,,,,,RP,Spencer Bivens (42557940),Spencer Bivens,42557940,P,6600,PHI@SF 04/07/2026 09:45PM ET,SF,0
,,,,,,,,,,,,,,,RP,Hayden Birdsong (42557941),Hayden Birdsong,42557941,P,6600,PHI@SF 04/07/2026 09:45PM ET,SF,0
,,,,,,,,,,,,,,,RP,JT Brubaker (42557942),JT Brubaker,42557942,P,6600,PHI@SF 04/07/2026 09:45PM ET,SF,2.48
,,,,,,,,,,,,,,,SP,Adrian Houser (42557943),Adrian Houser,42557943,P,6600,PHI@SF 04/07/2026 09:45PM ET,SF,9.35
,,,,,,,,,,,,,,,SP,Blade Tidwell (42557944),Blade Tidwell,42557944,P,6600,PHI@SF 04/07/2026 09:45PM ET,SF,7.6
,,,,,,,,,,,,,,,SP,Foster Griffin (42557965),Foster Griffin,42557965,P,6500,STL@WSH 04/07/2026 06:45PM ET,WSH,17.05
,,,,,,,,,,,,,,,SP,Tanner Houck (42557955),Tanner Houck,42557955,P,6500,MIL@BOS 04/07/2026 06:45PM ET,BOS,0
,,,,,,,,,,,,,,,SP,Patrick Sandoval (42557956),Patrick Sandoval,42557956,P,6500,MIL@BOS 04/07/2026 06:45PM ET,BOS,0
,,,,,,,,,,,,,,,SP,Kutter Crawford (42557957),Kutter Crawford,42557957,P,6500,MIL@BOS 04/07/2026 06:45PM ET,BOS,0
,,,,,,,,,,,,,,,SP,Payton Tolle (42557958),Payton Tolle,42557958,P,6500,MIL@BOS 04/07/2026 06:45PM ET,BOS,0
,,,,,,,,,,,,,,,SP,Johan Oviedo (42557960),Johan Oviedo,42557960,P,6500,MIL@BOS 04/07/2026 06:45PM ET,BOS,1.45
,,,,,,,,,,,,,,,SP,Javier Assad (42557256),Javier Assad,42557256,P,6500,CHC@TB 04/07/2026 06:40PM ET,CHC,0
,,,,,,,,,,,,,,,RP,Ben Brown (42557946),Ben Brown,42557946,P,6500,CHC@TB 04/07/2026 06:40PM ET,CHC,7.17
,,,,,,,,,,,,,,,SP,Troy Melton (42557947),Troy Melton,42557947,P,6500,DET@MIN 04/07/2026 07:40PM ET,DET,0
,,,,,,,,,,,,,,,SP,Keider Montero (42557948),Keider Montero,42557948,P,6500,DET@MIN 04/07/2026 07:40PM ET,DET,9.35
,,,,,,,,,,,,,,,SP,Jackson Jobe (42557949),Jackson Jobe,42557949,P,6500,DET@MIN 04/07/2026 07:40PM ET,DET,0
,,,,,,,,,,,,,,,OF,Yordan Alvarez (42557262),Yordan Alvarez,42557262,OF,6500,HOU@COL 04/07/2026 08:40PM ET,HOU,13.18
,,,,,,,,,,,,,,,SP,Ryan Feltner (42557968),Ryan Feltner,42557968,P,6500,HOU@COL 04/07/2026 08:40PM ET,COL,9.08
,,,,,,,,,,,,,,,SP,Tomoyuki Sugano (42557969),Tomoyuki Sugano,42557969,P,6500,HOU@COL 04/07/2026 08:40PM ET,COL,18.3
,,,,,,,,,,,,,,,SP,Antwone Kelly (42557961),Antwone Kelly,42557961,P,6500,SD@PIT 04/07/2026 06:40PM ET,PIT,0
,,,,,,,,,,,,,,,SP,Hunter Barco (42557962),Hunter Barco,42557962,P,6500,SD@PIT 04/07/2026 06:40PM ET,PIT,1.4
,,,,,,,,,,,,,,,SP,Jose Urquidy (42557963),Jose Urquidy,42557963,P,6500,SD@PIT 04/07/2026 06:40PM ET,PIT,5.48
,,,,,,,,,,,,,,,SP,Thomas Harrington (42557964),Thomas Harrington,42557964,P,6500,SD@PIT 04/07/2026 06:40PM ET,PIT,0
,,,,,,,,,,,,,,,RP,Joey Wentz (42557950),Joey Wentz,42557950,P,6500,ATL@LAA 04/07/2026 09:38PM ET,ATL,0
,,,,,,,,,,,,,,,RP,Grant Holmes (42557951),Grant Holmes,42557951,P,6500,ATL@LAA 04/07/2026 09:38PM ET,ATL,14.08
,,,,,,,,,,,,,,,SP,Hurston Waldrep (42557952),Hurston Waldrep,42557952,P,6500,ATL@LAA 04/07/2026 09:38PM ET,ATL,0
,,,,,,,,,,,,,,,RP,Jose Suarez (42557953),Jose Suarez,42557953,P,6500,ATL@LAA 04/07/2026 09:38PM ET,ATL,7.45
,,,,,,,,,,,,,,,RP,Didier Fuentes (42557954),Didier Fuentes,42557954,P,6500,ATL@LAA 04/07/2026 09:38PM ET,ATL,13.2
,,,,,,,,,,,,,,,RP,Victor Mederos (42557959),Victor Mederos,42557959,P,6500,ATL@LAA 04/07/2026 09:38PM ET,ATL,0
,,,,,,,,,,,,,,,RP,Martin Perez (42557966),Martin Perez,42557966,P,6500,ATL@LAA 04/07/2026 09:38PM ET,ATL,8.1
,,,,,,,,,,,,,,,RP,Osvaldo Bido (42557967),Osvaldo Bido,42557967,P,6500,ATL@LAA 04/07/2026 09:38PM ET,ATL,7.5
,,,,,,,,,,,,,,,1B/OF,Shohei Ohtani (42557263),Shohei Ohtani,42557263,1B/OF,6400,LAD@TOR 04/07/2026 07:07PM ET,LAD,10
,,,,,,,,,,,,,,,SP,Matthew Liberatore (42557257),Matthew Liberatore,42557257,P,6300,STL@WSH 04/07/2026 06:45PM ET,STL,10.48
,,,,,,,,,,,,,,,SP,Coleman Crow (42557970),Coleman Crow,42557970,P,6300,MIL@BOS 04/07/2026 06:45PM ET,MIL,0
,,,,,,,,,,,,,,,SP,Robert Gasser (42557971),Robert Gasser,42557971,P,6300,MIL@BOS 04/07/2026 06:45PM ET,MIL,0
,,,,,,,,,,,,,,,OF,Aaron Judge (42557265),Aaron Judge,42557265,OF,6300,ATH@NYY 04/07/2026 07:05PM ET,NYY,10.33
,,,,,,,,,,,,,,,SP,Brycen Mautz (42557979),Brycen Mautz,42557979,P,6200,STL@WSH 04/07/2026 06:45PM ET,STL,0
,,,,,,,,,,,,,,,SP,Tekoah Roby (42557980),Tekoah Roby,42557980,P,6200,STL@WSH 04/07/2026 06:45PM ET,STL,0
,,,,,,,,,,,,,,,RP,Gordon Graceffo (42557981),Gordon Graceffo,42557981,P,6200,STL@WSH 04/07/2026 06:45PM ET,STL,2.93
,,,,,,,,,,,,,,,SP,Hunter Dobbins (42557986),Hunter Dobbins,42557986,P,6200,STL@WSH 04/07/2026 06:45PM ET,STL,0
,,,,,,,,,,,,,,,RP,Kyle Leahy (42557987),Kyle Leahy,42557987,P,6200,STL@WSH 04/07/2026 06:45PM ET,STL,6.85
,,,,,,,,,,,,,,,SP,Richard Fitts (42557988),Richard Fitts,42557988,P,6200,STL@WSH 04/07/2026 06:45PM ET,STL,0
,,,,,,,,,,,,,,,RP,Jhony Brito (42557989),Jhony Brito,42557989,P,6200,SD@PIT 04/07/2026 06:40PM ET,SD,0
,,,,,,,,,,,,,,,SP,Kyle Hart (42557990),Kyle Hart,42557990,P,6200,SD@PIT 04/07/2026 06:40PM ET,SD,4.27
,,,,,,,,,,,,,,,SP,JP Sears (42557991),JP Sears,42557991,P,6200,SD@PIT 04/07/2026 06:40PM ET,SD,0
,,,,,,,,,,,,,,,SP,German Marquez (42557992),German Marquez,42557992,P,6200,SD@PIT 04/07/2026 06:40PM ET,SD,7.2
,,,,,,,,,,,,,,,SP,Griffin Canning (42557993),Griffin Canning,42557993,P,6200,SD@PIT 04/07/2026 06:40PM ET,SD,0
,,,,,,,,,,,,,,,SP,Matt Waldron (42557994),Matt Waldron,42557994,P,6200,SD@PIT 04/07/2026 06:40PM ET,SD,0
,,,,,,,,,,,,,,,SP,Yusei Kikuchi (42557258),Yusei Kikuchi,42557258,P,6200,ATL@LAA 04/07/2026 09:38PM ET,LAA,6.18
,,,,,,,,,,,,,,,SP,Mitch Farris (42557972),Mitch Farris,42557972,P,6200,ATL@LAA 04/07/2026 09:38PM ET,LAA,0
,,,,,,,,,,,,,,,SP,Alek Manoah (42557973),Alek Manoah,42557973,P,6200,ATL@LAA 04/07/2026 09:38PM ET,LAA,0
,,,,,,,,,,,,,,,SP,Grayson Rodriguez (42557974),Grayson Rodriguez,42557974,P,6200,ATL@LAA 04/07/2026 09:38PM ET,LAA,0
,,,,,,,,,,,,,,,SP,Chase Silseth (42557975),Chase Silseth,42557975,P,6200,ATL@LAA 04/07/2026 09:38PM ET,LAA,2.52
,,,,,,,,,,,,,,,RP,Sam Aldegheri (42557976),Sam Aldegheri,42557976,P,6200,ATL@LAA 04/07/2026 09:38PM ET,LAA,0
,,,,,,,,,,,,,,,SP,Caden Dana (42557977),Caden Dana,42557977,P,6200,ATL@LAA 04/07/2026 09:38PM ET,LAA,0
,,,,,,,,,,,,,,,RP,Ryan Johnson (42557978),Ryan Johnson,42557978,P,6200,ATL@LAA 04/07/2026 09:38PM ET,LAA,-7.1
,,,,,,,,,,,,,,,SP,George Klassen (42557995),George Klassen,42557995,P,6200,ATL@LAA 04/07/2026 09:38PM ET,LAA,5.2
,,,,,,,,,,,,,,,OF,Kyle Schwarber (42557266),Kyle Schwarber,42557266,OF,6200,PHI@SF 04/07/2026 09:45PM ET,PHI,8.7
,,,,,,,,,,,,,,,SP,Yoniel Curet (42557982),Yoniel Curet,42557982,P,6200,PHI@SF 04/07/2026 09:45PM ET,PHI,0
,,,,,,,,,,,,,,,SP,Alex McFarlane (42557983),Alex McFarlane,42557983,P,6200,PHI@SF 04/07/2026 09:45PM ET,PHI,0
,,,,,,,,,,,,,,,RP,Seth Johnson (42557984),Seth Johnson,42557984,P,6200,PHI@SF 04/07/2026 09:45PM ET,PHI,0
,,,,,,,,,,,,,,,RP,Jonathan Bowlan (42557985),Jonathan Bowlan,42557985,P,6200,PHI@SF 04/07/2026 09:45PM ET,PHI,2.85
,,,,,,,,,,,,,,,SP,DJ Herz (42558003),DJ Herz,42558003,P,6000,STL@WSH 04/07/2026 06:45PM ET,WSH,0
,,,,,,,,,,,,,,,SP,Josiah Gray (42558004),Josiah Gray,42558004,P,6000,STL@WSH 04/07/2026 06:45PM ET,WSH,0
,,,,,,,,,,,,,,,SP,Jackson Rutledge (42558005),Jackson Rutledge,42558005,P,6000,STL@WSH 04/07/2026 06:45PM ET,WSH,0
,,,,,,,,,,,,,,,SP,Mitchell Parker (42558006),Mitchell Parker,42558006,P,6000,STL@WSH 04/07/2026 06:45PM ET,WSH,0
,,,,,,,,,,,,,,,RP,Brad Lord (42558007),Brad Lord,42558007,P,6000,STL@WSH 04/07/2026 06:45PM ET,WSH,4.23
,,,,,,,,,,,,,,,SP,Andrew Alvarez (42558008),Andrew Alvarez,42558008,P,6000,STL@WSH 04/07/2026 06:45PM ET,WSH,0
,,,,,,,,,,,,,,,SP,Trevor Williams (42558009),Trevor Williams,42558009,P,6000,STL@WSH 04/07/2026 06:45PM ET,WSH,0
,,,,,,,,,,,,,,,SP,Miles Mikolas (42558010),Miles Mikolas,42558010,P,6000,STL@WSH 04/07/2026 06:45PM ET,WSH,-2.8
,,,,,,,,,,,,,,,SP,Jake Irvin (42558011),Jake Irvin,42558011,P,6000,STL@WSH 04/07/2026 06:45PM ET,WSH,10.92
,,,,,,,,,,,,,,,RP,Zack Littell (42558012),Zack Littell,42558012,P,6000,STL@WSH 04/07/2026 06:45PM ET,WSH,9.75
,,,,,,,,,,,,,,,OF,Kyle Tucker (42557267),Kyle Tucker,42557267,OF,6000,LAD@TOR 04/07/2026 07:07PM ET,LAD,10.2
,,,,,,,,,,,,,,,SP,Mike Burrows (42557259),Mike Burrows,42557259,P,6000,HOU@COL 04/07/2026 08:40PM ET,HOU,13
,,,,,,,,,,,,,,,SP,AJ Blubaugh (42557996),AJ Blubaugh,42557996,P,6000,HOU@COL 04/07/2026 08:40PM ET,HOU,4.78
,,,,,,,,,,,,,,,RP,Nate Pearson (42557997),Nate Pearson,42557997,P,6000,HOU@COL 04/07/2026 08:40PM ET,HOU,0
,,,,,,,,,,,,,,,SP,Colton Gordon (42557998),Colton Gordon,42557998,P,6000,HOU@COL 04/07/2026 08:40PM ET,HOU,0
,,,,,,,,,,,,,,,RP,Jason Alexander (42557999),Jason Alexander,42557999,P,6000,HOU@COL 04/07/2026 08:40PM ET,HOU,0
,,,,,,,,,,,,,,,RP,Hayden Wesneski (42558000),Hayden Wesneski,42558000,P,6000,HOU@COL 04/07/2026 08:40PM ET,HOU,0
,,,,,,,,,,,,,,,SP,Cristian Javier (42558001),Cristian Javier,42558001,P,6000,HOU@COL 04/07/2026 08:40PM ET,HOU,-5.92
,,,,,,,,,,,,,,,RP,Ryan Weiss (42558002),Ryan Weiss,42558002,P,6000,HOU@COL 04/07/2026 08:40PM ET,HOU,4.32
,,,,,,,,,,,,,,,1B,Vladimir Guerrero Jr. (42557268),Vladimir Guerrero Jr.,42557268,1B,5900,LAD@TOR 04/07/2026 07:07PM ET,TOR,6.6
,,,,,,,,,,,,,,,SP,Patrick Corbin (42558013),Patrick Corbin,42558013,P,5800,LAD@TOR 04/07/2026 07:07PM ET,TOR,0
,,,,,,,,,,,,,,,SS,Elly De La Cruz (42557269),Elly De La Cruz,42557269,SS,5800,CIN@MIA 04/07/2026 06:40PM ET,CIN,9.1
,,,,,,,,,,,,,,,SP,Cade Cavalli (42557260),Cade Cavalli,42557260,P,5700,STL@WSH 04/07/2026 06:45PM ET,WSH,11.38
,,,,,,,,,,,,,,,RP,Jared Shuster (42558017),Jared Shuster,42558017,P,5700,STL@WSH 04/07/2026 06:45PM ET,STL,0
,,,,,,,,,,,,,,,SP,Landon Knack (42558015),Landon Knack,42558015,P,5700,LAD@TOR 04/07/2026 07:07PM ET,LAD,0
,,,,,,,,,,,,,,,SP,Justin Wrobleski (42558016),Justin Wrobleski,42558016,P,5700,LAD@TOR 04/07/2026 07:07PM ET,LAD,8.82
,,,,,,,,,,,,,,,OF,Ronald Acuna Jr. (42557270),Ronald Acuna Jr.,42557270,OF,5700,ATL@LAA 04/07/2026 09:38PM ET,ATL,4.82
,,,,,,,,,,,,,,,SP,Taijuan Walker (42558014),Taijuan Walker,42558014,P,5700,PHI@SF 04/07/2026 09:45PM ET,PHI,0.28
,,,,,,,,,,,,,,,3B,Junior Caminero (42557271),Junior Caminero,42557271,3B,5600,CHC@TB 04/07/2026 06:40PM ET,TB,7.6
,,,,,,,,,,,,,,,OF,Pete Crow-Armstrong (42557273),Pete Crow-Armstrong,42557273,OF,5500,CHC@TB 04/07/2026 06:40PM ET,CHC,6.1
,,,,,,,,,,,,,,,RP,Colin Rea (42558018),Colin Rea,42558018,P,5500,CHC@TB 04/07/2026 06:40PM ET,CHC,9.42
,,,,,,,,,,,,,,,SP,Kyle Freeland (42557261),Kyle Freeland,42557261,P,5500,HOU@COL 04/07/2026 08:40PM ET,COL,10.7
,,,,,,,,,,,,,,,2B,Jose Altuve (42557272),Jose Altuve,42557272,2B,5500,HOU@COL 04/07/2026 08:40PM ET,HOU,11.73
,,,,,,,,,,,,,,,SP,Michael Lorenzen (42558019),Michael Lorenzen,42558019,P,5500,HOU@COL 04/07/2026 08:40PM ET,COL,-4.65
,,,,,,,,,,,,,,,RP,Valente Bellozo (42558020),Valente Bellozo,42558020,P,5500,HOU@COL 04/07/2026 08:40PM ET,COL,24.3
,,,,,,,,,,,,,,,SP,Antonio Senzatela (42558021),Antonio Senzatela,42558021,P,5500,HOU@COL 04/07/2026 08:40PM ET,COL,10.35
,,,,,,,,,,,,,,,SP,McCade Brown (42558022),McCade Brown,42558022,P,5500,HOU@COL 04/07/2026 08:40PM ET,COL,0
,,,,,,,,,,,,,,,SP,Tanner Gordon (42558023),Tanner Gordon,42558023,P,5500,HOU@COL 04/07/2026 08:40PM ET,COL,0
,,,,,,,,,,,,,,,RP,Jose Quintana (42558024),Jose Quintana,42558024,P,5500,HOU@COL 04/07/2026 08:40PM ET,COL,4.95
,,,,,,,,,,,,,,,SP,Chase Dollander (42558025),Chase Dollander,42558025,P,5500,HOU@COL 04/07/2026 08:40PM ET,COL,13.78
,,,,,,,,,,,,,,,OF,George Springer (42557276),George Springer,42557276,OF,5400,LAD@TOR 04/07/2026 07:07PM ET,TOR,6.3
,,,,,,,,,,,,,,,C,Shea Langeliers (42557274),Shea Langeliers,42557274,C,5400,ATH@NYY 04/07/2026 07:05PM ET,ATH,11.56
,,,,,,,,,,,,,,,1B,Rafael Devers (42557275),Rafael Devers,42557275,1B,5400,PHI@SF 04/07/2026 09:45PM ET,SF,4.46
,,,,,,,,,,,,,,,RP,Mason Fluharty (42558026),Mason Fluharty,42558026,P,5300,LAD@TOR 04/07/2026 07:07PM ET,TOR,0.88
,,,,,,,,,,,,,,,SS,Jeremy Pena (42557279),Jeremy Pena,42557279,SS,5300,HOU@COL 04/07/2026 08:40PM ET,HOU,8.17
,,,,,,,,,,,,,,,OF,Fernando Tatis Jr. (42557278),Fernando Tatis Jr.,42557278,OF,5300,SD@PIT 04/07/2026 06:40PM ET,SD,6.5
,,,,,,,,,,,,,,,SS,Trea Turner (42557277),Trea Turner,42557277,SS,5300,PHI@SF 04/07/2026 09:45PM ET,PHI,7.9
,,,,,,,,,,,,,,,OF,Roman Anthony (42557280),Roman Anthony,42557280,OF,5200,MIL@BOS 04/07/2026 06:45PM ET,BOS,6.6
,,,,,,,,,,,,,,,OF,Oneil Cruz (42557282),Oneil Cruz,42557282,OF,5200,SD@PIT 04/07/2026 06:40PM ET,PIT,11.3
,,,,,,,,,,,,,,,1B,Nick Kurtz (42557281),Nick Kurtz,42557281,1B,5200,ATH@NYY 04/07/2026 07:05PM ET,ATH,6.25
,,,,,,,,,,,,,,,C,Cal Raleigh (42557283),Cal Raleigh,42557283,C,5100,SEA@TEX 04/07/2026 08:05PM ET,SEA,5.46
,,,,,,,,,,,,,,,OF,Christian Yelich (42557284),Christian Yelich,42557284,OF,5100,MIL@BOS 04/07/2026 06:45PM ET,MIL,11
,,,,,,,,,,,,,,,OF,Jackson Chourio (42557641),Jackson Chourio,42557641,OF,5000,MIL@BOS 04/07/2026 06:45PM ET,MIL,0
,,,,,,,,,,,,,,,OF,Mike Trout (42557286),Mike Trout,42557286,OF,5000,ATL@LAA 04/07/2026 09:38PM ET,LAA,9.5
,,,,,,,,,,,,,,,1B,Bryce Harper (42557285),Bryce Harper,42557285,1B,5000,PHI@SF 04/07/2026 09:45PM ET,PHI,7.6
,,,,,,,,,,,,,,,OF,James Wood (42557288),James Wood,42557288,OF,4900,STL@WSH 04/07/2026 06:45PM ET,WSH,9.6
,,,,,,,,,,,,,,,OF,Jarren Duran (42557287),Jarren Duran,42557287,OF,4900,MIL@BOS 04/07/2026 06:45PM ET,BOS,7.5
,,,,,,,,,,,,,,,1B/3B,Yandy Diaz (42557292),Yandy Diaz,42557292,1B/3B,4900,CHC@TB 04/07/2026 06:40PM ET,TB,12.3
,,,,,,,,,,,,,,,OF,Byron Buxton (42557291),Byron Buxton,42557291,OF,4900,DET@MIN 04/07/2026 07:40PM ET,MIN,4.44
,,,,,,,,,,,,,,,1B,Christian Walker (42557289),Christian Walker,42557289,1B,4900,HOU@COL 04/07/2026 08:40PM ET,HOU,10.73
,,,,,,,,,,,,,,,OF,Brent Rooker (42557290),Brent Rooker,42557290,OF,4900,ATH@NYY 04/07/2026 07:05PM ET,ATH,6.89
,,,,,,,,,,,,,,,OF,Julio Rodriguez (42557294),Julio Rodriguez,42557294,OF,4800,SEA@TEX 04/07/2026 08:05PM ET,SEA,3.82
,,,,,,,,,,,,,,,OF,Wilyer Abreu (42557295),Wilyer Abreu,42557295,OF,4800,MIL@BOS 04/07/2026 06:45PM ET,BOS,11.2
,,,,,,,,,,,,,,,2B,Brice Turang (42557296),Brice Turang,42557296,2B,4800,MIL@BOS 04/07/2026 06:45PM ET,MIL,12.2
,,,,,,,,,,,,,,,3B,Manny Machado (42557298),Manny Machado,42557298,3B,4800,SD@PIT 04/07/2026 06:40PM ET,SD,7.2
,,,,,,,,,,,,,,,1B,Ben Rice (42557297),Ben Rice,42557297,1B,4800,ATH@NYY 04/07/2026 07:05PM ET,NYY,14.88
,,,,,,,,,,,,,,,OF,Randy Arozarena (42557300),Randy Arozarena,42557300,OF,4700,SEA@TEX 04/07/2026 08:05PM ET,SEA,8.46
,,,,,,,,,,,,,,,C,William Contreras (42557303),William Contreras,42557303,C,4700,MIL@BOS 04/07/2026 06:45PM ET,MIL,9.78
,,,,,,,,,,,,,,,3B/SS,Carlos Correa (42557301),Carlos Correa,42557301,3B/SS,4700,HOU@COL 04/07/2026 08:40PM ET,HOU,8.82
,,,,,,,,,,,,,,,1B,Matt Olson (42557299),Matt Olson,42557299,1B,4700,ATL@LAA 04/07/2026 09:38PM ET,ATL,8.54
,,,,,,,,,,,,,,,1B,Michael Busch (42557304),Michael Busch,42557304,1B,4600,CHC@TB 04/07/2026 06:40PM ET,CHC,5.2
,,,,,,,,,,,,,,,3B,Eugenio Suarez (42557308),Eugenio Suarez,42557308,3B,4600,CIN@MIA 04/07/2026 06:40PM ET,CIN,6.4
,,,,,,,,,,,,,,,C,Hunter Goodman (42557305),Hunter Goodman,42557305,C,4600,HOU@COL 04/07/2026 08:40PM ET,COL,6.1
,,,,,,,,,,,,,,,2B,Brandon Lowe (42557307),Brandon Lowe,42557307,2B,4600,SD@PIT 04/07/2026 06:40PM ET,PIT,9.11
,,,,,,,,,,,,,,,SS,Zach Neto (42557306),Zach Neto,42557306,SS,4600,ATL@LAA 04/07/2026 09:38PM ET,LAA,10.46
,,,,,,,,,,,,,,,SS,CJ Abrams (42557309),CJ Abrams,42557309,SS,4500,STL@WSH 04/07/2026 06:45PM ET,WSH,13.56
,,,,,,,,,,,,,,,1B,Freddie Freeman (42557312),Freddie Freeman,42557312,1B,4500,LAD@TOR 04/07/2026 07:07PM ET,LAD,10.4
,,,,,,,,,,,,,,,SS,Mookie Betts (42557642),Mookie Betts,42557642,SS,4500,LAD@TOR 04/07/2026 07:07PM ET,LAD,8.38
,,,,,,,,,,,,,,,2B/3B,Brendan Donovan (42557310),Brendan Donovan,42557310,2B/3B,4500,SEA@TEX 04/07/2026 08:05PM ET,SEA,9
,,,,,,,,,,,,,,,OF,Riley Greene (42557313),Riley Greene,42557313,OF,4500,DET@MIN 04/07/2026 07:40PM ET,DET,6.2
,,,,,,,,,,,,,,,OF,Jakob Marsee (42557315),Jakob Marsee,42557315,OF,4500,CIN@MIA 04/07/2026 06:40PM ET,MIA,4.8
,,,,,,,,,,,,,,,C,Drake Baldwin (42557314),Drake Baldwin,42557314,C,4500,ATL@LAA 04/07/2026 09:38PM ET,ATL,12.46
,,,,,,,,,,,,,,,3B,Alec Bohm (42557316),Alec Bohm,42557316,3B,4500,PHI@SF 04/07/2026 09:45PM ET,PHI,6.5
,,,,,,,,,,,,,,,1B,Alec Burleson (42557318),Alec Burleson,42557318,1B,4400,STL@WSH 04/07/2026 06:45PM ET,STL,7.6
,,,,,,,,,,,,,,,OF,Teoscar Hernandez (42557321),Teoscar Hernandez,42557321,OF,4400,LAD@TOR 04/07/2026 07:07PM ET,LAD,9.89
,,,,,,,,,,,,,,,3B,Kazuma Okamoto (42557324),Kazuma Okamoto,42557324,3B,4400,LAD@TOR 04/07/2026 07:07PM ET,TOR,6.8
,,,,,,,,,,,,,,,SS,Corey Seager (42557317),Corey Seager,42557317,SS,4400,SEA@TEX 04/07/2026 08:05PM ET,TEX,9.4
,,,,,,,,,,,,,,,OF,Brandon Nimmo (42557319),Brandon Nimmo,42557319,OF,4400,SEA@TEX 04/07/2026 08:05PM ET,TEX,9.5
,,,,,,,,,,,,,,,2B,Nico Hoerner (42557323),Nico Hoerner,42557323,2B,4400,CHC@TB 04/07/2026 06:40PM ET,CHC,9.7
,,,,,,,,,,,,,,,OF,Seiya Suzuki (42557645),Seiya Suzuki,42557645,OF,4400,CHC@TB 04/07/2026 06:40PM ET,CHC,0
,,,,,,,,,,,,,,,OF,Kyle Stowers (42557644),Kyle Stowers,42557644,OF,4400,CIN@MIA 04/07/2026 06:40PM ET,MIA,0
,,,,,,,,,,,,,,,3B,Isaac Paredes (42557643),Isaac Paredes,42557643,3B,4400,HOU@COL 04/07/2026 08:40PM ET,HOU,8.17
,,,,,,,,,,,,,,,OF,Jackson Merrill (42557322),Jackson Merrill,42557322,OF,4400,SD@PIT 04/07/2026 06:40PM ET,SD,8.4
,,,,,,,,,,,,,,,OF,Tyler Soderstrom (42557320),Tyler Soderstrom,42557320,OF,4400,ATH@NYY 04/07/2026 07:05PM ET,ATH,6.89
,,,,,,,,,,,,,,,OF,Andy Pages (42557330),Andy Pages,42557330,OF,4300,LAD@TOR 04/07/2026 07:07PM ET,LAD,12.6
,,,,,,,,,,,,,,,1B,Jonathan Aranda (42557325),Jonathan Aranda,42557325,1B,4300,CHC@TB 04/07/2026 06:40PM ET,TB,9.2
,,,,,,,,,,,,,,,2B,Xavier Edwards (42557326),Xavier Edwards,42557326,2B,4300,CIN@MIA 04/07/2026 06:40PM ET,MIA,10.3
,,,,,,,,,,,,,,,OF,Bryan Reynolds (42557327),Bryan Reynolds,42557327,OF,4300,SD@PIT 04/07/2026 06:40PM ET,PIT,8.3
,,,,,,,,,,,,,,,OF,Cody Bellinger (42557328),Cody Bellinger,42557328,OF,4300,ATH@NYY 04/07/2026 07:05PM ET,NYY,9.78
,,,,,,,,,,,,,,,SS,Willy Adames (42557329),Willy Adames,42557329,SS,4300,PHI@SF 04/07/2026 09:45PM ET,SF,5.64
,,,,,,,,,,,,,,,C,Will Smith (42557334),Will Smith,42557334,C,4200,LAD@TOR 04/07/2026 07:07PM ET,LAD,6.67
,,,,,,,,,,,,,,,1B,Jake Burger (42557333),Jake Burger,42557333,1B,4200,SEA@TEX 04/07/2026 08:05PM ET,TEX,8.9
,,,,,,,,,,,,,,,OF,Sal Frelick (42557339),Sal Frelick,42557339,OF,4200,MIL@BOS 04/07/2026 06:45PM ET,MIL,6.44
,,,,,,,,,,,,,,,3B,Alex Bregman (42557335),Alex Bregman,42557335,3B,4200,CHC@TB 04/07/2026 06:40PM ET,CHC,5.2
,,,,,,,,,,,,,,,3B/SS,Kevin McGonigle (42557331),Kevin McGonigle,42557331,3B/SS,4200,DET@MIN 04/07/2026 07:40PM ET,DET,8.5
,,,,,,,,,,,,,,,1B/OF,Ryan O'Hearn (42557336),Ryan O'Hearn,42557336,1B/OF,4200,SD@PIT 04/07/2026 06:40PM ET,PIT,11.89
,,,,,,,,,,,,,,,2B,Ozzie Albies (42557338),Ozzie Albies,42557338,2B,4200,ATL@LAA 04/07/2026 09:38PM ET,ATL,6.73
,,,,,,,,,,,,,,,OF,Dylan Crews (42557646),Dylan Crews,42557646,OF,4100,STL@WSH 04/07/2026 06:45PM ET,WSH,0
,,,,,,,,,,,,,,,OF,Wyatt Langford (42557345),Wyatt Langford,42557345,OF,4100,SEA@TEX 04/07/2026 08:05PM ET,TEX,5
,,,,,,,,,,,,,,,OF,Kerry Carpenter (42557344),Kerry Carpenter,42557344,OF,4100,DET@MIN 04/07/2026 07:40PM ET,DET,6.67
,,,,,,,,,,,,,,,1B,Sal Stewart (42557343),Sal Stewart,42557343,1B,4100,CIN@MIA 04/07/2026 06:40PM ET,CIN,10.2
,,,,,,,,,,,,,,,SS,Ezequiel Tovar (42557340),Ezequiel Tovar,42557340,SS,4100,HOU@COL 04/07/2026 08:40PM ET,COL,6.4
,,,,,,,,,,,,,,,2B,Jazz Chisholm Jr. (42557341),Jazz Chisholm Jr.,42557341,2B,4100,ATH@NYY 04/07/2026 07:05PM ET,NYY,6.78
,,,,,,,,,,,,,,,3B,Matt Chapman (42557342),Matt Chapman,42557342,3B,4100,PHI@SF 04/07/2026 09:45PM ET,SF,7.36
,,,,,,,,,,,,,,,SP,Tink Hence (42558043),Tink Hence,42558043,P,4000,STL@WSH 04/07/2026 06:45PM ET,STL,0
,,,,,,,,,,,,,,,RP,Cooper Hjerpe (42558055),Cooper Hjerpe,42558055,P,4000,STL@WSH 04/07/2026 06:45PM ET,STL,0
,,,,,,,,,,,,,,,SP,Luis Perales (42558061),Luis Perales,42558061,P,4000,STL@WSH 04/07/2026 06:45PM ET,WSH,0
,,,,,,,,,,,,,,,SP,Riley Cornelio (42558076),Riley Cornelio,42558076,P,4000,STL@WSH 04/07/2026 06:45PM ET,WSH,0
,,,,,,,,,,,,,,,RP,Orlando Ribalta (42558129),Orlando Ribalta,42558129,P,4000,STL@WSH 04/07/2026 06:45PM ET,WSH,0
,,,,,,,,,,,,,,,RP,George Soriano (42558139),George Soriano,42558139,P,4000,STL@WSH 04/07/2026 06:45PM ET,STL,0.2
,,,,,,,,,,,,,,,RP,Ryan Fernandez (42558140),Ryan Fernandez,42558140,P,4000,STL@WSH 04/07/2026 06:45PM ET,STL,0
,,,,,,,,,,,,,,,RP,JoJo Romero (42558196),JoJo Romero,42558196,P,4000,STL@WSH 04/07/2026 06:45PM ET,STL,3.23
,,,,,,,,,,,,,,,RP,PJ Poulin (42558201),PJ Poulin,42558201,P,4000,STL@WSH 04/07/2026 06:45PM ET,WSH,1.81
,,,,,,,,,,,,,,,SP,Riley O'Brien (42558202),Riley O'Brien,42558202,P,4000,STL@WSH 04/07/2026 06:45PM ET,STL,4.72
,,,,,,,,,,,,,,,RP,Ryne Stanek (42558211),Ryne Stanek,42558211,P,4000,STL@WSH 04/07/2026 06:45PM ET,STL,2.92
,,,,,,,,,,,,,,,RP,Paxton Schultz (42558238),Paxton Schultz,42558238,P,4000,STL@WSH 04/07/2026 06:45PM ET,WSH,0
,,,,,,,,,,,,,,,RP,Gus Varland (42558245),Gus Varland,42558245,P,4000,STL@WSH 04/07/2026 06:45PM ET,WSH,3.25
,,,,,,,,,,,,,,,RP,Cole Henry (42558261),Cole Henry,42558261,P,4000,STL@WSH 04/07/2026 06:45PM ET,WSH,3.39
,,,,,,,,,,,,,,,SP,Ken Waldichuk (42558296),Ken Waldichuk,42558296,P,4000,STL@WSH 04/07/2026 06:45PM ET,WSH,2.86
,,,,,,,,,,,,,,,RP,Matt Svanson (42558300),Matt Svanson,42558300,P,4000,STL@WSH 04/07/2026 06:45PM ET,STL,-1.34
,,,,,,,,,,,,,,,RP,Chris Roycroft (42558302),Chris Roycroft,42558302,P,4000,STL@WSH 04/07/2026 06:45PM ET,STL,-0.71
,,,,,,,,,,,,,,,RP,Cionel Perez (42558313),Cionel Perez,42558313,P,4000,STL@WSH 04/07/2026 06:45PM ET,WSH,0.17
,,,,,,,,,,,,,,,RP,Matt Pushard (42558315),Matt Pushard,42558315,P,4000,STL@WSH 04/07/2026 06:45PM ET,STL,-4.15
,,,,,,,,,,,,,,,RP,Justin Bruihl (42558325),Justin Bruihl,42558325,P,4000,STL@WSH 04/07/2026 06:45PM ET,STL,0.82
,,,,,,,,,,,,,,,RP,Julian Fernandez (42558328),Julian Fernandez,42558328,P,4000,STL@WSH 04/07/2026 06:45PM ET,WSH,0
,,,,,,,,,,,,,,,RP,Andre Granillo (42558336),Andre Granillo,42558336,P,4000,STL@WSH 04/07/2026 06:45PM ET,WSH,-1.37
,,,,,,,,,,,,,,,RP,Clayton Beeter (42558338),Clayton Beeter,42558338,P,4000,STL@WSH 04/07/2026 06:45PM ET,WSH,2.52
,,,,,,,,,,,,,,,OF,Daulton Varsho (42557350),Daulton Varsho,42557350,OF,4000,LAD@TOR 04/07/2026 07:07PM ET,TOR,3.8
,,,,,,,,,,,,,,,SP,Adam Macko (42558035),Adam Macko,42558035,P,4000,LAD@TOR 04/07/2026 07:07PM ET,TOR,0
,,,,,,,,,,,,,,,RP,Jake Cousins (42558038),Jake Cousins,42558038,P,4000,LAD@TOR 04/07/2026 07:07PM ET,LAD,0
,,,,,,,,,,,,,,,SP,Ricky Tiedemann (42558060),Ricky Tiedemann,42558060,P,4000,LAD@TOR 04/07/2026 07:07PM ET,TOR,0
,,,,,,,,,,,,,,,RP,Kyle Hurt (42558063),Kyle Hurt,42558063,P,4000,LAD@TOR 04/07/2026 07:07PM ET,LAD,0
,,,,,,,,,,,,,,,SP,Jake Bloss (42558069),Jake Bloss,42558069,P,4000,LAD@TOR 04/07/2026 07:07PM ET,TOR,0
,,,,,,,,,,,,,,,RP,Ronan Kopp (42558075),Ronan Kopp,42558075,P,4000,LAD@TOR 04/07/2026 07:07PM ET,LAD,0
,,,,,,,,,,,,,,,RP,Brusdar Graterol (42558084),Brusdar Graterol,42558084,P,4000,LAD@TOR 04/07/2026 07:07PM ET,LAD,0
,,,,,,,,,,,,,,,RP,Bowden Francis (42558097),Bowden Francis,42558097,P,4000,LAD@TOR 04/07/2026 07:07PM ET,TOR,0
,,,,,,,,,,,,,,,RP,Tanner Scott (42558113),Tanner Scott,42558113,P,4000,LAD@TOR 04/07/2026 07:07PM ET,LAD,3.02
,,,,,,,,,,,,,,,RP,Spencer Miles (42558123),Spencer Miles,42558123,P,4000,LAD@TOR 04/07/2026 07:07PM ET,TOR,3.84
,,,,,,,,,,,,,,,RP,Braydon Fisher (42558150),Braydon Fisher,42558150,P,4000,LAD@TOR 04/07/2026 07:07PM ET,TOR,4.53
,,,,,,,,,,,,,,,RP,Lazaro Estrada (42558158),Lazaro Estrada,42558158,P,4000,LAD@TOR 04/07/2026 07:07PM ET,TOR,13.8
,,,,,,,,,,,,,,,RP,Evan Phillips (42558160),Evan Phillips,42558160,P,4000,LAD@TOR 04/07/2026 07:07PM ET,LAD,0
,,,,,,,,,,,,,,,RP,Edgardo Henriquez (42558166),Edgardo Henriquez,42558166,P,4000,LAD@TOR 04/07/2026 07:07PM ET,LAD,2.85
,,,,,,,,,,,,,,,RP,Alex Vesia (42558170),Alex Vesia,42558170,P,4000,LAD@TOR 04/07/2026 07:07PM ET,LAD,2.3
,,,,,,,,,,,,,,,RP,Will Klein (42558189),Will Klein,42558189,P,4000,LAD@TOR 04/07/2026 07:07PM ET,LAD,5.29
,,,,,,,,,,,,,,,RP,Ben Casparius (42558203),Ben Casparius,42558203,P,4000,LAD@TOR 04/07/2026 07:07PM ET,LAD,1.87
,,,,,,,,,,,,,,,RP,Grant Holman (42558210),Grant Holman,42558210,P,4000,LAD@TOR 04/07/2026 07:07PM ET,LAD,0
,,,,,,,,,,,,,,,RP,Tyler Rogers (42558216),Tyler Rogers,42558216,P,4000,LAD@TOR 04/07/2026 07:07PM ET,TOR,2.85
,,,,,,,,,,,,,,,RP,Tommy Nance (42558218),Tommy Nance,42558218,P,4000,LAD@TOR 04/07/2026 07:07PM ET,TOR,2
,,,,,,,,,,,,,,,RP,Yimi Garcia (42558222),Yimi Garcia,42558222,P,4000,LAD@TOR 04/07/2026 07:07PM ET,TOR,0
,,,,,,,,,,,,,,,RP,Brendon Little (42558228),Brendon Little,42558228,P,4000,LAD@TOR 04/07/2026 07:07PM ET,TOR,-1.51
,,,,,,,,,,,,,,,RP,Blake Treinen (42558231),Blake Treinen,42558231,P,4000,LAD@TOR 04/07/2026 07:07PM ET,LAD,2.98
,,,,,,,,,,,,,,,RP,Jake Eder (42558240),Jake Eder,42558240,P,4000,LAD@TOR 04/07/2026 07:07PM ET,LAD,0
,,,,,,,,,,,,,,,RP,Brock Stewart (42558251),Brock Stewart,42558251,P,4000,LAD@TOR 04/07/2026 07:07PM ET,LAD,0
,,,,,,,,,,,,,,,RP,Edwin Diaz (42558258),Edwin Diaz,42558258,P,4000,LAD@TOR 04/07/2026 07:07PM ET,LAD,3.65
,,,,,,,,,,,,,,,RP,Jack Dreyer (42558269),Jack Dreyer,42558269,P,4000,LAD@TOR 04/07/2026 07:07PM ET,LAD,4.8
,,,,,,,,,,,,,,,RP,Louis Varland (42558270),Louis Varland,42558270,P,4000,LAD@TOR 04/07/2026 07:07PM ET,TOR,4.39
,,,,,,,,,,,,,,,RP,Chase Lee (42558275),Chase Lee,42558275,P,4000,LAD@TOR 04/07/2026 07:07PM ET,TOR,0
,,,,,,,,,,,,,,,RP,Joe Mantiply (42558299),Joe Mantiply,42558299,P,4000,LAD@TOR 04/07/2026 07:07PM ET,TOR,2.35
,,,,,,,,,,,,,,,RP,Paul Gervase (42558306),Paul Gervase,42558306,P,4000,LAD@TOR 04/07/2026 07:07PM ET,LAD,0
,,,,,,,,,,,,,,,RP,Jeff Hoffman (42558345),Jeff Hoffman,42558345,P,4000,LAD@TOR 04/07/2026 07:07PM ET,TOR,6.3
,,,,,,,,,,,,,,,RP,Domingo Gonzalez (42558040),Domingo Gonzalez,42558040,P,4000,SEA@TEX 04/07/2026 08:05PM ET,SEA,0
,,,,,,,,,,,,,,,SP,David Davalillo (42558042),David Davalillo,42558042,P,4000,SEA@TEX 04/07/2026 08:05PM ET,TEX,0
,,,,,,,,,,,,,,,SP,Emiliano Teodo (42558049),Emiliano Teodo,42558049,P,4000,SEA@TEX 04/07/2026 08:05PM ET,TEX,0
,,,,,,,,,,,,,,,RP,Robinson Ortiz (42558058),Robinson Ortiz,42558058,P,4000,SEA@TEX 04/07/2026 08:05PM ET,SEA,0
,,,,,,,,,,,,,,,SP,Winston Santos (42558062),Winston Santos,42558062,P,4000,SEA@TEX 04/07/2026 08:05PM ET,TEX,0
,,,,,,,,,,,,,,,RP,Alex Hoppe (42558064),Alex Hoppe,42558064,P,4000,SEA@TEX 04/07/2026 08:05PM ET,SEA,0
,,,,,,,,,,,,,,,SP,Leandro Lopez (42558068),Leandro Lopez,42558068,P,4000,SEA@TEX 04/07/2026 08:05PM ET,TEX,0
,,,,,,,,,,,,,,,RP,Blas Castano (42558088),Blas Castano,42558088,P,4000,SEA@TEX 04/07/2026 08:05PM ET,SEA,0
,,,,,,,,,,,,,,,SP,Jose Corniell (42558095),Jose Corniell,42558095,P,4000,SEA@TEX 04/07/2026 08:05PM ET,TEX,0
,,,,,,,,,,,,,,,RP,Chris Martin (42558102),Chris Martin,42558102,P,4000,SEA@TEX 04/07/2026 08:05PM ET,TEX,1
,,,,,,,,,,,,,,,RP,Casey Legumina (42558103),Casey Legumina,42558103,P,4000,SEA@TEX 04/07/2026 08:05PM ET,SEA,4.29
,,,,,,,,,,,,,,,RP,Michel Otanez (42558126),Michel Otanez,42558126,P,4000,SEA@TEX 04/07/2026 08:05PM ET,TEX,0
,,,,,,,,,,,,,,,RP,Robert Garcia (42558133),Robert Garcia,42558133,P,4000,SEA@TEX 04/07/2026 08:05PM ET,TEX,1.88
,,,,,,,,,,,,,,,RP,Troy Taylor (42558136),Troy Taylor,42558136,P,4000,SEA@TEX 04/07/2026 08:05PM ET,SEA,0
,,,,,,,,,,,,,,,RP,Yosver Zulueta (42558151),Yosver Zulueta,42558151,P,4000,SEA@TEX 04/07/2026 08:05PM ET,SEA,0
,,,,,,,,,,,,,,,RP,Cole Winn (42558165),Cole Winn,42558165,P,4000,SEA@TEX 04/07/2026 08:05PM ET,TEX,3.73
,,,,,,,,,,,,,,,RP,Luis Curvelo (42558176),Luis Curvelo,42558176,P,4000,SEA@TEX 04/07/2026 08:05PM ET,TEX,0
,,,,,,,,,,,,,,,RP,Carter Baumler (42558193),Carter Baumler,42558193,P,4000,SEA@TEX 04/07/2026 08:05PM ET,TEX,3.54
,,,,,,,,,,,,,,,RP,Ryan Loutos (42558198),Ryan Loutos,42558198,P,4000,SEA@TEX 04/07/2026 08:05PM ET,SEA,0
,,,,,,,,,,,,,,,RP,Josh Simpson (42558209),Josh Simpson,42558209,P,4000,SEA@TEX 04/07/2026 08:05PM ET,SEA,0
,,,,,,,,,,,,,,,RP,Cole Wilcox (42558220),Cole Wilcox,42558220,P,4000,SEA@TEX 04/07/2026 08:05PM ET,SEA,6.65
,,,,,,,,,,,,,,,RP,Tyler Alexander (42558226),Tyler Alexander,42558226,P,4000,SEA@TEX 04/07/2026 08:05PM ET,TEX,2.66
,,,,,,,,,,,,,,,RP,Carlos Vargas (42558237),Carlos Vargas,42558237,P,4000,SEA@TEX 04/07/2026 08:05PM ET,SEA,0
,,,,,,,,,,,,,,,RP,Jalen Beeks (42558266),Jalen Beeks,42558266,P,4000,SEA@TEX 04/07/2026 08:05PM ET,TEX,3.62
,,,,,,,,,,,,,,,RP,Jose A. Ferrer (42558292),Jose A. Ferrer,42558292,P,4000,SEA@TEX 04/07/2026 08:05PM ET,SEA,2.16
,,,,,,,,,,,,,,,RP,Eduard Bazardo (42558303),Eduard Bazardo,42558303,P,4000,SEA@TEX 04/07/2026 08:05PM ET,SEA,2.81
,,,,,,,,,,,,,,,RP,Andres Munoz (42558310),Andres Munoz,42558310,P,4000,SEA@TEX 04/07/2026 08:05PM ET,SEA,5.3
,,,,,,,,,,,,,,,RP,Matt Brash (42558316),Matt Brash,42558316,P,4000,SEA@TEX 04/07/2026 08:05PM ET,SEA,4.95
,,,,,,,,,,,,,,,RP,Marc Church (42558322),Marc Church,42558322,P,4000,SEA@TEX 04/07/2026 08:05PM ET,TEX,0
,,,,,,,,,,,,,,,RP,Gabe Speier (42558342),Gabe Speier,42558342,P,4000,SEA@TEX 04/07/2026 08:05PM ET,SEA,2
,,,,,,,,,,,,,,,RP,Tyler Samaniego (42558048),Tyler Samaniego,42558048,P,4000,MIL@BOS 04/07/2026 06:45PM ET,BOS,0
,,,,,,,,,,,,,,,SP,Jake Bennett (42558081),Jake Bennett,42558081,P,4000,MIL@BOS 04/07/2026 06:45PM ET,BOS,0
,,,,,,,,,,,,,,,RP,Carlos Rodriguez (42558093),Carlos Rodriguez,42558093,P,4000,MIL@BOS 04/07/2026 06:45PM ET,MIL,0
,,,,,,,,,,,,,,,RP,Zack Kelly (42558118),Zack Kelly,42558118,P,4000,MIL@BOS 04/07/2026 06:45PM ET,BOS,1.95
,,,,,,,,,,,,,,,RP,Justin Slaten (42558135),Justin Slaten,42558135,P,4000,MIL@BOS 04/07/2026 06:45PM ET,BOS,3.78
,,,,,,,,,,,,,,,RP,Easton McGee (42558138),Easton McGee,42558138,P,4000,MIL@BOS 04/07/2026 06:45PM ET,MIL,0
,,,,,,,,,,,,,,,RP,Aaron Ashby (42558143),Aaron Ashby,42558143,P,4000,MIL@BOS 04/07/2026 06:45PM ET,MIL,7.05
,,,,,,,,,,,,,,,RP,Danny Coulombe (42558147),Danny Coulombe,42558147,P,4000,MIL@BOS 04/07/2026 06:45PM ET,BOS,1.18
,,,,,,,,,,,,,,,RP,Rob Zastryzny (42558168),Rob Zastryzny,42558168,P,4000,MIL@BOS 04/07/2026 06:45PM ET,MIL,0
,,,,,,,,,,,,,,,RP,Abner Uribe (42558171),Abner Uribe,42558171,P,4000,MIL@BOS 04/07/2026 06:45PM ET,MIL,2.96
,,,,,,,,,,,,,,,RP,Jared Koenig (42558187),Jared Koenig,42558187,P,4000,MIL@BOS 04/07/2026 06:45PM ET,MIL,3.42
,,,,,,,,,,,,,,,RP,Angel Zerpa (42558188),Angel Zerpa,42558188,P,4000,MIL@BOS 04/07/2026 06:45PM ET,MIL,2.51
,,,,,,,,,,,,,,,RP,Craig Yoho (42558190),Craig Yoho,42558190,P,4000,MIL@BOS 04/07/2026 06:45PM ET,MIL,0
,,,,,,,,,,,,,,,RP,DL Hall (42558249),DL Hall,42558249,P,4000,MIL@BOS 04/07/2026 06:45PM ET,MIL,6.11
,,,,,,,,,,,,,,,RP,Tyler Uberstine (42558286),Tyler Uberstine,42558286,P,4000,MIL@BOS 04/07/2026 06:45PM ET,BOS,5.6
,,,,,,,,,,,,,,,RP,Aroldis Chapman (42558294),Aroldis Chapman,42558294,P,4000,MIL@BOS 04/07/2026 06:45PM ET,BOS,2.8
,,,,,,,,,,,,,,,RP,Ryan Watson (42558295),Ryan Watson,42558295,P,4000,MIL@BOS 04/07/2026 06:45PM ET,BOS,2.22
,,,,,,,,,,,,,,,RP,Greg Weissert (42558305),Greg Weissert,42558305,P,4000,MIL@BOS 04/07/2026 06:45PM ET,BOS,2.46
,,,,,,,,,,,,,,,RP,Garrett Whitlock (42558317),Garrett Whitlock,42558317,P,4000,MIL@BOS 04/07/2026 06:45PM ET,BOS,3.7
,,,,,,,,,,,,,,,RP,Trevor Megill (42558318),Trevor Megill,42558318,P,4000,MIL@BOS 04/07/2026 06:45PM ET,MIL,3.35
,,,,,,,,,,,,,,,RP,Grant Anderson (42558330),Grant Anderson,42558330,P,4000,MIL@BOS 04/07/2026 06:45PM ET,MIL,3.57
,,,,,,,,,,,,,,,RP,Jovani Moran (42558335),Jovani Moran,42558335,P,4000,MIL@BOS 04/07/2026 06:45PM ET,BOS,8.25
,,,,,,,,,,,,,,,OF,Chandler Simpson (42557349),Chandler Simpson,42557349,OF,4000,CHC@TB 04/07/2026 06:40PM ET,TB,8.8
,,,,,,,,,,,,,,,OF,Ian Happ (42557353),Ian Happ,42557353,OF,4000,CHC@TB 04/07/2026 06:40PM ET,CHC,9.4
,,,,,,,,,,,,,,,RP,Riley Martin (42558029),Riley Martin,42558029,P,4000,CHC@TB 04/07/2026 06:40PM ET,CHC,1.65
,,,,,,,,,,,,,,,RP,Alex Cook (42558030),Alex Cook,42558030,P,4000,CHC@TB 04/07/2026 06:40PM ET,TB,0
,,,,,,,,,,,,,,,RP,Luke Little (42558059),Luke Little,42558059,P,4000,CHC@TB 04/07/2026 06:40PM ET,CHC,0
,,,,,,,,,,,,,,,SP,Jordan Wicks (42558087),Jordan Wicks,42558087,P,4000,CHC@TB 04/07/2026 06:40PM ET,CHC,0
,,,,,,,,,,,,,,,RP,Steven Wilson (42558094),Steven Wilson,42558094,P,4000,CHC@TB 04/07/2026 06:40PM ET,TB,0
,,,,,,,,,,,,,,,RP,Manuel Rodriguez (42558110),Manuel Rodriguez,42558110,P,4000,CHC@TB 04/07/2026 06:40PM ET,TB,0
,,,,,,,,,,,,,,,RP,Kevin Kelly (42558124),Kevin Kelly,42558124,P,4000,CHC@TB 04/07/2026 06:40PM ET,TB,1.33
,,,,,,,,,,,,,,,RP,Ethan Roberts (42558142),Ethan Roberts,42558142,P,4000,CHC@TB 04/07/2026 06:40PM ET,CHC,0.9
,,,,,,,,,,,,,,,RP,Cole Sulser (42558149),Cole Sulser,42558149,P,4000,CHC@TB 04/07/2026 06:40PM ET,TB,3.33
,,,,,,,,,,,,,,,RP,Bryan Baker (42558162),Bryan Baker,42558162,P,4000,CHC@TB 04/07/2026 06:40PM ET,TB,5.6
,,,,,,,,,,,,,,,RP,Griffin Jax (42558163),Griffin Jax,42558163,P,4000,CHC@TB 04/07/2026 06:40PM ET,TB,-1
,,,,,,,,,,,,,,,RP,Hunter Bigge (42558181),Hunter Bigge,42558181,P,4000,CHC@TB 04/07/2026 06:40PM ET,TB,3.32
,,,,,,,,,,,,,,,RP,Garrett Cleavinger (42558185),Garrett Cleavinger,42558185,P,4000,CHC@TB 04/07/2026 06:40PM ET,TB,2.35
,,,,,,,,,,,,,,,RP,Phil Maton (42558197),Phil Maton,42558197,P,4000,CHC@TB 04/07/2026 06:40PM ET,CHC,0.68
,,,,,,,,,,,,,,,RP,Edwin Uceta (42558223),Edwin Uceta,42558223,P,4000,CHC@TB 04/07/2026 06:40PM ET,TB,0
,,,,,,,,,,,,,,,RP,Shelby Miller (42558225),Shelby Miller,42558225,P,4000,CHC@TB 04/07/2026 06:40PM ET,CHC,0
,,,,,,,,,,,,,,,RP,Cam Booser (42558232),Cam Booser,42558232,P,4000,CHC@TB 04/07/2026 06:40PM ET,TB,0
,,,,,,,,,,,,,,,RP,Daniel Palencia (42558233),Daniel Palencia,42558233,P,4000,CHC@TB 04/07/2026 06:40PM ET,CHC,3.65
,,,,,,,,,,,,,,,RP,Joe Rock (42558236),Joe Rock,42558236,P,4000,CHC@TB 04/07/2026 06:40PM ET,TB,0
,,,,,,,,,,,,,,,RP,Yoendrys Gomez (42558242),Yoendrys Gomez,42558242,P,4000,CHC@TB 04/07/2026 06:40PM ET,TB,4.18
,,,,,,,,,,,,,,,RP,Gavin Hollowell (42558255),Gavin Hollowell,42558255,P,4000,CHC@TB 04/07/2026 06:40PM ET,CHC,0
,,,,,,,,,,,,,,,RP,Hoby Milner (42558271),Hoby Milner,42558271,P,4000,CHC@TB 04/07/2026 06:40PM ET,CHC,0.61
,,,,,,,,,,,,,,,RP,Caleb Thielbar (42558272),Caleb Thielbar,42558272,P,4000,CHC@TB 04/07/2026 06:40PM ET,CHC,5.43
,,,,,,,,,,,,,,,RP,Jesse Scholtens (42558277),Jesse Scholtens,42558277,P,4000,CHC@TB 04/07/2026 06:40PM ET,TB,0
,,,,,,,,,,,,,,,RP,Jacob Webb (42558281),Jacob Webb,42558281,P,4000,CHC@TB 04/07/2026 06:40PM ET,CHC,0.71
,,,,,,,,,,,,,,,RP,Porter Hodge (42558285),Porter Hodge,42558285,P,4000,CHC@TB 04/07/2026 06:40PM ET,CHC,0
,,,,,,,,,,,,,,,RP,Ryan Rolison (42558298),Ryan Rolison,42558298,P,4000,CHC@TB 04/07/2026 06:40PM ET,CHC,0
,,,,,,,,,,,,,,,RP,Hunter Harvey (42558329),Hunter Harvey,42558329,P,4000,CHC@TB 04/07/2026 06:40PM ET,CHC,1.25
,,,,,,,,,,,,,,,RP,Mason Englert (42558337),Mason Englert,42558337,P,4000,CHC@TB 04/07/2026 06:40PM ET,TB,-0.08
,,,,,,,,,,,,,,,1B,Spencer Torkelson (42557355),Spencer Torkelson,42557355,1B,4000,DET@MIN 04/07/2026 07:40PM ET,DET,5
,,,,,,,,,,,,,,,SP,Kendry Rojas (42558028),Kendry Rojas,42558028,P,4000,DET@MIN 04/07/2026 07:40PM ET,MIN,0
,,,,,,,,,,,,,,,SP,Ty Madden (42558032),Ty Madden,42558032,P,4000,DET@MIN 04/07/2026 07:40PM ET,DET,0
,,,,,,,,,,,,,,,SP,Connor Prielipp (42558039),Connor Prielipp,42558039,P,4000,DET@MIN 04/07/2026 07:40PM ET,MIN,0
,,,,,,,,,,,,,,,SP,Andrew Morris (42558051),Andrew Morris,42558051,P,4000,DET@MIN 04/07/2026 07:40PM ET,MIN,0
,,,,,,,,,,,,,,,RP,Garrett Acton (42558066),Garrett Acton,42558066,P,4000,DET@MIN 04/07/2026 07:40PM ET,MIN,0
,,,,,,,,,,,,,,,SP,John Klein (42558077),John Klein,42558077,P,4000,DET@MIN 04/07/2026 07:40PM ET,MIN,0
,,,,,,,,,,,,,,,SP,Jake Miller (42558085),Jake Miller,42558085,P,4000,DET@MIN 04/07/2026 07:40PM ET,DET,0
,,,,,,,,,,,,,,,RP,Travis Adams (42558091),Travis Adams,42558091,P,4000,DET@MIN 04/07/2026 07:40PM ET,MIN,0
,,,,,,,,,,,,,,,RP,Sawyer Gipson-Long (42558096),Sawyer Gipson-Long,42558096,P,4000,DET@MIN 04/07/2026 07:40PM ET,DET,0
,,,,,,,,,,,,,,,RP,Taylor Rogers (42558122),Taylor Rogers,42558122,P,4000,DET@MIN 04/07/2026 07:40PM ET,MIN,1.48
,,,,,,,,,,,,,,,RP,Tyler Holton (42558125),Tyler Holton,42558125,P,4000,DET@MIN 04/07/2026 07:40PM ET,DET,2.31
,,,,,,,,,,,,,,,RP,Will Vest (42558132),Will Vest,42558132,P,4000,DET@MIN 04/07/2026 07:40PM ET,DET,1.6
,,,,,,,,,,,,,,,RP,Drew Anderson (42558137),Drew Anderson,42558137,P,4000,DET@MIN 04/07/2026 07:40PM ET,DET,2.76
,,,,,,,,,,,,,,,RP,Kenley Jansen (42558145),Kenley Jansen,42558145,P,4000,DET@MIN 04/07/2026 07:40PM ET,DET,3.52
,,,,,,,,,,,,,,,RP,Kyle Finnegan (42558156),Kyle Finnegan,42558156,P,4000,DET@MIN 04/07/2026 07:40PM ET,DET,2.62
,,,,,,,,,,,,,,,RP,Enmanuel De Jesus (42558157),Enmanuel De Jesus,42558157,P,4000,DET@MIN 04/07/2026 07:40PM ET,DET,4.57
,,,,,,,,,,,,,,,RP,Anthony Banda (42558195),Anthony Banda,42558195,P,4000,DET@MIN 04/07/2026 07:40PM ET,MIN,3.3
,,,,,,,,,,,,,,,RP,Cole Sands (42558208),Cole Sands,42558208,P,4000,DET@MIN 04/07/2026 07:40PM ET,MIN,3.28
,,,,,,,,,,,,,,,RP,Beau Brieske (42558221),Beau Brieske,42558221,P,4000,DET@MIN 04/07/2026 07:40PM ET,DET,0
,,,,,,,,,,,,,,,RP,Drew Sommers (42558246),Drew Sommers,42558246,P,4000,DET@MIN 04/07/2026 07:40PM ET,DET,0
,,,,,,,,,,,,,,,RP,Brenan Hanifee (42558263),Brenan Hanifee,42558263,P,4000,DET@MIN 04/07/2026 07:40PM ET,DET,0
,,,,,,,,,,,,,,,RP,Eric Orze (42558276),Eric Orze,42558276,P,4000,DET@MIN 04/07/2026 07:40PM ET,MIN,2.87
,,,,,,,,,,,,,,,RP,Brant Hurter (42558280),Brant Hurter,42558280,P,4000,DET@MIN 04/07/2026 07:40PM ET,DET,2.92
,,,,,,,,,,,,,,,RP,Justin Topa (42558283),Justin Topa,42558283,P,4000,DET@MIN 04/07/2026 07:40PM ET,MIN,1.62
,,,,,,,,,,,,,,,RP,Connor Seabold (42558297),Connor Seabold,42558297,P,4000,DET@MIN 04/07/2026 07:40PM ET,DET,7.68
,,,,,,,,,,,,,,,RP,Cody Laweryson (42558314),Cody Laweryson,42558314,P,4000,DET@MIN 04/07/2026 07:40PM ET,MIN,3.56
,,,,,,,,,,,,,,,RP,Bailey Horn (42558319),Bailey Horn,42558319,P,4000,DET@MIN 04/07/2026 07:40PM ET,DET,0
,,,,,,,,,,,,,,,RP,Zak Kent (42558333),Zak Kent,42558333,P,4000,DET@MIN 04/07/2026 07:40PM ET,MIN,1.42
,,,,,,,,,,,,,,,RP,Kody Funderburk (42558334),Kody Funderburk,42558334,P,4000,DET@MIN 04/07/2026 07:40PM ET,MIN,2.46
,,,,,,,,,,,,,,,SS,Otto Lopez (42557356),Otto Lopez,42557356,SS,4000,CIN@MIA 04/07/2026 06:40PM ET,MIA,9.3
,,,,,,,,,,,,,,,RP,William Kempner (42558054),William Kempner,42558054,P,4000,CIN@MIA 04/07/2026 06:40PM ET,MIA,0
,,,,,,,,,,,,,,,SP,Julian Aguiar (42558057),Julian Aguiar,42558057,P,4000,CIN@MIA 04/07/2026 06:40PM ET,CIN,0
,,,,,,,,,,,,,,,RP,Josh White (42558074),Josh White,42558074,P,4000,CIN@MIA 04/07/2026 06:40PM ET,MIA,0
,,,,,,,,,,,,,,,SP,Bradley Blalock (42558098),Bradley Blalock,42558098,P,4000,CIN@MIA 04/07/2026 06:40PM ET,MIA,0
,,,,,,,,,,,,,,,RP,Pierce Johnson (42558101),Pierce Johnson,42558101,P,4000,CIN@MIA 04/07/2026 06:40PM ET,CIN,0.26
,,,,,,,,,,,,,,,RP,Ronny Henriquez (42558128),Ronny Henriquez,42558128,P,4000,CIN@MIA 04/07/2026 06:40PM ET,MIA,0
,,,,,,,,,,,,,,,SP,Connor Phillips (42558130),Connor Phillips,42558130,P,4000,CIN@MIA 04/07/2026 06:40PM ET,CIN,3.57
,,,,,,,,,,,,,,,RP,Anthony Bender (42558174),Anthony Bender,42558174,P,4000,CIN@MIA 04/07/2026 06:40PM ET,MIA,2.02
,,,,,,,,,,,,,,,RP,Emilio Pagan (42558194),Emilio Pagan,42558194,P,4000,CIN@MIA 04/07/2026 06:40PM ET,CIN,1.71
,,,,,,,,,,,,,,,RP,Brock Burke (42558199),Brock Burke,42558199,P,4000,CIN@MIA 04/07/2026 06:40PM ET,CIN,5.12
,,,,,,,,,,,,,,,RP,Tyler Phillips (42558224),Tyler Phillips,42558224,P,4000,CIN@MIA 04/07/2026 06:40PM ET,MIA,7.05
,,,,,,,,,,,,,,,RP,Zach Maxwell (42558235),Zach Maxwell,42558235,P,4000,CIN@MIA 04/07/2026 06:40PM ET,CIN,0
,,,,,,,,,,,,,,,RP,Andrew Nardi (42558241),Andrew Nardi,42558241,P,4000,CIN@MIA 04/07/2026 06:40PM ET,MIA,3.59
,,,,,,,,,,,,,,,RP,Calvin Faucher (42558247),Calvin Faucher,42558247,P,4000,CIN@MIA 04/07/2026 06:40PM ET,MIA,5.8
,,,,,,,,,,,,,,,RP,Kyle Nicolas (42558248),Kyle Nicolas,42558248,P,4000,CIN@MIA 04/07/2026 06:40PM ET,CIN,0
,,,,,,,,,,,,,,,RP,Luis Mey (42558252),Luis Mey,42558252,P,4000,CIN@MIA 04/07/2026 06:40PM ET,CIN,0
,,,,,,,,,,,,,,,RP,Caleb Ferguson (42558253),Caleb Ferguson,42558253,P,4000,CIN@MIA 04/07/2026 06:40PM ET,CIN,0
,,,,,,,,,,,,,,,RP,Graham Ashcraft (42558257),Graham Ashcraft,42558257,P,4000,CIN@MIA 04/07/2026 06:40PM ET,CIN,4.55
,,,,,,,,,,,,,,,RP,Sam Moll (42558267),Sam Moll,42558267,P,4000,CIN@MIA 04/07/2026 06:40PM ET,CIN,4.11
,,,,,,,,,,,,,,,RP,Lake Bachar (42558268),Lake Bachar,42558268,P,4000,CIN@MIA 04/07/2026 06:40PM ET,MIA,4.7
,,,,,,,,,,,,,,,RP,Michael Petersen (42558282),Michael Petersen,42558282,P,4000,CIN@MIA 04/07/2026 06:40PM ET,MIA,2.85
,,,,,,,,,,,,,,,RP,John King (42558287),John King,42558287,P,4000,CIN@MIA 04/07/2026 06:40PM ET,MIA,4.04
,,,,,,,,,,,,,,,SP,Tony Santillan (42558301),Tony Santillan,42558301,P,4000,CIN@MIA 04/07/2026 06:40PM ET,CIN,4.98
,,,,,,,,,,,,,,,SP,Jose Franco (42558304),Jose Franco,42558304,P,4000,CIN@MIA 04/07/2026 06:40PM ET,CIN,1.95
,,,,,,,,,,,,,,,RP,Cade Gibson (42558311),Cade Gibson,42558311,P,4000,CIN@MIA 04/07/2026 06:40PM ET,MIA,0
,,,,,,,,,,,,,,,RP,Pete Fairbanks (42558323),Pete Fairbanks,42558323,P,4000,CIN@MIA 04/07/2026 06:40PM ET,MIA,3
,,,,,,,,,,,,,,,C,Yainer Diaz (42557346),Yainer Diaz,42557346,C,4000,HOU@COL 04/07/2026 08:40PM ET,HOU,6.11
,,,,,,,,,,,,,,,2B/OF,Tyler Freeman (42557347),Tyler Freeman,42557347,2B/OF,4000,HOU@COL 04/07/2026 08:40PM ET,COL,6.5
,,,,,,,,,,,,,,,SP,Gabriel Hughes (42558041),Gabriel Hughes,42558041,P,4000,HOU@COL 04/07/2026 08:40PM ET,COL,0
,,,,,,,,,,,,,,,RP,Cody Bolton (42558045),Cody Bolton,42558045,P,4000,HOU@COL 04/07/2026 08:40PM ET,HOU,12.55
,,,,,,,,,,,,,,,RP,Jeff Criswell (42558070),Jeff Criswell,42558070,P,4000,HOU@COL 04/07/2026 08:40PM ET,COL,0
,,,,,,,,,,,,,,,RP,RJ Petit (42558073),RJ Petit,42558073,P,4000,HOU@COL 04/07/2026 08:40PM ET,COL,0
,,,,,,,,,,,,,,,RP,Welinton Herrera (42558078),Welinton Herrera,42558078,P,4000,HOU@COL 04/07/2026 08:40PM ET,COL,0
,,,,,,,,,,,,,,,SP,Miguel Ullola (42558079),Miguel Ullola,42558079,P,4000,HOU@COL 04/07/2026 08:40PM ET,HOU,0
,,,,,,,,,,,,,,,RP,Enyel De Los Santos (42558086),Enyel De Los Santos,42558086,P,4000,HOU@COL 04/07/2026 08:40PM ET,HOU,1.65
,,,,,,,,,,,,,,,SP,Pierson Ohl (42558099),Pierson Ohl,42558099,P,4000,HOU@COL 04/07/2026 08:40PM ET,COL,0
,,,,,,,,,,,,,,,RP,Carson Palmquist (42558100),Carson Palmquist,42558100,P,4000,HOU@COL 04/07/2026 08:40PM ET,COL,0
,,,,,,,,,,,,,,,RP,Steven Okert (42558106),Steven Okert,42558106,P,4000,HOU@COL 04/07/2026 08:40PM ET,HOU,2.8
,,,,,,,,,,,,,,,RP,Jimmy Herget (42558109),Jimmy Herget,42558109,P,4000,HOU@COL 04/07/2026 08:40PM ET,COL,4.22
,,,,,,,,,,,,,,,RP,Victor Vodnik (42558111),Victor Vodnik,42558111,P,4000,HOU@COL 04/07/2026 08:40PM ET,COL,2.05
,,,,,,,,,,,,,,,RP,Christian Roa (42558115),Christian Roa,42558115,P,4000,HOU@COL 04/07/2026 08:40PM ET,HOU,0.97
,,,,,,,,,,,,,,,RP,Zach Agnos (42558144),Zach Agnos,42558144,P,4000,HOU@COL 04/07/2026 08:40PM ET,COL,0.15
,,,,,,,,,,,,,,,RP,Jayden Murray (42558148),Jayden Murray,42558148,P,4000,HOU@COL 04/07/2026 08:40PM ET,HOU,0
,,,,,,,,,,,,,,,RP,Brennan Bernardino (42558178),Brennan Bernardino,42558178,P,4000,HOU@COL 04/07/2026 08:40PM ET,COL,2.58
,,,,,,,,,,,,,,,RP,Juan Mejia (42558200),Juan Mejia,42558200,P,4000,HOU@COL 04/07/2026 08:40PM ET,COL,2.68
,,,,,,,,,,,,,,,RP,Kai-Wei Teng (42558205),Kai-Wei Teng,42558205,P,4000,HOU@COL 04/07/2026 08:40PM ET,HOU,7.92
,,,,,,,,,,,,,,,RP,Josh Hader (42558213),Josh Hader,42558213,P,4000,HOU@COL 04/07/2026 08:40PM ET,HOU,0
,,,,,,,,,,,,,,,RP,Bryan Abreu (42558217),Bryan Abreu,42558217,P,4000,HOU@COL 04/07/2026 08:40PM ET,HOU,-0.35
,,,,,,,,,,,,,,,RP,Bryan King (42558230),Bryan King,42558230,P,4000,HOU@COL 04/07/2026 08:40PM ET,HOU,4.36
,,,,,,,,,,,,,,,RP,Luis Peralta (42558244),Luis Peralta,42558244,P,4000,HOU@COL 04/07/2026 08:40PM ET,COL,0
,,,,,,,,,,,,,,,RP,Sammy Peralta (42558273),Sammy Peralta,42558273,P,4000,HOU@COL 04/07/2026 08:40PM ET,COL,0
,,,,,,,,,,,,,,,RP,Roddery Munoz (42558279),Roddery Munoz,42558279,P,4000,HOU@COL 04/07/2026 08:40PM ET,HOU,-0.27
,,,,,,,,,,,,,,,RP,Jaden Hill (42558288),Jaden Hill,42558288,P,4000,HOU@COL 04/07/2026 08:40PM ET,COL,2.55
,,,,,,,,,,,,,,,RP,Bennett Sousa (42558290),Bennett Sousa,42558290,P,4000,HOU@COL 04/07/2026 08:40PM ET,HOU,0
,,,,,,,,,,,,,,,RP,Seth Halvorsen (42558339),Seth Halvorsen,42558339,P,4000,HOU@COL 04/07/2026 08:40PM ET,COL,0
,,,,,,,,,,,,,,,OF,Ramon Laureano (42557354),Ramon Laureano,42557354,OF,4000,SD@PIT 04/07/2026 06:40PM ET,SD,8.22
,,,,,,,,,,,,,,,RP,Ryan Harbin (42558027),Ryan Harbin,42558027,P,4000,SD@PIT 04/07/2026 06:40PM ET,PIT,0
,,,,,,,,,,,,,,,SP,Miguel Mendez (42558033),Miguel Mendez,42558033,P,4000,SD@PIT 04/07/2026 06:40PM ET,SD,0
,,,,,,,,,,,,,,,RP,Garrett Hawkins (42558036),Garrett Hawkins,42558036,P,4000,SD@PIT 04/07/2026 06:40PM ET,SD,0
,,,,,,,,,,,,,,,SP,Wilber Dotel (42558052),Wilber Dotel,42558052,P,4000,SD@PIT 04/07/2026 06:40PM ET,PIT,0
,,,,,,,,,,,,,,,RP,Brandan Bidois (42558072),Brandan Bidois,42558072,P,4000,SD@PIT 04/07/2026 06:40PM ET,PIT,0
,,,,,,,,,,,,,,,RP,Mason Miller (42558112),Mason Miller,42558112,P,4000,SD@PIT 04/07/2026 06:40PM ET,SD,7.64
,,,,,,,,,,,,,,,RP,Ron Marinaccio (42558114),Ron Marinaccio,42558114,P,4000,SD@PIT 04/07/2026 06:40PM ET,SD,5.19
,,,,,,,,,,,,,,,RP,Adrian Morejon (42558119),Adrian Morejon,42558119,P,4000,SD@PIT 04/07/2026 06:40PM ET,SD,4.97
,,,,,,,,,,,,,,,RP,Evan Sisk (42558141),Evan Sisk,42558141,P,4000,SD@PIT 04/07/2026 06:40PM ET,PIT,0
,,,,,,,,,,,,,,,RP,Yohan Ramirez (42558153),Yohan Ramirez,42558153,P,4000,SD@PIT 04/07/2026 06:40PM ET,PIT,4.84
,,,,,,,,,,,,,,,RP,Cam Sanders (42558154),Cam Sanders,42558154,P,4000,SD@PIT 04/07/2026 06:40PM ET,PIT,0
,,,,,,,,,,,,,,,RP,Wandy Peralta (42558155),Wandy Peralta,42558155,P,4000,SD@PIT 04/07/2026 06:40PM ET,SD,0.96
,,,,,,,,,,,,,,,RP,Bradgley Rodriguez (42558164),Bradgley Rodriguez,42558164,P,4000,SD@PIT 04/07/2026 06:40PM ET,SD,6.53
,,,,,,,,,,,,,,,RP,Dennis Santana (42558169),Dennis Santana,42558169,P,4000,SD@PIT 04/07/2026 06:40PM ET,PIT,4.62
,,,,,,,,,,,,,,,RP,Mason Montgomery (42558204),Mason Montgomery,42558204,P,4000,SD@PIT 04/07/2026 06:40PM ET,PIT,2.78
,,,,,,,,,,,,,,,RP,Bryan Hoeing (42558227),Bryan Hoeing,42558227,P,4000,SD@PIT 04/07/2026 06:40PM ET,SD,0
,,,,,,,,,,,,,,,RP,Alek Jacob (42558229),Alek Jacob,42558229,P,4000,SD@PIT 04/07/2026 06:40PM ET,SD,0
,,,,,,,,,,,,,,,RP,Ty Adcock (42558250),Ty Adcock,42558250,P,4000,SD@PIT 04/07/2026 06:40PM ET,SD,0
,,,,,,,,,,,,,,,RP,Jason Adam (42558256),Jason Adam,42558256,P,4000,SD@PIT 04/07/2026 06:40PM ET,SD,0
,,,,,,,,,,,,,,,RP,David Morgan (42558260),David Morgan,42558260,P,4000,SD@PIT 04/07/2026 06:40PM ET,SD,3.83
,,,,,,,,,,,,,,,RP,Gregory Soto (42558264),Gregory Soto,42558264,P,4000,SD@PIT 04/07/2026 06:40PM ET,PIT,5.44
,,,,,,,,,,,,,,,RP,Jeremiah Estrada (42558312),Jeremiah Estrada,42558312,P,4000,SD@PIT 04/07/2026 06:40PM ET,SD,3.5
,,,,,,,,,,,,,,,RP,Yuki Matsui (42558324),Yuki Matsui,42558324,P,4000,SD@PIT 04/07/2026 06:40PM ET,SD,0
,,,,,,,,,,,,,,,RP,Justin Lawrence (42558340),Justin Lawrence,42558340,P,4000,SD@PIT 04/07/2026 06:40PM ET,PIT,3.38
,,,,,,,,,,,,,,,RP,Isaac Mattson (42558344),Isaac Mattson,42558344,P,4000,SD@PIT 04/07/2026 06:40PM ET,PIT,2.82
,,,,,,,,,,,,,,,3B,Austin Riley (42557352),Austin Riley,42557352,3B,4000,ATL@LAA 04/07/2026 09:38PM ET,ATL,3.46
,,,,,,,,,,,,,,,RP,Joe Jimenez (42558047),Joe Jimenez,42558047,P,4000,ATL@LAA 04/07/2026 09:38PM ET,ATL,0
,,,,,,,,,,,,,,,RP,Jhancarlos Lara (42558053),Jhancarlos Lara,42558053,P,4000,ATL@LAA 04/07/2026 09:38PM ET,ATL,0
,,,,,,,,,,,,,,,RP,Dylan Dodd (42558092),Dylan Dodd,42558092,P,4000,ATL@LAA 04/07/2026 09:38PM ET,ATL,0
,,,,,,,,,,,,,,,SP,Walbert Urena (42558104),Walbert Urena,42558104,P,4000,ATL@LAA 04/07/2026 09:38PM ET,LAA,1.48
,,,,,,,,,,,,,,,RP,Brent Suter (42558105),Brent Suter,42558105,P,4000,ATL@LAA 04/07/2026 09:38PM ET,LAA,5.62
,,,,,,,,,,,,,,,RP,Danny Young (42558107),Danny Young,42558107,P,4000,ATL@LAA 04/07/2026 09:38PM ET,ATL,0
,,,,,,,,,,,,,,,RP,Hunter Stratton (42558116),Hunter Stratton,42558116,P,4000,ATL@LAA 04/07/2026 09:38PM ET,ATL,0
,,,,,,,,,,,,,,,RP,Robert Stephenson (42558117),Robert Stephenson,42558117,P,4000,ATL@LAA 04/07/2026 09:38PM ET,LAA,0
,,,,,,,,,,,,,,,RP,Raisel Iglesias (42558131),Raisel Iglesias,42558131,P,4000,ATL@LAA 04/07/2026 09:38PM ET,ATL,3.1
,,,,,,,,,,,,,,,RP,Jordan Romano (42558146),Jordan Romano,42558146,P,4000,ATL@LAA 04/07/2026 09:38PM ET,LAA,4.01
,,,,,,,,,,,,,,,RP,Robert Suarez (42558173),Robert Suarez,42558173,P,4000,ATL@LAA 04/07/2026 09:38PM ET,ATL,4.57
,,,,,,,,,,,,,,,RP,Rolddy Munoz (42558175),Rolddy Munoz,42558175,P,4000,ATL@LAA 04/07/2026 09:38PM ET,ATL,0
,,,,,,,,,,,,,,,RP,Jose Fermin (42558177),Jose Fermin,42558177,P,4000,ATL@LAA 04/07/2026 09:38PM ET,LAA,0
,,,,,,,,,,,,,,,RP,Ryan Zeferjahn (42558182),Ryan Zeferjahn,42558182,P,4000,ATL@LAA 04/07/2026 09:38PM ET,LAA,8.03
,,,,,,,,,,,,,,,RP,Drew Pomeranz (42558186),Drew Pomeranz,42558186,P,4000,ATL@LAA 04/07/2026 09:38PM ET,LAA,0.74
,,,,,,,,,,,,,,,RP,Tyler Kinley (42558206),Tyler Kinley,42558206,P,4000,ATL@LAA 04/07/2026 09:38PM ET,ATL,3.45
,,,,,,,,,,,,,,,RP,Daysbel Hernandez (42558207),Daysbel Hernandez,42558207,P,4000,ATL@LAA 04/07/2026 09:38PM ET,ATL,0
,,,,,,,,,,,,,,,RP,Shaun Anderson (42558214),Shaun Anderson,42558214,P,4000,ATL@LAA 04/07/2026 09:38PM ET,LAA,6.82
,,,,,,,,,,,,,,,RP,Dylan Lee (42558254),Dylan Lee,42558254,P,4000,ATL@LAA 04/07/2026 09:38PM ET,ATL,2.85
,,,,,,,,,,,,,,,RP,Kirby Yates (42558265),Kirby Yates,42558265,P,4000,ATL@LAA 04/07/2026 09:38PM ET,LAA,0
,,,,,,,,,,,,,,,RP,Hayden Harris (42558274),Hayden Harris,42558274,P,4000,ATL@LAA 04/07/2026 09:38PM ET,ATL,0
,,,,,,,,,,,,,,,RP,Joel Payamps (42558278),Joel Payamps,42558278,P,4000,ATL@LAA 04/07/2026 09:38PM ET,ATL,1.21
,,,,,,,,,,,,,,,RP,Aaron Bummer (42558289),Aaron Bummer,42558289,P,4000,ATL@LAA 04/07/2026 09:38PM ET,ATL,3.8
,,,,,,,,,,,,,,,RP,Sam Bachman (42558307),Sam Bachman,42558307,P,4000,ATL@LAA 04/07/2026 09:38PM ET,LAA,5.14
,,,,,,,,,,,,,,,RP,Ben Joyce (42558327),Ben Joyce,42558327,P,4000,ATL@LAA 04/07/2026 09:38PM ET,LAA,0
,,,,,,,,,,,,,,,OF,Giancarlo Stanton (42557351),Giancarlo Stanton,42557351,OF,4000,ATH@NYY 04/07/2026 07:05PM ET,NYY,9.62
,,,,,,,,,,,,,,,SP,Henry Baez (42558037),Henry Baez,42558037,P,4000,ATH@NYY 04/07/2026 07:05PM ET,ATH,0
,,,,,,,,,,,,,,,SP,Chase Hampton (42558044),Chase Hampton,42558044,P,4000,ATH@NYY 04/07/2026 07:05PM ET,NYY,0
,,,,,,,,,,,,,,,RP,Cade Winquest (42558050),Cade Winquest,42558050,P,4000,ATH@NYY 04/07/2026 07:05PM ET,NYY,0
,,,,,,,,,,,,,,,SP,Braden Nett (42558065),Braden Nett,42558065,P,4000,ATH@NYY 04/07/2026 07:05PM ET,ATH,0
,,,,,,,,,,,,,,,SP,Chen Zhong-Ao Zhuang (42558067),Chen Zhong-Ao Zhuang,42558067,P,4000,ATH@NYY 04/07/2026 07:05PM ET,ATH,0
,,,,,,,,,,,,,,,RP,Kervin Castro (42558071),Kervin Castro,42558071,P,4000,ATH@NYY 04/07/2026 07:05PM ET,NYY,0
,,,,,,,,,,,,,,,SP,Elmer Rodriguez (42558080),Elmer Rodriguez,42558080,P,4000,ATH@NYY 04/07/2026 07:05PM ET,NYY,0
,,,,,,,,,,,,,,,RP,Brady Basso (42558089),Brady Basso,42558089,P,4000,ATH@NYY 04/07/2026 07:05PM ET,ATH,0
,,,,,,,,,,,,,,,RP,Mason Barnett (42558090),Mason Barnett,42558090,P,4000,ATH@NYY 04/07/2026 07:05PM ET,ATH,0
,,,,,,,,,,,,,,,RP,Brent Headrick (42558108),Brent Headrick,42558108,P,4000,ATH@NYY 04/07/2026 07:05PM ET,NYY,4.18
,,,,,,,,,,,,,,,RP,Tyler Ferguson (42558152),Tyler Ferguson,42558152,P,4000,ATH@NYY 04/07/2026 07:05PM ET,ATH,0
,,,,,,,,,,,,,,,RP,Fernando Cruz (42558161),Fernando Cruz,42558161,P,4000,ATH@NYY 04/07/2026 07:05PM ET,NYY,3.26
,,,,,,,,,,,,,,,RP,Angel Chivilli (42558172),Angel Chivilli,42558172,P,4000,ATH@NYY 04/07/2026 07:05PM ET,NYY,0
,,,,,,,,,,,,,,,RP,Justin Sterner (42558183),Justin Sterner,42558183,P,4000,ATH@NYY 04/07/2026 07:05PM ET,ATH,3.2
,,,,,,,,,,,,,,,RP,Elvis Alvarado (42558191),Elvis Alvarado,42558191,P,4000,ATH@NYY 04/07/2026 07:05PM ET,ATH,1.48
,,,,,,,,,,,,,,,RP,Mark Leiter Jr. (42558192),Mark Leiter Jr.,42558192,P,4000,ATH@NYY 04/07/2026 07:05PM ET,ATH,0.86
,,,,,,,,,,,,,,,RP,Paul Blackburn (42558212),Paul Blackburn,42558212,P,4000,ATH@NYY 04/07/2026 07:05PM ET,NYY,2.28
,,,,,,,,,,,,,,,RP,Camilo Doval (42558215),Camilo Doval,42558215,P,4000,ATH@NYY 04/07/2026 07:05PM ET,NYY,1.18
,,,,,,,,,,,,,,,RP,Scott Barlow (42558219),Scott Barlow,42558219,P,4000,ATH@NYY 04/07/2026 07:05PM ET,ATH,-0.49
,,,,,,,,,,,,,,,RP,Jake Bird (42558243),Jake Bird,42558243,P,4000,ATH@NYY 04/07/2026 07:05PM ET,NYY,3.07
,,,,,,,,,,,,,,,RP,David Bednar (42558262),David Bednar,42558262,P,4000,ATH@NYY 04/07/2026 07:05PM ET,NYY,1.94
,,,,,,,,,,,,,,,RP,Eduarniel Nunez (42558308),Eduarniel Nunez,42558308,P,4000,ATH@NYY 04/07/2026 07:05PM ET,ATH,0
,,,,,,,,,,,,,,,RP,Michael Kelly (42558309),Michael Kelly,42558309,P,4000,ATH@NYY 04/07/2026 07:05PM ET,ATH,1.44
,,,,,,,,,,,,,,,RP,Yerry de los Santos (42558321),Yerry de los Santos,42558321,P,4000,ATH@NYY 04/07/2026 07:05PM ET,NYY,0
,,,,,,,,,,,,,,,RP,Tim Hill (42558331),Tim Hill,42558331,P,4000,ATH@NYY 04/07/2026 07:05PM ET,NYY,3.18
,,,,,,,,,,,,,,,RP,Jason Foley (42558031),Jason Foley,42558031,P,4000,PHI@SF 04/07/2026 09:45PM ET,SF,0
,,,,,,,,,,,,,,,RP,Moises Chace (42558034),Moises Chace,42558034,P,4000,PHI@SF 04/07/2026 09:45PM ET,PHI,0
,,,,,,,,,,,,,,,SP,Jean Cabrera (42558046),Jean Cabrera,42558046,P,4000,PHI@SF 04/07/2026 09:45PM ET,PHI,0
,,,,,,,,,,,,,,,RP,Rowan Wick (42558056),Rowan Wick,42558056,P,4000,PHI@SF 04/07/2026 09:45PM ET,SF,0
,,,,,,,,,,,,,,,RP,Sam Hentges (42558082),Sam Hentges,42558082,P,4000,PHI@SF 04/07/2026 09:45PM ET,SF,0
,,,,,,,,,,,,,,,RP,Reiver Sanmartin (42558083),Reiver Sanmartin,42558083,P,4000,PHI@SF 04/07/2026 09:45PM ET,SF,0
,,,,,,,,,,,,,,,RP,Matt Gage (42558120),Matt Gage,42558120,P,4000,PHI@SF 04/07/2026 09:45PM ET,SF,3.55
,,,,,,,,,,,,,,,RP,Nolan Hoffman (42558121),Nolan Hoffman,42558121,P,4000,PHI@SF 04/07/2026 09:45PM ET,PHI,0
,,,,,,,,,,,,,,,RP,Ryan Walker (42558127),Ryan Walker,42558127,P,4000,PHI@SF 04/07/2026 09:45PM ET,SF,2.09
,,,,,,,,,,,,,,,RP,Randy Rodriguez (42558134),Randy Rodriguez,42558134,P,4000,PHI@SF 04/07/2026 09:45PM ET,SF,0
,,,,,,,,,,,,,,,RP,Joel Peguero (42558159),Joel Peguero,42558159,P,4000,PHI@SF 04/07/2026 09:45PM ET,SF,0
,,,,,,,,,,,,,,,RP,Erik Miller (42558167),Erik Miller,42558167,P,4000,PHI@SF 04/07/2026 09:45PM ET,SF,0.49
,,,,,,,,,,,,,,,RP,Chase Shugart (42558179),Chase Shugart,42558179,P,4000,PHI@SF 04/07/2026 09:45PM ET,PHI,0
,,,,,,,,,,,,,,,RP,Jhoan Duran (42558180),Jhoan Duran,42558180,P,4000,PHI@SF 04/07/2026 09:45PM ET,PHI,4.29
,,,,,,,,,,,,,,,RP,Tim Mayza (42558184),Tim Mayza,42558184,P,4000,PHI@SF 04/07/2026 09:45PM ET,PHI,6.11
,,,,,,,,,,,,,,,RP,Alan Rangel (42558234),Alan Rangel,42558234,P,4000,PHI@SF 04/07/2026 09:45PM ET,PHI,0
,,,,,,,,,,,,,,,RP,Max Lazar (42558239),Max Lazar,42558239,P,4000,PHI@SF 04/07/2026 09:45PM ET,PHI,0
,,,,,,,,,,,,,,,RP,Trevor McDonald (42558259),Trevor McDonald,42558259,P,4000,PHI@SF 04/07/2026 09:45PM ET,SF,0
,,,,,,,,,,,,,,,SP,Caleb Kilian (42558284),Caleb Kilian,42558284,P,4000,PHI@SF 04/07/2026 09:45PM ET,SF,4.26
,,,,,,,,,,,,,,,RP,Ryan Borucki (42558291),Ryan Borucki,42558291,P,4000,PHI@SF 04/07/2026 09:45PM ET,SF,0.04
,,,,,,,,,,,,,,,RP,Tanner Banks (42558293),Tanner Banks,42558293,P,4000,PHI@SF 04/07/2026 09:45PM ET,PHI,3.28
,,,,,,,,,,,,,,,RP,Orion Kerkering (42558320),Orion Kerkering,42558320,P,4000,PHI@SF 04/07/2026 09:45PM ET,PHI,0
,,,,,,,,,,,,,,,RP,Kyle Backhus (42558326),Kyle Backhus,42558326,P,4000,PHI@SF 04/07/2026 09:45PM ET,PHI,1.44
,,,,,,,,,,,,,,,RP,Zach Pop (42558332),Zach Pop,42558332,P,4000,PHI@SF 04/07/2026 09:45PM ET,PHI,3
,,,,,,,,,,,,,,,RP,Jose Alvarado (42558341),Jose Alvarado,42558341,P,4000,PHI@SF 04/07/2026 09:45PM ET,PHI,1.09
,,,,,,,,,,,,,,,RP,Brad Keller (42558343),Brad Keller,42558343,P,4000,PHI@SF 04/07/2026 09:45PM ET,PHI,1.93
,,,,,,,,,,,,,,,OF,Daylen Lile (42557358),Daylen Lile,42557358,OF,3900,STL@WSH 04/07/2026 06:45PM ET,WSH,7.1
,,,,,,,,,,,,,,,3B,Max Muncy (42557361),Max Muncy,42557361,3B,3900,LAD@TOR 04/07/2026 07:07PM ET,LAD,5.89
,,,,,,,,,,,,,,,C,Alejandro Kirk (42557647),Alejandro Kirk,42557647,C,3900,LAD@TOR 04/07/2026 07:07PM ET,TOR,6
,,,,,,,,,,,,,,,SS,Trevor Story (42557363),Trevor Story,42557363,SS,3900,MIL@BOS 04/07/2026 06:45PM ET,BOS,3.7
,,,,,,,,,,,,,,,C,Miguel Amaya (42557362),Miguel Amaya,42557362,C,3900,CHC@TB 04/07/2026 06:40PM ET,CHC,7.33
,,,,,,,,,,,,,,,OF,Cam Smith (42557357),Cam Smith,42557357,OF,3900,HOU@COL 04/07/2026 08:40PM ET,HOU,10.82
,,,,,,,,,,,,,,,1B/2B,Luis Arraez (42557359),Luis Arraez,42557359,1B/2B,3900,PHI@SF 04/07/2026 09:45PM ET,SF,6.73
,,,,,,,,,,,,,,,1B,Josh Naylor (42557365),Josh Naylor,42557365,1B,3800,SEA@TEX 04/07/2026 08:05PM ET,SEA,2.46
,,,,,,,,,,,,,,,2B,Luke Keaschall (42557366),Luke Keaschall,42557366,2B,3800,DET@MIN 04/07/2026 07:40PM ET,MIN,6.7
,,,,,,,,,,,,,,,3B,Colt Keith (42557370),Colt Keith,42557370,3B,3800,DET@MIN 04/07/2026 07:40PM ET,DET,7.78
,,,,,,,,,,,,,,,C,Agustin Ramirez (42557364),Agustin Ramirez,42557364,C,3800,CIN@MIA 04/07/2026 06:40PM ET,MIA,6.56
,,,,,,,,,,,,,,,OF,Joey Loperfido (42557367),Joey Loperfido,42557367,OF,3800,HOU@COL 04/07/2026 08:40PM ET,HOU,6.3
,,,,,,,,,,,,,,,OF,Brenton Doyle (42557368),Brenton Doyle,42557368,OF,3800,HOU@COL 04/07/2026 08:40PM ET,COL,3.3
,,,,,,,,,,,,,,,OF,Trent Grisham (42557369),Trent Grisham,42557369,OF,3800,ATH@NYY 04/07/2026 07:05PM ET,NYY,7.22
,,,,,,,,,,,,,,,SS,Jacob Wilson (42557371),Jacob Wilson,42557371,SS,3800,ATH@NYY 04/07/2026 07:05PM ET,ATH,4.78
,,,,,,,,,,,,,,,2B,JJ Wetherholt (42557375),JJ Wetherholt,42557375,2B,3700,STL@WSH 04/07/2026 06:45PM ET,STL,8.5
,,,,,,,,,,,,,,,1B,Willson Contreras (42557379),Willson Contreras,42557379,1B,3700,MIL@BOS 04/07/2026 06:45PM ET,BOS,7.8
,,,,,,,,,,,,,,,C,Dillon Dingler (42557373),Dillon Dingler,42557373,C,3700,DET@MIN 04/07/2026 07:40PM ET,DET,8.5
,,,,,,,,,,,,,,,2B/OF,Brice Matthews (42557376),Brice Matthews,42557376,2B/OF,3700,HOU@COL 04/07/2026 08:40PM ET,HOU,3.12
,,,,,,,,,,,,,,,SS,Xander Bogaerts (42557378),Xander Bogaerts,42557378,SS,3700,SD@PIT 04/07/2026 06:40PM ET,SD,4.3
,,,,,,,,,,,,,,,OF,Jo Adell (42557372),Jo Adell,42557372,OF,3700,ATL@LAA 04/07/2026 09:38PM ET,LAA,5.82
,,,,,,,,,,,,,,,OF,Mike Yastrzemski (42557374),Mike Yastrzemski,42557374,OF,3700,ATL@LAA 04/07/2026 09:38PM ET,ATL,5.3
,,,,,,,,,,,,,,,3B,Max Muncy (42557380),Max Muncy,42557380,3B,3700,ATH@NYY 04/07/2026 07:05PM ET,ATH,9.56
,,,,,,,,,,,,,,,2B/SS,Nasim Nunez (42557389),Nasim Nunez,42557389,2B/SS,3600,STL@WSH 04/07/2026 06:45PM ET,WSH,8.88
,,,,,,,,,,,,,,,C,Keibert Ruiz (42557391),Keibert Ruiz,42557391,C,3600,STL@WSH 04/07/2026 06:45PM ET,WSH,7.4
,,,,,,,,,,,,,,,OF,Evan Carter (42557381),Evan Carter,42557381,OF,3600,SEA@TEX 04/07/2026 08:05PM ET,TEX,5
,,,,,,,,,,,,,,,1B/OF,Luke Raley (42557383),Luke Raley,42557383,1B/OF,3600,SEA@TEX 04/07/2026 08:05PM ET,SEA,7.44
,,,,,,,,,,,,,,,2B,Gleyber Torres (42557382),Gleyber Torres,42557382,2B,3600,DET@MIN 04/07/2026 07:40PM ET,DET,7
,,,,,,,,,,,,,,,OF,Jordan Beck (42557388),Jordan Beck,42557388,OF,3600,HOU@COL 04/07/2026 08:40PM ET,COL,3.86
,,,,,,,,,,,,,,,OF,Jake Meyers (42557392),Jake Meyers,42557392,OF,3600,HOU@COL 04/07/2026 08:40PM ET,HOU,7.1
,,,,,,,,,,,,,,,3B,Yoan Moncada (42557386),Yoan Moncada,42557386,3B,3600,ATL@LAA 04/07/2026 09:38PM ET,LAA,4.44
,,,,,,,,,,,,,,,1B,Nolan Schanuel (42557387),Nolan Schanuel,42557387,1B,3600,ATL@LAA 04/07/2026 09:38PM ET,LAA,7.89
,,,,,,,,,,,,,,,OF,Lawrence Butler (42557385),Lawrence Butler,42557385,OF,3600,ATH@NYY 04/07/2026 07:05PM ET,ATH,5.25
,,,,,,,,,,,,,,,3B,Brady House (42557405),Brady House,42557405,3B,3500,STL@WSH 04/07/2026 06:45PM ET,WSH,8.8
,,,,,,,,,,,,,,,OF,Andrew McCutchen (42557394),Andrew McCutchen,42557394,OF,3500,SEA@TEX 04/07/2026 08:05PM ET,TEX,6.43
,,,,,,,,,,,,,,,OF,Dominic Canzone (42557398),Dominic Canzone,42557398,OF,3500,SEA@TEX 04/07/2026 08:05PM ET,SEA,6.22
,,,,,,,,,,,,,,,1B/2B,Romy Gonzalez (42557648),Romy Gonzalez,42557648,1B/2B,3500,MIL@BOS 04/07/2026 06:45PM ET,BOS,0
,,,,,,,,,,,,,,,2B,Matt McLain (42557396),Matt McLain,42557396,2B,3500,CIN@MIA 04/07/2026 06:40PM ET,CIN,5.7
,,,,,,,,,,,,,,,OF,TJ Friedl (42557397),TJ Friedl,42557397,OF,3500,CIN@MIA 04/07/2026 06:40PM ET,CIN,4.3
,,,,,,,,,,,,,,,OF,Griffin Conine (42557400),Griffin Conine,42557400,OF,3500,CIN@MIA 04/07/2026 06:40PM ET,MIA,5.25
,,,,,,,,,,,,,,,1B/C,Liam Hicks (42557403),Liam Hicks,42557403,C/1B,3500,CIN@MIA 04/07/2026 06:40PM ET,MIA,10.33
,,,,,,,,,,,,,,,2B,Willi Castro (42557399),Willi Castro,42557399,2B,3500,HOU@COL 04/07/2026 08:40PM ET,COL,5.5
,,,,,,,,,,,,,,,OF,Zach Cole (42557650),Zach Cole,42557650,OF,3500,HOU@COL 04/07/2026 08:40PM ET,HOU,0
,,,,,,,,,,,,,,,SS,Konnor Griffin (42557395),Konnor Griffin,42557395,SS,3500,SD@PIT 04/07/2026 06:40PM ET,PIT,3.75
,,,,,,,,,,,,,,,OF,Michael Harris II (42557393),Michael Harris II,42557393,OF,3500,ATL@LAA 04/07/2026 09:38PM ET,ATL,4.91
,,,,,,,,,,,,,,,1B,Dominic Smith (42557401),Dominic Smith,42557401,1B,3500,ATL@LAA 04/07/2026 09:38PM ET,ATL,7
,,,,,,,,,,,,,,,C,J.T. Realmuto (42557402),J.T. Realmuto,42557402,C,3500,PHI@SF 04/07/2026 09:45PM ET,PHI,6.38
,,,,,,,,,,,,,,,C,Ivan Herrera (42557406),Ivan Herrera,42557406,C,3400,STL@WSH 04/07/2026 06:45PM ET,STL,6.1
,,,,,,,,,,,,,,,OF,Joey Wiemer (42557414),Joey Wiemer,42557414,OF,3400,STL@WSH 04/07/2026 06:45PM ET,WSH,11.86
,,,,,,,,,,,,,,,OF,Lars Nootbaar (42557651),Lars Nootbaar,42557651,OF,3400,STL@WSH 04/07/2026 06:45PM ET,STL,0
,,,,,,,,,,,,,,,3B/OF,Addison Barger (42557409),Addison Barger,42557409,3B/OF,3400,LAD@TOR 04/07/2026 07:07PM ET,TOR,2.12
,,,,,,,,,,,,,,,2B,Tommy Edman (42557653),Tommy Edman,42557653,2B,3400,LAD@TOR 04/07/2026 07:07PM ET,LAD,0
,,,,,,,,,,,,,,,1B/OF,Jake Bauers (42557412),Jake Bauers,42557412,1B/OF,3400,MIL@BOS 04/07/2026 06:45PM ET,MIL,7.9
,,,,,,,,,,,,,,,2B/SS,David Hamilton (42557416),David Hamilton,42557416,2B/SS,3400,MIL@BOS 04/07/2026 06:45PM ET,MIL,10.14
,,,,,,,,,,,,,,,OF,Austin Martin (42557411),Austin Martin,42557411,OF,3400,DET@MIN 04/07/2026 07:40PM ET,MIN,4.33
,,,,,,,,,,,,,,,OF,Mickey Moniak (42557408),Mickey Moniak,42557408,OF,3400,HOU@COL 04/07/2026 08:40PM ET,COL,9
,,,,,,,,,,,,,,,1B,Spencer Horwitz (42557418),Spencer Horwitz,42557418,1B,3400,SD@PIT 04/07/2026 06:40PM ET,PIT,4.22
,,,,,,,,,,,,,,,SS,Ha-Seong Kim (42557652),Ha-Seong Kim,42557652,SS,3400,ATL@LAA 04/07/2026 09:38PM ET,ATL,0
,,,,,,,,,,,,,,,2B,Bryson Stott (42557407),Bryson Stott,42557407,2B,3400,PHI@SF 04/07/2026 09:45PM ET,PHI,4.44
,,,,,,,,,,,,,,,OF,Jung Hoo Lee (42557415),Jung Hoo Lee,42557415,OF,3400,PHI@SF 04/07/2026 09:45PM ET,SF,4.36
,,,,,,,,,,,,,,,OF,Jesus Sanchez (42557426),Jesus Sanchez,42557426,OF,3300,LAD@TOR 04/07/2026 07:07PM ET,TOR,5.78
,,,,,,,,,,,,,,,3B/OF,Kike Hernandez (42557655),Kike Hernandez,42557655,3B/OF,3300,LAD@TOR 04/07/2026 07:07PM ET,LAD,0
,,,,,,,,,,,,,,,2B/OF,Richie Palacios (42557424),Richie Palacios,42557424,2B/OF,3300,CHC@TB 04/07/2026 06:40PM ET,TB,6.86
,,,,,,,,,,,,,,,SS,Dansby Swanson (42557427),Dansby Swanson,42557427,SS,3300,CHC@TB 04/07/2026 06:40PM ET,CHC,4.9
,,,,,,,,,,,,,,,3B,Royce Lewis (42557421),Royce Lewis,42557421,3B,3300,DET@MIN 04/07/2026 07:40PM ET,MIN,8.44
,,,,,,,,,,,,,,,OF,Owen Caissie (42557428),Owen Caissie,42557428,OF,3300,CIN@MIA 04/07/2026 06:40PM ET,MIA,7.9
,,,,,,,,,,,,,,,OF,Will Benson (42557429),Will Benson,42557429,OF,3300,CIN@MIA 04/07/2026 06:40PM ET,CIN,2.89
,,,,,,,,,,,,,,,3B/OF,Javier Sanoja (42557431),Javier Sanoja,42557431,3B/OF,3300,CIN@MIA 04/07/2026 06:40PM ET,MIA,6.43
,,,,,,,,,,,,,,,C,Christian Vazquez (42557419),Christian Vazquez,42557419,C,3300,HOU@COL 04/07/2026 08:40PM ET,HOU,8.4
,,,,,,,,,,,,,,,1B/OF,Troy Johnston (42557422),Troy Johnston,42557422,1B/OF,3300,HOU@COL 04/07/2026 08:40PM ET,COL,7.56
,,,,,,,,,,,,,,,C,Sean Murphy (42557654),Sean Murphy,42557654,C,3300,ATL@LAA 04/07/2026 09:38PM ET,ATL,0
,,,,,,,,,,,,,,,2B,Jeff McNeil (42557420),Jeff McNeil,42557420,2B,3300,ATH@NYY 04/07/2026 07:05PM ET,ATH,3.62
,,,,,,,,,,,,,,,1B,Paul Goldschmidt (42557430),Paul Goldschmidt,42557430,1B,3300,ATH@NYY 04/07/2026 07:05PM ET,NYY,9.67
,,,,,,,,,,,,,,,2B,Ernie Clement (42557438),Ernie Clement,42557438,2B,3200,LAD@TOR 04/07/2026 07:07PM ET,TOR,5.7
,,,,,,,,,,,,,,,SS,Andres Gimenez (42557439),Andres Gimenez,42557439,SS,3200,LAD@TOR 04/07/2026 07:07PM ET,TOR,8.2
,,,,,,,,,,,,,,,1B/C,Gary Sanchez (42557441),Gary Sanchez,42557441,C/1B,3200,MIL@BOS 04/07/2026 06:45PM ET,MIL,11.4
,,,,,,,,,,,,,,,OF,Jonny DeLuca (42557443),Jonny DeLuca,42557443,OF,3200,CHC@TB 04/07/2026 06:40PM ET,TB,5.25
,,,,,,,,,,,,,,,C,Carson Kelly (42557444),Carson Kelly,42557444,C,3200,CHC@TB 04/07/2026 06:40PM ET,CHC,4.78
,,,,,,,,,,,,,,,3B/OF,Zach McKinstry (42557433),Zach McKinstry,42557433,3B/OF,3200,DET@MIN 04/07/2026 07:40PM ET,DET,6
,,,,,,,,,,,,,,,1B/2B,Kody Clemens (42557447),Kody Clemens,42557447,1B/2B,3200,DET@MIN 04/07/2026 07:40PM ET,MIN,5
,,,,,,,,,,,,,,,OF,JJ Bleday (42557657),JJ Bleday,42557657,OF,3200,CIN@MIA 04/07/2026 06:40PM ET,CIN,0
,,,,,,,,,,,,,,,1B,TJ Rumfield (42557440),TJ Rumfield,42557440,1B,3200,HOU@COL 04/07/2026 08:40PM ET,COL,8.7
,,,,,,,,,,,,,,,3B/SS,Nick Gonzales (42557445),Nick Gonzales,42557445,3B/SS,3200,SD@PIT 04/07/2026 06:40PM ET,PIT,7.88
,,,,,,,,,,,,,,,OF,Josh Lowe (42557436),Josh Lowe,42557436,OF,3200,ATL@LAA 04/07/2026 09:38PM ET,LAA,3.9
,,,,,,,,,,,,,,,OF,Heliot Ramos (42557435),Heliot Ramos,42557435,OF,3200,PHI@SF 04/07/2026 09:45PM ET,SF,4.09
,,,,,,,,,,,,,,,OF,Adolis Garcia (42557437),Adolis Garcia,42557437,OF,3200,PHI@SF 04/07/2026 09:45PM ET,PHI,7.3
,,,,,,,,,,,,,,,2B/3B,Nolan Gorman (42557453),Nolan Gorman,42557453,2B/3B,3100,STL@WSH 04/07/2026 06:45PM ET,STL,6.4
,,,,,,,,,,,,,,,1B,Josh Bell (42557455),Josh Bell,42557455,1B,3100,DET@MIN 04/07/2026 07:40PM ET,MIN,8.6
,,,,,,,,,,,,,,,OF,Matt Wallner (42557456),Matt Wallner,42557456,OF,3100,DET@MIN 04/07/2026 07:40PM ET,MIN,7.6
,,,,,,,,,,,,,,,C,Tyler Stephenson (42557452),Tyler Stephenson,42557452,C,3100,CIN@MIA 04/07/2026 06:40PM ET,CIN,4.75
,,,,,,,,,,,,,,,OF,Christopher Morel (42557659),Christopher Morel,42557659,OF,3100,CIN@MIA 04/07/2026 06:40PM ET,MIA,0
,,,,,,,,,,,,,,,OF,Jake McCarthy (42557449),Jake McCarthy,42557449,OF,3100,HOU@COL 04/07/2026 08:40PM ET,COL,4.1
,,,,,,,,,,,,,,,C,Logan O'Hoppe (42557450),Logan O'Hoppe,42557450,C,3100,ATL@LAA 04/07/2026 09:38PM ET,LAA,4.2
,,,,,,,,,,,,,,,OF,Jorge Soler (42557451),Jorge Soler,42557451,OF,3100,ATL@LAA 04/07/2026 09:38PM ET,LAA,6.82
,,,,,,,,,,,,,,,3B/SS,Mauricio Dubon (42557457),Mauricio Dubon,42557457,3B/SS,3100,ATL@LAA 04/07/2026 09:38PM ET,ATL,8.4
,,,,,,,,,,,,,,,2B,Christian Moore (42557658),Christian Moore,42557658,2B,3100,ATL@LAA 04/07/2026 09:38PM ET,LAA,0
,,,,,,,,,,,,,,,2B/SS,Jose Caballero (42557459),Jose Caballero,42557459,2B/SS,3100,ATH@NYY 04/07/2026 07:05PM ET,NYY,4.56
,,,,,,,,,,,,,,,SS,Masyn Winn (42557462),Masyn Winn,42557462,SS,3000,STL@WSH 04/07/2026 06:45PM ET,STL,5.12
,,,,,,,,,,,,,,,OF,Victor Scott II (42557464),Victor Scott II,42557464,OF,3000,STL@WSH 04/07/2026 06:45PM ET,STL,5.1
,,,,,,,,,,,,,,,1B,Matt Mervis (42557661),Matt Mervis,42557661,1B,3000,STL@WSH 04/07/2026 06:45PM ET,WSH,0
,,,,,,,,,,,,,,,OF,Nathan Lukes (42557467),Nathan Lukes,42557467,OF,3000,LAD@TOR 04/07/2026 07:07PM ET,TOR,2.29
,,,,,,,,,,,,,,,OF,Victor Robles (42557463),Victor Robles,42557463,OF,3000,SEA@TEX 04/07/2026 08:05PM ET,SEA,3.6
,,,,,,,,,,,,,,,OF,Ceddanne Rafaela (42557461),Ceddanne Rafaela,42557461,OF,3000,MIL@BOS 04/07/2026 06:45PM ET,BOS,4.4
,,,,,,,,,,,,,,,3B,Luis Rengifo (42557479),Luis Rengifo,42557479,3B,3000,MIL@BOS 04/07/2026 06:45PM ET,MIL,6
,,,,,,,,,,,,,,,OF,Garrett Mitchell (42557482),Garrett Mitchell,42557482,OF,3000,MIL@BOS 04/07/2026 06:45PM ET,MIL,10.78
,,,,,,,,,,,,,,,1B,Andrew Vaughn (42557666),Andrew Vaughn,42557666,1B,3000,MIL@BOS 04/07/2026 06:45PM ET,MIL,5
,,,,,,,,,,,,,,,C,Nick Fortes (42557475),Nick Fortes,42557475,C,3000,CHC@TB 04/07/2026 06:40PM ET,TB,7.22
,,,,,,,,,,,,,,,OF,Jake Fraley (42557478),Jake Fraley,42557478,OF,3000,CHC@TB 04/07/2026 06:40PM ET,TB,3.62
,,,,,,,,,,,,,,,OF,Gavin Lux (42557660),Gavin Lux,42557660,OF,3000,CHC@TB 04/07/2026 06:40PM ET,TB,0
,,,,,,,,,,,,,,,OF,Parker Meadows (42557466),Parker Meadows,42557466,OF,3000,DET@MIN 04/07/2026 07:40PM ET,DET,6.56
,,,,,,,,,,,,,,,C,Ryan Jeffers (42557481),Ryan Jeffers,42557481,C,3000,DET@MIN 04/07/2026 07:40PM ET,MIN,4.29
,,,,,,,,,,,,,,,1B/OF,Spencer Steer (42557473),Spencer Steer,42557473,1B/OF,3000,CIN@MIA 04/07/2026 06:40PM ET,CIN,4.78
,,,,,,,,,,,,,,,1B/3B,Christian Encarnacion-Strand (42557663),Christian Encarnacion-Strand,42557663,1B/3B,3000,CIN@MIA 04/07/2026 06:40PM ET,CIN,0
,,,,,,,,,,,,,,,2B/3B,Shay Whitcomb (42557468),Shay Whitcomb,42557468,2B/3B,3000,HOU@COL 04/07/2026 08:40PM ET,HOU,1
,,,,,,,,,,,,,,,2B,Jake Cronenworth (42557472),Jake Cronenworth,42557472,2B,3000,SD@PIT 04/07/2026 06:40PM ET,SD,3.8
,,,,,,,,,,,,,,,1B/OF,Gavin Sheets (42557476),Gavin Sheets,42557476,1B/OF,3000,SD@PIT 04/07/2026 06:40PM ET,SD,4.78
,,,,,,,,,,,,,,,OF,Jake Mangum (42557480),Jake Mangum,42557480,OF,3000,SD@PIT 04/07/2026 06:40PM ET,PIT,3.75
,,,,,,,,,,,,,,,3B,Sung-Mun Song (42557667),Sung-Mun Song,42557667,3B,3000,SD@PIT 04/07/2026 06:40PM ET,SD,0
,,,,,,,,,,,,,,,OF,Carlos Cortes (42557470),Carlos Cortes,42557470,OF,3000,ATH@NYY 04/07/2026 07:05PM ET,ATH,5.2
,,,,,,,,,,,,,,,OF,Colby Thomas (42557662),Colby Thomas,42557662,OF,3000,ATH@NYY 04/07/2026 07:05PM ET,ATH,0
,,,,,,,,,,,,,,,OF,Jasson Dominguez (42557665),Jasson Dominguez,42557665,OF,3000,ATH@NYY 04/07/2026 07:05PM ET,NYY,0
,,,,,,,,,,,,,,,OF,Brandon Marsh (42557465),Brandon Marsh,42557465,OF,3000,PHI@SF 04/07/2026 09:45PM ET,PHI,7.5
,,,,,,,,,,,,,,,OF,Harrison Bader (42557471),Harrison Bader,42557471,OF,3000,PHI@SF 04/07/2026 09:45PM ET,SF,3.82
,,,,,,,,,,,,,,,OF,Jordan Walker (42557488),Jordan Walker,42557488,OF,2900,STL@WSH 04/07/2026 06:45PM ET,STL,10.5
,,,,,,,,,,,,,,,2B/3B,Alex Freeland (42557489),Alex Freeland,42557489,2B/3B,2900,LAD@TOR 04/07/2026 07:07PM ET,LAD,4
,,,,,,,,,,,,,,,C,Danny Jansen (42557484),Danny Jansen,42557484,C,2900,SEA@TEX 04/07/2026 08:05PM ET,TEX,6.43
,,,,,,,,,,,,,,,OF,Masataka Yoshida (42557485),Masataka Yoshida,42557485,OF,2900,MIL@BOS 04/07/2026 06:45PM ET,BOS,5.62
,,,,,,,,,,,,,,,SS,Joey Ortiz (42557496),Joey Ortiz,42557496,SS,2900,MIL@BOS 04/07/2026 06:45PM ET,MIL,8
,,,,,,,,,,,,,,,C,Moises Ballesteros (42557494),Moises Ballesteros,42557494,C,2900,CHC@TB 04/07/2026 06:40PM ET,CHC,2.38
,,,,,,,,,,,,,,,OF,Trevor Larnach (42557497),Trevor Larnach,42557497,OF,2900,DET@MIN 04/07/2026 07:40PM ET,MIN,5.12
,,,,,,,,,,,,,,,OF,Noelvi Marte (42557493),Noelvi Marte,42557493,OF,2900,CIN@MIA 04/07/2026 06:40PM ET,CIN,1.5
,,,,,,,,,,,,,,,OF,Blake Dunn (42557670),Blake Dunn,42557670,OF,2900,CIN@MIA 04/07/2026 06:40PM ET,CIN,0
,,,,,,,,,,,,,,,3B,Kyle Karros (42557483),Kyle Karros,42557483,3B,2900,HOU@COL 04/07/2026 08:40PM ET,COL,4.2
,,,,,,,,,,,,,,,OF,Zach Dezenzo (42557668),Zach Dezenzo,42557668,OF,2900,HOU@COL 04/07/2026 08:40PM ET,HOU,0
,,,,,,,,,,,,,,,OF,Marcell Ozuna (42557495),Marcell Ozuna,42557495,OF,2900,SD@PIT 04/07/2026 06:40PM ET,PIT,2
,,,,,,,,,,,,,,,2B,Zack Gelof (42557669),Zack Gelof,42557669,2B,2900,ATH@NYY 04/07/2026 07:05PM ET,ATH,0
,,,,,,,,,,,,,,,1B/OF,Jerar Encarnacion (42557486),Jerar Encarnacion,42557486,1B/OF,2900,PHI@SF 04/07/2026 09:45PM ET,SF,3.2
,,,,,,,,,,,,,,,1B/2B,Casey Schmitt (42557491),Casey Schmitt,42557491,1B/2B,2900,PHI@SF 04/07/2026 09:45PM ET,SF,5
,,,,,,,,,,,,,,,1B/2B,Luis Garcia Jr. (42557500),Luis Garcia Jr.,42557500,1B/2B,2800,STL@WSH 04/07/2026 06:45PM ET,WSH,7.5
,,,,,,,,,,,,,,,C,Pedro Pages (42557504),Pedro Pages,42557504,C,2800,STL@WSH 04/07/2026 06:45PM ET,STL,5
,,,,,,,,,,,,,,,OF,Anthony Santander (42557671),Anthony Santander,42557671,OF,2800,LAD@TOR 04/07/2026 07:07PM ET,TOR,0
,,,,,,,,,,,,,,,2B/SS,Josh Smith (42557498),Josh Smith,42557498,2B/SS,2800,SEA@TEX 04/07/2026 08:05PM ET,TEX,2.89
,,,,,,,,,,,,,,,OF,Rob Refsnyder (42557505),Rob Refsnyder,42557505,OF,2800,SEA@TEX 04/07/2026 08:05PM ET,SEA,0.67
,,,,,,,,,,,,,,,3B,Caleb Durbin (42557507),Caleb Durbin,42557507,3B,2800,MIL@BOS 04/07/2026 06:45PM ET,BOS,2.44
,,,,,,,,,,,,,,,OF,Luis Matos (42557511),Luis Matos,42557511,OF,2800,MIL@BOS 04/07/2026 06:45PM ET,MIL,2.5
,,,,,,,,,,,,,,,1B/3B,Connor Norby (42557502),Connor Norby,42557502,1B/3B,2800,CIN@MIA 04/07/2026 06:40PM ET,MIA,3.78
,,,,,,,,,,,,,,,OF,Heriberto Hernandez (42557510),Heriberto Hernandez,42557510,OF,2800,CIN@MIA 04/07/2026 06:40PM ET,MIA,3.78
,,,,,,,,,,,,,,,SS,Nick Allen (42557509),Nick Allen,42557509,SS,2800,HOU@COL 04/07/2026 08:40PM ET,HOU,2.88
,,,,,,,,,,,,,,,C,Austin Wells (42557506),Austin Wells,42557506,C,2800,ATH@NYY 04/07/2026 07:05PM ET,NYY,3
,,,,,,,,,,,,,,,SS,Anthony Volpe (42557672),Anthony Volpe,42557672,SS,2800,ATH@NYY 04/07/2026 07:05PM ET,NYY,0
,,,,,,,,,,,,,,,OF,Justin Crawford (42557508),Justin Crawford,42557508,OF,2800,PHI@SF 04/07/2026 09:45PM ET,PHI,6.44
,,,,,,,,,,,,,,,OF,Jacob Young (42557516),Jacob Young,42557516,OF,2700,STL@WSH 04/07/2026 06:45PM ET,WSH,5.78
,,,,,,,,,,,,,,,2B/OF,Davis Schneider (42557512),Davis Schneider,42557512,2B/OF,2700,LAD@TOR 04/07/2026 07:07PM ET,TOR,5.33
,,,,,,,,,,,,,,,2B,Cole Young (42557514),Cole Young,42557514,2B,2700,SEA@TEX 04/07/2026 08:05PM ET,SEA,8.09
,,,,,,,,,,,,,,,C,Kyle Higashioka (42557515),Kyle Higashioka,42557515,C,2700,SEA@TEX 04/07/2026 08:05PM ET,TEX,4.75
,,,,,,,,,,,,,,,3B/SS,Tristan Gray (42557517),Tristan Gray,42557517,3B/SS,2700,DET@MIN 04/07/2026 07:40PM ET,MIN,8.6
,,,,,,,,,,,,,,,1B/C,Victor Caratini (42557519),Victor Caratini,42557519,C/1B,2700,DET@MIN 04/07/2026 07:40PM ET,MIN,5.29
,,,,,,,,,,,,,,,OF,Rece Hinds (42557674),Rece Hinds,42557674,OF,2700,CIN@MIA 04/07/2026 06:40PM ET,CIN,0
,,,,,,,,,,,,,,,1B,Blaine Crim (42557673),Blaine Crim,42557673,1B,2700,HOU@COL 04/07/2026 08:40PM ET,COL,0
,,,,,,,,,,,,,,,C,Joey Bart (42557521),Joey Bart,42557521,C,2700,SD@PIT 04/07/2026 06:40PM ET,PIT,2.33
,,,,,,,,,,,,,,,1B/OF,Nick Castellanos (42557522),Nick Castellanos,42557522,1B/OF,2700,SD@PIT 04/07/2026 06:40PM ET,SD,3.38
,,,,,,,,,,,,,,,3B/OF,Miguel Andujar (42557524),Miguel Andujar,42557524,3B/OF,2700,SD@PIT 04/07/2026 06:40PM ET,SD,5.29
,,,,,,,,,,,,,,,OF,Nathan Church (42557526),Nathan Church,42557526,OF,2600,STL@WSH 04/07/2026 06:45PM ET,STL,2.33
,,,,,,,,,,,,,,,C,Drew Millas (42557532),Drew Millas,42557532,C,2600,STL@WSH 04/07/2026 06:45PM ET,WSH,3.83
,,,,,,,,,,,,,,,2B/3B,Jose Tena (42557540),Jose Tena,42557540,2B/3B,2600,STL@WSH 04/07/2026 06:45PM ET,WSH,5.17
,,,,,,,,,,,,,,,2B/SS,Miguel Rojas (42557533),Miguel Rojas,42557533,2B/SS,2600,LAD@TOR 04/07/2026 07:07PM ET,LAD,3
,,,,,,,,,,,,,,,OF,Sam Haggerty (42557527),Sam Haggerty,42557527,OF,2600,SEA@TEX 04/07/2026 08:05PM ET,TEX,2
,,,,,,,,,,,,,,,3B,Josh Jung (42557536),Josh Jung,42557536,3B,2600,SEA@TEX 04/07/2026 08:05PM ET,TEX,2.67
,,,,,,,,,,,,,,,C,Carlos Narvaez (42557531),Carlos Narvaez,42557531,C,2600,MIL@BOS 04/07/2026 06:45PM ET,BOS,3.43
,,,,,,,,,,,,,,,SS,Carson Williams (42557676),Carson Williams,42557676,SS,2600,CHC@TB 04/07/2026 06:40PM ET,TB,3.86
,,,,,,,,,,,,,,,OF,Jahmai Jones (42557529),Jahmai Jones,42557529,OF,2600,DET@MIN 04/07/2026 07:40PM ET,DET,0
,,,,,,,,,,,,,,,SS,Brooks Lee (42557535),Brooks Lee,42557535,SS,2600,DET@MIN 04/07/2026 07:40PM ET,MIN,2.75
,,,,,,,,,,,,,,,OF,Wenceel Perez (42557675),Wenceel Perez,42557675,OF,2600,DET@MIN 04/07/2026 07:40PM ET,DET,0
,,,,,,,,,,,,,,,1B,Edouard Julien (42557542),Edouard Julien,42557542,1B,2600,HOU@COL 04/07/2026 08:40PM ET,COL,2.38
,,,,,,,,,,,,,,,C,Travis d'Arnaud (42557528),Travis d'Arnaud,42557528,C,2600,ATL@LAA 04/07/2026 09:38PM ET,LAA,3.5
,,,,,,,,,,,,,,,2B/OF,Adam Frazier (42557538),Adam Frazier,42557538,2B/OF,2600,ATL@LAA 04/07/2026 09:38PM ET,LAA,3.8
,,,,,,,,,,,,,,,OF,Randal Grichuk (42557530),Randal Grichuk,42557530,OF,2600,ATH@NYY 04/07/2026 07:05PM ET,NYY,0
,,,,,,,,,,,,,,,2B,Christian Koss (42557537),Christian Koss,42557537,2B,2600,PHI@SF 04/07/2026 09:45PM ET,SF,0
,,,,,,,,,,,,,,,2B/3B,Ramon Urias (42557547),Ramon Urias,42557547,2B/3B,2500,STL@WSH 04/07/2026 06:45PM ET,STL,6.12
,,,,,,,,,,,,,,,OF,Alex Call (42557552),Alex Call,42557552,OF,2500,LAD@TOR 04/07/2026 07:07PM ET,LAD,8
,,,,,,,,,,,,,,,2B/OF,Tyler Fitzgerald (42557678),Tyler Fitzgerald,42557678,2B/OF,2500,LAD@TOR 04/07/2026 07:07PM ET,TOR,0
,,,,,,,,,,,,,,,SS,J.P. Crawford (42557546),J.P. Crawford,42557546,SS,2500,SEA@TEX 04/07/2026 08:05PM ET,SEA,3.25
,,,,,,,,,,,,,,,C,Mitch Garver (42557551),Mitch Garver,42557551,C,2500,SEA@TEX 04/07/2026 08:05PM ET,SEA,3
,,,,,,,,,,,,,,,OF,Blake Perkins (42557555),Blake Perkins,42557555,OF,2500,MIL@BOS 04/07/2026 06:45PM ET,MIL,4
,,,,,,,,,,,,,,,2B/3B,Marcelo Mayer (42557557),Marcelo Mayer,42557557,2B/3B,2500,MIL@BOS 04/07/2026 06:45PM ET,BOS,4.8
,,,,,,,,,,,,,,,OF,Cedric Mullins (42557549),Cedric Mullins,42557549,OF,2500,CHC@TB 04/07/2026 06:40PM ET,TB,5.2
,,,,,,,,,,,,,,,3B/OF,Matt Shaw (42557553),Matt Shaw,42557553,3B/OF,2500,CHC@TB 04/07/2026 06:40PM ET,CHC,6.11
,,,,,,,,,,,,,,,SS,Javier Baez (42557550),Javier Baez,42557550,SS,2500,DET@MIN 04/07/2026 07:40PM ET,DET,4.5
,,,,,,,,,,,,,,,C,Brett Sullivan (42557543),Brett Sullivan,42557543,C,2500,HOU@COL 04/07/2026 08:40PM ET,COL,2.6
,,,,,,,,,,,,,,,C,Henry Davis (42557556),Henry Davis,42557556,C,2500,SD@PIT 04/07/2026 06:40PM ET,PIT,3.4
,,,,,,,,,,,,,,,3B/SS,Jared Triolo (42557680),Jared Triolo,42557680,3B/SS,2500,SD@PIT 04/07/2026 06:40PM ET,PIT,4.83
,,,,,,,,,,,,,,,1B/3B,Jeimer Candelario (42557544),Jeimer Candelario,42557544,1B/3B,2500,ATL@LAA 04/07/2026 09:38PM ET,LAA,3.6
,,,,,,,,,,,,,,,SS,Denzer Guzman (42557677),Denzer Guzman,42557677,SS,2500,ATL@LAA 04/07/2026 09:38PM ET,LAA,0
,,,,,,,,,,,,,,,C,Tyler Heineman (42557561),Tyler Heineman,42557561,C,2400,LAD@TOR 04/07/2026 07:07PM ET,TOR,3.57
,,,,,,,,,,,,,,,OF,Myles Straw (42557563),Myles Straw,42557563,OF,2400,LAD@TOR 04/07/2026 07:07PM ET,TOR,3.12
,,,,,,,,,,,,,,,2B/3B,Ezequiel Duran (42557566),Ezequiel Duran,42557566,2B/3B,2400,SEA@TEX 04/07/2026 08:05PM ET,TEX,4
,,,,,,,,,,,,,,,C,Connor Wong (42557560),Connor Wong,42557560,C,2400,MIL@BOS 04/07/2026 06:45PM ET,BOS,5.75
,,,,,,,,,,,,,,,OF,Brandon Lockridge (42557569),Brandon Lockridge,42557569,OF,2400,MIL@BOS 04/07/2026 06:45PM ET,MIL,8.12
,,,,,,,,,,,,,,,1B,Nathaniel Lowe (42557559),Nathaniel Lowe,42557559,1B,2400,CIN@MIA 04/07/2026 06:40PM ET,CIN,2.5
,,,,,,,,,,,,,,,OF,Austin Slater (42557570),Austin Slater,42557570,OF,2400,CIN@MIA 04/07/2026 06:40PM ET,MIA,2.43
,,,,,,,,,,,,,,,2B/3B,Maximo Acosta (42557682),Maximo Acosta,42557682,2B/3B,2400,CIN@MIA 04/07/2026 06:40PM ET,MIA,0
,,,,,,,,,,,,,,,OF,Bryce Johnson (42557573),Bryce Johnson,42557573,OF,2400,SD@PIT 04/07/2026 06:40PM ET,SD,1.8
,,,,,,,,,,,,,,,2B,Oswald Peraza (42557562),Oswald Peraza,42557562,2B,2400,ATL@LAA 04/07/2026 09:38PM ET,LAA,4.7
,,,,,,,,,,,,,,,1B/3B,Andy Ibanez (42557564),Andy Ibanez,42557564,1B/3B,2400,ATH@NYY 04/07/2026 07:05PM ET,ATH,2.8
,,,,,,,,,,,,,,,C,Patrick Bailey (42557568),Patrick Bailey,42557568,C,2400,PHI@SF 04/07/2026 09:45PM ET,SF,3.1
,,,,,,,,,,,,,,,2B/SS,Edmundo Sosa (42557571),Edmundo Sosa,42557571,2B/SS,2400,PHI@SF 04/07/2026 09:45PM ET,PHI,2.2
,,,,,,,,,,,,,,,1B/3B,Curtis Mead (42557574),Curtis Mead,42557574,1B/3B,2300,STL@WSH 04/07/2026 06:45PM ET,WSH,3.6
,,,,,,,,,,,,,,,2B/3B,Jorbit Vivas (42557582),Jorbit Vivas,42557582,2B/3B,2300,STL@WSH 04/07/2026 06:45PM ET,WSH,5.57
,,,,,,,,,,,,,,,2B,Hyeseong Kim (42557588),Hyeseong Kim,42557588,2B,2300,LAD@TOR 04/07/2026 07:07PM ET,LAD,5
,,,,,,,,,,,,,,,OF,Joc Pederson (42557577),Joc Pederson,42557577,OF,2300,SEA@TEX 04/07/2026 08:05PM ET,TEX,3.38
,,,,,,,,,,,,,,,OF,Michael Conforto (42557578),Michael Conforto,42557578,OF,2300,CHC@TB 04/07/2026 06:40PM ET,CHC,1.17
,,,,,,,,,,,,,,,C,Jake Rogers (42557576),Jake Rogers,42557576,C,2300,DET@MIN 04/07/2026 07:40PM ET,DET,3
,,,,,,,,,,,,,,,2B,Leo Jimenez (42557579),Leo Jimenez,42557579,2B,2300,CIN@MIA 04/07/2026 06:40PM ET,MIA,1.5
,,,,,,,,,,,,,,,OF,Dane Myers (42557580),Dane Myers,42557580,OF,2300,CIN@MIA 04/07/2026 06:40PM ET,CIN,2.1
,,,,,,,,,,,,,,,3B/OF,Nick Yorke (42557586),Nick Yorke,42557586,3B/OF,2300,SD@PIT 04/07/2026 06:40PM ET,PIT,5
,,,,,,,,,,,,,,,OF/SS,Jorge Mateo (42557584),Jorge Mateo,42557584,SS/OF,2300,ATL@LAA 04/07/2026 09:38PM ET,ATL,9.75
,,,,,,,,,,,,,,,C,Daniel Susac (42557581),Daniel Susac,42557581,C,2300,PHI@SF 04/07/2026 09:45PM ET,SF,3.67
,,,,,,,,,,,,,,,2B/OF,Jose Fermin (42557596),Jose Fermin,42557596,2B/OF,2200,STL@WSH 04/07/2026 06:45PM ET,STL,0
,,,,,,,,,,,,,,,2B,Cody Freeman (42557684),Cody Freeman,42557684,2B,2200,SEA@TEX 04/07/2026 08:05PM ET,TEX,0
,,,,,,,,,,,,,,,2B/SS,Ben Williamson (42557589),Ben Williamson,42557589,2B/SS,2200,CHC@TB 04/07/2026 06:40PM ET,TB,6
,,,,,,,,,,,,,,,C,Hunter Feduccia (42557591),Hunter Feduccia,42557591,C,2200,CHC@TB 04/07/2026 06:40PM ET,TB,3.4
,,,,,,,,,,,,,,,C,Jose Trevino (42557603),Jose Trevino,42557603,C,2200,CIN@MIA 04/07/2026 06:40PM ET,CIN,1.67
,,,,,,,,,,,,,,,3B,Ke'Bryan Hayes (42557604),Ke'Bryan Hayes,42557604,3B,2200,CIN@MIA 04/07/2026 06:40PM ET,CIN,1.5
,,,,,,,,,,,,,,,1B,Ty France (42557602),Ty France,42557602,1B,2200,SD@PIT 04/07/2026 06:40PM ET,SD,1
,,,,,,,,,,,,,,,OF,Eli White (42557598),Eli White,42557598,OF,2200,ATL@LAA 04/07/2026 09:38PM ET,ATL,1.17
,,,,,,,,,,,,,,,2B/3B,Amed Rosario (42557592),Amed Rosario,42557592,2B/3B,2200,ATH@NYY 04/07/2026 07:05PM ET,NYY,1.67
,,,,,,,,,,,,,,,3B,Ryan McMahon (42557594),Ryan McMahon,42557594,3B,2200,ATH@NYY 04/07/2026 07:05PM ET,NYY,2.89
,,,,,,,,,,,,,,,OF,Denzel Clarke (42557595),Denzel Clarke,42557595,OF,2200,ATH@NYY 04/07/2026 07:05PM ET,ATH,3
,,,,,,,,,,,,,,,2B/3B,Darell Hernaiz (42557599),Darell Hernaiz,42557599,2B/3B,2200,ATH@NYY 04/07/2026 07:05PM ET,ATH,0.6
,,,,,,,,,,,,,,,C,Rafael Marchan (42557601),Rafael Marchan,42557601,C,2200,PHI@SF 04/07/2026 09:45PM ET,PHI,9
,,,,,,,,,,,,,,,OF/SS,Thomas Saggese (42557605),Thomas Saggese,42557605,SS/OF,2100,STL@WSH 04/07/2026 06:45PM ET,STL,4.33
,,,,,,,,,,,,,,,C,Dalton Rushing (42557610),Dalton Rushing,42557610,C,2100,LAD@TOR 04/07/2026 07:07PM ET,LAD,19
,,,,,,,,,,,,,,,2B/3B,Santiago Espinal (42557615),Santiago Espinal,42557615,2B/3B,2100,LAD@TOR 04/07/2026 07:07PM ET,LAD,2.25
,,,,,,,,,,,,,,,2B/3B,Isiah Kiner-Falefa (42557607),Isiah Kiner-Falefa,42557607,2B/3B,2100,MIL@BOS 04/07/2026 06:45PM ET,BOS,1.33
,,,,,,,,,,,,,,,OF,Dylan Carlson (42557609),Dylan Carlson,42557609,OF,2100,CHC@TB 04/07/2026 06:40PM ET,CHC,0.67
,,,,,,,,,,,,,,,1B/3B,Graham Pauley (42557611),Graham Pauley,42557611,1B/3B,2100,CIN@MIA 04/07/2026 06:40PM ET,MIA,4
,,,,,,,,,,,,,,,C,Luis Campusano (42557614),Luis Campusano,42557614,C,2100,SD@PIT 04/07/2026 06:40PM ET,SD,3
,,,,,,,,,,,,,,,C,Jonah Heim (42557613),Jonah Heim,42557613,C,2100,ATL@LAA 04/07/2026 09:38PM ET,ATL,2.67
,,,,,,,,,,,,,,,C,Yohel Pozo (42557632),Yohel Pozo,42557632,C,2000,STL@WSH 04/07/2026 06:45PM ET,STL,0
,,,,,,,,,,,,,,,C,Jimmy Crooks (42557690),Jimmy Crooks,42557690,C,2000,STL@WSH 04/07/2026 06:45PM ET,STL,0
,,,,,,,,,,,,,,,OF,Joshua Baez (42557713),Joshua Baez,42557713,OF,2000,STL@WSH 04/07/2026 06:45PM ET,STL,0
,,,,,,,,,,,,,,,1B/OF,Abimelec Ortiz (42557714),Abimelec Ortiz,42557714,1B/OF,2000,STL@WSH 04/07/2026 06:45PM ET,WSH,0
,,,,,,,,,,,,,,,2B/OF,Bryan Torres (42557730),Bryan Torres,42557730,2B/OF,2000,STL@WSH 04/07/2026 06:45PM ET,STL,0
,,,,,,,,,,,,,,,OF,Christian Franklin (42557737),Christian Franklin,42557737,OF,2000,STL@WSH 04/07/2026 06:45PM ET,WSH,0
,,,,,,,,,,,,,,,C,Leo Bernal (42557739),Leo Bernal,42557739,C,2000,STL@WSH 04/07/2026 06:45PM ET,STL,0
,,,,,,,,,,,,,,,OF,Robert Hassell III (42557757),Robert Hassell III,42557757,OF,2000,STL@WSH 04/07/2026 06:45PM ET,WSH,0
,,,,,,,,,,,,,,,1B,Andres Chaparro (42557786),Andres Chaparro,42557786,1B,2000,STL@WSH 04/07/2026 06:45PM ET,WSH,4
,,,,,,,,,,,,,,,3B/SS,Cesar Prieto (42557797),Cesar Prieto,42557797,3B/SS,2000,STL@WSH 04/07/2026 06:45PM ET,STL,0
,,,,,,,,,,,,,,,C,Harry Ford (42557800),Harry Ford,42557800,C,2000,STL@WSH 04/07/2026 06:45PM ET,WSH,0
,,,,,,,,,,,,,,,C,Brandon Valenzuela (42557634),Brandon Valenzuela,42557634,C,2000,LAD@TOR 04/07/2026 07:07PM ET,TOR,1.5
,,,,,,,,,,,,,,,OF,Jonatan Clase (42557689),Jonatan Clase,42557689,OF,2000,LAD@TOR 04/07/2026 07:07PM ET,TOR,0
,,,,,,,,,,,,,,,OF,Ryan Ward (42557732),Ryan Ward,42557732,OF,2000,LAD@TOR 04/07/2026 07:07PM ET,LAD,0
,,,,,,,,,,,,,,,1B/3B,Juan Yepez (42557733),Juan Yepez,42557733,1B/3B,2000,LAD@TOR 04/07/2026 07:07PM ET,TOR,0
,,,,,,,,,,,,,,,OF,Michael Siani (42557789),Michael Siani,42557789,OF,2000,LAD@TOR 04/07/2026 07:07PM ET,LAD,0
,,,,,,,,,,,,,,,RP,Josh Fleming (42558346),Josh Fleming,42558346,P,2000,LAD@TOR 04/07/2026 07:07PM ET,TOR,-4.65
,,,,,,,,,,,,,,,3B/SS,Leo Rivas (42557618),Leo Rivas,42557618,3B/SS,2000,SEA@TEX 04/07/2026 08:05PM ET,SEA,3.64
,,,,,,,,,,,,,,,OF,Rhylan Thomas (42557691),Rhylan Thomas,42557691,OF,2000,SEA@TEX 04/07/2026 08:05PM ET,SEA,0
,,,,,,,,,,,,,,,OF,Michael Helman (42557693),Michael Helman,42557693,OF,2000,SEA@TEX 04/07/2026 08:05PM ET,TEX,0
,,,,,,,,,,,,,,,C,Jhonny Pereda (42557694),Jhonny Pereda,42557694,C,2000,SEA@TEX 04/07/2026 08:05PM ET,SEA,0
,,,,,,,,,,,,,,,OF,Alejandro Osuna (42557695),Alejandro Osuna,42557695,OF,2000,SEA@TEX 04/07/2026 08:05PM ET,TEX,0
,,,,,,,,,,,,,,,C,Willie MacIver (42557696),Willie MacIver,42557696,C,2000,SEA@TEX 04/07/2026 08:05PM ET,TEX,0
,,,,,,,,,,,,,,,1B/2B,Justin Foscue (42557697),Justin Foscue,42557697,1B/2B,2000,SEA@TEX 04/07/2026 08:05PM ET,TEX,0
,,,,,,,,,,,,,,,SS,Colt Emerson (42557712),Colt Emerson,42557712,SS,2000,SEA@TEX 04/07/2026 08:05PM ET,SEA,0
,,,,,,,,,,,,,,,2B,Ryan Bliss (42557765),Ryan Bliss,42557765,2B,2000,SEA@TEX 04/07/2026 08:05PM ET,SEA,0
,,,,,,,,,,,,,,,3B,Miles Mastrobuoni (42557794),Miles Mastrobuoni,42557794,3B,2000,SEA@TEX 04/07/2026 08:05PM ET,SEA,0
,,,,,,,,,,,,,,,3B/SS,Andruw Monasterio (42557620),Andruw Monasterio,42557620,3B/SS,2000,MIL@BOS 04/07/2026 06:45PM ET,BOS,1.75
,,,,,,,,,,,,,,,OF,Nate Eaton (42557686),Nate Eaton,42557686,OF,2000,MIL@BOS 04/07/2026 06:45PM ET,BOS,0
,,,,,,,,,,,,,,,SS,Cooper Pratt (42557707),Cooper Pratt,42557707,SS,2000,MIL@BOS 04/07/2026 06:45PM ET,MIL,0
,,,,,,,,,,,,,,,1B,Triston Casas (42557749),Triston Casas,42557749,1B,2000,MIL@BOS 04/07/2026 06:45PM ET,BOS,0
,,,,,,,,,,,,,,,OF,Akil Baddoo (42557751),Akil Baddoo,42557751,OF,2000,MIL@BOS 04/07/2026 06:45PM ET,MIL,0
,,,,,,,,,,,,,,,2B,Kristian Campbell (42557754),Kristian Campbell,42557754,2B,2000,MIL@BOS 04/07/2026 06:45PM ET,BOS,0
,,,,,,,,,,,,,,,3B,Anthony Seigler (42557767),Anthony Seigler,42557767,3B,2000,MIL@BOS 04/07/2026 06:45PM ET,BOS,0
,,,,,,,,,,,,,,,2B/OF,Nick Sogard (42557768),Nick Sogard,42557768,2B/OF,2000,MIL@BOS 04/07/2026 06:45PM ET,BOS,0
,,,,,,,,,,,,,,,C,Mickey Gasper (42557770),Mickey Gasper,42557770,C,2000,MIL@BOS 04/07/2026 06:45PM ET,BOS,0
,,,,,,,,,,,,,,,1B,Tyler Black (42557773),Tyler Black,42557773,1B,2000,MIL@BOS 04/07/2026 06:45PM ET,MIL,0
,,,,,,,,,,,,,,,C,Jeferson Quero (42557793),Jeferson Quero,42557793,C,2000,MIL@BOS 04/07/2026 06:45PM ET,MIL,2
,,,,,,,,,,,,,,,2B/SS,Tsung-Che Cheng (42557795),Tsung-Che Cheng,42557795,2B/SS,2000,MIL@BOS 04/07/2026 06:45PM ET,BOS,0
,,,,,,,,,,,,,,,SS,Taylor Walls (42557625),Taylor Walls,42557625,SS,2000,CHC@TB 04/07/2026 06:40PM ET,TB,7
,,,,,,,,,,,,,,,2B,Scott Kingery (42557631),Scott Kingery,42557631,2B,2000,CHC@TB 04/07/2026 06:40PM ET,CHC,2.5
,,,,,,,,,,,,,,,OF,Ryan Vilade (42557640),Ryan Vilade,42557640,OF,2000,CHC@TB 04/07/2026 06:40PM ET,TB,0.4
,,,,,,,,,,,,,,,OF,Jacob Melton (42557687),Jacob Melton,42557687,OF,2000,CHC@TB 04/07/2026 06:40PM ET,TB,0
,,,,,,,,,,,,,,,3B/SS,Ben Cowles (42557700),Ben Cowles,42557700,3B/SS,2000,CHC@TB 04/07/2026 06:40PM ET,CHC,0
,,,,,,,,,,,,,,,2B/SS,Jadher Areinamo (42557716),Jadher Areinamo,42557716,2B/SS,2000,CHC@TB 04/07/2026 06:40PM ET,TB,0
,,,,,,,,,,,,,,,1B/OF,Tyler Austin (42557718),Tyler Austin,42557718,1B/OF,2000,CHC@TB 04/07/2026 06:40PM ET,CHC,0
,,,,,,,,,,,,,,,2B,James Triantos (42557740),James Triantos,42557740,2B,2000,CHC@TB 04/07/2026 06:40PM ET,CHC,0
,,,,,,,,,,,,,,,C,Dom Keegan (42557745),Dom Keegan,42557745,C,2000,CHC@TB 04/07/2026 06:40PM ET,TB,0
,,,,,,,,,,,,,,,2B/3B,Pedro Ramirez (42557746),Pedro Ramirez,42557746,2B/3B,2000,CHC@TB 04/07/2026 06:40PM ET,CHC,0
,,,,,,,,,,,,,,,OF,Victor Mesa Jr. (42557759),Victor Mesa Jr.,42557759,OF,2000,CHC@TB 04/07/2026 06:40PM ET,TB,0
,,,,,,,,,,,,,,,OF,Justyn-Henry Malloy (42557772),Justyn-Henry Malloy,42557772,OF,2000,CHC@TB 04/07/2026 06:40PM ET,TB,0
,,,,,,,,,,,,,,,OF,Kevin Alcantara (42557799),Kevin Alcantara,42557799,OF,2000,CHC@TB 04/07/2026 06:40PM ET,CHC,0
,,,,,,,,,,,,,,,OF,Justin Dean (42557801),Justin Dean,42557801,OF,2000,CHC@TB 04/07/2026 06:40PM ET,CHC,0
,,,,,,,,,,,,,,,OF,Matt Vierling (42557617),Matt Vierling,42557617,OF,2000,DET@MIN 04/07/2026 07:40PM ET,DET,3.71
,,,,,,,,,,,,,,,OF,James Outman (42557624),James Outman,42557624,OF,2000,DET@MIN 04/07/2026 07:40PM ET,MIN,1.56
,,,,,,,,,,,,,,,SS,Trey Sweeney (42557685),Trey Sweeney,42557685,SS,2000,DET@MIN 04/07/2026 07:40PM ET,DET,0
,,,,,,,,,,,,,,,1B,Eric Wagaman (42557692),Eric Wagaman,42557692,1B,2000,DET@MIN 04/07/2026 07:40PM ET,MIN,0
,,,,,,,,,,,,,,,OF,Trei Cruz (42557708),Trei Cruz,42557708,OF,2000,DET@MIN 04/07/2026 07:40PM ET,DET,0
,,,,,,,,,,,,,,,C,Thayron Liranzo (42557710),Thayron Liranzo,42557710,C,2000,DET@MIN 04/07/2026 07:40PM ET,DET,0
,,,,,,,,,,,,,,,OF,Hendry Mendez (42557711),Hendry Mendez,42557711,OF,2000,DET@MIN 04/07/2026 07:40PM ET,MIN,0
,,,,,,,,,,,,,,,OF,Gabriel Gonzalez (42557720),Gabriel Gonzalez,42557720,OF,2000,DET@MIN 04/07/2026 07:40PM ET,MIN,0
,,,,,,,,,,,,,,,C,Eduardo Valencia (42557729),Eduardo Valencia,42557729,C,2000,DET@MIN 04/07/2026 07:40PM ET,DET,0
,,,,,,,,,,,,,,,OF,Emmanuel Rodriguez (42557735),Emmanuel Rodriguez,42557735,OF,2000,DET@MIN 04/07/2026 07:40PM ET,MIN,0
,,,,,,,,,,,,,,,2B,Hao-Yu Lee (42557736),Hao-Yu Lee,42557736,2B,2000,DET@MIN 04/07/2026 07:40PM ET,DET,0
,,,,,,,,,,,,,,,OF,Alan Roden (42557763),Alan Roden,42557763,OF,2000,DET@MIN 04/07/2026 07:40PM ET,MIN,0
,,,,,,,,,,,,,,,3B,Jace Jung (42557780),Jace Jung,42557780,3B,2000,DET@MIN 04/07/2026 07:40PM ET,DET,0
,,,,,,,,,,,,,,,OF,Ryan Kreidler (42557782),Ryan Kreidler,42557782,OF,2000,DET@MIN 04/07/2026 07:40PM ET,MIN,0
,,,,,,,,,,,,,,,OF,Hector Rodriguez (42557705),Hector Rodriguez,42557705,OF,2000,CIN@MIA 04/07/2026 06:40PM ET,CIN,0
,,,,,,,,,,,,,,,C,Joe Mack (42557706),Joe Mack,42557706,C,2000,CIN@MIA 04/07/2026 06:40PM ET,MIA,0
,,,,,,,,,,,,,,,2B/3B,Edwin Arroyo (42557725),Edwin Arroyo,42557725,2B/3B,2000,CIN@MIA 04/07/2026 06:40PM ET,CIN,0
,,,,,,,,,,,,,,,SS,Leo Balcazar (42557743),Leo Balcazar,42557743,SS,2000,CIN@MIA 04/07/2026 06:40PM ET,CIN,0
,,,,,,,,,,,,,,,SS,Jared Serna (42557744),Jared Serna,42557744,SS,2000,CIN@MIA 04/07/2026 06:40PM ET,MIA,0
,,,,,,,,,,,,,,,OF,Esteury Ruiz (42557781),Esteury Ruiz,42557781,OF,2000,CIN@MIA 04/07/2026 06:40PM ET,MIA,0
,,,,,,,,,,,,,,,1B,Deyvison De Los Santos (42557792),Deyvison De Los Santos,42557792,1B,2000,CIN@MIA 04/07/2026 06:40PM ET,MIA,5
,,,,,,,,,,,,,,,C,Braxton Fulford (42557688),Braxton Fulford,42557688,C,2000,HOU@COL 04/07/2026 08:40PM ET,COL,7
,,,,,,,,,,,,,,,OF,Sterlin Thompson (42557724),Sterlin Thompson,42557724,OF,2000,HOU@COL 04/07/2026 08:40PM ET,COL,0
,,,,,,,,,,,,,,,3B/OF,Kris Bryant (42557752),Kris Bryant,42557752,3B/OF,2000,HOU@COL 04/07/2026 08:40PM ET,COL,0
,,,,,,,,,,,,,,,OF,Zac Veen (42557766),Zac Veen,42557766,OF,2000,HOU@COL 04/07/2026 08:40PM ET,COL,0
,,,,,,,,,,,,,,,2B,Adael Amador (42557771),Adael Amador,42557771,2B,2000,HOU@COL 04/07/2026 08:40PM ET,COL,0
,,,,,,,,,,,,,,,2B,Ryan Ritter (42557791),Ryan Ritter,42557791,2B,2000,HOU@COL 04/07/2026 08:40PM ET,COL,0.83
,,,,,,,,,,,,,,,C,Freddy Fermin (42557633),Freddy Fermin,42557633,C,2000,SD@PIT 04/07/2026 06:40PM ET,SD,3.33
,,,,,,,,,,,,,,,1B/3B,Billy Cook (42557637),Billy Cook,42557637,1B/3B,2000,SD@PIT 04/07/2026 06:40PM ET,PIT,0.5
,,,,,,,,,,,,,,,OF,Esmerlyn Valdez (42557702),Esmerlyn Valdez,42557702,OF,2000,SD@PIT 04/07/2026 06:40PM ET,PIT,0
,,,,,,,,,,,,,,,SS,Jack Brannigan (42557723),Jack Brannigan,42557723,SS,2000,SD@PIT 04/07/2026 06:40PM ET,PIT,0
,,,,,,,,,,,,,,,1B/C,Endy Rodriguez (42557761),Endy Rodriguez,42557761,C/1B,2000,SD@PIT 04/07/2026 06:40PM ET,PIT,0
,,,,,,,,,,,,,,,2B/SS,Mason McCoy (42557776),Mason McCoy,42557776,2B/SS,2000,SD@PIT 04/07/2026 06:40PM ET,SD,0
,,,,,,,,,,,,,,,OF,Tyler Callihan (42557779),Tyler Callihan,42557779,OF,2000,SD@PIT 04/07/2026 06:40PM ET,PIT,0
,,,,,,,,,,,,,,,1B,Rafael Flores (42557783),Rafael Flores,42557783,1B,2000,SD@PIT 04/07/2026 06:40PM ET,PIT,0
,,,,,,,,,,,,,,,1B/3B,Will Wagner (42557784),Will Wagner,42557784,1B/3B,2000,SD@PIT 04/07/2026 06:40PM ET,SD,0
,,,,,,,,,,,,,,,OF,Jhostynxon Garcia (42557790),Jhostynxon Garcia,42557790,OF,2000,SD@PIT 04/07/2026 06:40PM ET,PIT,0
,,,,,,,,,,,,,,,OF,Bryce Teodosio (42557630),Bryce Teodosio,42557630,OF,2000,ATL@LAA 04/07/2026 09:38PM ET,LAA,0.62
,,,,,,,,,,,,,,,1B/3B,Kyle Farmer (42557635),Kyle Farmer,42557635,1B/3B,2000,ATL@LAA 04/07/2026 09:38PM ET,ATL,1.67
,,,,,,,,,,,,,,,3B,Nacho Alvarez Jr. (42557699),Nacho Alvarez Jr.,42557699,3B,2000,ATL@LAA 04/07/2026 09:38PM ET,ATL,0
,,,,,,,,,,,,,,,2B/SS,Vaughn Grissom (42557721),Vaughn Grissom,42557721,2B/SS,2000,ATL@LAA 04/07/2026 09:38PM ET,LAA,0
,,,,,,,,,,,,,,,2B/3B,Anthony Rendon (42557741),Anthony Rendon,42557741,2B/3B,2000,ATL@LAA 04/07/2026 09:38PM ET,LAA,0
,,,,,,,,,,,,,,,OF,Jurickson Profar (42557748),Jurickson Profar,42557748,OF,2000,ATL@LAA 04/07/2026 09:38PM ET,ATL,0
,,,,,,,,,,,,,,,OF,Kyren Paris (42557760),Kyren Paris,42557760,OF,2000,ATL@LAA 04/07/2026 09:38PM ET,LAA,0
,,,,,,,,,,,,,,,OF,Matthew Lugo (42557787),Matthew Lugo,42557787,OF,2000,ATL@LAA 04/07/2026 09:38PM ET,LAA,0
,,,,,,,,,,,,,,,C,Austin Wynns (42557622),Austin Wynns,42557622,C,2000,ATH@NYY 04/07/2026 07:05PM ET,ATH,1
,,,,,,,,,,,,,,,C,J.C. Escarra (42557623),J.C. Escarra,42557623,C,2000,ATH@NYY 04/07/2026 07:05PM ET,NYY,0
,,,,,,,,,,,,,,,OF,Spencer Jones (42557728),Spencer Jones,42557728,OF,2000,ATH@NYY 04/07/2026 07:05PM ET,NYY,0
,,,,,,,,,,,,,,,OF,Junior Perez (42557738),Junior Perez,42557738,OF,2000,ATH@NYY 04/07/2026 07:05PM ET,ATH,0
,,,,,,,,,,,,,,,3B,Oswaldo Cabrera (42557755),Oswaldo Cabrera,42557755,3B,2000,ATH@NYY 04/07/2026 07:05PM ET,NYY,0
,,,,,,,,,,,,,,,3B,Brett Harris (42557764),Brett Harris,42557764,3B,2000,ATH@NYY 04/07/2026 07:05PM ET,ATH,0
,,,,,,,,,,,,,,,2B/OF,Max Schuemann (42557774),Max Schuemann,42557774,2B/OF,2000,ATH@NYY 04/07/2026 07:05PM ET,NYY,0
,,,,,,,,,,,,,,,2B/OF,Dylan Moore (42557626),Dylan Moore,42557626,2B/OF,2000,PHI@SF 04/07/2026 09:45PM ET,PHI,1
,,,,,,,,,,,,,,,3B/OF,Otto Kemp (42557628),Otto Kemp,42557628,3B/OF,2000,PHI@SF 04/07/2026 09:45PM ET,PHI,1.25
,,,,,,,,,,,,,,,OF,Jared Oliva (42557639),Jared Oliva,42557639,OF,2000,PHI@SF 04/07/2026 09:45PM ET,SF,2.33
,,,,,,,,,,,,,,,OF,Pedro Leon (42557703),Pedro Leon,42557703,OF,2000,PHI@SF 04/07/2026 09:45PM ET,PHI,0
,,,,,,,,,,,,,,,SS,Christian Cairo (42557704),Christian Cairo,42557704,SS,2000,PHI@SF 04/07/2026 09:45PM ET,PHI,0
,,,,,,,,,,,,,,,C,Jesus Rodriguez (42557709),Jesus Rodriguez,42557709,C,2000,PHI@SF 04/07/2026 09:45PM ET,SF,0
,,,,,,,,,,,,,,,OF,Gabriel Rincones Jr. (42557727),Gabriel Rincones Jr.,42557727,OF,2000,PHI@SF 04/07/2026 09:45PM ET,PHI,0
,,,,,,,,,,,,,,,OF,Drew Gilbert (42557750),Drew Gilbert,42557750,OF,2000,PHI@SF 04/07/2026 09:45PM ET,SF,0
,,,,,,,,,,,,,,,OF,Johan Rojas (42557756),Johan Rojas,42557756,OF,2000,PHI@SF 04/07/2026 09:45PM ET,PHI,0
,,,,,,,,,,,,,,,1B,Bryce Eldridge (42557758),Bryce Eldridge,42557758,1B,2000,PHI@SF 04/07/2026 09:45PM ET,SF,0
,,,,,,,,,,,,,,,OF,Grant McCray (42557778),Grant McCray,42557778,OF,2000,PHI@SF 04/07/2026 09:45PM ET,SF,0
,,,,,,,,,,,,,,,OF,Will Brennan (42557788),Will Brennan,42557788,OF,2000,PHI@SF 04/07/2026 09:45PM ET,SF,0
