Entry ID,Contest Name,Contest ID,Entry Fee,P,P,C,1B,2B,3B,SS,OF,OF,OF,,Instructions,,,,,,,,
5113278530,MLB $300 Dime Time [Just $0.10!],189635811,$0.10,Garrett Crochet (42625066),Cristopher Sanchez (42625067),Drake Baldwin (42625117),Matt Olson (42625124),Brandon Lowe (42625116),Blaze Alexander (42625257),Jose Caballero (42625280),Taylor Ward (42625134),Adolis Garcia (42625205),Randal Grichuk (42625320),,1. Column A lists all of your contest entries for this draftgroup,,,,,,,,
5113278531,MLB $300 Dime Time [Just $0.10!],189635811,$0.10,Garrett Crochet (42625066),Cristopher Sanchez (42625067),Drake Baldwin (42625117),Matt Olson (42625124),Brandon Lowe (42625116),Blaze Alexander (42625257),Miguel Rojas (42625278),Cody Bellinger (42625127),Giancarlo Stanton (42625139),Michael Helman (42625407),,2. Your current lineup is listed next to each entry (blank for reservations),,,,,,,,
5113278532,MLB $300 Dime Time [Just $0.10!],189635811,$0.10,Garrett Crochet (42625066),Cristopher Sanchez (42625067),Drake Baldwin (42625117),Pete Alonso (42625115),Brandon Lowe (42625116),Caleb Durbin (42625317),Mauricio Dubon (42625195),Cody Bellinger (42625127),Adolis Garcia (42625205),Randal Grichuk (42625320),,3. You can change the lineup for an entry by entering the IDs of the players in the row next to that entry,,,,,,,,
5113278533,MLB $300 Dime Time [Just $0.10!],189635811,$0.10,Garrett Crochet (42625066),Cristopher Sanchez (42625067),Drake Baldwin (42625117),Pete Alonso (42625115),Brandon Lowe (42625116),Austin Riley (42625165),Jose Caballero (42625280),Giancarlo Stanton (42625139),Adolis Garcia (42625205),Michael Helman (42625407),,4. Use data from the Name+ID column or the ID column; you cannot use just the player's name,,,,,,,,
5113278534,MLB $300 Dime Time [Just $0.10!],189635811,$0.10,Garrett Crochet (42625066),Cristopher Sanchez (42625067),Drake Baldwin (42625117),Ryan O'Hearn (42625109),Brandon Lowe (42625116),Blaze Alexander (42625257),Mauricio Dubon (42625195),Giancarlo Stanton (42625139),Adolis Garcia (42625205),Alejandro Osuna (42625408),,5. For faster processing only include entries you are changing in the file you upload,,,,,,,,
5113278535,MLB $300 Dime Time [Just $0.10!],189635811,$0.10,Garrett Crochet (42625066),Cristopher Sanchez (42625067),Drake Baldwin (42625117),Bryce Harper (42625103),Brandon Lowe (42625116),Blaze Alexander (42625257),Mauricio Dubon (42625195),Taylor Ward (42625134),Jake Mangum (42625230),Michael Helman (42625407),,,,,,,,,,
5113278536,MLB $300 Dime Time [Just $0.10!],189635811,$0.10,Garrett Crochet (42625066),Cristopher Sanchez (42625067),Drake Baldwin (42625117),Matt Olson (42625124),Brandon Lowe (42625116),Blaze Alexander (42625257),Jose Caballero (42625280),Taylor Ward (42625134),Adolis Garcia (42625205),Randal Grichuk (42625320),,Position,Name + ID,Name,ID,Roster Position,Salary,Game Info,TeamAbbrev,AvgPointsPerGame
5113278537,MLB $300 Dime Time [Just $0.10!],189635811,$0.10,Garrett Crochet (42625066),Cristopher Sanchez (42625067),Drake Baldwin (42625117),Matt Olson (42625124),Brandon Lowe (42625116),Blaze Alexander (42625257),Miguel Rojas (42625278),Cody Bellinger (42625127),Giancarlo Stanton (42625139),Michael Helman (42625407),,SP,Garrett Crochet (42625066),Garrett Crochet,42625066,P,10300,BOS@MIN 04/13/2026 07:40PM ET,BOS,22.13
5113278538,MLB $300 Dime Time [Just $0.10!],189635811,$0.10,Garrett Crochet (42625066),Cristopher Sanchez (42625067),Drake Baldwin (42625117),Bryce Harper (42625103),Brandon Lowe (42625116),Blaze Alexander (42625257),Jose Caballero (42625280),Cody Bellinger (42625127),Brandon Marsh (42625188),Alejandro Osuna (42625408),,SP,Chris Sale (42625481),Chris Sale,42625481,P,10000,MIA@ATL 04/13/2026 07:15PM ET,ATL,18.48
5113278539,MLB $300 Dime Time [Just $0.10!],189635811,$0.10,Garrett Crochet (42625066),Cristopher Sanchez (42625067),Drake Baldwin (42625117),Pete Alonso (42625115),Brandon Lowe (42625116),Blaze Alexander (42625257),Jose Caballero (42625280),Giancarlo Stanton (42625139),Angel Martinez (42625199),David Fry (42625272),,SP,Cristopher Sanchez (42625067),Cristopher Sanchez,42625067,P,9800,CHC@PHI 04/13/2026 06:40PM ET,PHI,22.52
5113278540,MLB $300 Dime Time [Just $0.10!],189635811,$0.10,Garrett Crochet (42625066),Cristopher Sanchez (42625067),Drake Baldwin (42625117),Pete Alonso (42625115),Brandon Lowe (42625116),Blaze Alexander (42625257),Mauricio Dubon (42625195),Cody Bellinger (42625127),Adolis Garcia (42625205),Ryan Kreidler (42625353),,SP,Zack Wheeler (42625482),Zack Wheeler,42625482,P,9800,CHC@PHI 04/13/2026 06:40PM ET,PHI,0
5113278541,MLB $300 Dime Time [Just $0.10!],189635811,$0.10,Garrett Crochet (42625066),Cristopher Sanchez (42625067),Drake Baldwin (42625117),Bryce Harper (42625103),Brandon Lowe (42625116),Blaze Alexander (42625257),Mauricio Dubon (42625195),Taylor Ward (42625134),Jake Mangum (42625230),Michael Helman (42625407),,SP,Jesus Luzardo (42625483),Jesus Luzardo,42625483,P,9800,CHC@PHI 04/13/2026 06:40PM ET,PHI,19.67
5113278542,MLB $300 Dime Time [Just $0.10!],189635811,$0.10,Paul Skenes (42625068),Nathan Eovaldi (42625073),Will Smith (42625141),Pete Alonso (42625115),Blaze Alexander (42625257),Austin Riley (42625165),Trea Turner (42625101),Aaron Judge (42625086),Adolis Garcia (42625205),Randal Grichuk (42625320),,SP,Max Fried (42625484),Max Fried,42625484,P,9700,LAA@NYY 04/13/2026 07:05PM ET,NYY,21.3
5113278543,MLB $300 Dime Time [Just $0.10!],189635811,$0.10,Paul Skenes (42625068),Nathan Eovaldi (42625073),Will Smith (42625141),Matt Olson (42625124),Bryson Stott (42625193),Blaze Alexander (42625257),Trea Turner (42625101),Aaron Judge (42625086),Giancarlo Stanton (42625139),Michael Helman (42625407),,SP,Paul Skenes (42625068),Paul Skenes,42625068,P,9500,WSH@PIT 04/13/2026 06:40PM ET,PIT,11.6
5113278544,MLB $300 Dime Time [Just $0.10!],189635811,$0.10,Paul Skenes (42625068),Nathan Eovaldi (42625073),Will Smith (42625141),Bryce Harper (42625103),Bryson Stott (42625193),Austin Riley (42625165),Mauricio Dubon (42625195),Aaron Judge (42625086),Taylor Ward (42625134),Randal Grichuk (42625320),,SP,Sandy Alcantara (42625488),Sandy Alcantara,42625488,P,9300,MIA@ATL 04/13/2026 07:15PM ET,MIA,22.76
5113278545,MLB $300 Dime Time [Just $0.10!],189635811,$0.10,Paul Skenes (42625068),Nathan Eovaldi (42625073),Austin Wells (42625266),Pete Alonso (42625115),Bryson Stott (42625193),Austin Riley (42625165),Trea Turner (42625101),Aaron Judge (42625086),Taylor Ward (42625134),Michael Helman (42625407),,SP,Tyler Glasnow (42625485),Tyler Glasnow,42625485,P,9300,NYM@LAD 04/13/2026 10:10PM ET,LAD,20.77
5113278546,MLB $300 Dime Time [Just $0.10!],189635811,$0.10,Paul Skenes (42625068),Nathan Eovaldi (42625073),Will Smith (42625141),Pete Alonso (42625115),Bryson Stott (42625193),Austin Riley (42625165),Mauricio Dubon (42625195),Kyle Tucker (42625088),Cody Bellinger (42625127),Justin Crawford (42625232),,SP,Blake Snell (42625486),Blake Snell,42625486,P,9300,NYM@LAD 04/13/2026 10:10PM ET,LAD,0
5113278547,MLB $300 Dime Time [Just $0.10!],189635811,$0.10,Paul Skenes (42625068),Nathan Eovaldi (42625073),Will Smith (42625141),Matt Olson (42625124),Bryson Stott (42625193),Austin Riley (42625165),Trea Turner (42625101),Cody Bellinger (42625127),Taylor Ward (42625134),Dylan Beavers (42625288),,SP,Yoshinobu Yamamoto (42625487),Yoshinobu Yamamoto,42625487,P,9300,NYM@LAD 04/13/2026 10:10PM ET,LAD,18.77
5113278548,MLB $300 Dime Time [Just $0.10!],189635811,$0.10,Paul Skenes (42625068),Nathan Eovaldi (42625073),Will Smith (42625141),Pete Alonso (42625115),Miguel Rojas (42625278),Austin Riley (42625165),Trea Turner (42625101),Aaron Judge (42625086),Adolis Garcia (42625205),Randal Grichuk (42625320),,SP,Nolan McLean (42625489),Nolan McLean,42625489,P,9200,NYM@LAD 04/13/2026 10:10PM ET,NYM,20.83
5113278549,MLB $300 Dime Time [Just $0.10!],189635811,$0.10,Nathan Eovaldi (42625073),Will Warren (42625074),Will Smith (42625141),Pete Alonso (42625115),Bryson Stott (42625193),Austin Riley (42625165),Trea Turner (42625101),Aaron Judge (42625086),Cody Bellinger (42625127),Alejandro Osuna (42625408),,RP,Spencer Strider (42625490),Spencer Strider,42625490,P,9000,MIA@ATL 04/13/2026 07:15PM ET,ATL,0
5113278575,MLB $100 Dime Time [Just $0.10!],189644893,$0.10,Cristopher Sanchez (42625067),Nathan Eovaldi (42625073),Will Smith (42625141),Ryan O'Hearn (42625109),Jazz Chisholm Jr. (42625148),Austin Riley (42625165),Mauricio Dubon (42625195),Cody Bellinger (42625127),Taylor Ward (42625134),Adolis Garcia (42625205),,SP,Spencer Schwellenbach (42625491),Spencer Schwellenbach,42625491,P,9000,MIA@ATL 04/13/2026 07:15PM ET,ATL,0
5113278576,MLB $100 Dime Time [Just $0.10!],189644893,$0.10,Paul Skenes (42625068),Nathan Eovaldi (42625073),Will Smith (42625141),Ryan O'Hearn (42625109),Bryson Stott (42625193),Austin Riley (42625165),Mauricio Dubon (42625195),Aaron Judge (42625086),Giancarlo Stanton (42625139),Dylan Beavers (42625288),,SP,Edward Cabrera (42625492),Edward Cabrera,42625492,P,9000,CHC@PHI 04/13/2026 06:40PM ET,CHC,16.7
5113278577,MLB $100 Dime Time [Just $0.10!],189644893,$0.10,Paul Skenes (42625068),Nathan Eovaldi (42625073),Will Smith (42625141),Ryan O'Hearn (42625109),Jazz Chisholm Jr. (42625148),Austin Riley (42625165),Konnor Griffin (42625216),Aaron Judge (42625086),Taylor Ward (42625134),Michael Helman (42625407),,SP,Shota Imanaga (42625493),Shota Imanaga,42625493,P,9000,CHC@PHI 04/13/2026 06:40PM ET,CHC,19.4
5113278578,MLB $100 Dime Time [Just $0.10!],189644893,$0.10,Paul Skenes (42625068),Nathan Eovaldi (42625073),Will Smith (42625141),Ryan O'Hearn (42625109),Blaze Alexander (42625257),Austin Riley (42625165),Trea Turner (42625101),Aaron Judge (42625086),Adolis Garcia (42625205),Randal Grichuk (42625320),,SP,Jacob deGrom (42625494),Jacob deGrom,42625494,P,8800,TEX@ATH 04/13/2026 09:40PM ET,TEX,21.42
5113278579,MLB $100 Dime Time [Just $0.10!],189644893,$0.10,Garrett Crochet (42625066),Cristopher Sanchez (42625067),Drake Baldwin (42625117),Ryan O'Hearn (42625109),Brandon Lowe (42625116),Blaze Alexander (42625257),Jose Caballero (42625280),Cody Bellinger (42625127),Adolis Garcia (42625205),Dylan Beavers (42625288),,SP,MacKenzie Gore (42625495),MacKenzie Gore,42625495,P,8800,TEX@ATH 04/13/2026 09:40PM ET,TEX,25.25
5113278580,MLB $100 Dime Time [Just $0.10!],189644893,$0.10,Garrett Crochet (42625066),Cristopher Sanchez (42625067),Drake Baldwin (42625117),Pete Alonso (42625115),Brandon Lowe (42625116),Austin Riley (42625165),Jose Caballero (42625280),Giancarlo Stanton (42625139),Adolis Garcia (42625205),Michael Helman (42625407),,SP,Jack Leiter (42625501),Jack Leiter,42625501,P,8800,TEX@ATH 04/13/2026 09:40PM ET,TEX,17
5113278581,MLB $100 Dime Time [Just $0.10!],189644893,$0.10,Garrett Crochet (42625066),Cristopher Sanchez (42625067),Drake Baldwin (42625117),Matt Olson (42625124),Brandon Lowe (42625116),Blaze Alexander (42625257),Konnor Griffin (42625216),Cody Bellinger (42625127),Colton Cowser (42625200),Randal Grichuk (42625320),,SP,Corbin Burnes (42625496),Corbin Burnes,42625496,P,8800,ARI@BAL 04/13/2026 06:35PM ET,ARI,0
5113278582,MLB $100 Dime Time [Just $0.10!],189644893,$0.10,Garrett Crochet (42625066),Cristopher Sanchez (42625067),Drake Baldwin (42625117),Ryan O'Hearn (42625109),Brandon Lowe (42625116),Austin Riley (42625165),Miguel Rojas (42625278),Giancarlo Stanton (42625139),Dylan Beavers (42625288),Randal Grichuk (42625320),,RP,Aaron Nola (42625500),Aaron Nola,42625500,P,8800,CHC@PHI 04/13/2026 06:40PM ET,PHI,18.53
5113278583,MLB $100 Dime Time [Just $0.10!],189644893,$0.10,Garrett Crochet (42625066),Cristopher Sanchez (42625067),Drake Baldwin (42625117),Ryan O'Hearn (42625109),Brandon Lowe (42625116),Caleb Durbin (42625317),Mauricio Dubon (42625195),Taylor Ward (42625134),Adolis Garcia (42625205),Michael Helman (42625407),,SP,Gavin Williams (42625069),Gavin Williams,42625069,P,8800,CLE@STL 04/13/2026 07:45PM ET,CLE,24.78
5113278584,MLB $100 Dime Time [Just $0.10!],189644893,$0.10,Garrett Crochet (42625066),Cristopher Sanchez (42625067),Drake Baldwin (42625117),Ryan O'Hearn (42625109),Brandon Lowe (42625116),Blaze Alexander (42625257),Mauricio Dubon (42625195),Giancarlo Stanton (42625139),Colton Cowser (42625200),Alejandro Osuna (42625408),,SP,Tanner Bibee (42625497),Tanner Bibee,42625497,P,8800,CLE@STL 04/13/2026 07:45PM ET,CLE,8.31
5113278585,MLB $100 Dime Time [Just $0.10!],189644893,$0.10,Garrett Crochet (42625066),Cristopher Sanchez (42625067),Drake Baldwin (42625117),Ryan O'Hearn (42625109),Brandon Lowe (42625116),Blaze Alexander (42625257),Jose Caballero (42625280),Cody Bellinger (42625127),Adolis Garcia (42625205),Dylan Beavers (42625288),,SP,Slade Cecconi (42625498),Slade Cecconi,42625498,P,8800,CLE@STL 04/13/2026 07:45PM ET,CLE,10.02
5113278586,MLB $100 Dime Time [Just $0.10!],189644893,$0.10,Garrett Crochet (42625066),Cristopher Sanchez (42625067),Drake Baldwin (42625117),Bryce Harper (42625103),Brandon Lowe (42625116),Austin Riley (42625165),Jose Caballero (42625280),Taylor Ward (42625134),Dylan Beavers (42625288),Michael Helman (42625407),,SP,Parker Messick (42625499),Parker Messick,42625499,P,8800,CLE@STL 04/13/2026 07:45PM ET,CLE,22.72
5113278587,MLB $100 Dime Time [Just $0.10!],189644893,$0.10,Garrett Crochet (42625066),Cristopher Sanchez (42625067),Drake Baldwin (42625117),Pete Alonso (42625115),Brandon Lowe (42625116),Austin Riley (42625165),Konnor Griffin (42625216),Cody Bellinger (42625127),Randal Grichuk (42625320),Michael Helman (42625407),,RP,Clay Holmes (42625505),Clay Holmes,42625505,P,8700,NYM@LAD 04/13/2026 10:10PM ET,NYM,18.17
5113278588,MLB $100 Dime Time [Just $0.10!],189644893,$0.10,Garrett Crochet (42625066),Cristopher Sanchez (42625067),Drake Baldwin (42625117),Ryan O'Hearn (42625109),Brandon Lowe (42625116),Austin Riley (42625165),Miguel Rojas (42625278),Giancarlo Stanton (42625139),Dylan Beavers (42625288),Randal Grichuk (42625320),,SP,Freddy Peralta (42625506),Freddy Peralta,42625506,P,8700,NYM@LAD 04/13/2026 10:10PM ET,NYM,17.06
5113278589,MLB $100 Dime Time [Just $0.10!],189644893,$0.10,Garrett Crochet (42625066),Nathan Eovaldi (42625073),Drake Baldwin (42625117),Ryan O'Hearn (42625109),Brandon Lowe (42625116),Austin Riley (42625165),Jose Caballero (42625280),Cody Bellinger (42625127),Taylor Ward (42625134),Alejandro Osuna (42625408),,SP,Justin Steele (42625507),Justin Steele,42625507,P,8700,CHC@PHI 04/13/2026 06:40PM ET,CHC,0
5113278590,MLB $100 Dime Time [Just $0.10!],189644893,$0.10,Paul Skenes (42625068),Nathan Eovaldi (42625073),Will Smith (42625141),Ryan O'Hearn (42625109),Bryson Stott (42625193),Austin Riley (42625165),Mauricio Dubon (42625195),Aaron Judge (42625086),Giancarlo Stanton (42625139),Dylan Beavers (42625288),,SP,Gerrit Cole (42625502),Gerrit Cole,42625502,P,8700,LAA@NYY 04/13/2026 07:05PM ET,NYY,0
5113278591,MLB $100 Dime Time [Just $0.10!],189644893,$0.10,Paul Skenes (42625068),Nathan Eovaldi (42625073),Will Smith (42625141),Ryan O'Hearn (42625109),Jazz Chisholm Jr. (42625148),Austin Riley (42625165),Konnor Griffin (42625216),Aaron Judge (42625086),Taylor Ward (42625134),Michael Helman (42625407),,SP,Cam Schlittler (42625503),Cam Schlittler,42625503,P,8700,LAA@NYY 04/13/2026 07:05PM ET,NYY,23.79
5113278592,MLB $100 Dime Time [Just $0.10!],189644893,$0.10,Paul Skenes (42625068),Nathan Eovaldi (42625073),Will Smith (42625141),Ryan O'Hearn (42625109),Blaze Alexander (42625257),Austin Riley (42625165),Trea Turner (42625101),Aaron Judge (42625086),Adolis Garcia (42625205),Randal Grichuk (42625320),,SP,Carlos Rodon (42625504),Carlos Rodon,42625504,P,8700,LAA@NYY 04/13/2026 07:05PM ET,NYY,0
5113278593,MLB $100 Dime Time [Just $0.10!],189644893,$0.10,Paul Skenes (42625068),Nathan Eovaldi (42625073),Will Smith (42625141),Matt Olson (42625124),Jazz Chisholm Jr. (42625148),Austin Riley (42625165),Konnor Griffin (42625216),Kyle Schwarber (42625087),Cody Bellinger (42625127),Dylan Beavers (42625288),,SP,Trevor Rogers (42625070),Trevor Rogers,42625070,P,8500,ARI@BAL 04/13/2026 06:35PM ET,BAL,19.38
5113278594,MLB $100 Dime Time [Just $0.10!],189644893,$0.10,Paul Skenes (42625068),Nathan Eovaldi (42625073),Will Smith (42625141),Matt Olson (42625124),Bryson Stott (42625193),Austin Riley (42625165),Trea Turner (42625101),Cody Bellinger (42625127),Taylor Ward (42625134),Randal Grichuk (42625320),,SP,Kyle Bradish (42625509),Kyle Bradish,42625509,P,8500,ARI@BAL 04/13/2026 06:35PM ET,BAL,12.98
5113278626,MLB $100 Quarter Jukebox [Just $0.25!],189645114,$0.25,Paul Skenes (42625068),Nathan Eovaldi (42625073),Will Smith (42625141),Matt Olson (42625124),Jazz Chisholm Jr. (42625148),Blaze Alexander (42625257),Trea Turner (42625101),Taylor Ward (42625134),Giancarlo Stanton (42625139),Adolis Garcia (42625205),,SP,Shane Baz (42625510),Shane Baz,42625510,P,8500,ARI@BAL 04/13/2026 06:35PM ET,BAL,10.8
5113278627,MLB $100 Quarter Jukebox [Just $0.25!],189645114,$0.25,Paul Skenes (42625068),Nathan Eovaldi (42625073),Will Smith (42625141),Matt Olson (42625124),Jazz Chisholm Jr. (42625148),Jose Ramirez (42625096),Mauricio Dubon (42625195),Cody Bellinger (42625127),Taylor Ward (42625134),Michael Helman (42625407),,SP,Joe Ryan (42625511),Joe Ryan,42625511,P,8500,BOS@MIN 04/13/2026 07:40PM ET,MIN,17.05
5113278628,MLB $100 Quarter Jukebox [Just $0.25!],189645114,$0.25,Paul Skenes (42625068),Nathan Eovaldi (42625073),Will Smith (42625141),Ryan O'Hearn (42625109),Bryson Stott (42625193),Austin Riley (42625165),Mauricio Dubon (42625195),Aaron Judge (42625086),Giancarlo Stanton (42625139),Dylan Beavers (42625288),,SP,Pablo Lopez (42625512),Pablo Lopez,42625512,P,8500,BOS@MIN 04/13/2026 07:40PM ET,MIN,0
5113278629,MLB $100 Quarter Jukebox [Just $0.25!],189645114,$0.25,Paul Skenes (42625068),Nathan Eovaldi (42625073),Will Smith (42625141),Ryan O'Hearn (42625109),Jazz Chisholm Jr. (42625148),Austin Riley (42625165),Konnor Griffin (42625216),Aaron Judge (42625086),Taylor Ward (42625134),Michael Helman (42625407),,RP,Bubba Chandler (42625508),Bubba Chandler,42625508,P,8500,WSH@PIT 04/13/2026 06:40PM ET,PIT,11.43
5113278630,MLB $100 Quarter Jukebox [Just $0.25!],189645114,$0.25,Paul Skenes (42625068),Nathan Eovaldi (42625073),Will Smith (42625141),Ryan O'Hearn (42625109),Blaze Alexander (42625257),Austin Riley (42625165),Trea Turner (42625101),Aaron Judge (42625086),Adolis Garcia (42625205),Randal Grichuk (42625320),,RP,Jose Soriano (42625513),Jose Soriano,42625513,P,8400,LAA@NYY 04/13/2026 07:05PM ET,LAA,31.49
5113278631,MLB $100 Quarter Jukebox [Just $0.25!],189645114,$0.25,Paul Skenes (42625068),Nathan Eovaldi (42625073),Will Smith (42625141),Matt Olson (42625124),Jazz Chisholm Jr. (42625148),Austin Riley (42625165),Konnor Griffin (42625216),Kyle Schwarber (42625087),Cody Bellinger (42625127),Dylan Beavers (42625288),,SP,Eury Perez (42625071),Eury Perez,42625071,P,8300,MIA@ATL 04/13/2026 07:15PM ET,MIA,14.53
5113278632,MLB $100 Quarter Jukebox [Just $0.25!],189645114,$0.25,Paul Skenes (42625068),Nathan Eovaldi (42625073),Will Smith (42625141),Matt Olson (42625124),Bryson Stott (42625193),Austin Riley (42625165),Trea Turner (42625101),Cody Bellinger (42625127),Taylor Ward (42625134),Randal Grichuk (42625320),,SP,Max Meyer (42625515),Max Meyer,42625515,P,8300,MIA@ATL 04/13/2026 07:15PM ET,MIA,14.33
5113278633,MLB $100 Quarter Jukebox [Just $0.25!],189645114,$0.25,Paul Skenes (42625068),Nathan Eovaldi (42625073),Will Smith (42625141),Matt Olson (42625124),Jazz Chisholm Jr. (42625148),Blaze Alexander (42625257),Trea Turner (42625101),Taylor Ward (42625134),Giancarlo Stanton (42625139),Adolis Garcia (42625205),,RP,Janson Junk (42625517),Janson Junk,42625517,P,8300,MIA@ATL 04/13/2026 07:15PM ET,MIA,10.97
5113278634,MLB $100 Quarter Jukebox [Just $0.25!],189645114,$0.25,Paul Skenes (42625068),Nathan Eovaldi (42625073),Will Smith (42625141),Matt Olson (42625124),Jazz Chisholm Jr. (42625148),Jose Ramirez (42625096),Mauricio Dubon (42625195),Cody Bellinger (42625127),Taylor Ward (42625134),Michael Helman (42625407),,SP,Sonny Gray (42625518),Sonny Gray,42625518,P,8300,BOS@MIN 04/13/2026 07:40PM ET,BOS,15.05
5113278635,MLB $100 Quarter Jukebox [Just $0.25!],189645114,$0.25,Garrett Crochet (42625066),Cristopher Sanchez (42625067),Drake Baldwin (42625117),Matt Olson (42625124),Brandon Lowe (42625116),Blaze Alexander (42625257),Jose Caballero (42625280),Taylor Ward (42625134),Adolis Garcia (42625205),Randal Grichuk (42625320),,SP,Ranger Suarez (42625519),Ranger Suarez,42625519,P,8300,BOS@MIN 04/13/2026 07:40PM ET,BOS,9.88
5113278636,MLB $100 Quarter Jukebox [Just $0.25!],189645114,$0.25,Garrett Crochet (42625066),Cristopher Sanchez (42625067),Drake Baldwin (42625117),Matt Olson (42625124),Brandon Lowe (42625116),Blaze Alexander (42625257),Miguel Rojas (42625278),Cody Bellinger (42625127),Giancarlo Stanton (42625139),Michael Helman (42625407),,SP,Emmet Sheehan (42625514),Emmet Sheehan,42625514,P,8300,NYM@LAD 04/13/2026 10:10PM ET,LAD,11.52
5113278637,MLB $100 Quarter Jukebox [Just $0.25!],189645114,$0.25,Garrett Crochet (42625066),Cristopher Sanchez (42625067),Drake Baldwin (42625117),Pete Alonso (42625115),Brandon Lowe (42625116),Caleb Durbin (42625317),Mauricio Dubon (42625195),Cody Bellinger (42625127),Adolis Garcia (42625205),Randal Grichuk (42625320),,SP,Andrew Painter (42625516),Andrew Painter,42625516,P,8300,CHC@PHI 04/13/2026 06:40PM ET,PHI,14.95
5113278638,MLB $100 Quarter Jukebox [Just $0.25!],189645114,$0.25,Garrett Crochet (42625066),Cristopher Sanchez (42625067),Drake Baldwin (42625117),Pete Alonso (42625115),Brandon Lowe (42625116),Austin Riley (42625165),Jose Caballero (42625280),Giancarlo Stanton (42625139),Adolis Garcia (42625205),Michael Helman (42625407),,SP,Kodai Senga (42625520),Kodai Senga,42625520,P,8200,NYM@LAD 04/13/2026 10:10PM ET,NYM,11.03
5113278639,MLB $100 Quarter Jukebox [Just $0.25!],189645114,$0.25,Garrett Crochet (42625066),Cristopher Sanchez (42625067),Drake Baldwin (42625117),Ryan O'Hearn (42625109),Brandon Lowe (42625116),Blaze Alexander (42625257),Mauricio Dubon (42625195),Giancarlo Stanton (42625139),Adolis Garcia (42625205),Alejandro Osuna (42625408),,SP,Tylor Megill (42625521),Tylor Megill,42625521,P,8200,NYM@LAD 04/13/2026 10:10PM ET,NYM,0
,,,,,,,,,,,,,,,RP,Grant Holmes (42625072),Grant Holmes,42625072,P,8000,MIA@ATL 04/13/2026 07:15PM ET,ATL,16.78
,,,,,,,,,,,,,,,RP,AJ Smith-Shawver (42625522),AJ Smith-Shawver,42625522,P,8000,MIA@ATL 04/13/2026 07:15PM ET,ATL,0
,,,,,,,,,,,,,,,SP,Bryce Elder (42625523),Bryce Elder,42625523,P,8000,MIA@ATL 04/13/2026 07:15PM ET,ATL,20.32
,,,,,,,,,,,,,,,RP,Reynaldo Lopez (42625524),Reynaldo Lopez,42625524,P,8000,MIA@ATL 04/13/2026 07:15PM ET,ATL,17.22
,,,,,,,,,,,,,,,SP,Reid Detmers (42625525),Reid Detmers,42625525,P,7900,LAA@NYY 04/13/2026 07:05PM ET,LAA,13.35
,,,,,,,,,,,,,,,SP,Nathan Eovaldi (42625073),Nathan Eovaldi,42625073,P,7800,TEX@ATH 04/13/2026 09:40PM ET,TEX,10.93
,,,,,,,,,,,,,,,RP,Cody Bradford (42625531),Cody Bradford,42625531,P,7800,TEX@ATH 04/13/2026 09:40PM ET,TEX,0
,,,,,,,,,,,,,,,SP,Jordan Montgomery (42625532),Jordan Montgomery,42625532,P,7800,TEX@ATH 04/13/2026 09:40PM ET,TEX,0
,,,,,,,,,,,,,,,RP,Jacob Latz (42625533),Jacob Latz,42625533,P,7800,TEX@ATH 04/13/2026 09:40PM ET,TEX,5.09
,,,,,,,,,,,,,,,RP,Jakob Junis (42625534),Jakob Junis,42625534,P,7800,TEX@ATH 04/13/2026 09:40PM ET,TEX,3.86
,,,,,,,,,,,,,,,SP,Kumar Rocker (42625535),Kumar Rocker,42625535,P,7800,TEX@ATH 04/13/2026 09:40PM ET,TEX,10.05
,,,,,,,,,,,,,,,SP,Merrill Kelly (42625526),Merrill Kelly,42625526,P,7800,ARI@BAL 04/13/2026 06:35PM ET,ARI,0
,,,,,,,,,,,,,,,SP,Michael Soroka (42625527),Michael Soroka,42625527,P,7800,ARI@BAL 04/13/2026 06:35PM ET,ARI,23.35
,,,,,,,,,,,,,,,SP,Eduardo Rodriguez (42625528),Eduardo Rodriguez,42625528,P,7800,ARI@BAL 04/13/2026 06:35PM ET,ARI,17.9
,,,,,,,,,,,,,,,SP,Connelly Early (42625530),Connelly Early,42625530,P,7800,BOS@MIN 04/13/2026 07:40PM ET,BOS,13.18
,,,,,,,,,,,,,,,RP,Joey Cantillo (42625529),Joey Cantillo,42625529,P,7800,CLE@STL 04/13/2026 07:45PM ET,CLE,19.4
,,,,,,,,,,,,,,,SP,Matthew Boyd (42625540),Matthew Boyd,42625540,P,7700,CHC@PHI 04/13/2026 06:40PM ET,CHC,19.2
,,,,,,,,,,,,,,,SP,Jameson Taillon (42625541),Jameson Taillon,42625541,P,7700,CHC@PHI 04/13/2026 06:40PM ET,CHC,13.43
,,,,,,,,,,,,,,,SP,Cade Horton (42625542),Cade Horton,42625542,P,7700,CHC@PHI 04/13/2026 06:40PM ET,CHC,10.45
,,,,,,,,,,,,,,,SP,Will Warren (42625074),Will Warren,42625074,P,7700,LAA@NYY 04/13/2026 07:05PM ET,NYY,14.53
,,,,,,,,,,,,,,,RP,Ryan Weathers (42625536),Ryan Weathers,42625536,P,7700,LAA@NYY 04/13/2026 07:05PM ET,NYY,16.27
,,,,,,,,,,,,,,,RP,Ryan Yarbrough (42625537),Ryan Yarbrough,42625537,P,7700,LAA@NYY 04/13/2026 07:05PM ET,NYY,3.64
,,,,,,,,,,,,,,,SP,Clarke Schmidt (42625538),Clarke Schmidt,42625538,P,7700,LAA@NYY 04/13/2026 07:05PM ET,NYY,0
,,,,,,,,,,,,,,,SP,Luis Gil (42625539),Luis Gil,42625539,P,7700,LAA@NYY 04/13/2026 07:05PM ET,NYY,2.8
,,,,,,,,,,,,,,,SP,Michael McGreevy (42625543),Michael McGreevy,42625543,P,7600,CLE@STL 04/13/2026 07:45PM ET,STL,15.23
,,,,,,,,,,,,,,,SP,Chris Bassitt (42625547),Chris Bassitt,42625547,P,7500,ARI@BAL 04/13/2026 06:35PM ET,BAL,-1.55
,,,,,,,,,,,,,,,SP,Zach Eflin (42625549),Zach Eflin,42625549,P,7500,ARI@BAL 04/13/2026 06:35PM ET,BAL,16.65
,,,,,,,,,,,,,,,SP,Taj Bradley (42625550),Taj Bradley,42625550,P,7500,BOS@MIN 04/13/2026 07:40PM ET,MIN,23.84
,,,,,,,,,,,,,,,RP,Braxton Ashcraft (42625544),Braxton Ashcraft,42625544,P,7500,WSH@PIT 04/13/2026 06:40PM ET,PIT,21.35
,,,,,,,,,,,,,,,SP,Jared Jones (42625545),Jared Jones,42625545,P,7500,WSH@PIT 04/13/2026 06:40PM ET,PIT,0
,,,,,,,,,,,,,,,SP,Mitch Keller (42625546),Mitch Keller,42625546,P,7500,WSH@PIT 04/13/2026 06:40PM ET,PIT,17.43
,,,,,,,,,,,,,,,RP,Carmen Mlodzinski (42625548),Carmen Mlodzinski,42625548,P,7500,WSH@PIT 04/13/2026 06:40PM ET,PIT,13.48
,,,,,,,,,,,,,,,RP,Jeffrey Springs (42625555),Jeffrey Springs,42625555,P,7300,TEX@ATH 04/13/2026 09:40PM ET,ATH,21.62
,,,,,,,,,,,,,,,RP,Aaron Civale (42625558),Aaron Civale,42625558,P,7300,TEX@ATH 04/13/2026 09:40PM ET,ATH,17.42
,,,,,,,,,,,,,,,SP,Brayan Bello (42625560),Brayan Bello,42625560,P,7300,BOS@MIN 04/13/2026 07:40PM ET,BOS,6.07
,,,,,,,,,,,,,,,SP,Justin Wrobleski (42625075),Justin Wrobleski,42625075,P,7300,NYM@LAD 04/13/2026 10:10PM ET,LAD,8.82
,,,,,,,,,,,,,,,SP,Roki Sasaki (42625551),Roki Sasaki,42625551,P,7300,NYM@LAD 04/13/2026 10:10PM ET,LAD,8.95
,,,,,,,,,,,,,,,SP,River Ryan (42625552),River Ryan,42625552,P,7300,NYM@LAD 04/13/2026 10:10PM ET,LAD,0
,,,,,,,,,,,,,,,SP,Gavin Stone (42625553),Gavin Stone,42625553,P,7300,NYM@LAD 04/13/2026 10:10PM ET,LAD,0
,,,,,,,,,,,,,,,SP,Bobby Miller (42625554),Bobby Miller,42625554,P,7300,NYM@LAD 04/13/2026 10:10PM ET,LAD,0
,,,,,,,,,,,,,,,SP,Landon Knack (42625559),Landon Knack,42625559,P,7300,NYM@LAD 04/13/2026 10:10PM ET,LAD,0
,,,,,,,,,,,,,,,RP,Kolby Allard (42625556),Kolby Allard,42625556,P,7300,CLE@STL 04/13/2026 07:45PM ET,CLE,1.38
,,,,,,,,,,,,,,,SP,Logan Allen (42625557),Logan Allen,42625557,P,7300,CLE@STL 04/13/2026 07:45PM ET,CLE,0
,,,,,,,,,,,,,,,SP,David Peterson (42625076),David Peterson,42625076,P,7200,NYM@LAD 04/13/2026 10:10PM ET,NYM,8.27
,,,,,,,,,,,,,,,SP,Christian Scott (42625561),Christian Scott,42625561,P,7200,NYM@LAD 04/13/2026 10:10PM ET,NYM,0
,,,,,,,,,,,,,,,SP,Sean Manaea (42625562),Sean Manaea,42625562,P,7200,NYM@LAD 04/13/2026 10:10PM ET,NYM,7.85
,,,,,,,,,,,,,,,SP,Tobias Myers (42625563),Tobias Myers,42625563,P,7200,NYM@LAD 04/13/2026 10:10PM ET,NYM,5.31
,,,,,,,,,,,,,,,SP,Jonah Tong (42625564),Jonah Tong,42625564,P,7200,NYM@LAD 04/13/2026 10:10PM ET,NYM,0
,,,,,,,,,,,,,,,RP,Zack Littell (42625565),Zack Littell,42625565,P,7200,WSH@PIT 04/13/2026 06:40PM ET,WSH,9.05
,,,,,,,,,,,,,,,RP,Andre Pallante (42625566),Andre Pallante,42625566,P,7100,CLE@STL 04/13/2026 07:45PM ET,STL,6.05
,,,,,,,,,,,,,,,SP,Javier Assad (42625077),Javier Assad,42625077,P,7000,CHC@PHI 04/13/2026 06:40PM ET,CHC,20.95
,,,,,,,,,,,,,,,SP,Jordan Wicks (42625567),Jordan Wicks,42625567,P,7000,CHC@PHI 04/13/2026 06:40PM ET,CHC,0
,,,,,,,,,,,,,,,RP,Ben Brown (42625568),Ben Brown,42625568,P,7000,CHC@PHI 04/13/2026 06:40PM ET,CHC,7.5
,,,,,,,,,,,,,,,RP,Colin Rea (42625569),Colin Rea,42625569,P,7000,CHC@PHI 04/13/2026 06:40PM ET,CHC,11.03
,,,,,,,,,,,,,,,SP,Jack Kochanowicz (42625570),Jack Kochanowicz,42625570,P,6900,LAA@NYY 04/13/2026 07:05PM ET,LAA,14.97
,,,,,,,,,,,,,,,RP,J.T. Ginn (42625588),J.T. Ginn,42625588,P,6800,TEX@ATH 04/13/2026 09:40PM ET,ATH,6.69
,,,,,,,,,,,,,,,RP,Joey Wentz (42625575),Joey Wentz,42625575,P,6800,MIA@ATL 04/13/2026 07:15PM ET,ATL,0
,,,,,,,,,,,,,,,SP,Hurston Waldrep (42625576),Hurston Waldrep,42625576,P,6800,MIA@ATL 04/13/2026 07:15PM ET,ATL,0
,,,,,,,,,,,,,,,RP,Jose Suarez (42625577),Jose Suarez,42625577,P,6800,MIA@ATL 04/13/2026 07:15PM ET,ATL,3.75
,,,,,,,,,,,,,,,RP,Didier Fuentes (42625578),Didier Fuentes,42625578,P,6800,MIA@ATL 04/13/2026 07:15PM ET,ATL,13.2
,,,,,,,,,,,,,,,RP,Osvaldo Bido (42625581),Osvaldo Bido,42625581,P,6800,MIA@ATL 04/13/2026 07:15PM ET,ATL,4.75
,,,,,,,,,,,,,,,RP,Victor Mederos (42625582),Victor Mederos,42625582,P,6800,MIA@ATL 04/13/2026 07:15PM ET,ATL,0
,,,,,,,,,,,,,,,RP,Martin Perez (42625589),Martin Perez,42625589,P,6800,MIA@ATL 04/13/2026 07:15PM ET,ATL,8.82
,,,,,,,,,,,,,,,SP,Ryne Nelson (42625078),Ryne Nelson,42625078,P,6800,ARI@BAL 04/13/2026 06:35PM ET,ARI,12.72
,,,,,,,,,,,,,,,SP,Brandon Pfaadt (42625579),Brandon Pfaadt,42625579,P,6800,ARI@BAL 04/13/2026 06:35PM ET,ARI,7.7
,,,,,,,,,,,,,,,SP,Zac Gallen (42625580),Zac Gallen,42625580,P,6800,ARI@BAL 04/13/2026 06:35PM ET,ARI,9.4
,,,,,,,,,,,,,,,SP,Yilber Diaz (42625583),Yilber Diaz,42625583,P,6800,ARI@BAL 04/13/2026 06:35PM ET,ARI,0
,,,,,,,,,,,,,,,SP,Tanner Houck (42625584),Tanner Houck,42625584,P,6800,BOS@MIN 04/13/2026 07:40PM ET,BOS,0
,,,,,,,,,,,,,,,SP,Patrick Sandoval (42625585),Patrick Sandoval,42625585,P,6800,BOS@MIN 04/13/2026 07:40PM ET,BOS,0
,,,,,,,,,,,,,,,SP,Kutter Crawford (42625586),Kutter Crawford,42625586,P,6800,BOS@MIN 04/13/2026 07:40PM ET,BOS,0
,,,,,,,,,,,,,,,SP,Payton Tolle (42625587),Payton Tolle,42625587,P,6800,BOS@MIN 04/13/2026 07:40PM ET,BOS,0
,,,,,,,,,,,,,,,SP,Johan Oviedo (42625590),Johan Oviedo,42625590,P,6800,BOS@MIN 04/13/2026 07:40PM ET,BOS,1.45
,,,,,,,,,,,,,,,SP,Taijuan Walker (42625571),Taijuan Walker,42625571,P,6800,CHC@PHI 04/13/2026 06:40PM ET,PHI,6.73
,,,,,,,,,,,,,,,SP,Alex McFarlane (42625572),Alex McFarlane,42625572,P,6800,CHC@PHI 04/13/2026 06:40PM ET,PHI,0
,,,,,,,,,,,,,,,RP,Seth Johnson (42625573),Seth Johnson,42625573,P,6800,CHC@PHI 04/13/2026 06:40PM ET,PHI,0
,,,,,,,,,,,,,,,RP,Jonathan Bowlan (42625574),Jonathan Bowlan,42625574,P,6800,CHC@PHI 04/13/2026 06:40PM ET,PHI,3.48
,,,,,,,,,,,,,,,SP,Foster Griffin (42625591),Foster Griffin,42625591,P,6700,WSH@PIT 04/13/2026 06:40PM ET,WSH,16.57
,,,,,,,,,,,,,,,SP,Jake Irvin (42625592),Jake Irvin,42625592,P,6700,WSH@PIT 04/13/2026 06:40PM ET,WSH,10.97
,,,,,,,,,,,,,,,RP,Matthew Liberatore (42625079),Matthew Liberatore,42625079,P,6600,CLE@STL 04/13/2026 07:45PM ET,STL,9.87
,,,,,,,,,,,,,,,SP,Dustin May (42625593),Dustin May,42625593,P,6600,CLE@STL 04/13/2026 07:45PM ET,STL,4.13
,,,,,,,,,,,,,,,SP,Brycen Mautz (42625594),Brycen Mautz,42625594,P,6600,CLE@STL 04/13/2026 07:45PM ET,STL,0
,,,,,,,,,,,,,,,SP,Tekoah Roby (42625595),Tekoah Roby,42625595,P,6600,CLE@STL 04/13/2026 07:45PM ET,STL,0
,,,,,,,,,,,,,,,RP,Jared Shuster (42625596),Jared Shuster,42625596,P,6600,CLE@STL 04/13/2026 07:45PM ET,STL,1.92
,,,,,,,,,,,,,,,RP,Gordon Graceffo (42625597),Gordon Graceffo,42625597,P,6600,CLE@STL 04/13/2026 07:45PM ET,STL,4.19
,,,,,,,,,,,,,,,SP,Hunter Dobbins (42625598),Hunter Dobbins,42625598,P,6600,CLE@STL 04/13/2026 07:45PM ET,STL,0
,,,,,,,,,,,,,,,SP,Richard Fitts (42625599),Richard Fitts,42625599,P,6600,CLE@STL 04/13/2026 07:45PM ET,STL,0
,,,,,,,,,,,,,,,RP,Kyle Leahy (42625600),Kyle Leahy,42625600,P,6600,CLE@STL 04/13/2026 07:45PM ET,STL,6.17
,,,,,,,,,,,,,,,SP,Cade Povich (42625611),Cade Povich,42625611,P,6500,ARI@BAL 04/13/2026 06:35PM ET,BAL,16.28
,,,,,,,,,,,,,,,SP,Dean Kremer (42625612),Dean Kremer,42625612,P,6500,ARI@BAL 04/13/2026 06:35PM ET,BAL,0
,,,,,,,,,,,,,,,SP,Tyler Wells (42625613),Tyler Wells,42625613,P,6500,ARI@BAL 04/13/2026 06:35PM ET,BAL,3.62
,,,,,,,,,,,,,,,RP,Dietrich Enns (42625614),Dietrich Enns,42625614,P,6500,ARI@BAL 04/13/2026 06:35PM ET,BAL,5.38
,,,,,,,,,,,,,,,SP,Chayce McDermott (42625615),Chayce McDermott,42625615,P,6500,ARI@BAL 04/13/2026 06:35PM ET,BAL,0
,,,,,,,,,,,,,,,RP,Albert Suarez (42625616),Albert Suarez,42625616,P,6500,ARI@BAL 04/13/2026 06:35PM ET,BAL,6.42
,,,,,,,,,,,,,,,SP,Brandon Young (42625617),Brandon Young,42625617,P,6500,ARI@BAL 04/13/2026 06:35PM ET,BAL,16.85
,,,,,,,,,,,,,,,SP,Bailey Ober (42625080),Bailey Ober,42625080,P,6500,BOS@MIN 04/13/2026 07:40PM ET,MIN,7.52
,,,,,,,,,,,,,,,SP,Zebby Matthews (42625601),Zebby Matthews,42625601,P,6500,BOS@MIN 04/13/2026 07:40PM ET,MIN,0
,,,,,,,,,,,,,,,SP,Simeon Woods Richardson (42625602),Simeon Woods Richardson,42625602,P,6500,BOS@MIN 04/13/2026 07:40PM ET,MIN,7.75
,,,,,,,,,,,,,,,SP,Mick Abel (42625603),Mick Abel,42625603,P,6500,BOS@MIN 04/13/2026 07:40PM ET,MIN,6.67
,,,,,,,,,,,,,,,SP,Marco Raya (42625604),Marco Raya,42625604,P,6500,BOS@MIN 04/13/2026 07:40PM ET,MIN,0
,,,,,,,,,,,,,,,RP,Matt Bowman (42625605),Matt Bowman,42625605,P,6500,BOS@MIN 04/13/2026 07:40PM ET,MIN,0
,,,,,,,,,,,,,,,SP,David Festa (42625606),David Festa,42625606,P,6500,BOS@MIN 04/13/2026 07:40PM ET,MIN,0
,,,,,,,,,,,,,,,1B/OF,Shohei Ohtani (42625084),Shohei Ohtani,42625084,1B/OF,6500,NYM@LAD 04/13/2026 10:10PM ET,LAD,10.2
,,,,,,,,,,,,,,,SP,Antwone Kelly (42625607),Antwone Kelly,42625607,P,6500,WSH@PIT 04/13/2026 06:40PM ET,PIT,0
,,,,,,,,,,,,,,,SP,Jose Urquidy (42625608),Jose Urquidy,42625608,P,6500,WSH@PIT 04/13/2026 06:40PM ET,PIT,3.35
,,,,,,,,,,,,,,,SP,Hunter Barco (42625609),Hunter Barco,42625609,P,6500,WSH@PIT 04/13/2026 06:40PM ET,PIT,1.54
,,,,,,,,,,,,,,,SP,Thomas Harrington (42625610),Thomas Harrington,42625610,P,6500,WSH@PIT 04/13/2026 06:40PM ET,PIT,0
,,,,,,,,,,,,,,,OF,Aaron Judge (42625086),Aaron Judge,42625086,OF,6400,LAA@NYY 04/13/2026 07:05PM ET,NYY,9.4
,,,,,,,,,,,,,,,SP,Luis Severino (42625081),Luis Severino,42625081,P,6300,TEX@ATH 04/13/2026 09:40PM ET,ATH,11.2
,,,,,,,,,,,,,,,RP,Jacob Lopez (42625623),Jacob Lopez,42625623,P,6300,TEX@ATH 04/13/2026 09:40PM ET,ATH,5.53
,,,,,,,,,,,,,,,RP,Jack Perkins (42625624),Jack Perkins,42625624,P,6300,TEX@ATH 04/13/2026 09:40PM ET,ATH,13.45
,,,,,,,,,,,,,,,SP,Joey Estes (42625625),Joey Estes,42625625,P,6300,TEX@ATH 04/13/2026 09:40PM ET,ATH,0
,,,,,,,,,,,,,,,SP,Luis Medina (42625626),Luis Medina,42625626,P,6300,TEX@ATH 04/13/2026 09:40PM ET,ATH,4.95
,,,,,,,,,,,,,,,RP,Hogan Harris (42625627),Hogan Harris,42625627,P,6300,TEX@ATH 04/13/2026 09:40PM ET,ATH,2.92
,,,,,,,,,,,,,,,SP,Luis Morales (42625628),Luis Morales,42625628,P,6300,TEX@ATH 04/13/2026 09:40PM ET,ATH,-3.35
,,,,,,,,,,,,,,,SP,Gunnar Hoglund (42625629),Gunnar Hoglund,42625629,P,6300,TEX@ATH 04/13/2026 09:40PM ET,ATH,0
,,,,,,,,,,,,,,,SP,Dax Fulton (42625618),Dax Fulton,42625618,P,6300,MIA@ATL 04/13/2026 07:15PM ET,MIA,0
,,,,,,,,,,,,,,,SP,Braxton Garrett (42625619),Braxton Garrett,42625619,P,6300,MIA@ATL 04/13/2026 07:15PM ET,MIA,0
,,,,,,,,,,,,,,,RP,Ryan Gusto (42625620),Ryan Gusto,42625620,P,6300,MIA@ATL 04/13/2026 07:15PM ET,MIA,4.25
,,,,,,,,,,,,,,,SP,Adam Mazur (42625621),Adam Mazur,42625621,P,6300,MIA@ATL 04/13/2026 07:15PM ET,MIA,0
,,,,,,,,,,,,,,,SP,Chris Paddack (42625622),Chris Paddack,42625622,P,6300,MIA@ATL 04/13/2026 07:15PM ET,MIA,8.87
,,,,,,,,,,,,,,,OF,Kyle Schwarber (42625087),Kyle Schwarber,42625087,OF,6200,CHC@PHI 04/13/2026 06:40PM ET,PHI,8.6
,,,,,,,,,,,,,,,SP,Cade Cavalli (42625082),Cade Cavalli,42625082,P,6200,WSH@PIT 04/13/2026 06:40PM ET,WSH,10.82
,,,,,,,,,,,,,,,SP,Josiah Gray (42625630),Josiah Gray,42625630,P,6200,WSH@PIT 04/13/2026 06:40PM ET,WSH,0
,,,,,,,,,,,,,,,SP,DJ Herz (42625631),DJ Herz,42625631,P,6200,WSH@PIT 04/13/2026 06:40PM ET,WSH,0
,,,,,,,,,,,,,,,RP,Brad Lord (42625632),Brad Lord,42625632,P,6200,WSH@PIT 04/13/2026 06:40PM ET,WSH,6
,,,,,,,,,,,,,,,SP,Jackson Rutledge (42625633),Jackson Rutledge,42625633,P,6200,WSH@PIT 04/13/2026 06:40PM ET,WSH,0
,,,,,,,,,,,,,,,SP,Mitchell Parker (42625634),Mitchell Parker,42625634,P,6200,WSH@PIT 04/13/2026 06:40PM ET,WSH,0
,,,,,,,,,,,,,,,SP,Andrew Alvarez (42625635),Andrew Alvarez,42625635,P,6200,WSH@PIT 04/13/2026 06:40PM ET,WSH,0
,,,,,,,,,,,,,,,SP,Trevor Williams (42625636),Trevor Williams,42625636,P,6200,WSH@PIT 04/13/2026 06:40PM ET,WSH,0
,,,,,,,,,,,,,,,SP,Miles Mikolas (42625637),Miles Mikolas,42625637,P,6200,WSH@PIT 04/13/2026 06:40PM ET,WSH,-0.55
,,,,,,,,,,,,,,,OF,Kyle Tucker (42625088),Kyle Tucker,42625088,OF,6000,NYM@LAD 04/13/2026 10:10PM ET,LAD,8.27
,,,,,,,,,,,,,,,SP,Yusei Kikuchi (42625083),Yusei Kikuchi,42625083,P,6000,LAA@NYY 04/13/2026 07:05PM ET,LAA,9.13
,,,,,,,,,,,,,,,SP,Grayson Rodriguez (42625638),Grayson Rodriguez,42625638,P,6000,LAA@NYY 04/13/2026 07:05PM ET,LAA,0
,,,,,,,,,,,,,,,SP,Alek Manoah (42625639),Alek Manoah,42625639,P,6000,LAA@NYY 04/13/2026 07:05PM ET,LAA,0
,,,,,,,,,,,,,,,RP,Mitch Farris (42625640),Mitch Farris,42625640,P,6000,LAA@NYY 04/13/2026 07:05PM ET,LAA,2.88
,,,,,,,,,,,,,,,SP,George Klassen (42625641),George Klassen,42625641,P,6000,LAA@NYY 04/13/2026 07:05PM ET,LAA,0.15
,,,,,,,,,,,,,,,RP,Sam Aldegheri (42625642),Sam Aldegheri,42625642,P,6000,LAA@NYY 04/13/2026 07:05PM ET,LAA,0
,,,,,,,,,,,,,,,SP,Caden Dana (42625643),Caden Dana,42625643,P,6000,LAA@NYY 04/13/2026 07:05PM ET,LAA,0
,,,,,,,,,,,,,,,RP,Ryan Johnson (42625644),Ryan Johnson,42625644,P,6000,LAA@NYY 04/13/2026 07:05PM ET,LAA,-7.1
,,,,,,,,,,,,,,,SP,Chase Silseth (42625645),Chase Silseth,42625645,P,6000,LAA@NYY 04/13/2026 07:05PM ET,LAA,2
,,,,,,,,,,,,,,,C,Shea Langeliers (42625089),Shea Langeliers,42625089,C,5900,TEX@ATH 04/13/2026 09:40PM ET,ATH,9.57
,,,,,,,,,,,,,,,OF,Corbin Carroll (42625090),Corbin Carroll,42625090,OF,5800,ARI@BAL 04/13/2026 06:35PM ET,ARI,10.57
,,,,,,,,,,,,,,,OF,Juan Soto (42625362),Juan Soto,42625362,OF,5800,NYM@LAD 04/13/2026 10:10PM ET,NYM,8.25
,,,,,,,,,,,,,,,OF,Oneil Cruz (42625091),Oneil Cruz,42625091,OF,5700,WSH@PIT 04/13/2026 06:40PM ET,PIT,12.73
,,,,,,,,,,,,,,,SS,Gunnar Henderson (42625092),Gunnar Henderson,42625092,SS,5600,ARI@BAL 04/13/2026 06:35PM ET,BAL,11.6
,,,,,,,,,,,,,,,OF,Ronald Acuna Jr. (42625093),Ronald Acuna Jr.,42625093,OF,5500,MIA@ATL 04/13/2026 07:15PM ET,ATL,7.25
,,,,,,,,,,,,,,,RP,Keegan Akin (42625646),Keegan Akin,42625646,P,5500,ARI@BAL 04/13/2026 06:35PM ET,BAL,0
,,,,,,,,,,,,,,,OF,Pete Crow-Armstrong (42625094),Pete Crow-Armstrong,42625094,OF,5500,CHC@PHI 04/13/2026 06:40PM ET,CHC,6.33
,,,,,,,,,,,,,,,OF,Luis Robert Jr. (42625097),Luis Robert Jr.,42625097,OF,5400,NYM@LAD 04/13/2026 10:10PM ET,NYM,8.93
,,,,,,,,,,,,,,,3B,Jose Ramirez (42625096),Jose Ramirez,42625096,3B,5400,CLE@STL 04/13/2026 07:45PM ET,CLE,7.38
,,,,,,,,,,,,,,,1B,Ben Rice (42625095),Ben Rice,42625095,1B,5400,LAA@NYY 04/13/2026 07:05PM ET,NYY,12.21
,,,,,,,,,,,,,,,1B,Nick Kurtz (42625098),Nick Kurtz,42625098,1B,5300,TEX@ATH 04/13/2026 09:40PM ET,ATH,7.21
,,,,,,,,,,,,,,,OF,James Wood (42625099),James Wood,42625099,OF,5300,WSH@PIT 04/13/2026 06:40PM ET,WSH,12.53
,,,,,,,,,,,,,,,SS,Trea Turner (42625101),Trea Turner,42625101,SS,5200,CHC@PHI 04/13/2026 06:40PM ET,PHI,7.2
,,,,,,,,,,,,,,,OF,Mike Trout (42625100),Mike Trout,42625100,OF,5200,LAA@NYY 04/13/2026 07:05PM ET,LAA,9.13
,,,,,,,,,,,,,,,SS,Francisco Lindor (42625102),Francisco Lindor,42625102,SS,5100,NYM@LAD 04/13/2026 10:10PM ET,NYM,5.94
,,,,,,,,,,,,,,,1B,Bryce Harper (42625103),Bryce Harper,42625103,1B,5100,CHC@PHI 04/13/2026 06:40PM ET,PHI,8.87
,,,,,,,,,,,,,,,OF,Roman Anthony (42625104),Roman Anthony,42625104,OF,5000,BOS@MIN 04/13/2026 07:40PM ET,BOS,6.14
,,,,,,,,,,,,,,,1B,Freddie Freeman (42625105),Freddie Freeman,42625105,1B,5000,NYM@LAD 04/13/2026 10:10PM ET,LAD,8.47
,,,,,,,,,,,,,,,SS,CJ Abrams (42625106),CJ Abrams,42625106,SS,5000,WSH@PIT 04/13/2026 06:40PM ET,WSH,12.07
,,,,,,,,,,,,,,,OF,Brent Rooker (42625363),Brent Rooker,42625363,OF,4900,TEX@ATH 04/13/2026 09:40PM ET,ATH,6.5
,,,,,,,,,,,,,,,2B,Xavier Edwards (42625107),Xavier Edwards,42625107,2B,4900,MIA@ATL 04/13/2026 07:15PM ET,MIA,8.75
,,,,,,,,,,,,,,,OF,Wilyer Abreu (42625111),Wilyer Abreu,42625111,OF,4900,BOS@MIN 04/13/2026 07:40PM ET,BOS,9.2
,,,,,,,,,,,,,,,1B/OF,Ryan O'Hearn (42625109),Ryan O'Hearn,42625109,1B/OF,4900,WSH@PIT 04/13/2026 06:40PM ET,PIT,9.43
,,,,,,,,,,,,,,,SS,Zach Neto (42625108),Zach Neto,42625108,SS,4900,LAA@NYY 04/13/2026 07:05PM ET,LAA,10.25
,,,,,,,,,,,,,,,OF,Tyler Soderstrom (42625113),Tyler Soderstrom,42625113,OF,4800,TEX@ATH 04/13/2026 09:40PM ET,ATH,7.93
,,,,,,,,,,,,,,,SS,Corey Seager (42625114),Corey Seager,42625114,SS,4800,TEX@ATH 04/13/2026 09:40PM ET,TEX,8
,,,,,,,,,,,,,,,2B,Ketel Marte (42625112),Ketel Marte,42625112,2B,4800,ARI@BAL 04/13/2026 06:35PM ET,ARI,5.88
,,,,,,,,,,,,,,,1B,Pete Alonso (42625115),Pete Alonso,42625115,1B,4800,ARI@BAL 04/13/2026 06:35PM ET,BAL,5.8
,,,,,,,,,,,,,,,OF,Brandon Nimmo (42625120),Brandon Nimmo,42625120,OF,4700,TEX@ATH 04/13/2026 09:40PM ET,TEX,10.33
,,,,,,,,,,,,,,,C,Drake Baldwin (42625117),Drake Baldwin,42625117,C,4700,MIA@ATL 04/13/2026 07:15PM ET,ATL,11.06
,,,,,,,,,,,,,,,OF,Kyle Stowers (42625364),Kyle Stowers,42625364,OF,4700,MIA@ATL 04/13/2026 07:15PM ET,MIA,0
,,,,,,,,,,,,,,,OF,Jarren Duran (42625119),Jarren Duran,42625119,OF,4700,BOS@MIN 04/13/2026 07:40PM ET,BOS,7.58
,,,,,,,,,,,,,,,OF,Teoscar Hernandez (42625118),Teoscar Hernandez,42625118,OF,4700,NYM@LAD 04/13/2026 10:10PM ET,LAD,9.31
,,,,,,,,,,,,,,,2B,Brandon Lowe (42625116),Brandon Lowe,42625116,2B,4700,WSH@PIT 04/13/2026 06:40PM ET,PIT,9.77
,,,,,,,,,,,,,,,1B/C,Liam Hicks (42625122),Liam Hicks,42625122,C/1B,4600,MIA@ATL 04/13/2026 07:15PM ET,MIA,7.67
,,,,,,,,,,,,,,,OF,Byron Buxton (42625121),Byron Buxton,42625121,OF,4600,BOS@MIN 04/13/2026 07:40PM ET,MIN,5.21
,,,,,,,,,,,,,,,1B,Matt Olson (42625124),Matt Olson,42625124,1B,4500,MIA@ATL 04/13/2026 07:15PM ET,ATL,10.25
,,,,,,,,,,,,,,,OF,Andy Pages (42625125),Andy Pages,42625125,OF,4500,NYM@LAD 04/13/2026 10:10PM ET,LAD,11.73
,,,,,,,,,,,,,,,2B,Nico Hoerner (42625126),Nico Hoerner,42625126,2B,4500,CHC@PHI 04/13/2026 06:40PM ET,CHC,10.67
,,,,,,,,,,,,,,,OF,Jakob Marsee (42625128),Jakob Marsee,42625128,OF,4400,MIA@ATL 04/13/2026 07:15PM ET,MIA,7.06
,,,,,,,,,,,,,,,SS,Geraldo Perdomo (42625132),Geraldo Perdomo,42625132,SS,4400,ARI@BAL 04/13/2026 06:35PM ET,ARI,6.06
,,,,,,,,,,,,,,,3B,Bo Bichette (42625130),Bo Bichette,42625130,3B,4400,NYM@LAD 04/13/2026 10:10PM ET,NYM,6.19
,,,,,,,,,,,,,,,SS,Mookie Betts (42625365),Mookie Betts,42625365,SS,4400,NYM@LAD 04/13/2026 10:10PM ET,LAD,8.38
,,,,,,,,,,,,,,,1B,Michael Busch (42625131),Michael Busch,42625131,1B,4400,CHC@PHI 04/13/2026 06:40PM ET,CHC,3.8
,,,,,,,,,,,,,,,OF,Chase DeLauter (42625129),Chase DeLauter,42625129,OF,4400,CLE@STL 04/13/2026 07:45PM ET,CLE,9.6
,,,,,,,,,,,,,,,OF,Cody Bellinger (42625127),Cody Bellinger,42625127,OF,4400,LAA@NYY 04/13/2026 07:05PM ET,NYY,7.73
,,,,,,,,,,,,,,,SS,Otto Lopez (42625133),Otto Lopez,42625133,SS,4300,MIA@ATL 04/13/2026 07:15PM ET,MIA,8.87
,,,,,,,,,,,,,,,OF,Taylor Ward (42625134),Taylor Ward,42625134,OF,4300,ARI@BAL 04/13/2026 06:35PM ET,BAL,8.87
,,,,,,,,,,,,,,,OF,Seiya Suzuki (42625136),Seiya Suzuki,42625136,OF,4300,CHC@PHI 04/13/2026 06:40PM ET,CHC,4.67
,,,,,,,,,,,,,,,2B,JJ Wetherholt (42625135),JJ Wetherholt,42625135,2B,4300,CLE@STL 04/13/2026 07:45PM ET,STL,7.47
,,,,,,,,,,,,,,,1B,Alec Burleson (42625137),Alec Burleson,42625137,1B,4300,CLE@STL 04/13/2026 07:45PM ET,STL,8.2
,,,,,,,,,,,,,,,1B,Jake Burger (42625143),Jake Burger,42625143,1B,4200,TEX@ATH 04/13/2026 09:40PM ET,TEX,6.13
,,,,,,,,,,,,,,,2B,Luke Keaschall (42625138),Luke Keaschall,42625138,2B,4200,BOS@MIN 04/13/2026 07:40PM ET,MIN,6.75
,,,,,,,,,,,,,,,C,Will Smith (42625141),Will Smith,42625141,C,4200,NYM@LAD 04/13/2026 10:10PM ET,LAD,6.93
,,,,,,,,,,,,,,,OF,Bryan Reynolds (42625140),Bryan Reynolds,42625140,OF,4200,WSH@PIT 04/13/2026 06:40PM ET,PIT,8.27
,,,,,,,,,,,,,,,OF,Giancarlo Stanton (42625139),Giancarlo Stanton,42625139,OF,4200,LAA@NYY 04/13/2026 07:05PM ET,NYY,6.79
,,,,,,,,,,,,,,,OF,Jo Adell (42625142),Jo Adell,42625142,OF,4200,LAA@NYY 04/13/2026 07:05PM ET,LAA,6.19
,,,,,,,,,,,,,,,C,Adley Rutschman (42625366),Adley Rutschman,42625366,C,4100,ARI@BAL 04/13/2026 06:35PM ET,BAL,6.4
,,,,,,,,,,,,,,,1B,Willson Contreras (42625144),Willson Contreras,42625144,1B,4100,BOS@MIN 04/13/2026 07:40PM ET,BOS,9.27
,,,,,,,,,,,,,,,3B,Alex Bregman (42625145),Alex Bregman,42625145,3B,4100,CHC@PHI 04/13/2026 06:40PM ET,CHC,5.8
,,,,,,,,,,,,,,,OF,Wyatt Langford (42625153),Wyatt Langford,42625153,OF,4000,TEX@ATH 04/13/2026 09:40PM ET,TEX,5.31
,,,,,,,,,,,,,,,SP,Emiliano Teodo (42625650),Emiliano Teodo,42625650,P,4000,TEX@ATH 04/13/2026 09:40PM ET,TEX,0
,,,,,,,,,,,,,,,SP,Henry Baez (42625651),Henry Baez,42625651,P,4000,TEX@ATH 04/13/2026 09:40PM ET,ATH,0
,,,,,,,,,,,,,,,SP,Leandro Lopez (42625662),Leandro Lopez,42625662,P,4000,TEX@ATH 04/13/2026 09:40PM ET,TEX,0
,,,,,,,,,,,,,,,SP,Chen Zhong-Ao Zhuang (42625663),Chen Zhong-Ao Zhuang,42625663,P,4000,TEX@ATH 04/13/2026 09:40PM ET,ATH,0
,,,,,,,,,,,,,,,SP,Braden Nett (42625679),Braden Nett,42625679,P,4000,TEX@ATH 04/13/2026 09:40PM ET,ATH,0
,,,,,,,,,,,,,,,SP,Winston Santos (42625685),Winston Santos,42625685,P,4000,TEX@ATH 04/13/2026 09:40PM ET,TEX,0
,,,,,,,,,,,,,,,SP,David Davalillo (42625691),David Davalillo,42625691,P,4000,TEX@ATH 04/13/2026 09:40PM ET,TEX,0
,,,,,,,,,,,,,,,RP,Brady Basso (42625695),Brady Basso,42625695,P,4000,TEX@ATH 04/13/2026 09:40PM ET,ATH,0
,,,,,,,,,,,,,,,RP,Mason Barnett (42625696),Mason Barnett,42625696,P,4000,TEX@ATH 04/13/2026 09:40PM ET,ATH,0
,,,,,,,,,,,,,,,SP,Jose Corniell (42625699),Jose Corniell,42625699,P,4000,TEX@ATH 04/13/2026 09:40PM ET,TEX,0
,,,,,,,,,,,,,,,RP,Elvis Alvarado (42625709),Elvis Alvarado,42625709,P,4000,TEX@ATH 04/13/2026 09:40PM ET,ATH,2.41
,,,,,,,,,,,,,,,RP,Luis Curvelo (42625719),Luis Curvelo,42625719,P,4000,TEX@ATH 04/13/2026 09:40PM ET,TEX,1.88
,,,,,,,,,,,,,,,RP,Justin Sterner (42625731),Justin Sterner,42625731,P,4000,TEX@ATH 04/13/2026 09:40PM ET,ATH,3.17
,,,,,,,,,,,,,,,RP,Cole Winn (42625741),Cole Winn,42625741,P,4000,TEX@ATH 04/13/2026 09:40PM ET,TEX,3.81
,,,,,,,,,,,,,,,RP,Marc Church (42625742),Marc Church,42625742,P,4000,TEX@ATH 04/13/2026 09:40PM ET,TEX,0
,,,,,,,,,,,,,,,RP,Michael Kelly (42625752),Michael Kelly,42625752,P,4000,TEX@ATH 04/13/2026 09:40PM ET,ATH,1.44
,,,,,,,,,,,,,,,RP,Mark Leiter Jr. (42625780),Mark Leiter Jr.,42625780,P,4000,TEX@ATH 04/13/2026 09:40PM ET,ATH,0.92
,,,,,,,,,,,,,,,RP,Eduarniel Nunez (42625812),Eduarniel Nunez,42625812,P,4000,TEX@ATH 04/13/2026 09:40PM ET,ATH,0
,,,,,,,,,,,,,,,RP,Joel Kuhnel (42625818),Joel Kuhnel,42625818,P,4000,TEX@ATH 04/13/2026 09:40PM ET,ATH,2.22
,,,,,,,,,,,,,,,RP,Tyler Alexander (42625830),Tyler Alexander,42625830,P,4000,TEX@ATH 04/13/2026 09:40PM ET,TEX,3.34
,,,,,,,,,,,,,,,RP,Robert Garcia (42625836),Robert Garcia,42625836,P,4000,TEX@ATH 04/13/2026 09:40PM ET,TEX,0.99
,,,,,,,,,,,,,,,RP,Tyler Ferguson (42625859),Tyler Ferguson,42625859,P,4000,TEX@ATH 04/13/2026 09:40PM ET,ATH,0
,,,,,,,,,,,,,,,RP,Michel Otanez (42625872),Michel Otanez,42625872,P,4000,TEX@ATH 04/13/2026 09:40PM ET,TEX,0
,,,,,,,,,,,,,,,RP,Carter Baumler (42625878),Carter Baumler,42625878,P,4000,TEX@ATH 04/13/2026 09:40PM ET,TEX,3.54
,,,,,,,,,,,,,,,RP,Chris Martin (42625883),Chris Martin,42625883,P,4000,TEX@ATH 04/13/2026 09:40PM ET,TEX,1.76
,,,,,,,,,,,,,,,RP,Jalen Beeks (42625886),Jalen Beeks,42625886,P,4000,TEX@ATH 04/13/2026 09:40PM ET,TEX,3.26
,,,,,,,,,,,,,,,RP,Scott Barlow (42625890),Scott Barlow,42625890,P,4000,TEX@ATH 04/13/2026 09:40PM ET,ATH,2.14
,,,,,,,,,,,,,,,RP,Joe Jimenez (42625656),Joe Jimenez,42625656,P,4000,MIA@ATL 04/13/2026 07:15PM ET,ATL,0
,,,,,,,,,,,,,,,RP,Josh White (42625668),Josh White,42625668,P,4000,MIA@ATL 04/13/2026 07:15PM ET,MIA,0
,,,,,,,,,,,,,,,RP,Jhancarlos Lara (42625688),Jhancarlos Lara,42625688,P,4000,MIA@ATL 04/13/2026 07:15PM ET,ATL,0
,,,,,,,,,,,,,,,RP,William Kempner (42625690),William Kempner,42625690,P,4000,MIA@ATL 04/13/2026 07:15PM ET,MIA,0
,,,,,,,,,,,,,,,RP,Dylan Dodd (42625698),Dylan Dodd,42625698,P,4000,MIA@ATL 04/13/2026 07:15PM ET,ATL,10.15
,,,,,,,,,,,,,,,SP,Bradley Blalock (42625700),Bradley Blalock,42625700,P,4000,MIA@ATL 04/13/2026 07:15PM ET,MIA,0
,,,,,,,,,,,,,,,RP,Tyler Phillips (42625707),Tyler Phillips,42625707,P,4000,MIA@ATL 04/13/2026 07:15PM ET,MIA,7.76
,,,,,,,,,,,,,,,RP,Raisel Iglesias (42625720),Raisel Iglesias,42625720,P,4000,MIA@ATL 04/13/2026 07:15PM ET,ATL,4.19
,,,,,,,,,,,,,,,RP,Tyler Kinley (42625746),Tyler Kinley,42625746,P,4000,MIA@ATL 04/13/2026 07:15PM ET,ATL,3.79
,,,,,,,,,,,,,,,RP,Ronny Henriquez (42625756),Ronny Henriquez,42625756,P,4000,MIA@ATL 04/13/2026 07:15PM ET,MIA,0
,,,,,,,,,,,,,,,RP,Anthony Bender (42625759),Anthony Bender,42625759,P,4000,MIA@ATL 04/13/2026 07:15PM ET,MIA,1.96
,,,,,,,,,,,,,,,RP,Cade Gibson (42625762),Cade Gibson,42625762,P,4000,MIA@ATL 04/13/2026 07:15PM ET,MIA,0
,,,,,,,,,,,,,,,RP,Dylan Lee (42625764),Dylan Lee,42625764,P,4000,MIA@ATL 04/13/2026 07:15PM ET,ATL,2.86
,,,,,,,,,,,,,,,RP,Aaron Bummer (42625771),Aaron Bummer,42625771,P,4000,MIA@ATL 04/13/2026 07:15PM ET,ATL,2
,,,,,,,,,,,,,,,RP,John King (42625776),John King,42625776,P,4000,MIA@ATL 04/13/2026 07:15PM ET,MIA,3.68
,,,,,,,,,,,,,,,RP,Rolddy Munoz (42625778),Rolddy Munoz,42625778,P,4000,MIA@ATL 04/13/2026 07:15PM ET,ATL,0
,,,,,,,,,,,,,,,RP,Michael Petersen (42625800),Michael Petersen,42625800,P,4000,MIA@ATL 04/13/2026 07:15PM ET,MIA,3.12
,,,,,,,,,,,,,,,RP,Andrew Nardi (42625802),Andrew Nardi,42625802,P,4000,MIA@ATL 04/13/2026 07:15PM ET,MIA,3.2
,,,,,,,,,,,,,,,RP,Hunter Stratton (42625813),Hunter Stratton,42625813,P,4000,MIA@ATL 04/13/2026 07:15PM ET,ATL,0
,,,,,,,,,,,,,,,RP,Lake Bachar (42625825),Lake Bachar,42625825,P,4000,MIA@ATL 04/13/2026 07:15PM ET,MIA,6.39
,,,,,,,,,,,,,,,RP,Calvin Faucher (42625839),Calvin Faucher,42625839,P,4000,MIA@ATL 04/13/2026 07:15PM ET,MIA,3.51
,,,,,,,,,,,,,,,RP,Hayden Harris (42625851),Hayden Harris,42625851,P,4000,MIA@ATL 04/13/2026 07:15PM ET,ATL,0
,,,,,,,,,,,,,,,RP,Robert Suarez (42625860),Robert Suarez,42625860,P,4000,MIA@ATL 04/13/2026 07:15PM ET,ATL,4.75
,,,,,,,,,,,,,,,RP,Daysbel Hernandez (42625863),Daysbel Hernandez,42625863,P,4000,MIA@ATL 04/13/2026 07:15PM ET,ATL,0
,,,,,,,,,,,,,,,RP,Pete Fairbanks (42625868),Pete Fairbanks,42625868,P,4000,MIA@ATL 04/13/2026 07:15PM ET,MIA,3
,,,,,,,,,,,,,,,RP,Danny Young (42625875),Danny Young,42625875,P,4000,MIA@ATL 04/13/2026 07:15PM ET,ATL,0
,,,,,,,,,,,,,,,RP,Joel Payamps (42625885),Joel Payamps,42625885,P,4000,MIA@ATL 04/13/2026 07:15PM ET,ATL,1.13
,,,,,,,,,,,,,,,3B,Jordan Westburg (42625367),Jordan Westburg,42625367,3B,4000,ARI@BAL 04/13/2026 06:35PM ET,BAL,0
,,,,,,,,,,,,,,,SP,Kohl Drake (42625653),Kohl Drake,42625653,P,4000,ARI@BAL 04/13/2026 06:35PM ET,ARI,0
,,,,,,,,,,,,,,,RP,Cameron Foster (42625659),Cameron Foster,42625659,P,4000,ARI@BAL 04/13/2026 06:35PM ET,BAL,0
,,,,,,,,,,,,,,,SP,Dylan Ray (42625670),Dylan Ray,42625670,P,4000,ARI@BAL 04/13/2026 06:35PM ET,ARI,0
,,,,,,,,,,,,,,,SP,Mitch Bratt (42625675),Mitch Bratt,42625675,P,4000,ARI@BAL 04/13/2026 06:35PM ET,ARI,0
,,,,,,,,,,,,,,,RP,Blake Walston (42625684),Blake Walston,42625684,P,4000,ARI@BAL 04/13/2026 06:35PM ET,ARI,0
,,,,,,,,,,,,,,,RP,Jonathan Loaisiga (42625701),Jonathan Loaisiga,42625701,P,4000,ARI@BAL 04/13/2026 06:35PM ET,ARI,2.99
,,,,,,,,,,,,,,,RP,Justin Martinez (42625711),Justin Martinez,42625711,P,4000,ARI@BAL 04/13/2026 06:35PM ET,ARI,0
,,,,,,,,,,,,,,,RP,Felix Bautista (42625714),Felix Bautista,42625714,P,4000,ARI@BAL 04/13/2026 06:35PM ET,BAL,0
,,,,,,,,,,,,,,,RP,Colin Selby (42625717),Colin Selby,42625717,P,4000,ARI@BAL 04/13/2026 06:35PM ET,BAL,0
,,,,,,,,,,,,,,,RP,Jose Espada (42625730),Jose Espada,42625730,P,4000,ARI@BAL 04/13/2026 06:35PM ET,BAL,0
,,,,,,,,,,,,,,,RP,Taylor Rashi (42625737),Taylor Rashi,42625737,P,4000,ARI@BAL 04/13/2026 06:35PM ET,ARI,8.38
,,,,,,,,,,,,,,,RP,Anthony Nunez (42625760),Anthony Nunez,42625760,P,4000,ARI@BAL 04/13/2026 06:35PM ET,BAL,4.24
,,,,,,,,,,,,,,,RP,Andrew Kittredge (42625763),Andrew Kittredge,42625763,P,4000,ARI@BAL 04/13/2026 06:35PM ET,BAL,0
,,,,,,,,,,,,,,,RP,Yaramil Hiraldo (42625770),Yaramil Hiraldo,42625770,P,4000,ARI@BAL 04/13/2026 06:35PM ET,BAL,-1.48
,,,,,,,,,,,,,,,RP,Taylor Clarke (42625775),Taylor Clarke,42625775,P,4000,ARI@BAL 04/13/2026 06:35PM ET,ARI,2.31
,,,,,,,,,,,,,,,RP,Andrew Saalfrank (42625781),Andrew Saalfrank,42625781,P,4000,ARI@BAL 04/13/2026 06:35PM ET,ARI,0
,,,,,,,,,,,,,,,RP,Juan Morillo (42625784),Juan Morillo,42625784,P,4000,ARI@BAL 04/13/2026 06:35PM ET,ARI,2.94
,,,,,,,,,,,,,,,RP,Juan Burgos (42625786),Juan Burgos,42625786,P,4000,ARI@BAL 04/13/2026 06:35PM ET,ARI,0
,,,,,,,,,,,,,,,RP,Yennier Cano (42625788),Yennier Cano,42625788,P,4000,ARI@BAL 04/13/2026 06:35PM ET,BAL,2.85
,,,,,,,,,,,,,,,RP,Rico Garcia (42625794),Rico Garcia,42625794,P,4000,ARI@BAL 04/13/2026 06:35PM ET,BAL,4.74
,,,,,,,,,,,,,,,SP,Cristian Mena (42625795),Cristian Mena,42625795,P,4000,ARI@BAL 04/13/2026 06:35PM ET,ARI,0
,,,,,,,,,,,,,,,RP,Paul Sewald (42625803),Paul Sewald,42625803,P,4000,ARI@BAL 04/13/2026 06:35PM ET,ARI,3.23
,,,,,,,,,,,,,,,RP,Ryan Thompson (42625810),Ryan Thompson,42625810,P,4000,ARI@BAL 04/13/2026 06:35PM ET,ARI,2.36
,,,,,,,,,,,,,,,RP,Kade Strowd (42625814),Kade Strowd,42625814,P,4000,ARI@BAL 04/13/2026 06:35PM ET,ARI,0
,,,,,,,,,,,,,,,RP,Drey Jameson (42625822),Drey Jameson,42625822,P,4000,ARI@BAL 04/13/2026 06:35PM ET,ARI,0
,,,,,,,,,,,,,,,RP,Grant Wolfram (42625828),Grant Wolfram,42625828,P,4000,ARI@BAL 04/13/2026 06:35PM ET,BAL,4.78
,,,,,,,,,,,,,,,RP,Nick Raquet (42625838),Nick Raquet,42625838,P,4000,ARI@BAL 04/13/2026 06:35PM ET,BAL,-5.55
,,,,,,,,,,,,,,,RP,Andrew Hoffmann (42625854),Andrew Hoffmann,42625854,P,4000,ARI@BAL 04/13/2026 06:35PM ET,ARI,6.25
,,,,,,,,,,,,,,,RP,Brandyn Garcia (42625865),Brandyn Garcia,42625865,P,4000,ARI@BAL 04/13/2026 06:35PM ET,ARI,0
,,,,,,,,,,,,,,,RP,Ryan Helsley (42625867),Ryan Helsley,42625867,P,4000,ARI@BAL 04/13/2026 06:35PM ET,BAL,2.57
,,,,,,,,,,,,,,,RP,Jayvien Sandridge (42625869),Jayvien Sandridge,42625869,P,4000,ARI@BAL 04/13/2026 06:35PM ET,BAL,0
,,,,,,,,,,,,,,,RP,A.J. Puk (42625874),A.J. Puk,42625874,P,4000,ARI@BAL 04/13/2026 06:35PM ET,ARI,0
,,,,,,,,,,,,,,,RP,Kevin Ginkel (42625879),Kevin Ginkel,42625879,P,4000,ARI@BAL 04/13/2026 06:35PM ET,ARI,1.54
,,,,,,,,,,,,,,,RP,Philip Abner (42625884),Philip Abner,42625884,P,4000,ARI@BAL 04/13/2026 06:35PM ET,ARI,0
,,,,,,,,,,,,,,,SP,John Klein (42625666),John Klein,42625666,P,4000,BOS@MIN 04/13/2026 07:40PM ET,MIN,0
,,,,,,,,,,,,,,,RP,Andrew Morris (42625669),Andrew Morris,42625669,P,4000,BOS@MIN 04/13/2026 07:40PM ET,MIN,5.15
,,,,,,,,,,,,,,,SP,Jake Bennett (42625671),Jake Bennett,42625671,P,4000,BOS@MIN 04/13/2026 07:40PM ET,BOS,0
,,,,,,,,,,,,,,,SP,Connor Prielipp (42625672),Connor Prielipp,42625672,P,4000,BOS@MIN 04/13/2026 07:40PM ET,MIN,0
,,,,,,,,,,,,,,,SP,Kendry Rojas (42625677),Kendry Rojas,42625677,P,4000,BOS@MIN 04/13/2026 07:40PM ET,MIN,0
,,,,,,,,,,,,,,,RP,Travis Adams (42625697),Travis Adams,42625697,P,4000,BOS@MIN 04/13/2026 07:40PM ET,MIN,0
,,,,,,,,,,,,,,,RP,Aroldis Chapman (42625708),Aroldis Chapman,42625708,P,4000,BOS@MIN 04/13/2026 07:40PM ET,BOS,2.57
,,,,,,,,,,,,,,,RP,Ryan Watson (42625713),Ryan Watson,42625713,P,4000,BOS@MIN 04/13/2026 07:40PM ET,BOS,2.03
,,,,,,,,,,,,,,,RP,Justin Slaten (42625723),Justin Slaten,42625723,P,4000,BOS@MIN 04/13/2026 07:40PM ET,BOS,3.78
,,,,,,,,,,,,,,,RP,Kody Funderburk (42625724),Kody Funderburk,42625724,P,4000,BOS@MIN 04/13/2026 07:40PM ET,MIN,2.07
,,,,,,,,,,,,,,,RP,Jovani Moran (42625726),Jovani Moran,42625726,P,4000,BOS@MIN 04/13/2026 07:40PM ET,BOS,7.45
,,,,,,,,,,,,,,,RP,Taylor Rogers (42625739),Taylor Rogers,42625739,P,4000,BOS@MIN 04/13/2026 07:40PM ET,MIN,2.04
,,,,,,,,,,,,,,,RP,Cody Laweryson (42625744),Cody Laweryson,42625744,P,4000,BOS@MIN 04/13/2026 07:40PM ET,MIN,4.01
,,,,,,,,,,,,,,,RP,Tyler Uberstine (42625745),Tyler Uberstine,42625745,P,4000,BOS@MIN 04/13/2026 07:40PM ET,BOS,5.6
,,,,,,,,,,,,,,,RP,Zack Kelly (42625747),Zack Kelly,42625747,P,4000,BOS@MIN 04/13/2026 07:40PM ET,BOS,1.4
,,,,,,,,,,,,,,,RP,Danny Coulombe (42625753),Danny Coulombe,42625753,P,4000,BOS@MIN 04/13/2026 07:40PM ET,BOS,1.06
,,,,,,,,,,,,,,,RP,Greg Weissert (42625767),Greg Weissert,42625767,P,4000,BOS@MIN 04/13/2026 07:40PM ET,BOS,2.89
,,,,,,,,,,,,,,,RP,Garrett Whitlock (42625793),Garrett Whitlock,42625793,P,4000,BOS@MIN 04/13/2026 07:40PM ET,BOS,3.78
,,,,,,,,,,,,,,,RP,Justin Topa (42625801),Justin Topa,42625801,P,4000,BOS@MIN 04/13/2026 07:40PM ET,MIN,1.14
,,,,,,,,,,,,,,,RP,Zak Kent (42625804),Zak Kent,42625804,P,4000,BOS@MIN 04/13/2026 07:40PM ET,MIN,1.42
,,,,,,,,,,,,,,,RP,Garrett Acton (42625823),Garrett Acton,42625823,P,4000,BOS@MIN 04/13/2026 07:40PM ET,MIN,9.3
,,,,,,,,,,,,,,,RP,Eric Orze (42625841),Eric Orze,42625841,P,4000,BOS@MIN 04/13/2026 07:40PM ET,MIN,3.03
,,,,,,,,,,,,,,,RP,Tyler Samaniego (42625844),Tyler Samaniego,42625844,P,4000,BOS@MIN 04/13/2026 07:40PM ET,BOS,4.98
,,,,,,,,,,,,,,,RP,Cole Sands (42625847),Cole Sands,42625847,P,4000,BOS@MIN 04/13/2026 07:40PM ET,MIN,1.43
,,,,,,,,,,,,,,,RP,Anthony Banda (42625882),Anthony Banda,42625882,P,4000,BOS@MIN 04/13/2026 07:40PM ET,MIN,1.28
,,,,,,,,,,,,,,,1B/OF,Brett Baty (42625146),Brett Baty,42625146,1B/OF,4000,NYM@LAD 04/13/2026 10:10PM ET,NYM,5.93
,,,,,,,,,,,,,,,3B,Max Muncy (42625149),Max Muncy,42625149,3B,4000,NYM@LAD 04/13/2026 10:10PM ET,LAD,7.71
,,,,,,,,,,,,,,,C,Francisco Alvarez (42625152),Francisco Alvarez,42625152,C,4000,NYM@LAD 04/13/2026 10:10PM ET,NYM,7.14
,,,,,,,,,,,,,,,RP,Brusdar Graterol (42625648),Brusdar Graterol,42625648,P,4000,NYM@LAD 04/13/2026 10:10PM ET,LAD,0
,,,,,,,,,,,,,,,RP,Dylan Ross (42625654),Dylan Ross,42625654,P,4000,NYM@LAD 04/13/2026 10:10PM ET,NYM,0
,,,,,,,,,,,,,,,RP,Ronan Kopp (42625657),Ronan Kopp,42625657,P,4000,NYM@LAD 04/13/2026 10:10PM ET,LAD,0
,,,,,,,,,,,,,,,SP,Nick Nastrini (42625664),Nick Nastrini,42625664,P,4000,NYM@LAD 04/13/2026 10:10PM ET,LAD,0
,,,,,,,,,,,,,,,RP,Kyle Hurt (42625673),Kyle Hurt,42625673,P,4000,NYM@LAD 04/13/2026 10:10PM ET,LAD,0
,,,,,,,,,,,,,,,RP,Jonathan Pintaro (42625682),Jonathan Pintaro,42625682,P,4000,NYM@LAD 04/13/2026 10:10PM ET,NYM,0
,,,,,,,,,,,,,,,RP,Jake Cousins (42625692),Jake Cousins,42625692,P,4000,NYM@LAD 04/13/2026 10:10PM ET,LAD,0
,,,,,,,,,,,,,,,RP,Austin Warren (42625693),Austin Warren,42625693,P,4000,NYM@LAD 04/13/2026 10:10PM ET,NYM,0
,,,,,,,,,,,,,,,RP,Justin Hagenman (42625694),Justin Hagenman,42625694,P,4000,NYM@LAD 04/13/2026 10:10PM ET,NYM,0
,,,,,,,,,,,,,,,RP,Brock Stewart (42625715),Brock Stewart,42625715,P,4000,NYM@LAD 04/13/2026 10:10PM ET,LAD,0
,,,,,,,,,,,,,,,RP,Ben Casparius (42625722),Ben Casparius,42625722,P,4000,NYM@LAD 04/13/2026 10:10PM ET,LAD,0.5
,,,,,,,,,,,,,,,RP,Tanner Scott (42625725),Tanner Scott,42625725,P,4000,NYM@LAD 04/13/2026 10:10PM ET,LAD,3.32
,,,,,,,,,,,,,,,RP,Reed Garrett (42625735),Reed Garrett,42625735,P,4000,NYM@LAD 04/13/2026 10:10PM ET,NYM,0
,,,,,,,,,,,,,,,RP,Luis Garcia (42625750),Luis Garcia,42625750,P,4000,NYM@LAD 04/13/2026 10:10PM ET,NYM,0.74
,,,,,,,,,,,,,,,RP,Blake Treinen (42625757),Blake Treinen,42625757,P,4000,NYM@LAD 04/13/2026 10:10PM ET,LAD,2.83
,,,,,,,,,,,,,,,RP,Alex Carrillo (42625766),Alex Carrillo,42625766,P,4000,NYM@LAD 04/13/2026 10:10PM ET,NYM,0
,,,,,,,,,,,,,,,RP,Will Klein (42625769),Will Klein,42625769,P,4000,NYM@LAD 04/13/2026 10:10PM ET,LAD,6.37
,,,,,,,,,,,,,,,RP,Alex Vesia (42625785),Alex Vesia,42625785,P,4000,NYM@LAD 04/13/2026 10:10PM ET,LAD,3.32
,,,,,,,,,,,,,,,RP,A.J. Minter (42625799),A.J. Minter,42625799,P,4000,NYM@LAD 04/13/2026 10:10PM ET,NYM,0
,,,,,,,,,,,,,,,RP,Craig Kimbrel (42625806),Craig Kimbrel,42625806,P,4000,NYM@LAD 04/13/2026 10:10PM ET,NYM,5.65
,,,,,,,,,,,,,,,RP,Jake Eder (42625808),Jake Eder,42625808,P,4000,NYM@LAD 04/13/2026 10:10PM ET,LAD,0
,,,,,,,,,,,,,,,RP,Edgardo Henriquez (42625809),Edgardo Henriquez,42625809,P,4000,NYM@LAD 04/13/2026 10:10PM ET,LAD,2.37
,,,,,,,,,,,,,,,RP,Luke Weaver (42625815),Luke Weaver,42625815,P,4000,NYM@LAD 04/13/2026 10:10PM ET,NYM,1.37
,,,,,,,,,,,,,,,RP,Jack Dreyer (42625821),Jack Dreyer,42625821,P,4000,NYM@LAD 04/13/2026 10:10PM ET,LAD,3.44
,,,,,,,,,,,,,,,RP,Edwin Diaz (42625824),Edwin Diaz,42625824,P,4000,NYM@LAD 04/13/2026 10:10PM ET,LAD,3.82
,,,,,,,,,,,,,,,RP,Dedniel Nunez (42625826),Dedniel Nunez,42625826,P,4000,NYM@LAD 04/13/2026 10:10PM ET,NYM,0
,,,,,,,,,,,,,,,RP,Devin Williams (42625834),Devin Williams,42625834,P,4000,NYM@LAD 04/13/2026 10:10PM ET,NYM,4.21
,,,,,,,,,,,,,,,RP,Joey Gerber (42625840),Joey Gerber,42625840,P,4000,NYM@LAD 04/13/2026 10:10PM ET,NYM,0
,,,,,,,,,,,,,,,RP,Huascar Brazoban (42625843),Huascar Brazoban,42625843,P,4000,NYM@LAD 04/13/2026 10:10PM ET,NYM,4.45
,,,,,,,,,,,,,,,RP,Paul Gervase (42625853),Paul Gervase,42625853,P,4000,NYM@LAD 04/13/2026 10:10PM ET,LAD,0
,,,,,,,,,,,,,,,RP,Evan Phillips (42625856),Evan Phillips,42625856,P,4000,NYM@LAD 04/13/2026 10:10PM ET,LAD,0
,,,,,,,,,,,,,,,RP,Brooks Raley (42625880),Brooks Raley,42625880,P,4000,NYM@LAD 04/13/2026 10:10PM ET,NYM,4.49
,,,,,,,,,,,,,,,OF,Ian Happ (42625150),Ian Happ,42625150,OF,4000,CHC@PHI 04/13/2026 06:40PM ET,CHC,8.15
,,,,,,,,,,,,,,,RP,Riley Martin (42625660),Riley Martin,42625660,P,4000,CHC@PHI 04/13/2026 06:40PM ET,CHC,4.1
,,,,,,,,,,,,,,,RP,Luke Little (42625681),Luke Little,42625681,P,4000,CHC@PHI 04/13/2026 06:40PM ET,CHC,0
,,,,,,,,,,,,,,,SP,Jean Cabrera (42625687),Jean Cabrera,42625687,P,4000,CHC@PHI 04/13/2026 06:40PM ET,PHI,0
,,,,,,,,,,,,,,,RP,Moises Chace (42625689),Moises Chace,42625689,P,4000,CHC@PHI 04/13/2026 06:40PM ET,PHI,0
,,,,,,,,,,,,,,,RP,Tanner Banks (42625703),Tanner Banks,42625703,P,4000,CHC@PHI 04/13/2026 06:40PM ET,PHI,3.95
,,,,,,,,,,,,,,,RP,Orion Kerkering (42625704),Orion Kerkering,42625704,P,4000,CHC@PHI 04/13/2026 06:40PM ET,PHI,2.32
,,,,,,,,,,,,,,,RP,Max Lazar (42625716),Max Lazar,42625716,P,4000,CHC@PHI 04/13/2026 06:40PM ET,PHI,0
,,,,,,,,,,,,,,,RP,Hoby Milner (42625727),Hoby Milner,42625727,P,4000,CHC@PHI 04/13/2026 06:40PM ET,CHC,1.42
,,,,,,,,,,,,,,,RP,Ethan Roberts (42625732),Ethan Roberts,42625732,P,4000,CHC@PHI 04/13/2026 06:40PM ET,CHC,2.73
,,,,,,,,,,,,,,,RP,Jose Alvarado (42625736),Jose Alvarado,42625736,P,4000,CHC@PHI 04/13/2026 06:40PM ET,PHI,0.43
,,,,,,,,,,,,,,,RP,Alan Rangel (42625740),Alan Rangel,42625740,P,4000,CHC@PHI 04/13/2026 06:40PM ET,PHI,0
,,,,,,,,,,,,,,,RP,Phil Maton (42625754),Phil Maton,42625754,P,4000,CHC@PHI 04/13/2026 06:40PM ET,CHC,-0.04
,,,,,,,,,,,,,,,RP,Brad Keller (42625765),Brad Keller,42625765,P,4000,CHC@PHI 04/13/2026 06:40PM ET,PHI,2.05
,,,,,,,,,,,,,,,RP,Kyle Backhus (42625772),Kyle Backhus,42625772,P,4000,CHC@PHI 04/13/2026 06:40PM ET,PHI,1.44
,,,,,,,,,,,,,,,RP,Jacob Webb (42625777),Jacob Webb,42625777,P,4000,CHC@PHI 04/13/2026 06:40PM ET,CHC,2.02
,,,,,,,,,,,,,,,RP,Tim Mayza (42625797),Tim Mayza,42625797,P,4000,CHC@PHI 04/13/2026 06:40PM ET,PHI,5.39
,,,,,,,,,,,,,,,RP,Gavin Hollowell (42625805),Gavin Hollowell,42625805,P,4000,CHC@PHI 04/13/2026 06:40PM ET,CHC,0
,,,,,,,,,,,,,,,RP,Nolan Hoffman (42625819),Nolan Hoffman,42625819,P,4000,CHC@PHI 04/13/2026 06:40PM ET,PHI,0
,,,,,,,,,,,,,,,RP,Zach Pop (42625829),Zach Pop,42625829,P,4000,CHC@PHI 04/13/2026 06:40PM ET,PHI,2.44
,,,,,,,,,,,,,,,RP,Chase Shugart (42625833),Chase Shugart,42625833,P,4000,CHC@PHI 04/13/2026 06:40PM ET,PHI,0
,,,,,,,,,,,,,,,RP,Daniel Palencia (42625835),Daniel Palencia,42625835,P,4000,CHC@PHI 04/13/2026 06:40PM ET,CHC,4.45
,,,,,,,,,,,,,,,RP,Hunter Harvey (42625852),Hunter Harvey,42625852,P,4000,CHC@PHI 04/13/2026 06:40PM ET,CHC,1.85
,,,,,,,,,,,,,,,RP,Shelby Miller (42625857),Shelby Miller,42625857,P,4000,CHC@PHI 04/13/2026 06:40PM ET,CHC,0
,,,,,,,,,,,,,,,RP,Ryan Rolison (42625871),Ryan Rolison,42625871,P,4000,CHC@PHI 04/13/2026 06:40PM ET,CHC,0
,,,,,,,,,,,,,,,RP,Porter Hodge (42625873),Porter Hodge,42625873,P,4000,CHC@PHI 04/13/2026 06:40PM ET,CHC,0
,,,,,,,,,,,,,,,RP,Caleb Thielbar (42625876),Caleb Thielbar,42625876,P,4000,CHC@PHI 04/13/2026 06:40PM ET,CHC,3.3
,,,,,,,,,,,,,,,RP,Jhoan Duran (42625889),Jhoan Duran,42625889,P,4000,CHC@PHI 04/13/2026 06:40PM ET,PHI,4.29
,,,,,,,,,,,,,,,RP,Charlie Barnes (42633580),Charlie Barnes,42633580,P,4000,CHC@PHI 04/13/2026 06:40PM ET,CHC,0
,,,,,,,,,,,,,,,SP,Tink Hence (42625647),Tink Hence,42625647,P,4000,CLE@STL 04/13/2026 07:45PM ET,STL,0
,,,,,,,,,,,,,,,RP,Yorman Gomez (42625655),Yorman Gomez,42625655,P,4000,CLE@STL 04/13/2026 07:45PM ET,CLE,0
,,,,,,,,,,,,,,,SP,Daniel Espino (42625658),Daniel Espino,42625658,P,4000,CLE@STL 04/13/2026 07:45PM ET,CLE,0
,,,,,,,,,,,,,,,SP,Austin Peterson (42625661),Austin Peterson,42625661,P,4000,CLE@STL 04/13/2026 07:45PM ET,CLE,0
,,,,,,,,,,,,,,,RP,Franco Aleman (42625674),Franco Aleman,42625674,P,4000,CLE@STL 04/13/2026 07:45PM ET,CLE,0
,,,,,,,,,,,,,,,RP,Cooper Hjerpe (42625676),Cooper Hjerpe,42625676,P,4000,CLE@STL 04/13/2026 07:45PM ET,STL,0
,,,,,,,,,,,,,,,RP,Matt Festa (42625702),Matt Festa,42625702,P,4000,CLE@STL 04/13/2026 07:45PM ET,CLE,1.17
,,,,,,,,,,,,,,,RP,Connor Brogdon (42625712),Connor Brogdon,42625712,P,4000,CLE@STL 04/13/2026 07:45PM ET,CLE,4.39
,,,,,,,,,,,,,,,RP,Shawn Armstrong (42625728),Shawn Armstrong,42625728,P,4000,CLE@STL 04/13/2026 07:45PM ET,CLE,4.01
,,,,,,,,,,,,,,,SP,Riley O'Brien (42625729),Riley O'Brien,42625729,P,4000,CLE@STL 04/13/2026 07:45PM ET,STL,4.47
,,,,,,,,,,,,,,,RP,Cade Smith (42625755),Cade Smith,42625755,P,4000,CLE@STL 04/13/2026 07:45PM ET,CLE,3.96
,,,,,,,,,,,,,,,RP,Matt Pushard (42625779),Matt Pushard,42625779,P,4000,CLE@STL 04/13/2026 07:45PM ET,STL,-4.15
,,,,,,,,,,,,,,,RP,Ryan Fernandez (42625783),Ryan Fernandez,42625783,P,4000,CLE@STL 04/13/2026 07:45PM ET,STL,0
,,,,,,,,,,,,,,,RP,Tim Herrin (42625789),Tim Herrin,42625789,P,4000,CLE@STL 04/13/2026 07:45PM ET,CLE,1.86
,,,,,,,,,,,,,,,RP,Andrew Walters (42625796),Andrew Walters,42625796,P,4000,CLE@STL 04/13/2026 07:45PM ET,CLE,0
,,,,,,,,,,,,,,,RP,Peyton Pallette (42625798),Peyton Pallette,42625798,P,4000,CLE@STL 04/13/2026 07:45PM ET,CLE,4.01
,,,,,,,,,,,,,,,RP,Hunter Gaddis (42625807),Hunter Gaddis,42625807,P,4000,CLE@STL 04/13/2026 07:45PM ET,CLE,0
,,,,,,,,,,,,,,,RP,Justin Bruihl (42625817),Justin Bruihl,42625817,P,4000,CLE@STL 04/13/2026 07:45PM ET,STL,1.24
,,,,,,,,,,,,,,,RP,Ryne Stanek (42625832),Ryne Stanek,42625832,P,4000,CLE@STL 04/13/2026 07:45PM ET,STL,3.11
,,,,,,,,,,,,,,,RP,Colin Holderman (42625842),Colin Holderman,42625842,P,4000,CLE@STL 04/13/2026 07:45PM ET,CLE,3.18
,,,,,,,,,,,,,,,RP,JoJo Romero (42625846),JoJo Romero,42625846,P,4000,CLE@STL 04/13/2026 07:45PM ET,STL,3.21
,,,,,,,,,,,,,,,RP,Codi Heuer (42625848),Codi Heuer,42625848,P,4000,CLE@STL 04/13/2026 07:45PM ET,CLE,0
,,,,,,,,,,,,,,,RP,Chris Roycroft (42625849),Chris Roycroft,42625849,P,4000,CLE@STL 04/13/2026 07:45PM ET,STL,-0.71
,,,,,,,,,,,,,,,RP,Matt Svanson (42625855),Matt Svanson,42625855,P,4000,CLE@STL 04/13/2026 07:45PM ET,STL,-1.64
,,,,,,,,,,,,,,,RP,George Soriano (42625862),George Soriano,42625862,P,4000,CLE@STL 04/13/2026 07:45PM ET,STL,3.26
,,,,,,,,,,,,,,,RP,Erik Sabrowski (42625887),Erik Sabrowski,42625887,P,4000,CLE@STL 04/13/2026 07:45PM ET,CLE,4.59
,,,,,,,,,,,,,,,OF,Joey Wiemer (42625151),Joey Wiemer,42625151,OF,4000,WSH@PIT 04/13/2026 06:40PM ET,WSH,9.3
,,,,,,,,,,,,,,,SP,Wilber Dotel (42625649),Wilber Dotel,42625649,P,4000,WSH@PIT 04/13/2026 06:40PM ET,PIT,0
,,,,,,,,,,,,,,,RP,Ryan Harbin (42625652),Ryan Harbin,42625652,P,4000,WSH@PIT 04/13/2026 06:40PM ET,PIT,0
,,,,,,,,,,,,,,,RP,Brandan Bidois (42625678),Brandan Bidois,42625678,P,4000,WSH@PIT 04/13/2026 06:40PM ET,PIT,0
,,,,,,,,,,,,,,,SP,Riley Cornelio (42625683),Riley Cornelio,42625683,P,4000,WSH@PIT 04/13/2026 06:40PM ET,WSH,0
,,,,,,,,,,,,,,,SP,Luis Perales (42625686),Luis Perales,42625686,P,4000,WSH@PIT 04/13/2026 06:40PM ET,WSH,0
,,,,,,,,,,,,,,,RP,Cionel Perez (42625705),Cionel Perez,42625705,P,4000,WSH@PIT 04/13/2026 06:40PM ET,WSH,0.9
,,,,,,,,,,,,,,,RP,Gregory Soto (42625710),Gregory Soto,42625710,P,4000,WSH@PIT 04/13/2026 06:40PM ET,PIT,4.3
,,,,,,,,,,,,,,,SP,Ken Waldichuk (42625738),Ken Waldichuk,42625738,P,4000,WSH@PIT 04/13/2026 06:40PM ET,WSH,2.8
,,,,,,,,,,,,,,,RP,Orlando Ribalta (42625743),Orlando Ribalta,42625743,P,4000,WSH@PIT 04/13/2026 06:40PM ET,WSH,0
,,,,,,,,,,,,,,,RP,Isaac Mattson (42625749),Isaac Mattson,42625749,P,4000,WSH@PIT 04/13/2026 06:40PM ET,PIT,2.5
,,,,,,,,,,,,,,,RP,Dennis Santana (42625768),Dennis Santana,42625768,P,4000,WSH@PIT 04/13/2026 06:40PM ET,PIT,4.05
,,,,,,,,,,,,,,,RP,Evan Sisk (42625782),Evan Sisk,42625782,P,4000,WSH@PIT 04/13/2026 06:40PM ET,PIT,0
,,,,,,,,,,,,,,,RP,Paxton Schultz (42625787),Paxton Schultz,42625787,P,4000,WSH@PIT 04/13/2026 06:40PM ET,WSH,3.05
,,,,,,,,,,,,,,,RP,Andre Granillo (42625790),Andre Granillo,42625790,P,4000,WSH@PIT 04/13/2026 06:40PM ET,WSH,-1.37
,,,,,,,,,,,,,,,RP,Julian Fernandez (42625792),Julian Fernandez,42625792,P,4000,WSH@PIT 04/13/2026 06:40PM ET,WSH,0
,,,,,,,,,,,,,,,RP,PJ Poulin (42625811),PJ Poulin,42625811,P,4000,WSH@PIT 04/13/2026 06:40PM ET,WSH,2.72
,,,,,,,,,,,,,,,RP,Gus Varland (42625816),Gus Varland,42625816,P,4000,WSH@PIT 04/13/2026 06:40PM ET,WSH,2.61
,,,,,,,,,,,,,,,RP,Cole Henry (42625827),Cole Henry,42625827,P,4000,WSH@PIT 04/13/2026 06:40PM ET,WSH,1.99
,,,,,,,,,,,,,,,RP,Clayton Beeter (42625831),Clayton Beeter,42625831,P,4000,WSH@PIT 04/13/2026 06:40PM ET,WSH,2.55
,,,,,,,,,,,,,,,RP,Mason Montgomery (42625837),Mason Montgomery,42625837,P,4000,WSH@PIT 04/13/2026 06:40PM ET,PIT,4.06
,,,,,,,,,,,,,,,RP,Justin Lawrence (42625845),Justin Lawrence,42625845,P,4000,WSH@PIT 04/13/2026 06:40PM ET,PIT,2.01
,,,,,,,,,,,,,,,RP,Cam Sanders (42625858),Cam Sanders,42625858,P,4000,WSH@PIT 04/13/2026 06:40PM ET,PIT,0
,,,,,,,,,,,,,,,RP,Yohan Ramirez (42625870),Yohan Ramirez,42625870,P,4000,WSH@PIT 04/13/2026 06:40PM ET,PIT,5.88
,,,,,,,,,,,,,,,2B,Jazz Chisholm Jr. (42625148),Jazz Chisholm Jr.,42625148,2B,4000,LAA@NYY 04/13/2026 07:05PM ET,NYY,6
,,,,,,,,,,,,,,,RP,Kervin Castro (42625665),Kervin Castro,42625665,P,4000,LAA@NYY 04/13/2026 07:05PM ET,NYY,0
,,,,,,,,,,,,,,,SP,Chase Hampton (42625667),Chase Hampton,42625667,P,4000,LAA@NYY 04/13/2026 07:05PM ET,NYY,0
,,,,,,,,,,,,,,,SP,Elmer Rodriguez (42625680),Elmer Rodriguez,42625680,P,4000,LAA@NYY 04/13/2026 07:05PM ET,NYY,0
,,,,,,,,,,,,,,,RP,Jordan Romano (42625706),Jordan Romano,42625706,P,4000,LAA@NYY 04/13/2026 07:05PM ET,LAA,4.01
,,,,,,,,,,,,,,,RP,Jose Fermin (42625718),Jose Fermin,42625718,P,4000,LAA@NYY 04/13/2026 07:05PM ET,LAA,0
,,,,,,,,,,,,,,,RP,Sam Bachman (42625721),Sam Bachman,42625721,P,4000,LAA@NYY 04/13/2026 07:05PM ET,LAA,3.12
,,,,,,,,,,,,,,,RP,Paul Blackburn (42625733),Paul Blackburn,42625733,P,4000,LAA@NYY 04/13/2026 07:05PM ET,NYY,2.73
,,,,,,,,,,,,,,,RP,Shaun Anderson (42625734),Shaun Anderson,42625734,P,4000,LAA@NYY 04/13/2026 07:05PM ET,LAA,6.27
,,,,,,,,,,,,,,,RP,Tim Hill (42625748),Tim Hill,42625748,P,4000,LAA@NYY 04/13/2026 07:05PM ET,NYY,2.72
,,,,,,,,,,,,,,,RP,Jake Bird (42625751),Jake Bird,42625751,P,4000,LAA@NYY 04/13/2026 07:05PM ET,NYY,3.33
,,,,,,,,,,,,,,,SP,Walbert Urena (42625758),Walbert Urena,42625758,P,4000,LAA@NYY 04/13/2026 07:05PM ET,LAA,1.48
,,,,,,,,,,,,,,,RP,Camilo Doval (42625761),Camilo Doval,42625761,P,4000,LAA@NYY 04/13/2026 07:05PM ET,NYY,1.66
,,,,,,,,,,,,,,,RP,David Bednar (42625773),David Bednar,42625773,P,4000,LAA@NYY 04/13/2026 07:05PM ET,NYY,2
,,,,,,,,,,,,,,,RP,Kirby Yates (42625774),Kirby Yates,42625774,P,4000,LAA@NYY 04/13/2026 07:05PM ET,LAA,0
,,,,,,,,,,,,,,,RP,Brent Suter (42625791),Brent Suter,42625791,P,4000,LAA@NYY 04/13/2026 07:05PM ET,LAA,6.81
,,,,,,,,,,,,,,,RP,Yerry de los Santos (42625820),Yerry de los Santos,42625820,P,4000,LAA@NYY 04/13/2026 07:05PM ET,NYY,0
,,,,,,,,,,,,,,,RP,Ryan Zeferjahn (42625850),Ryan Zeferjahn,42625850,P,4000,LAA@NYY 04/13/2026 07:05PM ET,LAA,5.75
,,,,,,,,,,,,,,,RP,Brent Headrick (42625861),Brent Headrick,42625861,P,4000,LAA@NYY 04/13/2026 07:05PM ET,NYY,3.44
,,,,,,,,,,,,,,,RP,Robert Stephenson (42625864),Robert Stephenson,42625864,P,4000,LAA@NYY 04/13/2026 07:05PM ET,LAA,0
,,,,,,,,,,,,,,,RP,Angel Chivilli (42625866),Angel Chivilli,42625866,P,4000,LAA@NYY 04/13/2026 07:05PM ET,NYY,0
,,,,,,,,,,,,,,,RP,Ben Joyce (42625877),Ben Joyce,42625877,P,4000,LAA@NYY 04/13/2026 07:05PM ET,LAA,0
,,,,,,,,,,,,,,,RP,Drew Pomeranz (42625881),Drew Pomeranz,42625881,P,4000,LAA@NYY 04/13/2026 07:05PM ET,LAA,0.89
,,,,,,,,,,,,,,,RP,Fernando Cruz (42625888),Fernando Cruz,42625888,P,4000,LAA@NYY 04/13/2026 07:05PM ET,NYY,3.86
,,,,,,,,,,,,,,,RP,Nick Sandlin (42633581),Nick Sandlin,42633581,P,4000,LAA@NYY 04/13/2026 07:05PM ET,LAA,-4.45
,,,,,,,,,,,,,,,3B,Max Muncy (42625154),Max Muncy,42625154,3B,3900,TEX@ATH 04/13/2026 09:40PM ET,ATH,8.4
,,,,,,,,,,,,,,,OF,Evan Carter (42625159),Evan Carter,42625159,OF,3900,TEX@ATH 04/13/2026 09:40PM ET,TEX,6.67
,,,,,,,,,,,,,,,C,Agustin Ramirez (42625156),Agustin Ramirez,42625156,C,3900,MIA@ATL 04/13/2026 07:15PM ET,MIA,6
,,,,,,,,,,,,,,,2B,Ozzie Albies (42625157),Ozzie Albies,42625157,2B,3900,MIA@ATL 04/13/2026 07:15PM ET,ATL,7.5
,,,,,,,,,,,,,,,2B,Jackson Holliday (42625368),Jackson Holliday,42625368,2B,3900,ARI@BAL 04/13/2026 06:35PM ET,BAL,0
,,,,,,,,,,,,,,,1B,Josh Bell (42625155),Josh Bell,42625155,1B,3900,BOS@MIN 04/13/2026 07:40PM ET,MIN,9.06
,,,,,,,,,,,,,,,OF,Steven Kwan (42625158),Steven Kwan,42625158,OF,3900,CLE@STL 04/13/2026 07:45PM ET,CLE,6.87
,,,,,,,,,,,,,,,SS,Jacob Wilson (42625161),Jacob Wilson,42625161,SS,3800,TEX@ATH 04/13/2026 09:40PM ET,ATH,4.79
,,,,,,,,,,,,,,,1B,Jorge Polanco (42625160),Jorge Polanco,42625160,1B,3800,NYM@LAD 04/13/2026 10:10PM ET,NYM,5
,,,,,,,,,,,,,,,3B,Alec Bohm (42625163),Alec Bohm,42625163,3B,3800,CHC@PHI 04/13/2026 06:40PM ET,PHI,4.93
,,,,,,,,,,,,,,,OF,Daylen Lile (42625162),Daylen Lile,42625162,OF,3800,WSH@PIT 04/13/2026 06:40PM ET,WSH,6.87
,,,,,,,,,,,,,,,OF,Andrew McCutchen (42625168),Andrew McCutchen,42625168,OF,3700,TEX@ATH 04/13/2026 09:40PM ET,TEX,4.5
,,,,,,,,,,,,,,,3B,Austin Riley (42625165),Austin Riley,42625165,3B,3700,MIA@ATL 04/13/2026 07:15PM ET,ATL,6
,,,,,,,,,,,,,,,SS,Trevor Story (42625167),Trevor Story,42625167,SS,3700,BOS@MIN 04/13/2026 07:40PM ET,BOS,5.73
,,,,,,,,,,,,,,,1B/2B,Romy Gonzalez (42625369),Romy Gonzalez,42625369,1B/2B,3700,BOS@MIN 04/13/2026 07:40PM ET,BOS,0
,,,,,,,,,,,,,,,1B,Mark Vientos (42625169),Mark Vientos,42625169,1B,3700,NYM@LAD 04/13/2026 10:10PM ET,NYM,5.42
,,,,,,,,,,,,,,,OF,Jordan Walker (42625166),Jordan Walker,42625166,OF,3700,CLE@STL 04/13/2026 07:45PM ET,STL,11.87
,,,,,,,,,,,,,,,C,Ivan Herrera (42625170),Ivan Herrera,42625170,C,3700,CLE@STL 04/13/2026 07:45PM ET,STL,5.87
,,,,,,,,,,,,,,,OF,Trent Grisham (42625164),Trent Grisham,42625164,OF,3700,LAA@NYY 04/13/2026 07:05PM ET,NYY,5.2
,,,,,,,,,,,,,,,OF,Owen Caissie (42625172),Owen Caissie,42625172,OF,3600,MIA@ATL 04/13/2026 07:15PM ET,MIA,7.57
,,,,,,,,,,,,,,,OF,Tyler O'Neill (42625173),Tyler O'Neill,42625173,OF,3600,ARI@BAL 04/13/2026 06:35PM ET,BAL,5.8
,,,,,,,,,,,,,,,OF,Lourdes Gurriel Jr. (42625371),Lourdes Gurriel Jr.,42625371,OF,3600,ARI@BAL 04/13/2026 06:35PM ET,ARI,0
,,,,,,,,,,,,,,,C,Ryan Jeffers (42625174),Ryan Jeffers,42625174,C,3600,BOS@MIN 04/13/2026 07:40PM ET,MIN,7.46
,,,,,,,,,,,,,,,3B,Nolan Gorman (42625176),Nolan Gorman,42625176,3B,3600,CLE@STL 04/13/2026 07:45PM ET,STL,6.07
,,,,,,,,,,,,,,,2B,Nasim Nunez (42625175),Nasim Nunez,42625175,2B,3600,WSH@PIT 04/13/2026 06:40PM ET,WSH,7.23
,,,,,,,,,,,,,,,OF,Dylan Crews (42625372),Dylan Crews,42625372,OF,3600,WSH@PIT 04/13/2026 06:40PM ET,WSH,0
,,,,,,,,,,,,,,,1B,Paul Goldschmidt (42625171),Paul Goldschmidt,42625171,1B,3600,LAA@NYY 04/13/2026 07:05PM ET,NYY,8.25
,,,,,,,,,,,,,,,OF,Lawrence Butler (42625181),Lawrence Butler,42625181,OF,3500,TEX@ATH 04/13/2026 09:40PM ET,ATH,4.86
,,,,,,,,,,,,,,,3B/OF,Javier Sanoja (42625184),Javier Sanoja,42625184,3B/OF,3500,MIA@ATL 04/13/2026 07:15PM ET,MIA,5.67
,,,,,,,,,,,,,,,1B/2B,Ildemaro Vargas (42625177),Ildemaro Vargas,42625177,1B/2B,3500,ARI@BAL 04/13/2026 06:35PM ET,ARI,9.44
,,,,,,,,,,,,,,,3B,Royce Lewis (42625373),Royce Lewis,42625373,3B,3500,BOS@MIN 04/13/2026 07:40PM ET,MIN,8.17
,,,,,,,,,,,,,,,OF,Carson Benge (42625183),Carson Benge,42625183,OF,3500,NYM@LAD 04/13/2026 10:10PM ET,NYM,5.43
,,,,,,,,,,,,,,,C,Miguel Amaya (42625179),Miguel Amaya,42625179,C,3500,CHC@PHI 04/13/2026 06:40PM ET,CHC,5
,,,,,,,,,,,,,,,OF,Marcell Ozuna (42625182),Marcell Ozuna,42625182,OF,3500,WSH@PIT 04/13/2026 06:40PM ET,PIT,2.27
,,,,,,,,,,,,,,,OF,Jorge Soler (42625180),Jorge Soler,42625180,OF,3500,LAA@NYY 04/13/2026 07:05PM ET,LAA,8.75
,,,,,,,,,,,,,,,1B,Dominic Smith (42625190),Dominic Smith,42625190,1B,3400,MIA@ATL 04/13/2026 07:15PM ET,ATL,8
,,,,,,,,,,,,,,,OF,Griffin Conine (42625374),Griffin Conine,42625374,OF,3400,MIA@ATL 04/13/2026 07:15PM ET,MIA,6.36
,,,,,,,,,,,,,,,SS,Ha-Seong Kim (42625375),Ha-Seong Kim,42625375,SS,3400,MIA@ATL 04/13/2026 07:15PM ET,ATL,0
,,,,,,,,,,,,,,,2B,Marcus Semien (42625191),Marcus Semien,42625191,2B,3400,NYM@LAD 04/13/2026 10:10PM ET,NYM,4.38
,,,,,,,,,,,,,,,2B,Tommy Edman (42625377),Tommy Edman,42625377,2B,3400,NYM@LAD 04/13/2026 10:10PM ET,LAD,0
,,,,,,,,,,,,,,,C,J.T. Realmuto (42625186),J.T. Realmuto,42625186,C,3400,CHC@PHI 04/13/2026 06:40PM ET,PHI,5.09
,,,,,,,,,,,,,,,OF,Brandon Marsh (42625188),Brandon Marsh,42625188,OF,3400,CHC@PHI 04/13/2026 06:40PM ET,PHI,7.07
,,,,,,,,,,,,,,,OF,Lars Nootbaar (42625376),Lars Nootbaar,42625376,OF,3400,CLE@STL 04/13/2026 07:45PM ET,STL,0
,,,,,,,,,,,,,,,C,Keibert Ruiz (42625187),Keibert Ruiz,42625187,C,3400,WSH@PIT 04/13/2026 06:40PM ET,WSH,5.89
,,,,,,,,,,,,,,,3B,Brady House (42625192),Brady House,42625192,3B,3400,WSH@PIT 04/13/2026 06:40PM ET,WSH,6.53
,,,,,,,,,,,,,,,1B,Nolan Schanuel (42625189),Nolan Schanuel,42625189,1B,3400,LAA@NYY 04/13/2026 07:05PM ET,LAA,7.36
,,,,,,,,,,,,,,,OF,Carlos Cortes (42625198),Carlos Cortes,42625198,OF,3300,TEX@ATH 04/13/2026 09:40PM ET,ATH,5.6
,,,,,,,,,,,,,,,OF,Colby Thomas (42625380),Colby Thomas,42625380,OF,3300,TEX@ATH 04/13/2026 09:40PM ET,ATH,0
,,,,,,,,,,,,,,,OF/SS,Mauricio Dubon (42625195),Mauricio Dubon,42625195,SS/OF,3300,MIA@ATL 04/13/2026 07:15PM ET,ATL,8.8
,,,,,,,,,,,,,,,OF,Michael Harris II (42625378),Michael Harris II,42625378,OF,3300,MIA@ATL 04/13/2026 07:15PM ET,ATL,6.07
,,,,,,,,,,,,,,,OF,Christopher Morel (42625379),Christopher Morel,42625379,OF,3300,MIA@ATL 04/13/2026 07:15PM ET,MIA,0
,,,,,,,,,,,,,,,C,Gabriel Moreno (42625194),Gabriel Moreno,42625194,C,3300,ARI@BAL 04/13/2026 06:35PM ET,ARI,5.62
,,,,,,,,,,,,,,,OF,Colton Cowser (42625200),Colton Cowser,42625200,OF,3300,ARI@BAL 04/13/2026 06:35PM ET,BAL,3.75
,,,,,,,,,,,,,,,1B/2B,Kody Clemens (42625201),Kody Clemens,42625201,1B/2B,3300,BOS@MIN 04/13/2026 07:40PM ET,MIN,6.44
,,,,,,,,,,,,,,,2B,Bryson Stott (42625193),Bryson Stott,42625193,2B,3300,CHC@PHI 04/13/2026 06:40PM ET,PHI,4.85
,,,,,,,,,,,,,,,OF,Angel Martinez (42625199),Angel Martinez,42625199,OF,3300,CLE@STL 04/13/2026 07:45PM ET,CLE,7.71
,,,,,,,,,,,,,,,1B,Spencer Horwitz (42625203),Spencer Horwitz,42625203,1B,3300,WSH@PIT 04/13/2026 06:40PM ET,PIT,4
,,,,,,,,,,,,,,,3B,Yoan Moncada (42625197),Yoan Moncada,42625197,3B,3300,LAA@NYY 04/13/2026 07:05PM ET,LAA,5.46
,,,,,,,,,,,,,,,2B,Jeff McNeil (42625211),Jeff McNeil,42625211,2B,3200,TEX@ATH 04/13/2026 09:40PM ET,ATH,5.5
,,,,,,,,,,,,,,,C,Danny Jansen (42625214),Danny Jansen,42625214,C,3200,TEX@ATH 04/13/2026 09:40PM ET,TEX,5.54
,,,,,,,,,,,,,,,OF,Mike Yastrzemski (42625206),Mike Yastrzemski,42625206,OF,3200,MIA@ATL 04/13/2026 07:15PM ET,ATL,4.67
,,,,,,,,,,,,,,,C,Sean Murphy (42625382),Sean Murphy,42625382,C,3200,MIA@ATL 04/13/2026 07:15PM ET,ATL,0
,,,,,,,,,,,,,,,1B/3B,Jose Fernandez (42625208),Jose Fernandez,42625208,1B/3B,3200,ARI@BAL 04/13/2026 06:35PM ET,ARI,7.73
,,,,,,,,,,,,,,,1B,Pavin Smith (42625381),Pavin Smith,42625381,1B,3200,ARI@BAL 04/13/2026 06:35PM ET,ARI,5.5
,,,,,,,,,,,,,,,OF,Masataka Yoshida (42625213),Masataka Yoshida,42625213,OF,3200,BOS@MIN 04/13/2026 07:40PM ET,BOS,5.78
,,,,,,,,,,,,,,,OF,Matt Wallner (42625215),Matt Wallner,42625215,OF,3200,BOS@MIN 04/13/2026 07:40PM ET,MIN,7.07
,,,,,,,,,,,,,,,C,Dalton Rushing (42625207),Dalton Rushing,42625207,C,3200,NYM@LAD 04/13/2026 10:10PM ET,LAD,16
,,,,,,,,,,,,,,,OF,Adolis Garcia (42625205),Adolis Garcia,42625205,OF,3200,CHC@PHI 04/13/2026 06:40PM ET,PHI,5.47
,,,,,,,,,,,,,,,SS,Masyn Winn (42625204),Masyn Winn,42625204,SS,3200,CLE@STL 04/13/2026 07:45PM ET,STL,5.46
,,,,,,,,,,,,,,,1B,Luis Garcia Jr. (42625212),Luis Garcia Jr.,42625212,1B,3200,WSH@PIT 04/13/2026 06:40PM ET,WSH,6.36
,,,,,,,,,,,,,,,OF,Josh Lowe (42625210),Josh Lowe,42625210,OF,3200,LAA@NYY 04/13/2026 07:05PM ET,LAA,4.29
,,,,,,,,,,,,,,,2B,Josh Smith (42625224),Josh Smith,42625224,2B,3100,TEX@ATH 04/13/2026 09:40PM ET,TEX,3.36
,,,,,,,,,,,,,,,C,Samuel Basallo (42625221),Samuel Basallo,42625221,C,3100,ARI@BAL 04/13/2026 06:35PM ET,BAL,5.46
,,,,,,,,,,,,,,,OF,Austin Martin (42625223),Austin Martin,42625223,OF,3100,BOS@MIN 04/13/2026 07:40PM ET,MIN,5.27
,,,,,,,,,,,,,,,C,Carson Kelly (42625222),Carson Kelly,42625222,C,3100,CHC@PHI 04/13/2026 06:40PM ET,CHC,5.69
,,,,,,,,,,,,,,,1B,Kyle Manzardo (42625217),Kyle Manzardo,42625217,1B,3100,CLE@STL 04/13/2026 07:45PM ET,CLE,3
,,,,,,,,,,,,,,,1B,Rhys Hoskins (42625220),Rhys Hoskins,42625220,1B,3100,CLE@STL 04/13/2026 07:45PM ET,CLE,6.33
,,,,,,,,,,,,,,,OF,George Valera (42625384),George Valera,42625384,OF,3100,CLE@STL 04/13/2026 07:45PM ET,CLE,0
,,,,,,,,,,,,,,,SS,Konnor Griffin (42625216),Konnor Griffin,42625216,SS,3100,WSH@PIT 04/13/2026 06:40PM ET,PIT,4.56
,,,,,,,,,,,,,,,2B/3B,Nick Gonzales (42625218),Nick Gonzales,42625218,2B/3B,3100,WSH@PIT 04/13/2026 06:40PM ET,PIT,6.75
,,,,,,,,,,,,,,,2B,Christian Moore (42625383),Christian Moore,42625383,2B,3100,LAA@NYY 04/13/2026 07:05PM ET,LAA,0
,,,,,,,,,,,,,,,2B,Zack Gelof (42625238),Zack Gelof,42625238,2B,3000,TEX@ATH 04/13/2026 09:40PM ET,ATH,2
,,,,,,,,,,,,,,,OF,Sam Haggerty (42625241),Sam Haggerty,42625241,OF,3000,TEX@ATH 04/13/2026 09:40PM ET,TEX,2.5
,,,,,,,,,,,,,,,1B,Connor Norby (42625228),Connor Norby,42625228,1B,3000,MIA@ATL 04/13/2026 07:15PM ET,MIA,5.5
,,,,,,,,,,,,,,,3B,Nolan Arenado (42625229),Nolan Arenado,42625229,3B,3000,ARI@BAL 04/13/2026 06:35PM ET,ARI,3.21
,,,,,,,,,,,,,,,OF,Ceddanne Rafaela (42625240),Ceddanne Rafaela,42625240,OF,3000,BOS@MIN 04/13/2026 07:40PM ET,BOS,5.67
,,,,,,,,,,,,,,,2B,Alex Freeland (42625231),Alex Freeland,42625231,2B,3000,NYM@LAD 04/13/2026 10:10PM ET,LAD,4.62
,,,,,,,,,,,,,,,3B/OF,Kike Hernandez (42625386),Kike Hernandez,42625386,3B/OF,3000,NYM@LAD 04/13/2026 10:10PM ET,LAD,0
,,,,,,,,,,,,,,,SS,Dansby Swanson (42625225),Dansby Swanson,42625225,SS,3000,CHC@PHI 04/13/2026 06:40PM ET,CHC,6.87
,,,,,,,,,,,,,,,OF,Justin Crawford (42625232),Justin Crawford,42625232,OF,3000,CHC@PHI 04/13/2026 06:40PM ET,PHI,6.36
,,,,,,,,,,,,,,,C,Moises Ballesteros (42625236),Moises Ballesteros,42625236,C,3000,CHC@PHI 04/13/2026 06:40PM ET,CHC,5.54
,,,,,,,,,,,,,,,3B/OF,Daniel Schneemann (42625233),Daniel Schneemann,42625233,3B/OF,3000,CLE@STL 04/13/2026 07:45PM ET,CLE,5.17
,,,,,,,,,,,,,,,OF,Victor Scott II (42625235),Victor Scott II,42625235,OF,3000,CLE@STL 04/13/2026 07:45PM ET,STL,4.07
,,,,,,,,,,,,,,,OF,Jake Mangum (42625230),Jake Mangum,42625230,OF,3000,WSH@PIT 04/13/2026 06:40PM ET,PIT,3.67
,,,,,,,,,,,,,,,OF,Jacob Young (42625239),Jacob Young,42625239,OF,3000,WSH@PIT 04/13/2026 06:40PM ET,WSH,6
,,,,,,,,,,,,,,,1B,Matt Mervis (42625388),Matt Mervis,42625388,1B,3000,WSH@PIT 04/13/2026 06:40PM ET,WSH,0
,,,,,,,,,,,,,,,2B/3B,Amed Rosario (42625226),Amed Rosario,42625226,2B/3B,3000,LAA@NYY 04/13/2026 07:05PM ET,NYY,6.89
,,,,,,,,,,,,,,,C,Logan O'Hoppe (42625237),Logan O'Hoppe,42625237,C,3000,LAA@NYY 04/13/2026 07:05PM ET,LAA,4.67
,,,,,,,,,,,,,,,OF,Jasson Dominguez (42625385),Jasson Dominguez,42625385,OF,3000,LAA@NYY 04/13/2026 07:05PM ET,NYY,0
,,,,,,,,,,,,,,,1B/3B,Andy Ibanez (42625248),Andy Ibanez,42625248,1B/3B,2900,TEX@ATH 04/13/2026 09:40PM ET,ATH,1.75
,,,,,,,,,,,,,,,OF,Heriberto Hernandez (42625244),Heriberto Hernandez,42625244,OF,2900,MIA@ATL 04/13/2026 07:15PM ET,MIA,4.46
,,,,,,,,,,,,,,,C,Adrian Del Castillo (42625245),Adrian Del Castillo,42625245,C,2900,ARI@BAL 04/13/2026 06:35PM ET,ARI,6.4
,,,,,,,,,,,,,,,1B/C,Victor Caratini (42625242),Victor Caratini,42625242,C/1B,2900,BOS@MIN 04/13/2026 07:40PM ET,MIN,5.23
,,,,,,,,,,,,,,,OF,Trevor Larnach (42625254),Trevor Larnach,42625254,OF,2900,BOS@MIN 04/13/2026 07:40PM ET,MIN,5.67
,,,,,,,,,,,,,,,1B/3B,Ramon Urias (42625246),Ramon Urias,42625246,1B/3B,2900,CLE@STL 04/13/2026 07:45PM ET,STL,5.15
,,,,,,,,,,,,,,,2B/SS,Brayan Rocchio (42625252),Brayan Rocchio,42625252,2B/SS,2900,CLE@STL 04/13/2026 07:45PM ET,CLE,4.69
,,,,,,,,,,,,,,,2B/OF,Adam Frazier (42625250),Adam Frazier,42625250,2B/OF,2900,LAA@NYY 04/13/2026 07:05PM ET,LAA,4.5
,,,,,,,,,,,,,,,C,Kyle Higashioka (42625255),Kyle Higashioka,42625255,C,2800,TEX@ATH 04/13/2026 09:40PM ET,TEX,6.33
,,,,,,,,,,,,,,,OF,Joc Pederson (42625263),Joc Pederson,42625263,OF,2800,TEX@ATH 04/13/2026 09:40PM ET,TEX,3.38
,,,,,,,,,,,,,,,2B,Jeremiah Jackson (42625256),Jeremiah Jackson,42625256,2B,2800,ARI@BAL 04/13/2026 06:35PM ET,BAL,4.62
,,,,,,,,,,,,,,,2B/3B,Blaze Alexander (42625257),Blaze Alexander,42625257,2B/3B,2800,ARI@BAL 04/13/2026 06:35PM ET,BAL,4.54
,,,,,,,,,,,,,,,OF,Alek Thomas (42625259),Alek Thomas,42625259,OF,2800,ARI@BAL 04/13/2026 06:35PM ET,ARI,5
,,,,,,,,,,,,,,,3B/SS,Tristan Gray (42625264),Tristan Gray,42625264,3B/SS,2800,BOS@MIN 04/13/2026 07:40PM ET,MIN,8.25
,,,,,,,,,,,,,,,OF,Alex Call (42625260),Alex Call,42625260,OF,2800,NYM@LAD 04/13/2026 10:10PM ET,LAD,7.4
,,,,,,,,,,,,,,,1B/3B,Curtis Mead (42625261),Curtis Mead,42625261,1B/3B,2800,WSH@PIT 04/13/2026 06:40PM ET,WSH,7.56
,,,,,,,,,,,,,,,C,Austin Wells (42625266),Austin Wells,42625266,C,2800,LAA@NYY 04/13/2026 07:05PM ET,NYY,3.62
,,,,,,,,,,,,,,,SS,Anthony Volpe (42625389),Anthony Volpe,42625389,SS,2800,LAA@NYY 04/13/2026 07:05PM ET,NYY,0
,,,,,,,,,,,,,,,3B,Josh Jung (42625277),Josh Jung,42625277,3B,2700,TEX@ATH 04/13/2026 09:40PM ET,TEX,4.17
,,,,,,,,,,,,,,,OF/SS,Jorge Mateo (42625270),Jorge Mateo,42625270,SS/OF,2700,MIA@ATL 04/13/2026 07:15PM ET,ATL,8.14
,,,,,,,,,,,,,,,OF,Leody Taveras (42625273),Leody Taveras,42625273,OF,2700,ARI@BAL 04/13/2026 06:35PM ET,BAL,4.73
,,,,,,,,,,,,,,,2B/SS,Hyeseong Kim (42625268),Hyeseong Kim,42625268,2B/SS,2700,NYM@LAD 04/13/2026 10:10PM ET,LAD,5.5
,,,,,,,,,,,,,,,1B/OF,Jared Young (42625275),Jared Young,42625275,1B/OF,2700,NYM@LAD 04/13/2026 10:10PM ET,NYM,3.36
,,,,,,,,,,,,,,,C,Rafael Marchan (42625274),Rafael Marchan,42625274,C,2700,CHC@PHI 04/13/2026 06:40PM ET,PHI,3.6
,,,,,,,,,,,,,,,OF,David Fry (42625272),David Fry,42625272,OF,2700,CLE@STL 04/13/2026 07:45PM ET,CLE,2.18
,,,,,,,,,,,,,,,C,Joey Bart (42625267),Joey Bart,42625267,C,2700,WSH@PIT 04/13/2026 06:40PM ET,PIT,2
,,,,,,,,,,,,,,,1B/3B,Graham Pauley (42625281),Graham Pauley,42625281,1B/3B,2600,MIA@ATL 04/13/2026 07:15PM ET,MIA,3.67
,,,,,,,,,,,,,,,OF,Dylan Beavers (42625288),Dylan Beavers,42625288,OF,2600,ARI@BAL 04/13/2026 06:35PM ET,BAL,5.92
,,,,,,,,,,,,,,,2B/SS,Miguel Rojas (42625278),Miguel Rojas,42625278,2B/SS,2600,NYM@LAD 04/13/2026 10:10PM ET,LAD,3.3
,,,,,,,,,,,,,,,3B/OF,Matt Shaw (42625284),Matt Shaw,42625284,3B/OF,2600,CHC@PHI 04/13/2026 06:40PM ET,CHC,5
,,,,,,,,,,,,,,,C,Pedro Pages (42625283),Pedro Pages,42625283,C,2600,CLE@STL 04/13/2026 07:45PM ET,STL,4.2
,,,,,,,,,,,,,,,C,Bo Naylor (42625287),Bo Naylor,42625287,C,2600,CLE@STL 04/13/2026 07:45PM ET,CLE,1.82
,,,,,,,,,,,,,,,SS,Gabriel Arias (42625390),Gabriel Arias,42625390,SS,2600,CLE@STL 04/13/2026 07:45PM ET,CLE,5
,,,,,,,,,,,,,,,2B/3B,Jorbit Vivas (42625289),Jorbit Vivas,42625289,2B/3B,2600,WSH@PIT 04/13/2026 06:40PM ET,WSH,4.36
,,,,,,,,,,,,,,,SS,Jose Caballero (42625280),Jose Caballero,42625280,SS,2600,LAA@NYY 04/13/2026 07:05PM ET,NYY,5
,,,,,,,,,,,,,,,2B,Oswald Peraza (42625286),Oswald Peraza,42625286,2B,2600,LAA@NYY 04/13/2026 07:05PM ET,LAA,5
,,,,,,,,,,,,,,,3B/OF,Ezequiel Duran (42625303),Ezequiel Duran,42625303,3B/OF,2500,TEX@ATH 04/13/2026 09:40PM ET,TEX,4
,,,,,,,,,,,,,,,OF,Austin Slater (42625292),Austin Slater,42625292,OF,2500,MIA@ATL 04/13/2026 07:15PM ET,MIA,2.78
,,,,,,,,,,,,,,,OF,Eli White (42625296),Eli White,42625296,OF,2500,MIA@ATL 04/13/2026 07:15PM ET,ATL,2.29
,,,,,,,,,,,,,,,3B,Coby Mayo (42625294),Coby Mayo,42625294,3B,2500,ARI@BAL 04/13/2026 06:35PM ET,BAL,4.25
,,,,,,,,,,,,,,,C,James McCann (42625295),James McCann,42625295,C,2500,ARI@BAL 04/13/2026 06:35PM ET,ARI,3.5
,,,,,,,,,,,,,,,OF,Heston Kjerstad (42625391),Heston Kjerstad,42625391,OF,2500,ARI@BAL 04/13/2026 06:35PM ET,BAL,0
,,,,,,,,,,,,,,,1B,Carlos Santana (42625394),Carlos Santana,42625394,1B,2500,ARI@BAL 04/13/2026 06:35PM ET,ARI,1.75
,,,,,,,,,,,,,,,SS,Brooks Lee (42625291),Brooks Lee,42625291,SS,2500,BOS@MIN 04/13/2026 07:40PM ET,MIN,5.29
,,,,,,,,,,,,,,,2B,Marcelo Mayer (42625302),Marcelo Mayer,42625302,2B,2500,BOS@MIN 04/13/2026 07:40PM ET,BOS,4.71
,,,,,,,,,,,,,,,2B/3B,Santiago Espinal (42625299),Santiago Espinal,42625299,2B/3B,2500,NYM@LAD 04/13/2026 10:10PM ET,LAD,2.8
,,,,,,,,,,,,,,,OF,Tommy Pham (42633582),Tommy Pham,42633582,OF,2500,NYM@LAD 04/13/2026 10:10PM ET,NYM,0
,,,,,,,,,,,,,,,OF,Michael Conforto (42625298),Michael Conforto,42625298,OF,2500,CHC@PHI 04/13/2026 06:40PM ET,CHC,4.6
,,,,,,,,,,,,,,,OF,Nathan Church (42625297),Nathan Church,42625297,OF,2500,CLE@STL 04/13/2026 07:45PM ET,STL,3.38
,,,,,,,,,,,,,,,C,Austin Hedges (42625301),Austin Hedges,42625301,C,2500,CLE@STL 04/13/2026 07:45PM ET,CLE,6.17
,,,,,,,,,,,,,,,OF,Petey Halpin (42625396),Petey Halpin,42625396,OF,2500,CLE@STL 04/13/2026 07:45PM ET,CLE,0
,,,,,,,,,,,,,,,C,Henry Davis (42625293),Henry Davis,42625293,C,2500,WSH@PIT 04/13/2026 06:40PM ET,PIT,3.5
,,,,,,,,,,,,,,,3B/SS,Jared Triolo (42625392),Jared Triolo,42625392,3B/SS,2500,WSH@PIT 04/13/2026 06:40PM ET,PIT,4.83
,,,,,,,,,,,,,,,SS,Denzer Guzman (42625395),Denzer Guzman,42625395,SS,2500,LAA@NYY 04/13/2026 07:05PM ET,LAA,0
,,,,,,,,,,,,,,,C,Austin Wynns (42625308),Austin Wynns,42625308,C,2400,TEX@ATH 04/13/2026 09:40PM ET,ATH,0.75
,,,,,,,,,,,,,,,2B/3B,Maximo Acosta (42625397),Maximo Acosta,42625397,2B/3B,2400,MIA@ATL 04/13/2026 07:15PM ET,MIA,0
,,,,,,,,,,,,,,,OF,Jorge Barrosa (42625307),Jorge Barrosa,42625307,OF,2400,ARI@BAL 04/13/2026 06:35PM ET,ARI,5
,,,,,,,,,,,,,,,3B/OF,Jordan Lawlar (42625399),Jordan Lawlar,42625399,3B/OF,2400,ARI@BAL 04/13/2026 06:35PM ET,ARI,7.67
,,,,,,,,,,,,,,,C,Luis Torrens (42625305),Luis Torrens,42625305,C,2400,NYM@LAD 04/13/2026 10:10PM ET,NYM,4.14
,,,,,,,,,,,,,,,OF/SS,Thomas Saggese (42625309),Thomas Saggese,42625309,SS/OF,2400,CLE@STL 04/13/2026 07:45PM ET,STL,4.64
,,,,,,,,,,,,,,,2B,Juan Brito (42625311),Juan Brito,42625311,2B,2400,CLE@STL 04/13/2026 07:45PM ET,CLE,5.8
,,,,,,,,,,,,,,,1B/OF,CJ Kayfus (42625312),CJ Kayfus,42625312,1B/OF,2400,CLE@STL 04/13/2026 07:45PM ET,CLE,4.33
,,,,,,,,,,,,,,,3B,Ryan McMahon (42625306),Ryan McMahon,42625306,3B,2400,LAA@NYY 04/13/2026 07:05PM ET,NYY,2.43
,,,,,,,,,,,,,,,2B,Cody Freeman (42625401),Cody Freeman,42625401,2B,2300,TEX@ATH 04/13/2026 09:40PM ET,TEX,0
,,,,,,,,,,,,,,,1B,Ryan Mountcastle (42625321),Ryan Mountcastle,42625321,1B,2300,ARI@BAL 04/13/2026 06:35PM ET,BAL,2.25
,,,,,,,,,,,,,,,1B,Tyler Locklear (42625402),Tyler Locklear,42625402,1B,2300,ARI@BAL 04/13/2026 06:35PM ET,ARI,0
,,,,,,,,,,,,,,,3B,Caleb Durbin (42625317),Caleb Durbin,42625317,3B,2300,BOS@MIN 04/13/2026 07:40PM ET,BOS,3.36
,,,,,,,,,,,,,,,C,Connor Wong (42625322),Connor Wong,42625322,C,2300,BOS@MIN 04/13/2026 07:40PM ET,BOS,5
,,,,,,,,,,,,,,,3B/SS,Edmundo Sosa (42625315),Edmundo Sosa,42625315,3B/SS,2300,CHC@PHI 04/13/2026 06:40PM ET,PHI,3
,,,,,,,,,,,,,,,3B/OF,Nick Yorke (42625318),Nick Yorke,42625318,3B/OF,2300,WSH@PIT 04/13/2026 06:40PM ET,PIT,5.91
,,,,,,,,,,,,,,,C,Travis d'Arnaud (42625314),Travis d'Arnaud,42625314,C,2300,LAA@NYY 04/13/2026 07:05PM ET,LAA,2.33
,,,,,,,,,,,,,,,OF,Randal Grichuk (42625320),Randal Grichuk,42625320,OF,2300,LAA@NYY 04/13/2026 07:05PM ET,NYY,0.75
,,,,,,,,,,,,,,,2B/3B,Darell Hernaiz (42625328),Darell Hernaiz,42625328,2B/3B,2200,TEX@ATH 04/13/2026 09:40PM ET,ATH,1.78
,,,,,,,,,,,,,,,OF,Denzel Clarke (42625332),Denzel Clarke,42625332,OF,2200,TEX@ATH 04/13/2026 09:40PM ET,ATH,2.86
,,,,,,,,,,,,,,,2B/SS,Leo Jimenez (42625324),Leo Jimenez,42625324,2B/SS,2200,MIA@ATL 04/13/2026 07:15PM ET,MIA,1.83
,,,,,,,,,,,,,,,1B,Deyvison De Los Santos (42625330),Deyvison De Los Santos,42625330,1B,2200,MIA@ATL 04/13/2026 07:15PM ET,MIA,2.5
,,,,,,,,,,,,,,,C,Carlos Narvaez (42625331),Carlos Narvaez,42625331,C,2200,BOS@MIN 04/13/2026 07:40PM ET,BOS,3.2
,,,,,,,,,,,,,,,OF,Nate Eaton (42625403),Nate Eaton,42625403,OF,2200,BOS@MIN 04/13/2026 07:40PM ET,BOS,0
,,,,,,,,,,,,,,,2B/OF,Dylan Moore (42625335),Dylan Moore,42625335,2B/OF,2200,CHC@PHI 04/13/2026 06:40PM ET,PHI,1
,,,,,,,,,,,,,,,2B/OF,Jose Fermin (42625333),Jose Fermin,42625333,2B/OF,2200,CLE@STL 04/13/2026 07:45PM ET,STL,2.2
,,,,,,,,,,,,,,,C,Drew Millas (42625323),Drew Millas,42625323,C,2200,WSH@PIT 04/13/2026 06:40PM ET,WSH,2.27
,,,,,,,,,,,,,,,2B/3B,Jose Tena (42625326),Jose Tena,42625326,2B/3B,2200,WSH@PIT 04/13/2026 06:40PM ET,WSH,3.8
,,,,,,,,,,,,,,,1B/OF,Tim Tawa (42625339),Tim Tawa,42625339,1B/OF,2100,ARI@BAL 04/13/2026 06:35PM ET,ARI,2.09
,,,,,,,,,,,,,,,3B/SS,Andruw Monasterio (42625341),Andruw Monasterio,42625341,3B/SS,2100,BOS@MIN 04/13/2026 07:40PM ET,BOS,3
,,,,,,,,,,,,,,,OF,James Outman (42625345),James Outman,42625345,OF,2100,BOS@MIN 04/13/2026 07:40PM ET,MIN,1.08
,,,,,,,,,,,,,,,3B,Ronny Mauricio (42625338),Ronny Mauricio,42625338,3B,2100,NYM@LAD 04/13/2026 10:10PM ET,NYM,2.5
,,,,,,,,,,,,,,,OF,Tyrone Taylor (42625344),Tyrone Taylor,42625344,OF,2100,NYM@LAD 04/13/2026 10:10PM ET,NYM,3.7
,,,,,,,,,,,,,,,C,J.C. Escarra (42625337),J.C. Escarra,42625337,C,2100,LAA@NYY 04/13/2026 07:05PM ET,NYY,0.8
,,,,,,,,,,,,,,,2B,Vaughn Grissom (42625343),Vaughn Grissom,42625343,2B,2100,LAA@NYY 04/13/2026 07:05PM ET,LAA,3.5
,,,,,,,,,,,,,,,OF,Michael Helman (42625407),Michael Helman,42625407,OF,2000,TEX@ATH 04/13/2026 09:40PM ET,TEX,0
,,,,,,,,,,,,,,,OF,Alejandro Osuna (42625408),Alejandro Osuna,42625408,OF,2000,TEX@ATH 04/13/2026 09:40PM ET,TEX,0
,,,,,,,,,,,,,,,C,Willie MacIver (42625409),Willie MacIver,42625409,C,2000,TEX@ATH 04/13/2026 09:40PM ET,TEX,0
,,,,,,,,,,,,,,,1B/2B,Justin Foscue (42625410),Justin Foscue,42625410,1B/2B,2000,TEX@ATH 04/13/2026 09:40PM ET,TEX,0
,,,,,,,,,,,,,,,OF,Junior Perez (42625439),Junior Perez,42625439,OF,2000,TEX@ATH 04/13/2026 09:40PM ET,ATH,0
,,,,,,,,,,,,,,,3B,Brett Harris (42625462),Brett Harris,42625462,3B,2000,TEX@ATH 04/13/2026 09:40PM ET,ATH,0
,,,,,,,,,,,,,,,C,Jonah Heim (42625346),Jonah Heim,42625346,C,2000,MIA@ATL 04/13/2026 07:15PM ET,ATL,3.83
,,,,,,,,,,,,,,,SS,Luke Williams (42625355),Luke Williams,42625355,SS,2000,MIA@ATL 04/13/2026 07:15PM ET,ATL,1
,,,,,,,,,,,,,,,1B/3B,Kyle Farmer (42625357),Kyle Farmer,42625357,1B/3B,2000,MIA@ATL 04/13/2026 07:15PM ET,ATL,4
,,,,,,,,,,,,,,,OF,Esteury Ruiz (42625413),Esteury Ruiz,42625413,OF,2000,MIA@ATL 04/13/2026 07:15PM ET,MIA,0
,,,,,,,,,,,,,,,OF,Daniel Johnson (42625414),Daniel Johnson,42625414,OF,2000,MIA@ATL 04/13/2026 07:15PM ET,MIA,0
,,,,,,,,,,,,,,,3B,Nacho Alvarez Jr. (42625418),Nacho Alvarez Jr.,42625418,3B,2000,MIA@ATL 04/13/2026 07:15PM ET,ATL,0
,,,,,,,,,,,,,,,SS,Jared Serna (42625438),Jared Serna,42625438,SS,2000,MIA@ATL 04/13/2026 07:15PM ET,MIA,0
,,,,,,,,,,,,,,,C,Joe Mack (42625441),Joe Mack,42625441,C,2000,MIA@ATL 04/13/2026 07:15PM ET,MIA,0
,,,,,,,,,,,,,,,OF,Jurickson Profar (42625452),Jurickson Profar,42625452,OF,2000,MIA@ATL 04/13/2026 07:15PM ET,ATL,0
,,,,,,,,,,,,,,,1B,Luken Baker (42625347),Luken Baker,42625347,1B,2000,ARI@BAL 04/13/2026 06:35PM ET,ARI,0
,,,,,,,,,,,,,,,OF,Reed Trimble (42625431),Reed Trimble,42625431,OF,2000,ARI@BAL 04/13/2026 06:35PM ET,BAL,0
,,,,,,,,,,,,,,,OF,Johnathan Rodriguez (42625458),Johnathan Rodriguez,42625458,OF,2000,ARI@BAL 04/13/2026 06:35PM ET,BAL,2
,,,,,,,,,,,,,,,C,Maverick Handley (42625891),Maverick Handley,42625891,C,2000,ARI@BAL 04/13/2026 06:35PM ET,BAL,0
,,,,,,,,,,,,,,,2B/3B,Isiah Kiner-Falefa (42625350),Isiah Kiner-Falefa,42625350,2B/3B,2000,BOS@MIN 04/13/2026 07:40PM ET,BOS,1.8
,,,,,,,,,,,,,,,3B/OF,Ryan Kreidler (42625353),Ryan Kreidler,42625353,3B/OF,2000,BOS@MIN 04/13/2026 07:40PM ET,MIN,0
,,,,,,,,,,,,,,,OF,Emmanuel Rodriguez (42625434),Emmanuel Rodriguez,42625434,OF,2000,BOS@MIN 04/13/2026 07:40PM ET,MIN,0
,,,,,,,,,,,,,,,OF,Gabriel Gonzalez (42625436),Gabriel Gonzalez,42625436,OF,2000,BOS@MIN 04/13/2026 07:40PM ET,MIN,0
,,,,,,,,,,,,,,,OF,Hendry Mendez (42625450),Hendry Mendez,42625450,OF,2000,BOS@MIN 04/13/2026 07:40PM ET,MIN,0
,,,,,,,,,,,,,,,1B,Triston Casas (42625453),Triston Casas,42625453,1B,2000,BOS@MIN 04/13/2026 07:40PM ET,BOS,0
,,,,,,,,,,,,,,,1B,Eric Wagaman (42625454),Eric Wagaman,42625454,1B,2000,BOS@MIN 04/13/2026 07:40PM ET,MIN,0
,,,,,,,,,,,,,,,2B,Kristian Campbell (42625455),Kristian Campbell,42625455,2B,2000,BOS@MIN 04/13/2026 07:40PM ET,BOS,0
,,,,,,,,,,,,,,,OF,Alan Roden (42625459),Alan Roden,42625459,OF,2000,BOS@MIN 04/13/2026 07:40PM ET,MIN,0
,,,,,,,,,,,,,,,2B/OF,Nick Sogard (42625463),Nick Sogard,42625463,2B/OF,2000,BOS@MIN 04/13/2026 07:40PM ET,BOS,0
,,,,,,,,,,,,,,,3B,Anthony Seigler (42625465),Anthony Seigler,42625465,3B,2000,BOS@MIN 04/13/2026 07:40PM ET,BOS,0
,,,,,,,,,,,,,,,C,Mickey Gasper (42625466),Mickey Gasper,42625466,C,2000,BOS@MIN 04/13/2026 07:40PM ET,BOS,0
,,,,,,,,,,,,,,,2B/SS,Tsung-Che Cheng (42625475),Tsung-Che Cheng,42625475,2B/SS,2000,BOS@MIN 04/13/2026 07:40PM ET,BOS,0
,,,,,,,,,,,,,,,OF,Michael Siani (42625415),Michael Siani,42625415,OF,2000,NYM@LAD 04/13/2026 10:10PM ET,LAD,0
,,,,,,,,,,,,,,,OF,Nick Morabito (42625432),Nick Morabito,42625432,OF,2000,NYM@LAD 04/13/2026 10:10PM ET,NYM,0
,,,,,,,,,,,,,,,OF,Ryan Ward (42625449),Ryan Ward,42625449,OF,2000,NYM@LAD 04/13/2026 10:10PM ET,LAD,0
,,,,,,,,,,,,,,,C,Hayden Senger (42625470),Hayden Senger,42625470,C,2000,NYM@LAD 04/13/2026 10:10PM ET,NYM,0
,,,,,,,,,,,,,,,OF,MJ Melendez (42625473),MJ Melendez,42625473,OF,2000,NYM@LAD 04/13/2026 10:10PM ET,NYM,0
,,,,,,,,,,,,,,,1B/OF,Otto Kemp (42625348),Otto Kemp,42625348,1B/OF,2000,CHC@PHI 04/13/2026 06:40PM ET,PHI,1.33
,,,,,,,,,,,,,,,2B,Scott Kingery (42625359),Scott Kingery,42625359,2B,2000,CHC@PHI 04/13/2026 06:40PM ET,CHC,1.75
,,,,,,,,,,,,,,,OF,Johan Rojas (42625416),Johan Rojas,42625416,OF,2000,CHC@PHI 04/13/2026 06:40PM ET,PHI,0
,,,,,,,,,,,,,,,OF,Steward Berroa (42625417),Steward Berroa,42625417,OF,2000,CHC@PHI 04/13/2026 06:40PM ET,PHI,0
,,,,,,,,,,,,,,,OF,Gabriel Rincones Jr. (42625419),Gabriel Rincones Jr.,42625419,OF,2000,CHC@PHI 04/13/2026 06:40PM ET,PHI,0
,,,,,,,,,,,,,,,SS,Christian Cairo (42625420),Christian Cairo,42625420,SS,2000,CHC@PHI 04/13/2026 06:40PM ET,PHI,0
,,,,,,,,,,,,,,,1B/OF,Tyler Austin (42625426),Tyler Austin,42625426,1B/OF,2000,CHC@PHI 04/13/2026 06:40PM ET,CHC,0
,,,,,,,,,,,,,,,OF,Pedro Leon (42625437),Pedro Leon,42625437,OF,2000,CHC@PHI 04/13/2026 06:40PM ET,PHI,0
,,,,,,,,,,,,,,,3B/SS,Ben Cowles (42625443),Ben Cowles,42625443,3B/SS,2000,CHC@PHI 04/13/2026 06:40PM ET,CHC,0
,,,,,,,,,,,,,,,2B/3B,Pedro Ramirez (42625446),Pedro Ramirez,42625446,2B/3B,2000,CHC@PHI 04/13/2026 06:40PM ET,CHC,0
,,,,,,,,,,,,,,,2B,James Triantos (42625448),James Triantos,42625448,2B,2000,CHC@PHI 04/13/2026 06:40PM ET,CHC,0
,,,,,,,,,,,,,,,OF,Kevin Alcantara (42625474),Kevin Alcantara,42625474,OF,2000,CHC@PHI 04/13/2026 06:40PM ET,CHC,0
,,,,,,,,,,,,,,,OF,Justin Dean (42625480),Justin Dean,42625480,OF,2000,CHC@PHI 04/13/2026 06:40PM ET,CHC,0
,,,,,,,,,,,,,,,C,Yohel Pozo (42625356),Yohel Pozo,42625356,C,2000,CLE@STL 04/13/2026 07:45PM ET,STL,1.4
,,,,,,,,,,,,,,,C,Leo Bernal (42625421),Leo Bernal,42625421,C,2000,CLE@STL 04/13/2026 07:45PM ET,STL,0
,,,,,,,,,,,,,,,SS,Angel Genao (42625428),Angel Genao,42625428,SS,2000,CLE@STL 04/13/2026 07:45PM ET,CLE,0
,,,,,,,,,,,,,,,2B/OF,Bryan Torres (42625429),Bryan Torres,42625429,2B/OF,2000,CLE@STL 04/13/2026 07:45PM ET,STL,0
,,,,,,,,,,,,,,,SS,Kahlil Watson (42625440),Kahlil Watson,42625440,SS,2000,CLE@STL 04/13/2026 07:45PM ET,CLE,0
,,,,,,,,,,,,,,,OF,Joshua Baez (42625451),Joshua Baez,42625451,OF,2000,CLE@STL 04/13/2026 07:45PM ET,STL,0
,,,,,,,,,,,,,,,C,Jimmy Crooks (42625472),Jimmy Crooks,42625472,C,2000,CLE@STL 04/13/2026 07:45PM ET,STL,0
,,,,,,,,,,,,,,,3B/SS,Cesar Prieto (42625478),Cesar Prieto,42625478,3B/SS,2000,CLE@STL 04/13/2026 07:45PM ET,STL,0
,,,,,,,,,,,,,,,1B/3B,Billy Cook (42625360),Billy Cook,42625360,1B/3B,2000,WSH@PIT 04/13/2026 06:40PM ET,PIT,0.29
,,,,,,,,,,,,,,,OF,Jhostynxon Garcia (42625412),Jhostynxon Garcia,42625412,OF,2000,WSH@PIT 04/13/2026 06:40PM ET,PIT,0
,,,,,,,,,,,,,,,1B/OF,Abimelec Ortiz (42625422),Abimelec Ortiz,42625422,1B/OF,2000,WSH@PIT 04/13/2026 06:40PM ET,WSH,0
,,,,,,,,,,,,,,,SS,Jack Brannigan (42625433),Jack Brannigan,42625433,SS,2000,WSH@PIT 04/13/2026 06:40PM ET,PIT,0
,,,,,,,,,,,,,,,OF,Esmerlyn Valdez (42625435),Esmerlyn Valdez,42625435,OF,2000,WSH@PIT 04/13/2026 06:40PM ET,PIT,0
,,,,,,,,,,,,,,,OF,Christian Franklin (42625442),Christian Franklin,42625442,OF,2000,WSH@PIT 04/13/2026 06:40PM ET,WSH,0
,,,,,,,,,,,,,,,OF,Robert Hassell III (42625456),Robert Hassell III,42625456,OF,2000,WSH@PIT 04/13/2026 06:40PM ET,WSH,0
,,,,,,,,,,,,,,,1B/C,Endy Rodriguez (42625460),Endy Rodriguez,42625460,C/1B,2000,WSH@PIT 04/13/2026 06:40PM ET,PIT,0
,,,,,,,,,,,,,,,OF,Tyler Callihan (42625467),Tyler Callihan,42625467,OF,2000,WSH@PIT 04/13/2026 06:40PM ET,PIT,0
,,,,,,,,,,,,,,,1B,Rafael Flores (42625468),Rafael Flores,42625468,1B,2000,WSH@PIT 04/13/2026 06:40PM ET,PIT,0
,,,,,,,,,,,,,,,1B,Andres Chaparro (42625469),Andres Chaparro,42625469,1B,2000,WSH@PIT 04/13/2026 06:40PM ET,WSH,4
,,,,,,,,,,,,,,,C,Harry Ford (42625477),Harry Ford,42625477,C,2000,WSH@PIT 04/13/2026 06:40PM ET,WSH,0
,,,,,,,,,,,,,,,OF,Bryce Teodosio (42625352),Bryce Teodosio,42625352,OF,2000,LAA@NYY 04/13/2026 07:05PM ET,LAA,1.17
,,,,,,,,,,,,,,,2B/OF,Max Schuemann (42625404),Max Schuemann,42625404,2B/OF,2000,LAA@NYY 04/13/2026 07:05PM ET,NYY,0
,,,,,,,,,,,,,,,3B,Oswaldo Cabrera (42625406),Oswaldo Cabrera,42625406,3B,2000,LAA@NYY 04/13/2026 07:05PM ET,NYY,0
,,,,,,,,,,,,,,,2B/3B,Anthony Rendon (42625424),Anthony Rendon,42625424,2B/3B,2000,LAA@NYY 04/13/2026 07:05PM ET,LAA,0
,,,,,,,,,,,,,,,OF,Spencer Jones (42625445),Spencer Jones,42625445,OF,2000,LAA@NYY 04/13/2026 07:05PM ET,NYY,0
,,,,,,,,,,,,,,,OF,Kyren Paris (42625457),Kyren Paris,42625457,OF,2000,LAA@NYY 04/13/2026 07:05PM ET,LAA,0
,,,,,,,,,,,,,,,OF,Matthew Lugo (42625471),Matthew Lugo,42625471,OF,2000,LAA@NYY 04/13/2026 07:05PM ET,LAA,0