Rank,EntryId,EntryName,TimeRemaining,Points,Lineup,,Player,Roster Position,%Drafted,FPTS
1,5104765402,womana1mighty (8/20),0,145.05,1B Munetaka Murakami 2B Gleyber Torres 3B Miguel Vargas C William Contreras OF Riley Greene OF Kerry Carpenter OF Zach McKinstry P Jack Flaherty P Chad Patrick SS Kevin McGonigle,,Jack Flaherty,P,70.82%,5
2,5104808604,boys4 (3/3),0,142.05,1B Colt Keith 2B Gleyber Torres 3B Kevin McGonigle C Ivan Herrera OF Riley Greene OF Kerry Carpenter OF Jordan Walker P Jack Flaherty P Chad Patrick SS Bobby Witt Jr.,,George Springer,OF,57.61%,2
3,5104829445,themvf (15/20),0,138.55,1B Alec Burleson 2B JJ Wetherholt 3B Colt Keith C Ivan Herrera OF Jake Bauers OF Garrett Mitchell OF Jordan Walker P Chad Patrick P Dustin May SS Colson Montgomery,,Bobby Witt Jr.,SS,48.19%,14
3,5104853788,Mrrodshaun516 (18/20),0,138.55,1B Munetaka Murakami 2B JJ Wetherholt 3B Miguel Vargas C Ivan Herrera OF Austin Hays OF Jordan Walker OF Thomas Saggese P Chad Patrick P Dustin May SS Colson Montgomery,,Christian Yelich,OF,44.74%,10
5,5104765404,womana1mighty (10/20),0,138.05,1B Munetaka Murakami 2B Gleyber Torres 3B Kevin McGonigle C William Contreras OF Riley Greene OF Kerry Carpenter OF Zach McKinstry P Jack Flaherty P Chad Patrick SS Colson Montgomery,,Chad Patrick,P,44.49%,17.05
6,5104879247,Ctracefan (7/12),0,137.2,1B Vladimir Guerrero Jr. 2B Gleyber Torres 3B Colt Keith C William Contreras OF Kerry Carpenter OF Zach McKinstry OF Parker Meadows P Chad Patrick P Luinder Avila SS Bobby Witt Jr.,,Vladimir Guerrero Jr.,1B,41.21%,16
7,5104826420,negraf (5/20),0,137.05,1B Munetaka Murakami 2B JJ Wetherholt 3B Miguel Vargas C Pedro Pages OF George Springer OF Isaac Collins OF Jordan Walker P Jack Flaherty P Chad Patrick SS Colson Montgomery,,Brice Turang,2B,40.29%,2
8,5104829447,themvf (17/20),0,135.2,1B Alec Burleson 2B JJ Wetherholt 3B Colt Keith C Pedro Pages OF Starling Marte OF Garrett Mitchell OF Jordan Walker P Chad Patrick P Luinder Avila SS Colson Montgomery,,Riley Greene,OF,31.71%,6
9,5104765401,womana1mighty (7/20),0,130.05,1B Colt Keith 2B Gleyber Torres 3B Miguel Vargas C Dillon Dingler OF Christian Yelich OF Riley Greene OF Kerry Carpenter P Jack Flaherty P Chad Patrick SS Colson Montgomery,,Dustin May,P,28.51%,-4.5
9,5104821640,dmann8888 (2/20),0,130.05,1B Munetaka Murakami 2B Gleyber Torres 3B Miguel Vargas C Dillon Dingler OF Kerry Carpenter OF Parker Meadows OF Tristan Peters P Jack Flaherty P Chad Patrick SS Kevin McGonigle,,William Contreras,C,28.43%,9
9,5104846874,jlegrand22 (12/20),0,130.05,1B Vladimir Guerrero Jr. 2B JJ Wetherholt 3B Luis Rengifo C Ivan Herrera OF George Springer OF Nathan Church OF Jordan Walker P Jack Flaherty P Chad Patrick SS Bobby Witt Jr.,,Daulton Varsho,OF,22.20%,2
12,5104829451,harper2015 (2/2),0,129.2,1B Miguel Vargas 2B JJ Wetherholt 3B Kevin McGonigle C Ivan Herrera OF Austin Hays OF Starling Marte OF Garrett Mitchell P Chad Patrick P Luinder Avila SS Colson Montgomery,,Andres Gimenez,SS,21.87%,0
13,5104846873,jlegrand22 (11/20),0,128.05,1B Vladimir Guerrero Jr. 2B JJ Wetherholt 3B Luis Rengifo C Ivan Herrera OF George Springer OF Victor Scott II OF Jordan Walker P Jack Flaherty P Chad Patrick SS Bobby Witt Jr.,,Salvador Perez,C,20.52%,0
13,5104879127,twinsfan5 (15/20),0,128.05,1B Munetaka Murakami 2B Gleyber Torres 3B Miguel Vargas C Dillon Dingler OF Riley Greene OF Kerry Carpenter OF Austin Hays P Jack Flaherty P Chad Patrick SS Kevin McGonigle,,Kerry Carpenter,OF,20.19%,18
15,5104765408,womana1mighty (14/20),0,127.05,1B Munetaka Murakami 2B Gleyber Torres 3B Kevin McGonigle C Dillon Dingler OF Christian Yelich OF Riley Greene OF Zach McKinstry P Jack Flaherty P Chad Patrick SS Colson Montgomery,,Maikel Garcia,3B,19.51%,2
16,5104829449,themvf (19/20),0,126.2,1B Alec Burleson 2B JJ Wetherholt 3B Colt Keith C Ivan Herrera OF Isaac Collins OF Garrett Mitchell OF Jordan Walker P Chad Patrick P Luinder Avila SS Andres Gimenez,,Dillon Dingler,C,19.34%,6
17,5104787871,VariableX (10/20),0,126.05,1B Vladimir Guerrero Jr. 2B Gleyber Torres 3B Luis Rengifo C William Contreras OF Riley Greene OF Kerry Carpenter OF Parker Meadows P Jack Flaherty P Chad Patrick SS Kevin McGonigle,,Luinder Avila,P,18.08%,-1.85
17,5104829437,themvf (7/20),0,126.05,1B Vladimir Guerrero Jr. 2B Davis Schneider 3B Kazuma Okamoto C Ivan Herrera OF George Springer OF Kerry Carpenter OF Garrett Mitchell P Jack Flaherty P Chad Patrick SS Colson Montgomery,,Kevin McGonigle,SS,18.08%,7
19,5104855776,twinsfan5 (2/20),0,125.2,1B Colt Keith 2B Gleyber Torres 3B Nolan Gorman C Ivan Herrera OF Riley Greene OF Kerry Carpenter OF Jordan Walker P Chad Patrick P Luinder Avila SS Kevin McGonigle,,Kazuma Okamoto,3B,17.75%,5
20,5104737662,SumJenks (3/3),0,125.05,1B Vladimir Guerrero Jr. 2B Brice Turang 3B Colt Keith C Ivan Herrera OF Zach McKinstry OF Jake Bauers OF Garrett Mitchell P Jack Flaherty P Chad Patrick SS Bobby Witt Jr.,,Ivan Herrera,C,16.57%,13
20,5104815025,coach421 (2/2),0,125.05,1B Munetaka Murakami 2B JJ Wetherholt 3B Kevin McGonigle C Ivan Herrera OF Christian Yelich OF Kerry Carpenter OF Austin Hays P Jack Flaherty P Chad Patrick SS Bobby Witt Jr.,,Lazaro Estrada,P,15.56%,13.8
22,5104821655,dmann8888 (17/20),0,124.8,1B Spencer Torkelson 2B Gleyber Torres 3B Luis Rengifo C William Contreras OF Riley Greene OF Kerry Carpenter OF Zach McKinstry P Jack Flaherty P Lazaro Estrada SS Bobby Witt Jr.,,Munetaka Murakami,1B,14.55%,18
23,5104852419,yaopete (9/20),0,124.55,1B Munetaka Murakami 2B Brice Turang 3B Miguel Vargas C William Contreras OF Christian Yelich OF Austin Hays OF Garrett Mitchell P Chad Patrick P Dustin May SS Colson Montgomery,,Anthony Kay,P,14.05%,2.75
24,5104764034,NYGpete,0,124.05,1B Munetaka Murakami 2B Gleyber Torres 3B Kevin McGonigle C Dillon Dingler OF Christian Yelich OF Riley Greene OF Kerry Carpenter P Jack Flaherty P Chad Patrick SS Colson Montgomery,,Davis Schneider,OF,14.05%,7
25,5104813028,mikey.bills (19/20),0,123.8,1B Alec Burleson 2B JJ Wetherholt 3B Nolan Gorman C Ivan Herrera OF Riley Greene OF Austin Hays OF Jordan Walker P Chad Patrick P Anthony Kay SS Bobby Witt Jr.,,Luis Rengifo,3B,13.79%,12
26,5104760312,mikegt1,0,123.05,1B Munetaka Murakami 2B Ernie Clement 3B Colt Keith C William Contreras OF George Springer OF Christian Yelich OF Jordan Walker P Jack Flaherty P Chad Patrick SS Colson Montgomery,,Kevin McGonigle,3B,12.70%,7
27,5104829450,themvf (20/20),0,122.2,1B Alec Burleson 2B JJ Wetherholt 3B Colt Keith C Ivan Herrera OF Davis Schneider OF Jordan Walker OF Brandon Lockridge P Chad Patrick P Luinder Avila SS Colson Montgomery,,Garrett Mitchell,OF,12.62%,27
28,5104821649,dmann8888 (11/20),0,122.05,1B Munetaka Murakami 2B Gleyber Torres 3B Colt Keith C Dillon Dingler OF Riley Greene OF Kerry Carpenter OF Davis Schneider P Jack Flaherty P Chad Patrick SS Colson Montgomery,,Sal Frelick,OF,11.52%,5
28,5104834863,iamtheky,0,122.05,1B Vladimir Guerrero Jr. 2B Gleyber Torres 3B Colt Keith C William Contreras OF Christian Yelich OF Jake Bauers OF Garrett Mitchell P Jack Flaherty P Chad Patrick SS Kevin McGonigle,,JJ Wetherholt,2B,11.44%,16
30,5104813026,mikey.bills (17/20),0,121.850006,1B Vladimir Guerrero Jr. 2B Zach McKinstry 3B Colt Keith C Ivan Herrera OF George Springer OF Riley Greene OF Kerry Carpenter P Chad Patrick P Lazaro Estrada SS Kevin McGonigle,,Vinnie Pasquantino,1B,11.19%,3
31,5104757159,godnref (19/20),0,121.3,1B Vladimir Guerrero Jr. 2B JJ Wetherholt 3B Nolan Gorman C Ivan Herrera OF Christian Yelich OF Riley Greene OF Jordan Walker P Dustin May P Lazaro Estrada SS Bobby Witt Jr.,,Austin Hays,OF,11.10%,7
32,5104878107,beachjcd,0,121.05,1B Vladimir Guerrero Jr. 2B Ernie Clement 3B Colt Keith C Dillon Dingler OF Daulton Varsho OF Zach McKinstry OF Garrett Mitchell P Jack Flaherty P Chad Patrick SS Bobby Witt Jr.,,Colson Montgomery,SS,11.10%,16
33,5104824977,BullDozier (13/20),0,120.850006,1B Vladimir Guerrero Jr. 2B JJ Wetherholt 3B Luis Rengifo C Ivan Herrera OF Daulton Varsho OF Riley Greene OF Kerry Carpenter P Chad Patrick P Lazaro Estrada SS Kevin McGonigle,,Gleyber Torres,2B,10.77%,21
34,5104778857,bill17jackson,0,120.55,1B Vladimir Guerrero Jr. 2B JJ Wetherholt 3B Nolan Gorman C Ivan Herrera OF George Springer OF Christian Yelich OF Jordan Walker P Chad Patrick P Dustin May SS Bobby Witt Jr.,,Colt Keith,1B,9.84%,8
35,5104823002,Donso (2/5),0,120.05,1B Vladimir Guerrero Jr. 2B Brice Turang 3B David Hamilton C Dillon Dingler OF Riley Greene OF Kerry Carpenter OF Garrett Mitchell P Jack Flaherty P Chad Patrick SS Colson Montgomery,,Alec Burleson,1B,9.59%,11
35,5104879248,Ctracefan (8/12),0,120.05,1B Colt Keith 2B Gleyber Torres 3B Kevin McGonigle C Ivan Herrera OF George Springer OF Kerry Carpenter OF Parker Meadows P Jack Flaherty P Chad Patrick SS Bobby Witt Jr.,,Jake Bauers,OF,9.34%,2
37,5104747857,GolfSpace7 (3/5),0,119.8,1B Vladimir Guerrero Jr. 2B JJ Wetherholt 3B Colson Montgomery C Ivan Herrera OF George Springer OF Riley Greene OF Kerry Carpenter P Jack Flaherty P Lazaro Estrada SS Bobby Witt Jr.,,Tyler Heineman,C,9.25%,3
37,5104846881,jlegrand22 (19/20),0,119.8,1B Vladimir Guerrero Jr. 2B Gleyber Torres 3B Kevin McGonigle C Ivan Herrera OF George Springer OF Christian Yelich OF Kerry Carpenter P Jack Flaherty P Lazaro Estrada SS Bobby Witt Jr.,,Chase Meidroth,2B,8.92%,0
39,5104831123,JustHeem23 (6/20),0,119.75,1B Alec Burleson 2B Gleyber Torres 3B Colt Keith C Ivan Herrera OF Riley Greene OF Kerry Carpenter OF Zach McKinstry P Jack Flaherty P Anthony Kay SS Bobby Witt Jr.,,Colt Keith,3B,8.66%,8
40,5104852429,yaopete (19/20),0,119.55,1B Munetaka Murakami 2B Brice Turang 3B Miguel Vargas C William Contreras OF Christian Yelich OF Jake Bauers OF Garrett Mitchell P Chad Patrick P Dustin May SS Colson Montgomery,,Starling Marte,OF,7.74%,5
41,5104765398,womana1mighty (4/20),0,119.05,1B Munetaka Murakami 2B Chase Meidroth 3B Miguel Vargas C William Contreras OF Riley Greene OF Kerry Carpenter OF Austin Hays P Jack Flaherty P Chad Patrick SS Colson Montgomery,,Ernie Clement,2B,7.57%,5
42,5104790569,harvick2010 (2/9),0,118.8,1B Vladimir Guerrero Jr. 2B Brice Turang 3B Colson Montgomery C Ivan Herrera OF George Springer OF Christian Yelich OF Garrett Mitchell P Jack Flaherty P Lazaro Estrada SS Bobby Witt Jr.,,Kyle Isbel,OF,7.32%,5
42,5104800992,rangersfan6,0,118.8,1B Vladimir Guerrero Jr. 2B Brice Turang 3B Colson Montgomery C Ivan Herrera OF George Springer OF Christian Yelich OF Garrett Mitchell P Jack Flaherty P Lazaro Estrada SS Bobby Witt Jr.,,Davis Schneider,2B,6.81%,7
42,5104804094,lincolnius77 (2/5),0,118.8,1B Vladimir Guerrero Jr. 2B Brice Turang 3B Colson Montgomery C Ivan Herrera OF Christian Yelich OF Daulton Varsho OF Garrett Mitchell P Jack Flaherty P Lazaro Estrada SS Bobby Witt Jr.,,Jac Caglianone,OF,6.73%,8
42,5104829002,Jaycee37 (4/10),0,118.8,1B Vladimir Guerrero Jr. 2B Brice Turang 3B Colson Montgomery C Ivan Herrera OF George Springer OF Christian Yelich OF Garrett Mitchell P Jack Flaherty P Lazaro Estrada SS Bobby Witt Jr.,,David Hamilton,3B,6.64%,7
42,5104830077,Jaycee37 (9/10),0,118.8,1B Vladimir Guerrero Jr. 2B Brice Turang 3B Colson Montgomery C Ivan Herrera OF George Springer OF Christian Yelich OF Garrett Mitchell P Jack Flaherty P Lazaro Estrada SS Bobby Witt Jr.,,Miguel Vargas,3B,6.48%,23
47,5104831121,JustHeem23 (4/20),0,118.75,1B Munetaka Murakami 2B JJ Wetherholt 3B Miguel Vargas C William Contreras OF Riley Greene OF Kerry Carpenter OF Austin Hays P Jack Flaherty P Anthony Kay SS Bobby Witt Jr.,,Jake Bauers,1B,5.89%,2
48,5104837810,blaydes (19/20),0,117.05,1B Colt Keith 2B Gleyber Torres 3B Colson Montgomery C William Contreras OF Christian Yelich OF Riley Greene OF Kerry Carpenter P Jack Flaherty P Chad Patrick SS Kevin McGonigle,,Colson Montgomery,3B,5.72%,16
49,5104821657,dmann8888 (19/20),0,116.75,1B Spencer Torkelson 2B Gleyber Torres 3B Luis Rengifo C William Contreras OF Christian Yelich OF Kerry Carpenter OF Garrett Mitchell P Jack Flaherty P Anthony Kay SS Kevin McGonigle,,Myles Straw,OF,5.38%,5
50,5104826019,bookert21 (14/20),0,116.2,1B Vladimir Guerrero Jr. 2B JJ Wetherholt 3B Miguel Vargas C Ivan Herrera OF George Springer OF Riley Greene OF Kerry Carpenter P Chad Patrick P Luinder Avila SS Kevin McGonigle,,Isaac Collins,OF,4.79%,3
51,5104765395,womana1mighty (1/20),0,116.05,1B Munetaka Murakami 2B Gleyber Torres 3B Kevin McGonigle C Dillon Dingler OF Riley Greene OF Kerry Carpenter OF Jake Bauers P Jack Flaherty P Chad Patrick SS Colson Montgomery,,Jordan Walker,OF,4.71%,33
51,5104765396,womana1mighty (2/20),0,116.05,1B Munetaka Murakami 2B Gleyber Torres 3B Colt Keith C William Contreras OF Riley Greene OF Kerry Carpenter OF Austin Hays P Jack Flaherty P Chad Patrick SS Kevin McGonigle,,Nolan Gorman,3B,4.63%,4
51,5104842380,pat_the_hat2 (8/11),0,116.05,1B Vladimir Guerrero Jr. 2B Gleyber Torres 3B Kazuma Okamoto C Tyler Heineman OF Riley Greene OF Zach McKinstry OF Parker Meadows P Jack Flaherty P Chad Patrick SS Kevin McGonigle,,Luisangel Acuna,OF,4.63%,3
54,5104868125,polfnikufesin,0,115.850006,1B Colt Keith 2B Gleyber Torres 3B Kevin McGonigle C William Contreras OF George Springer OF Riley Greene OF Kerry Carpenter P Chad Patrick P Lazaro Estrada SS Bobby Witt Jr.,,Mason Fluharty,P,4.54%,-1.55
55,5104846869,jlegrand22 (7/20),0,115.8,1B Vladimir Guerrero Jr. 2B Gleyber Torres 3B Kevin McGonigle C Ivan Herrera OF George Springer OF Riley Greene OF Kerry Carpenter P Jack Flaherty P Lazaro Estrada SS Bobby Witt Jr.,,Lenyn Sosa,2B,4.37%,5
55,5104846876,jlegrand22 (14/20),0,115.8,1B Vladimir Guerrero Jr. 2B Brice Turang 3B Kazuma Okamoto C Ivan Herrera OF George Springer OF Kerry Carpenter OF Garrett Mitchell P Jack Flaherty P Lazaro Estrada SS Bobby Witt Jr.,,Ernie Clement,3B,4.12%,5
57,5104824373,Hawkeye1992 (1/5),0,115.55,1B Alec Burleson 2B JJ Wetherholt 3B Nolan Gorman C Ivan Herrera OF George Springer OF Christian Yelich OF Jordan Walker P Chad Patrick P Dustin May SS Bobby Witt Jr.,,Zach McKinstry,OF,4.12%,21
57,5104829443,themvf (13/20),0,115.55,1B Jake Bauers 2B JJ Wetherholt 3B Miguel Vargas C Ivan Herrera OF Christian Yelich OF Starling Marte OF Garrett Mitchell P Chad Patrick P Dustin May SS Kevin McGonigle,,Brandon Lockridge,OF,4.12%,3
57,5104829444,themvf (14/20),0,115.55,1B Alec Burleson 2B Nick Loftin 3B Miguel Vargas C Ivan Herrera OF Christian Yelich OF Jake Bauers OF Jordan Walker P Chad Patrick P Dustin May SS Kevin McGonigle,,Reese McGuire,C,3.62%,0
60,5104855811,twinsfan5 (6/20),0,115.2,1B Alec Burleson 2B JJ Wetherholt 3B Colt Keith C Ivan Herrera OF Riley Greene OF Kerry Carpenter OF Zach McKinstry P Chad Patrick P Luinder Avila SS Kevin McGonigle,,Victor Scott II,OF,3.28%,0
61,5104837811,blaydes (20/20),0,115.05,1B Vladimir Guerrero Jr. 2B Gleyber Torres 3B Colt Keith C Dillon Dingler OF Christian Yelich OF Kerry Carpenter OF Davis Schneider P Jack Flaherty P Chad Patrick SS Kevin McGonigle,,David Hamilton,2B,3.11%,7
61,5104861781,TheRevBeefE (1/4),0,115.05,1B Munetaka Murakami 2B Brice Turang 3B Kevin McGonigle C William Contreras OF Christian Yelich OF Jordan Walker OF Thomas Saggese P Jack Flaherty P Chad Patrick SS Bobby Witt Jr.,,Spencer Torkelson,1B,3.03%,5
61,5104870261,TheRevBeefE (2/4),0,115.05,1B Munetaka Murakami 2B Brice Turang 3B Kevin McGonigle C William Contreras OF Christian Yelich OF Jordan Walker OF Thomas Saggese P Jack Flaherty P Chad Patrick SS Bobby Witt Jr.,,Tristan Peters,OF,2.78%,0
61,5104870266,TheRevBeefE (3/4),0,115.05,1B Munetaka Murakami 2B Brice Turang 3B Kevin McGonigle C William Contreras OF Christian Yelich OF Jordan Walker OF Thomas Saggese P Jack Flaherty P Chad Patrick SS Bobby Witt Jr.,,Parker Meadows,OF,2.52%,15
61,5104870270,TheRevBeefE (4/4),0,115.05,1B Munetaka Murakami 2B Brice Turang 3B Kevin McGonigle C William Contreras OF Christian Yelich OF Jordan Walker OF Thomas Saggese P Jack Flaherty P Chad Patrick SS Bobby Witt Jr.,,Nathan Church,OF,2.35%,2
66,5104846865,jlegrand22 (3/20),0,114.8,1B Vladimir Guerrero Jr. 2B Brice Turang 3B Luis Rengifo C Ivan Herrera OF George Springer OF Christian Yelich OF Garrett Mitchell P Jack Flaherty P Lazaro Estrada SS Bobby Witt Jr.,,Lenyn Sosa,1B,2.27%,5
67,5104784444,EliReasons (1/20),0,114.55,1B Vladimir Guerrero Jr. 2B JJ Wetherholt 3B Nolan Gorman C Ivan Herrera OF George Springer OF Christian Yelich OF Garrett Mitchell P Chad Patrick P Dustin May SS Bobby Witt Jr.,,Miguel Vargas,1B,2.27%,23
68,5104743709,rickd2424 (5/5),0,114.5,1B Alec Burleson 2B JJ Wetherholt 3B Nolan Gorman C Ivan Herrera OF George Springer OF Riley Greene OF Jordan Walker P Chad Patrick P Mason Fluharty SS Bobby Witt Jr.,,Nick Loftin,OF,2.19%,4
68,5104790704,gusman13,0,114.5,1B Vladimir Guerrero Jr. 2B Brice Turang 3B Colson Montgomery C William Contreras OF Christian Yelich OF Sal Frelick OF Garrett Mitchell P Chad Patrick P Mason Fluharty SS Bobby Witt Jr.,,Thomas Saggese,OF,2.10%,0
70,5104765403,womana1mighty (9/20),0,114.05,1B Colt Keith 2B Gleyber Torres 3B Kevin McGonigle C William Contreras OF Riley Greene OF Kerry Carpenter OF Austin Hays P Jack Flaherty P Chad Patrick SS Colson Montgomery,,Nick Loftin,2B,2.10%,4
70,5104826435,negraf (20/20),0,114.05,1B Miguel Vargas 2B Nolan Gorman 3B Colson Montgomery C Tyler Heineman OF Riley Greene OF Austin Hays OF Jordan Walker P Jack Flaherty P Chad Patrick SS Andres Gimenez,,Zach McKinstry,2B,2.02%,21
70,5104837793,blaydes (2/20),0,114.05,1B Vladimir Guerrero Jr. 2B Gleyber Torres 3B Colt Keith C William Contreras OF Riley Greene OF Kerry Carpenter OF Davis Schneider P Jack Flaherty P Chad Patrick SS Kevin McGonigle,,Grant Taylor,P,1.68%,4.25
73,5104766817,rogs1draft (18/20),0,113.3,1B Vladimir Guerrero Jr. 2B Brice Turang 3B Colt Keith C Ivan Herrera OF George Springer OF Christian Yelich OF Garrett Mitchell P Chad Patrick P Grant Taylor SS Bobby Witt Jr.,,Seth Lugo,P,1.51%,0
74,5104861694,twinsfan5 (11/20),0,113.05,1B Colt Keith 2B Gleyber Torres 3B Luis Rengifo C William Contreras OF Christian Yelich OF Riley Greene OF Kerry Carpenter P Jack Flaherty P Chad Patrick SS Kevin McGonigle,,Pedro Pages,C,1.43%,4
74,5104878333,soxfan6672 (2/2),0,113.05,1B Vladimir Guerrero Jr. 2B Chase Meidroth 3B David Hamilton C Ivan Herrera OF George Springer OF Christian Yelich OF Garrett Mitchell P Jack Flaherty P Chad Patrick SS Colson Montgomery,,Nolan Gorman,2B,1.35%,4
76,5104853771,Mrrodshaun516 (1/20),0,112.8,1B Munetaka Murakami 2B Gleyber Torres 3B Colt Keith C Ivan Herrera OF George Springer OF Riley Greene OF Kerry Carpenter P Chad Patrick P Anthony Kay SS Kevin McGonigle,,Luisangel Acuna,2B,1.26%,3
76,5104878990,lionfan914,0,112.8,1B Vladimir Guerrero Jr. 2B Gleyber Torres 3B Maikel Garcia C William Contreras OF Riley Greene OF Kerry Carpenter OF Jac Caglianone P Jack Flaherty P Lazaro Estrada SS Bobby Witt Jr.,,Gary Sanchez,C,0.84%,0
78,5104831087,Patrick_Star (4/20),0,112.55,1B Vladimir Guerrero Jr. 2B JJ Wetherholt 3B Nolan Gorman C Ivan Herrera OF George Springer OF Nathan Church OF Jordan Walker P Chad Patrick P Dustin May SS Bobby Witt Jr.,,Joey Ortiz,SS,0.76%,0
79,5104791866,SpeedRacer101 (14/20),0,112.05,1B Vladimir Guerrero Jr. 2B Gleyber Torres 3B Colt Keith C Tyler Heineman OF Daulton Varsho OF Kerry Carpenter OF Parker Meadows P Jack Flaherty P Chad Patrick SS Kevin McGonigle,,Kris Bubic,P,0.67%,0
80,5104821639,dmann8888 (1/20),0,111.850006,1B Vladimir Guerrero Jr. 2B Gleyber Torres 3B Ernie Clement C Tyler Heineman OF George Springer OF Riley Greene OF Zach McKinstry P Chad Patrick P Lazaro Estrada SS Kevin McGonigle,,Gary Sanchez,1B,0.17%,0
81,5104752722,GolfSpace7 (4/5),0,111.8,1B Vladimir Guerrero Jr. 2B JJ Wetherholt 3B Colson Montgomery C Ivan Herrera OF George Springer OF Christian Yelich OF Riley Greene P Jack Flaherty P Lazaro Estrada SS Bobby Witt Jr.,,Luis Matos,OF,0.08%,0
81,5104825368,Evilempire2626 (2/2),0,111.8,1B Vladimir Guerrero Jr. 2B JJ Wetherholt 3B Colson Montgomery C Ivan Herrera OF George Springer OF Christian Yelich OF Riley Greene P Jack Flaherty P Lazaro Estrada SS Bobby Witt Jr.,,Addison Barger,OF,0.08%,2
83,5104831095,Patrick_Star (12/20),0,111.55,1B Vladimir Guerrero Jr. 2B JJ Wetherholt 3B Kazuma Okamoto C Ivan Herrera OF George Springer OF Victor Scott II OF Jordan Walker P Chad Patrick P Dustin May SS Bobby Witt Jr.,,Brandon Sproat,P,0.08%,0
84,5104784445,EliReasons (2/20),0,110.8,1B Vladimir Guerrero Jr. 2B Brice Turang 3B Luis Rengifo C William Contreras OF George Springer OF Christian Yelich OF Garrett Mitchell P Jack Flaherty P Lazaro Estrada SS Bobby Witt Jr.,,,
84,5104809544,griffalicious24 (1/5),0,110.8,1B Vladimir Guerrero Jr. 2B Brice Turang 3B Luis Rengifo C William Contreras OF George Springer OF Christian Yelich OF Garrett Mitchell P Jack Flaherty P Lazaro Estrada SS Bobby Witt Jr.,,,
84,5104809545,griffalicious24 (2/5),0,110.8,1B Vladimir Guerrero Jr. 2B Brice Turang 3B Luis Rengifo C William Contreras OF George Springer OF Christian Yelich OF Garrett Mitchell P Jack Flaherty P Lazaro Estrada SS Bobby Witt Jr.,,,
84,5104809546,griffalicious24 (3/5),0,110.8,1B Vladimir Guerrero Jr. 2B Brice Turang 3B Luis Rengifo C William Contreras OF George Springer OF Christian Yelich OF Garrett Mitchell P Jack Flaherty P Lazaro Estrada SS Bobby Witt Jr.,,,
84,5104809547,griffalicious24 (4/5),0,110.8,1B Vladimir Guerrero Jr. 2B Brice Turang 3B Luis Rengifo C William Contreras OF George Springer OF Christian Yelich OF Garrett Mitchell P Jack Flaherty P Lazaro Estrada SS Bobby Witt Jr.,,,
84,5104809548,griffalicious24 (5/5),0,110.8,1B Vladimir Guerrero Jr. 2B Brice Turang 3B Luis Rengifo C William Contreras OF George Springer OF Christian Yelich OF Garrett Mitchell P Jack Flaherty P Lazaro Estrada SS Bobby Witt Jr.,,,
84,5104850312,gwsanche,0,110.8,1B Vladimir Guerrero Jr. 2B Brice Turang 3B Luis Rengifo C William Contreras OF George Springer OF Christian Yelich OF Garrett Mitchell P Jack Flaherty P Lazaro Estrada SS Bobby Witt Jr.,,,
91,5104842373,pat_the_hat2 (1/11),0,110.75,1B Spencer Torkelson 2B Gleyber Torres 3B Luis Rengifo C William Contreras OF Christian Yelich OF Sal Frelick OF Garrett Mitchell P Jack Flaherty P Anthony Kay SS Bobby Witt Jr.,,,
92,5104829448,themvf (18/20),0,110.2,1B Alec Burleson 2B JJ Wetherholt 3B Colt Keith C Ivan Herrera OF Garrett Mitchell OF Nick Loftin OF Thomas Saggese P Chad Patrick P Luinder Avila SS Colson Montgomery,,,
93,5104764538,FeistyOnes,0,110.05,1B Vladimir Guerrero Jr. 2B Lenyn Sosa 3B Colson Montgomery C William Contreras OF Christian Yelich OF Kerry Carpenter OF Davis Schneider P Jack Flaherty P Chad Patrick SS Kevin McGonigle,,,
93,5104790576,harvick2010 (9/9),0,110.05,1B Munetaka Murakami 2B Chase Meidroth 3B David Hamilton C William Contreras OF Christian Yelich OF Garrett Mitchell OF Luisangel Acuna P Jack Flaherty P Chad Patrick SS Bobby Witt Jr.,,,
95,5104845877,jamo952003 (2/2),0,109.8,1B Vladimir Guerrero Jr. 2B Brice Turang 3B Kevin McGonigle C Ivan Herrera OF George Springer OF Christian Yelich OF Garrett Mitchell P Jack Flaherty P Lazaro Estrada SS Bobby Witt Jr.,,,
95,5104846878,jlegrand22 (16/20),0,109.8,1B Vladimir Guerrero Jr. 2B Brice Turang 3B Kevin McGonigle C Ivan Herrera OF George Springer OF Christian Yelich OF Garrett Mitchell P Jack Flaherty P Lazaro Estrada SS Bobby Witt Jr.,,,
95,5104862084,mseddy95,0,109.8,1B Vladimir Guerrero Jr. 2B Brice Turang 3B Kevin McGonigle C Ivan Herrera OF George Springer OF Christian Yelich OF Garrett Mitchell P Jack Flaherty P Lazaro Estrada SS Bobby Witt Jr.,,,
98,5104824982,BullDozier (18/20),0,109.75,1B Colt Keith 2B Gleyber Torres 3B Maikel Garcia C William Contreras OF Christian Yelich OF Kerry Carpenter OF Garrett Mitchell P Jack Flaherty P Anthony Kay SS Kevin McGonigle,,,
99,5104808452,boys4 (2/3),0,109.05,1B Colt Keith 2B JJ Wetherholt 3B Kevin McGonigle C Ivan Herrera OF Riley Greene OF Sal Frelick OF Kerry Carpenter P Jack Flaherty P Chad Patrick SS Bobby Witt Jr.,,,
100,5104810355,BossHogDaddyDog (13/20),0,108.850006,1B Vladimir Guerrero Jr. 2B Brice Turang 3B Luis Rengifo C William Contreras OF George Springer OF Sal Frelick OF Kerry Carpenter P Chad Patrick P Lazaro Estrada SS Bobby Witt Jr.,,,
100,5104810376,BossHogDaddyDog (16/20),0,108.850006,1B Vladimir Guerrero Jr. 2B Brice Turang 3B Luis Rengifo C William Contreras OF George Springer OF Sal Frelick OF Kerry Carpenter P Chad Patrick P Lazaro Estrada SS Bobby Witt Jr.,,,
102,5104763530,23Noah,0,108.55,1B Alec Burleson 2B JJ Wetherholt 3B Nolan Gorman C Ivan Herrera OF George Springer OF Christian Yelich OF Jordan Walker P Chad Patrick P Dustin May SS Kevin McGonigle,,,
102,5104831119,JustHeem23 (2/20),0,108.55,1B Alec Burleson 2B JJ Wetherholt 3B Kazuma Okamoto C Ivan Herrera OF George Springer OF Daulton Varsho OF Jordan Walker P Chad Patrick P Dustin May SS Bobby Witt Jr.,,,
104,5104824967,BullDozier (3/20),0,108.25,1B Alec Burleson 2B Brice Turang 3B Luis Rengifo C William Contreras OF Jake Bauers OF Garrett Mitchell OF Jordan Walker P Dustin May P Anthony Kay SS Bobby Witt Jr.,,,
105,5104769732,GeminiJenkinz,0,108.05,1B Miguel Vargas 2B Gleyber Torres 3B Luis Rengifo C Dillon Dingler OF George Springer OF Riley Greene OF Jake Bauers P Jack Flaherty P Chad Patrick SS Bobby Witt Jr.,,,
105,5104774764,albatr8ss,0,108.05,1B Vladimir Guerrero Jr. 2B Brice Turang 3B Miguel Vargas C William Contreras OF George Springer OF Austin Hays OF Garrett Mitchell P Jack Flaherty P Chad Patrick SS Andres Gimenez,,,
105,5104853775,Mrrodshaun516 (5/20),0,108.05,1B Vladimir Guerrero Jr. 2B JJ Wetherholt 3B Nolan Gorman C Ivan Herrera OF George Springer OF Jordan Walker OF Thomas Saggese P Chad Patrick P Kris Bubic SS Kevin McGonigle,,,
108,5104761510,MaxTheMin (10/20),0,107.75,1B Spencer Torkelson 2B JJ Wetherholt 3B Maikel Garcia C William Contreras OF Kerry Carpenter OF Zach McKinstry OF Parker Meadows P Jack Flaherty P Anthony Kay SS Bobby Witt Jr.,,,
109,5104798502,FlameThrower4 (19/20),0,107.55,1B Vladimir Guerrero Jr. 2B Brice Turang 3B David Hamilton C William Contreras OF Christian Yelich OF Daulton Varsho OF Jordan Walker P Chad Patrick P Dustin May SS Colson Montgomery,,,
110,5104831084,Patrick_Star (1/20),0,107.25,1B Alec Burleson 2B JJ Wetherholt 3B Maikel Garcia C Ivan Herrera OF Kerry Carpenter OF Nathan Church OF Jordan Walker P Dustin May P Anthony Kay SS Bobby Witt Jr.,,,
111,5104824478,Hawkeye1992 (2/5),0,107.05,1B Munetaka Murakami 2B Lenyn Sosa 3B Miguel Vargas C William Contreras OF Christian Yelich OF Riley Greene OF Austin Hays P Jack Flaherty P Chad Patrick SS Kevin McGonigle,,,
111,5104828885,scrub69 (3/7),0,107.05,1B Munetaka Murakami 2B Chase Meidroth 3B Miguel Vargas C William Contreras OF George Springer OF Christian Yelich OF Austin Hays P Jack Flaherty P Chad Patrick SS Colson Montgomery,,,
111,5104837792,blaydes (1/20),0,107.05,1B Vladimir Guerrero Jr. 2B Gleyber Torres 3B Colt Keith C Dillon Dingler OF George Springer OF Kerry Carpenter OF Davis Schneider P Jack Flaherty P Chad Patrick SS Kevin McGonigle,,,
111,5104837807,blaydes (16/20),0,107.05,1B Vladimir Guerrero Jr. 2B Zach McKinstry 3B Colt Keith C Dillon Dingler OF George Springer OF Kerry Carpenter OF Davis Schneider P Jack Flaherty P Chad Patrick SS Kevin McGonigle,,,
111,5104855793,twinsfan5 (5/20),0,107.05,1B Vladimir Guerrero Jr. 2B Gleyber Torres 3B Colt Keith C Dillon Dingler OF George Springer OF Kerry Carpenter OF Davis Schneider P Jack Flaherty P Chad Patrick SS Kevin McGonigle,,,
116,5104761516,MaxTheMin (16/20),0,106.8,1B Vladimir Guerrero Jr. 2B Brice Turang 3B Kazuma Okamoto C William Contreras OF Christian Yelich OF Sal Frelick OF Garrett Mitchell P Jack Flaherty P Lazaro Estrada SS Bobby Witt Jr.,,,
116,5104804322,lincolnius77 (3/5),0,106.8,1B Vladimir Guerrero Jr. 2B Brice Turang 3B Colson Montgomery C Ivan Herrera OF George Springer OF Kerry Carpenter OF Austin Hays P Jack Flaherty P Lazaro Estrada SS Bobby Witt Jr.,,,
116,5104831086,Patrick_Star (3/20),0,106.8,1B Alec Burleson 2B JJ Wetherholt 3B Kazuma Okamoto C Ivan Herrera OF Christian Yelich OF Kerry Carpenter OF Victor Scott II P Chad Patrick P Anthony Kay SS Bobby Witt Jr.,,,
116,5104846866,jlegrand22 (4/20),0,106.8,1B Vladimir Guerrero Jr. 2B Brice Turang 3B Luis Rengifo C William Contreras OF George Springer OF Riley Greene OF Garrett Mitchell P Jack Flaherty P Lazaro Estrada SS Bobby Witt Jr.,,,
120,5104831101,Patrick_Star (18/20),0,106.75,1B Vladimir Guerrero Jr. 2B Lenyn Sosa 3B Luis Rengifo C Ivan Herrera OF George Springer OF Christian Yelich OF Garrett Mitchell P Jack Flaherty P Anthony Kay SS Bobby Witt Jr.,,,
121,5104853780,Mrrodshaun516 (10/20),0,106.05,1B Alec Burleson 2B JJ Wetherholt 3B Kazuma Okamoto C Ivan Herrera OF George Springer OF Daulton Varsho OF Jordan Walker P Chad Patrick P Kris Bubic SS Kevin McGonigle,,,
121,5104879151,twinsfan5 (16/20),0,106.05,1B Colt Keith 2B Brice Turang 3B Luis Rengifo C Dillon Dingler OF Christian Yelich OF Kerry Carpenter OF Zach McKinstry P Jack Flaherty P Chad Patrick SS Kevin McGonigle,,,
121,5104879241,Ctracefan (1/12),0,106.05,1B Munetaka Murakami 2B Chase Meidroth 3B Miguel Vargas C Salvador Perez OF George Springer OF Kerry Carpenter OF Austin Hays P Jack Flaherty P Chad Patrick SS Colson Montgomery,,,
124,5104778592,superunknowx (17/20),0,105.8,1B Vladimir Guerrero Jr. 2B Zach McKinstry 3B Maikel Garcia C William Contreras OF Daulton Varsho OF Sal Frelick OF Kerry Carpenter P Jack Flaherty P Lazaro Estrada SS Bobby Witt Jr.,,,
124,5104784453,EliReasons (10/20),0,105.8,1B Vladimir Guerrero Jr. 2B Brice Turang 3B David Hamilton C William Contreras OF George Springer OF Christian Yelich OF Garrett Mitchell P Jack Flaherty P Lazaro Estrada SS Bobby Witt Jr.,,,
124,5104784545,Elwaysarmy (3/20),0,105.8,1B Munetaka Murakami 2B Brice Turang 3B David Hamilton C William Contreras OF Christian Yelich OF Riley Greene OF Garrett Mitchell P Chad Patrick P Anthony Kay SS Kevin McGonigle,,,
124,5104784561,Elwaysarmy (19/20),0,105.8,1B Vladimir Guerrero Jr. 2B Brice Turang 3B David Hamilton C William Contreras OF George Springer OF Christian Yelich OF Garrett Mitchell P Jack Flaherty P Lazaro Estrada SS Bobby Witt Jr.,,,
124,5104796561,BossHogDaddyDog (2/20),0,105.8,1B Vladimir Guerrero Jr. 2B Brice Turang 3B Luis Rengifo C Ivan Herrera OF George Springer OF Christian Yelich OF Kerry Carpenter P Jack Flaherty P Lazaro Estrada SS Bobby Witt Jr.,,,
124,5104796604,BossHogDaddyDog (6/20),0,105.8,1B Vladimir Guerrero Jr. 2B Brice Turang 3B Luis Rengifo C Ivan Herrera OF George Springer OF Christian Yelich OF Kerry Carpenter P Jack Flaherty P Lazaro Estrada SS Bobby Witt Jr.,,,
124,5104846877,jlegrand22 (15/20),0,105.8,1B Vladimir Guerrero Jr. 2B Brice Turang 3B Luis Rengifo C Ivan Herrera OF George Springer OF Christian Yelich OF Kerry Carpenter P Jack Flaherty P Lazaro Estrada SS Bobby Witt Jr.,,,
131,5104798499,FlameThrower4 (16/20),0,105.55,1B Vladimir Guerrero Jr. 2B Brice Turang 3B Kazuma Okamoto C William Contreras OF Christian Yelich OF Jake Bauers OF Jordan Walker P Chad Patrick P Dustin May SS Colson Montgomery,,,
131,5104831118,JustHeem23 (1/20),0,105.55,1B Alec Burleson 2B JJ Wetherholt 3B Maikel Garcia C Ivan Herrera OF George Springer OF Nathan Church OF Jordan Walker P Chad Patrick P Dustin May SS Bobby Witt Jr.,,,
133,5104765400,womana1mighty (6/20),0,105.05,1B Munetaka Murakami 2B Zach McKinstry 3B Colt Keith C Dillon Dingler OF Christian Yelich OF Riley Greene OF Austin Hays P Jack Flaherty P Chad Patrick SS Kevin McGonigle,,,
133,5104765411,womana1mighty (17/20),0,105.05,1B Munetaka Murakami 2B Gleyber Torres 3B Colt Keith C Dillon Dingler OF Christian Yelich OF Riley Greene OF Austin Hays P Jack Flaherty P Chad Patrick SS Kevin McGonigle,,,
133,5104778589,superunknowx (14/20),0,105.05,1B Vladimir Guerrero Jr. 2B Gleyber Torres 3B Kazuma Okamoto C Reese McGuire OF Christian Yelich OF Riley Greene OF Kerry Carpenter P Jack Flaherty P Chad Patrick SS Kevin McGonigle,,,
133,5104826006,bookert21 (1/20),0,105.05,1B Vladimir Guerrero Jr. 2B Ernie Clement 3B Miguel Vargas C William Contreras OF Daulton Varsho OF Davis Schneider OF Myles Straw P Jack Flaherty P Chad Patrick SS Colson Montgomery,,,
133,5104837794,blaydes (3/20),0,105.05,1B Colt Keith 2B Gleyber Torres 3B Luis Rengifo C William Contreras OF George Springer OF Riley Greene OF Kerry Carpenter P Jack Flaherty P Chad Patrick SS Kevin McGonigle,,,
133,5104852424,yaopete (14/20),0,105.05,1B Jake Bauers 2B Brice Turang 3B Colt Keith C William Contreras OF Christian Yelich OF Kerry Carpenter OF Garrett Mitchell P Jack Flaherty P Chad Patrick SS Kevin McGonigle,,,
139,5104759702,Evilempire2626 (1/2),0,104.950005,1B Vladimir Guerrero Jr. 2B JJ Wetherholt 3B Colson Montgomery C Ivan Herrera OF George Springer OF Christian Yelich OF Riley Greene P Luinder Avila P Lazaro Estrada SS Bobby Witt Jr.,,,
140,5104752119,Raiderfanatic2195 (14/20),0,104.850006,1B Alec Burleson 2B JJ Wetherholt 3B Colt Keith C Ivan Herrera OF George Springer OF Riley Greene OF Kerry Carpenter P Chad Patrick P Lazaro Estrada SS Andres Gimenez,,,
141,5104778308,cwiert17,0,104.8,1B Munetaka Murakami 2B Ernie Clement 3B Miguel Vargas C William Contreras OF George Springer OF Christian Yelich OF Jake Bauers P Chad Patrick P Anthony Kay SS Colson Montgomery,,,
142,5104737983,louiswat,0,104.05,1B Vladimir Guerrero Jr. 2B Gleyber Torres 3B Colt Keith C Salvador Perez OF George Springer OF Zach McKinstry OF Austin Hays P Jack Flaherty P Chad Patrick SS Kevin McGonigle,,,
142,5104766807,rogs1draft (8/20),0,104.05,1B Alec Burleson 2B JJ Wetherholt 3B Kazuma Okamoto C Ivan Herrera OF George Springer OF Nathan Church OF Jordan Walker P Jack Flaherty P Chad Patrick SS Andres Gimenez,,,
142,5104821653,dmann8888 (15/20),0,104.05,1B Spencer Torkelson 2B Gleyber Torres 3B Ernie Clement C William Contreras OF Daulton Varsho OF Kerry Carpenter OF Parker Meadows P Jack Flaherty P Chad Patrick SS Kevin McGonigle,,,
142,5104828883,scrub69 (1/7),0,104.05,1B Colt Keith 2B Ernie Clement 3B Kevin McGonigle C William Contreras OF Riley Greene OF Kerry Carpenter OF Parker Meadows P Jack Flaherty P Chad Patrick SS Bobby Witt Jr.,,,
146,5104827437,jamo952003 (1/2),0,103.8,1B Vladimir Guerrero Jr. 2B Brice Turang 3B Kazuma Okamoto C Ivan Herrera OF George Springer OF Riley Greene OF Garrett Mitchell P Jack Flaherty P Lazaro Estrada SS Bobby Witt Jr.,,,
146,5104846875,jlegrand22 (13/20),0,103.8,1B Vladimir Guerrero Jr. 2B Brice Turang 3B Kazuma Okamoto C Ivan Herrera OF George Springer OF Riley Greene OF Garrett Mitchell P Jack Flaherty P Lazaro Estrada SS Bobby Witt Jr.,,,
146,5104855762,twinsfan5 (1/20),0,103.8,1B Alec Burleson 2B Gleyber Torres 3B Colt Keith C Ivan Herrera OF Riley Greene OF Kerry Carpenter OF Thomas Saggese P Chad Patrick P Anthony Kay SS Kevin McGonigle,,,
149,5104761519,MaxTheMin (19/20),0,103.55,1B Vladimir Guerrero Jr. 2B Brice Turang 3B David Hamilton C William Contreras OF George Springer OF Christian Yelich OF Garrett Mitchell P Anthony Kay P Lazaro Estrada SS Bobby Witt Jr.,,,
150,5104820428,mrcash4657 (1/2),0,103.05,1B Vladimir Guerrero Jr. 2B Davis Schneider 3B David Hamilton C William Contreras OF Christian Yelich OF Sal Frelick OF Garrett Mitchell P Jack Flaherty P Chad Patrick SS Andres Gimenez,,,
150,5104837805,blaydes (14/20),0,103.05,1B Vladimir Guerrero Jr. 2B Gleyber Torres 3B Colt Keith C Dillon Dingler OF Christian Yelich OF Riley Greene OF Davis Schneider P Jack Flaherty P Chad Patrick SS Kevin McGonigle,,,
152,5104841286,callahanm328,0,102.850006,1B Vladimir Guerrero Jr. 2B Brice Turang 3B Miguel Vargas C Tyler Heineman OF George Springer OF Christian Yelich OF Daulton Varsho P Chad Patrick P Lazaro Estrada SS Bobby Witt Jr.,,,
153,5104849999,sheldon1962 (3/3),0,102.5,1B Vladimir Guerrero Jr. 2B Brice Turang 3B Colt Keith C Ivan Herrera OF Christian Yelich OF Riley Greene OF Kerry Carpenter P Chad Patrick P Mason Fluharty SS Bobby Witt Jr.,,,
154,5104757166,PedroDePacas,0,102.05,1B Vladimir Guerrero Jr. 2B Gleyber Torres 3B Kazuma Okamoto C Pedro Pages OF George Springer OF Kerry Carpenter OF Austin Hays P Jack Flaherty P Chad Patrick SS Kevin McGonigle,,,
154,5104763036,doyler101085,0,102.05,1B Vladimir Guerrero Jr. 2B Brice Turang 3B Kevin McGonigle C Dillon Dingler OF Christian Yelich OF Riley Greene OF Jordan Walker P Jack Flaherty P Chad Patrick SS Andres Gimenez,,,
154,5104822655,Marcosamparo (19/20),0,102.05,1B Colt Keith 2B Zach McKinstry 3B Maikel Garcia C Dillon Dingler OF Riley Greene OF Kerry Carpenter OF Kyle Isbel P Jack Flaherty P Chad Patrick SS Bobby Witt Jr.,,,
157,5104852416,yaopete (6/20),0,101.950005,1B Vinnie Pasquantino 2B Gleyber Torres 3B Kevin McGonigle C Salvador Perez OF Riley Greene OF Kerry Carpenter OF Zach McKinstry P Luinder Avila P Lazaro Estrada SS Bobby Witt Jr.,,,
158,5104778591,superunknowx (16/20),0,101.75,1B Munetaka Murakami 2B Brice Turang 3B Colson Montgomery C William Contreras OF Riley Greene OF Jac Caglianone OF Zach McKinstry P Jack Flaherty P Anthony Kay SS Bobby Witt Jr.,,,
159,5104743705,rickd2424 (1/5),0,101.55,1B Alec Burleson 2B JJ Wetherholt 3B Nolan Gorman C Ivan Herrera OF George Springer OF Christian Yelich OF Jordan Walker P Chad Patrick P Dustin May SS Andres Gimenez,,,
159,5104784560,Elwaysarmy (18/20),0,101.55,1B Alec Burleson 2B Brice Turang 3B Luis Rengifo C William Contreras OF Christian Yelich OF Daulton Varsho OF Garrett Mitchell P Chad Patrick P Dustin May SS Colson Montgomery,,,
161,5104796576,BossHogDaddyDog (4/20),0,101.45,1B Vladimir Guerrero Jr. 2B Gleyber Torres 3B Colt Keith C Ivan Herrera OF George Springer OF Riley Greene OF Kerry Carpenter P Jack Flaherty P Mason Fluharty SS Bobby Witt Jr.,,,
161,5104804861,BossHogDaddyDog (8/20),0,101.45,1B Vladimir Guerrero Jr. 2B Gleyber Torres 3B Colt Keith C Ivan Herrera OF George Springer OF Riley Greene OF Kerry Carpenter P Jack Flaherty P Mason Fluharty SS Bobby Witt Jr.,,,
163,5104765399,womana1mighty (5/20),0,101.05,1B Vladimir Guerrero Jr. 2B Davis Schneider 3B Miguel Vargas C Tyler Heineman OF George Springer OF Christian Yelich OF Daulton Varsho P Jack Flaherty P Chad Patrick SS Colson Montgomery,,,
163,5104773007,johnnyblaze0702,0,101.05,1B Miguel Vargas 2B Brice Turang 3B Colt Keith C William Contreras OF Christian Yelich OF Sal Frelick OF Parker Meadows P Jack Flaherty P Chad Patrick SS Kevin McGonigle,,,
163,5104790573,harvick2010 (6/9),0,101.05,1B Vladimir Guerrero Jr. 2B Brice Turang 3B Luis Rengifo C Reese McGuire OF Christian Yelich OF Sal Frelick OF Kerry Carpenter P Jack Flaherty P Chad Patrick SS Colson Montgomery,,,
166,5104820603,rgerena,0,100.850006,1B Munetaka Murakami 2B JJ Wetherholt 3B Kevin McGonigle C Reese McGuire OF George Springer OF Riley Greene OF Starling Marte P Chad Patrick P Lazaro Estrada SS Colson Montgomery,,,
167,5104760243,moomoomess,0,100.8,1B Vladimir Guerrero Jr. 2B Gleyber Torres 3B Nolan Gorman C William Contreras OF George Springer OF Christian Yelich OF Riley Greene P Jack Flaherty P Lazaro Estrada SS Bobby Witt Jr.,,,
167,5104791868,SpeedRacer101 (16/20),0,100.8,1B Alec Burleson 2B JJ Wetherholt 3B Colt Keith C Ivan Herrera OF Riley Greene OF Kerry Carpenter OF Nathan Church P Chad Patrick P Anthony Kay SS Kevin McGonigle,,,
167,5104821643,dmann8888 (5/20),0,100.8,1B Vladimir Guerrero Jr. 2B Zach McKinstry 3B Kazuma Okamoto C Dillon Dingler OF Daulton Varsho OF Kerry Carpenter OF Davis Schneider P Jack Flaherty P Lazaro Estrada SS Kevin McGonigle,,,
167,5104831126,JustHeem23 (9/20),0,100.8,1B Lenyn Sosa 2B Brice Turang 3B Luis Rengifo C William Contreras OF Christian Yelich OF Garrett Mitchell OF Nathan Church P Chad Patrick P Anthony Kay SS Bobby Witt Jr.,,,
171,5104831100,Patrick_Star (17/20),0,100.75,1B Vladimir Guerrero Jr. 2B Brice Turang 3B Luis Rengifo C Ivan Herrera OF George Springer OF Austin Hays OF Garrett Mitchell P Jack Flaherty P Anthony Kay SS Bobby Witt Jr.,,,
172,5104752107,Raiderfanatic2195 (2/20),0,100.55,1B Alec Burleson 2B Brice Turang 3B Nolan Gorman C William Contreras OF Christian Yelich OF Sal Frelick OF Jordan Walker P Chad Patrick P Dustin May SS Bobby Witt Jr.,,,
172,5104798497,FlameThrower4 (14/20),0,100.55,1B Vladimir Guerrero Jr. 2B Lenyn Sosa 3B Kazuma Okamoto C William Contreras OF George Springer OF Daulton Varsho OF Jordan Walker P Chad Patrick P Dustin May SS Colson Montgomery,,,
172,5104812623,Cbron1523 (2/2),0,100.55,1B Spencer Torkelson 2B Gleyber Torres 3B Maikel Garcia C Pedro Pages OF Riley Greene OF Zach McKinstry OF Parker Meadows P Chad Patrick P Dustin May SS Bobby Witt Jr.,,,
175,5104766819,rogs1draft (20/20),0,100.45,1B Vladimir Guerrero Jr. 2B Brice Turang 3B Kazuma Okamoto C Ivan Herrera OF George Springer OF Kerry Carpenter OF Garrett Mitchell P Jack Flaherty P Mason Fluharty SS Bobby Witt Jr.,,,
176,5104824973,BullDozier (9/20),0,100.3,1B Alec Burleson 2B JJ Wetherholt 3B Maikel Garcia C Ivan Herrera OF George Springer OF Victor Scott II OF Jordan Walker P Dustin May P Lazaro Estrada SS Bobby Witt Jr.,,,
177,5104777034,TheRhone,0,100.15,1B Vladimir Guerrero Jr. 2B Gleyber Torres 3B Colt Keith C Tyler Heineman OF Zach McKinstry OF Austin Hays OF Davis Schneider P Jack Flaherty P Luinder Avila SS Bobby Witt Jr.,,,
178,5104752300,miked333 (6/7),0,100.05,1B Vladimir Guerrero Jr. 2B Brice Turang 3B Luis Rengifo C William Contreras OF Christian Yelich OF Daulton Varsho OF Garrett Mitchell P Jack Flaherty P Chad Patrick SS Andres Gimenez,,,
178,5104827447,Horse125,0,100.05,1B Vladimir Guerrero Jr. 2B Ernie Clement 3B Miguel Vargas C Dillon Dingler OF George Springer OF Austin Hays OF Kyle Isbel P Jack Flaherty P Chad Patrick SS Bobby Witt Jr.,,,
178,5104861664,twinsfan5 (10/20),0,100.05,1B Vladimir Guerrero Jr. 2B Gleyber Torres 3B Colt Keith C Tyler Heineman OF George Springer OF Riley Greene OF Parker Meadows P Jack Flaherty P Chad Patrick SS Kevin McGonigle,,,
181,5104796507,BossHogDaddyDog (1/20),0,99.8,1B Vladimir Guerrero Jr. 2B Brice Turang 3B Luis Rengifo C William Contreras OF George Springer OF Kerry Carpenter OF Jac Caglianone P Jack Flaherty P Lazaro Estrada SS Bobby Witt Jr.,,,
181,5104804836,BossHogDaddyDog (7/20),0,99.8,1B Vladimir Guerrero Jr. 2B Brice Turang 3B Luis Rengifo C William Contreras OF George Springer OF Kerry Carpenter OF Jac Caglianone P Jack Flaherty P Lazaro Estrada SS Bobby Witt Jr.,,,
181,5104846864,jlegrand22 (2/20),0,99.8,1B Vladimir Guerrero Jr. 2B Brice Turang 3B Kazuma Okamoto C Ivan Herrera OF George Springer OF Daulton Varsho OF Garrett Mitchell P Jack Flaherty P Lazaro Estrada SS Bobby Witt Jr.,,,
184,5104752121,Raiderfanatic2195 (16/20),0,99.55,1B Alec Burleson 2B Gleyber Torres 3B Maikel Garcia C Ivan Herrera OF Riley Greene OF Kerry Carpenter OF Nathan Church P Chad Patrick P Dustin May SS Bobby Witt Jr.,,,
184,5104753110,Brothaman007 (2/8),0,99.55,1B Vladimir Guerrero Jr. 2B Chase Meidroth 3B Miguel Vargas C William Contreras OF Christian Yelich OF Sal Frelick OF Jac Caglianone P Chad Patrick P Dustin May SS Colson Montgomery,,,
184,5104798495,FlameThrower4 (12/20),0,99.55,1B Vladimir Guerrero Jr. 2B Brice Turang 3B David Hamilton C William Contreras OF George Springer OF Jake Bauers OF Jordan Walker P Chad Patrick P Dustin May SS Colson Montgomery,,,
187,5104784562,Elwaysarmy (20/20),0,99.05,1B Vladimir Guerrero Jr. 2B Luisangel Acuna 3B Miguel Vargas C Reese McGuire OF George Springer OF Christian Yelich OF Austin Hays P Jack Flaherty P Chad Patrick SS Colson Montgomery,,,
187,5104791870,SpeedRacer101 (18/20),0,99.05,1B Vladimir Guerrero Jr. 2B Gleyber Torres 3B Kazuma Okamoto C Tyler Heineman OF George Springer OF Kerry Carpenter OF Myles Straw P Jack Flaherty P Chad Patrick SS Kevin McGonigle,,,
187,5104822637,Marcosamparo (1/20),0,99.05,1B Colt Keith 2B David Hamilton 3B Kevin McGonigle C Dillon Dingler OF Sal Frelick OF Garrett Mitchell OF Brandon Lockridge P Jack Flaherty P Chad Patrick SS Bobby Witt Jr.,,,
187,5104826599,DraftKingsEAD (7/20),0,99.05,1B Colt Keith 2B Brice Turang 3B Luis Rengifo C William Contreras OF Christian Yelich OF Daulton Varsho OF Garrett Mitchell P Jack Flaherty P Chad Patrick SS Kevin McGonigle,,,
187,5104829435,themvf (5/20),0,99.05,1B Alec Burleson 2B Brice Turang 3B David Hamilton C William Contreras OF Christian Yelich OF Garrett Mitchell OF Nick Loftin P Jack Flaherty P Chad Patrick SS Kevin McGonigle,,,
187,5104829441,themvf (11/20),0,99.05,1B Alec Burleson 2B Brice Turang 3B David Hamilton C William Contreras OF Christian Yelich OF Garrett Mitchell OF Nick Loftin P Jack Flaherty P Chad Patrick SS Kevin McGonigle,,,
187,5104850516,WhamRam45 (3/3),0,99.05,1B Munetaka Murakami 2B Brice Turang 3B Kazuma Okamoto C William Contreras OF Christian Yelich OF Riley Greene OF Garrett Mitchell P Jack Flaherty P Chad Patrick SS Andres Gimenez,,,
194,5104761520,MaxTheMin (20/20),0,98.8,1B Alec Burleson 2B JJ Wetherholt 3B Luis Rengifo C William Contreras OF Christian Yelich OF Sal Frelick OF Jake Bauers P Chad Patrick P Anthony Kay SS Bobby Witt Jr.,,,
194,5104831135,JustHeem23 (18/20),0,98.8,1B Alec Burleson 2B Brice Turang 3B David Hamilton C William Contreras OF Christian Yelich OF Sal Frelick OF Zach McKinstry P Chad Patrick P Anthony Kay SS Bobby Witt Jr.,,,
196,5104757142,godnref (2/20),0,98.75,1B Colt Keith 2B Gleyber Torres 3B Luis Rengifo C William Contreras OF Sal Frelick OF Jake Bauers OF Garrett Mitchell P Jack Flaherty P Anthony Kay SS Kevin McGonigle,,,
196,5104826610,DraftKingsEAD (18/20),0,98.75,1B Munetaka Murakami 2B Brice Turang 3B Luis Rengifo C William Contreras OF Christian Yelich OF Riley Greene OF Garrett Mitchell P Jack Flaherty P Anthony Kay SS Kevin McGonigle,,,
198,5104803876,newguy2015 (8/14),0,98.2,1B Vladimir Guerrero Jr. 2B Davis Schneider 3B Kazuma Okamoto C Ivan Herrera OF George Springer OF Riley Greene OF Kerry Carpenter P Chad Patrick P Luinder Avila SS Colson Montgomery,,,
199,5104822656,Marcosamparo (20/20),0,98.05,1B Vladimir Guerrero Jr. 2B David Hamilton 3B Luis Rengifo C William Contreras OF Daulton Varsho OF Garrett Mitchell OF Brandon Lockridge P Jack Flaherty P Chad Patrick SS Andres Gimenez,,,
199,5104823868,Lvar256 (1/2),0,98.05,1B Vladimir Guerrero Jr. 2B JJ Wetherholt 3B Colt Keith C William Contreras OF Jac Caglianone OF Starling Marte OF Victor Scott II P Jack Flaherty P Chad Patrick SS Bobby Witt Jr.,,,
199,5104828886,scrub69 (4/7),0,98.05,1B Vladimir Guerrero Jr. 2B Ernie Clement 3B Kazuma Okamoto C Reese McGuire OF George Springer OF Davis Schneider OF Garrett Mitchell P Jack Flaherty P Chad Patrick SS Bobby Witt Jr.,,,
199,5104879215,twinsfan5 (20/20),0,98.05,1B Vladimir Guerrero Jr. 2B Davis Schneider 3B Ernie Clement C William Contreras OF George Springer OF Christian Yelich OF Garrett Mitchell P Jack Flaherty P Chad Patrick SS Andres Gimenez,,,
203,5104761513,MaxTheMin (13/20),0,97.850006,1B Vladimir Guerrero Jr. 2B Brice Turang 3B Luis Rengifo C Ivan Herrera OF George Springer OF Christian Yelich OF Sal Frelick P Chad Patrick P Lazaro Estrada SS Kevin McGonigle,,,
203,5104780345,chuckface8,0,97.850006,1B Vladimir Guerrero Jr. 2B Brice Turang 3B Kazuma Okamoto C William Contreras OF George Springer OF Christian Yelich OF Davis Schneider P Chad Patrick P Lazaro Estrada SS Colson Montgomery,,,
203,5104783457,cferland92,0,97.850006,1B Vladimir Guerrero Jr. 2B JJ Wetherholt 3B Nolan Gorman C Dillon Dingler OF George Springer OF Christian Yelich OF Riley Greene P Chad Patrick P Lazaro Estrada SS Kevin McGonigle,,,
206,5104826025,bookert21 (20/20),0,97.8,1B Alec Burleson 2B Brice Turang 3B Miguel Vargas C William Contreras OF Christian Yelich OF Sal Frelick OF Jake Bauers P Chad Patrick P Anthony Kay SS Colson Montgomery,,,
207,5104784544,Elwaysarmy (2/20),0,97.75,1B Vinnie Pasquantino 2B Brice Turang 3B David Hamilton C William Contreras OF Christian Yelich OF Kerry Carpenter OF Garrett Mitchell P Jack Flaherty P Anthony Kay SS Bobby Witt Jr.,,,
207,5104855777,twinsfan5 (3/20),0,97.75,1B Vinnie Pasquantino 2B Gleyber Torres 3B Kevin McGonigle C Salvador Perez OF Riley Greene OF Kerry Carpenter OF Zach McKinstry P Jack Flaherty P Anthony Kay SS Bobby Witt Jr.,,,
209,5104844888,Ryno1994,0,97.5,1B Miguel Vargas 2B Brice Turang 3B Kazuma Okamoto C William Contreras OF Christian Yelich OF Austin Hays OF Garrett Mitchell P Jack Flaherty P Dustin May SS Bobby Witt Jr.,,,
210,5104744552,cliffwes (1/2),0,97.05,1B Alec Burleson 2B JJ Wetherholt 3B Nolan Gorman C Ivan Herrera OF Riley Greene OF Kerry Carpenter OF Victor Scott II P Jack Flaherty P Chad Patrick SS Kevin McGonigle,,,
210,5104744557,cliffwes (2/2),0,97.05,1B Alec Burleson 2B JJ Wetherholt 3B Nolan Gorman C Ivan Herrera OF Riley Greene OF Kerry Carpenter OF Victor Scott II P Jack Flaherty P Chad Patrick SS Kevin McGonigle,,,
210,5104757149,godnref (9/20),0,97.05,1B Munetaka Murakami 2B Luisangel Acuna 3B Kevin McGonigle C Reese McGuire OF Riley Greene OF Kerry Carpenter OF Austin Hays P Jack Flaherty P Chad Patrick SS Colson Montgomery,,,
210,5104764708,vendetta281,0,97.05,1B Munetaka Murakami 2B Brice Turang 3B Colson Montgomery C Salvador Perez OF George Springer OF Christian Yelich OF Garrett Mitchell P Jack Flaherty P Chad Patrick SS Andres Gimenez,,,
210,5104810523,jpop222 (1/5),0,97.05,1B Vladimir Guerrero Jr. 2B Gleyber Torres 3B Nolan Gorman C Salvador Perez OF George Springer OF Kerry Carpenter OF Davis Schneider P Jack Flaherty P Chad Patrick SS Kevin McGonigle,,,
210,5104810524,jpop222 (2/5),0,97.05,1B Vladimir Guerrero Jr. 2B Gleyber Torres 3B Nolan Gorman C Salvador Perez OF George Springer OF Kerry Carpenter OF Davis Schneider P Jack Flaherty P Chad Patrick SS Kevin McGonigle,,,
210,5104810525,jpop222 (3/5),0,97.05,1B Vladimir Guerrero Jr. 2B Gleyber Torres 3B Nolan Gorman C Salvador Perez OF George Springer OF Kerry Carpenter OF Davis Schneider P Jack Flaherty P Chad Patrick SS Kevin McGonigle,,,
210,5104810526,jpop222 (4/5),0,97.05,1B Vladimir Guerrero Jr. 2B Gleyber Torres 3B Nolan Gorman C Salvador Perez OF George Springer OF Kerry Carpenter OF Davis Schneider P Jack Flaherty P Chad Patrick SS Kevin McGonigle,,,
210,5104810527,jpop222 (5/5),0,97.05,1B Vladimir Guerrero Jr. 2B Gleyber Torres 3B Nolan Gorman C Salvador Perez OF George Springer OF Kerry Carpenter OF Davis Schneider P Jack Flaherty P Chad Patrick SS Kevin McGonigle,,,
210,5104827207,TroyShilohhh,0,97.05,1B Spencer Torkelson 2B Gleyber Torres 3B Colt Keith C William Contreras OF George Springer OF Daulton Varsho OF Zach McKinstry P Jack Flaherty P Chad Patrick SS Kevin McGonigle,,,
210,5104853790,Mrrodshaun516 (20/20),0,97.05,1B Vladimir Guerrero Jr. 2B Davis Schneider 3B Luis Rengifo C William Contreras OF George Springer OF Daulton Varsho OF Garrett Mitchell P Jack Flaherty P Chad Patrick SS Joey Ortiz,,,
221,5104772841,Homer_For_Life (5/20),0,97,1B Spencer Torkelson 2B Gleyber Torres 3B Ernie Clement C Dillon Dingler OF George Springer OF Kerry Carpenter OF Zach McKinstry P Jack Flaherty P Seth Lugo SS Bobby Witt Jr.,,,
222,5104848415,Dicedaddy (1/2),0,96.8,1B Vladimir Guerrero Jr. 2B Ernie Clement 3B Colt Keith C William Contreras OF George Springer OF Riley Greene OF Kerry Carpenter P Jack Flaherty P Lazaro Estrada SS Bobby Witt Jr.,,,
223,5104766816,rogs1draft (17/20),0,96.75,1B Vladimir Guerrero Jr. 2B Ernie Clement 3B David Hamilton C Dillon Dingler OF Zach McKinstry OF Garrett Mitchell OF Parker Meadows P Dustin May P Grant Taylor SS Andres Gimenez,,,
223,5104831134,JustHeem23 (17/20),0,96.75,1B Vinnie Pasquantino 2B Gleyber Torres 3B Colt Keith C Ivan Herrera OF Christian Yelich OF Kerry Carpenter OF Jake Bauers P Jack Flaherty P Anthony Kay SS Bobby Witt Jr.,,,
225,5104791853,SpeedRacer101 (1/20),0,96.25,1B Alec Burleson 2B JJ Wetherholt 3B Maikel Garcia C Ivan Herrera OF Austin Hays OF Nathan Church OF Jordan Walker P Dustin May P Anthony Kay SS Bobby Witt Jr.,,,
225,5104841947,edwin514 (1/20),0,96.25,1B Munetaka Murakami 2B Luisangel Acuna 3B Luis Rengifo C William Contreras OF Christian Yelich OF Starling Marte OF Garrett Mitchell P Dustin May P Anthony Kay SS Bobby Witt Jr.,,,
227,5104819012,iGAMBLE (8/20),0,96.05,1B Munetaka Murakami 2B Lenyn Sosa 3B Kevin McGonigle C William Contreras OF George Springer OF Christian Yelich OF Austin Hays P Jack Flaherty P Chad Patrick SS Colson Montgomery,,,
228,5104770324,award1434 (2/2),0,95.9,1B Munetaka Murakami 2B JJ Wetherholt 3B Miguel Vargas C Dillon Dingler OF George Springer OF Christian Yelich OF Riley Greene P Luinder Avila P Anthony Kay SS Bobby Witt Jr.,,,
229,5104796137,kingsping,0,95.850006,1B Vladimir Guerrero Jr. 2B David Hamilton 3B Kevin McGonigle C Tyler Heineman OF George Springer OF Christian Yelich OF Riley Greene P Chad Patrick P Lazaro Estrada SS Bobby Witt Jr.,,,
230,5104757160,godnref (20/20),0,95.8,1B Colt Keith 2B Brice Turang 3B Maikel Garcia C William Contreras OF Christian Yelich OF Sal Frelick OF Garrett Mitchell P Jack Flaherty P Lazaro Estrada SS Bobby Witt Jr.,,,
230,5104804882,BossHogDaddyDog (10/20),0,95.8,1B Vladimir Guerrero Jr. 2B Brice Turang 3B Kazuma Okamoto C Ivan Herrera OF George Springer OF Kerry Carpenter OF Davis Schneider P Jack Flaherty P Lazaro Estrada SS Bobby Witt Jr.,,,
230,5104804898,BossHogDaddyDog (12/20),0,95.8,1B Vladimir Guerrero Jr. 2B Brice Turang 3B Kazuma Okamoto C Ivan Herrera OF George Springer OF Kerry Carpenter OF Davis Schneider P Jack Flaherty P Lazaro Estrada SS Bobby Witt Jr.,,,
230,5104846879,jlegrand22 (17/20),0,95.8,1B Vladimir Guerrero Jr. 2B Brice Turang 3B Maikel Garcia C William Contreras OF George Springer OF Starling Marte OF Garrett Mitchell P Jack Flaherty P Lazaro Estrada SS Bobby Witt Jr.,,,
230,5104858390,eagles1985 (3/5),0,95.8,1B Spencer Torkelson 2B Gleyber Torres 3B Kazuma Okamoto C Dillon Dingler OF Daulton Varsho OF Riley Greene OF Kerry Carpenter P Jack Flaherty P Lazaro Estrada SS Bobby Witt Jr.,,,
235,5104757156,godnref (16/20),0,95.75,1B Spencer Torkelson 2B Gleyber Torres 3B Luis Rengifo C William Contreras OF Christian Yelich OF Riley Greene OF Kerry Carpenter P Jack Flaherty P Anthony Kay SS Kevin McGonigle,,,
236,5104772852,Homer_For_Life (16/20),0,95.05,1B Vladimir Guerrero Jr. 2B Brice Turang 3B David Hamilton C William Contreras OF George Springer OF Garrett Mitchell OF Brandon Lockridge P Jack Flaherty P Chad Patrick SS Kevin McGonigle,,,
236,5104778601,Edub_76 (2/4),0,95.05,1B Munetaka Murakami 2B Chase Meidroth 3B Kevin McGonigle C William Contreras OF Christian Yelich OF Riley Greene OF Austin Hays P Jack Flaherty P Chad Patrick SS Colson Montgomery,,,
236,5104829436,themvf (6/20),0,95.05,1B Jake Bauers 2B Brice Turang 3B David Hamilton C William Contreras OF Christian Yelich OF Isaac Collins OF Jordan Walker P Jack Flaherty P Chad Patrick SS Kevin McGonigle,,,
236,5104829442,themvf (12/20),0,95.05,1B Jake Bauers 2B Brice Turang 3B David Hamilton C William Contreras OF Christian Yelich OF Isaac Collins OF Jordan Walker P Jack Flaherty P Chad Patrick SS Kevin McGonigle,,,
236,5104870201,twinsfan5 (12/20),0,95.05,1B Jake Bauers 2B Brice Turang 3B Colt Keith C William Contreras OF Riley Greene OF Kerry Carpenter OF Zach McKinstry P Jack Flaherty P Chad Patrick SS Kevin McGonigle,,,
241,5104849686,scrub69 (7/7),0,94.850006,1B Alec Burleson 2B JJ Wetherholt 3B Nolan Gorman C Ivan Herrera OF George Springer OF Daulton Varsho OF Nathan Church P Chad Patrick P Lazaro Estrada SS Bobby Witt Jr.,,,
242,5104765686,wheelingstogies,0,94.8,1B Vladimir Guerrero Jr. 2B Davis Schneider 3B Kazuma Okamoto C Salvador Perez OF Christian Yelich OF Riley Greene OF Kerry Carpenter P Jack Flaherty P Lazaro Estrada SS Bobby Witt Jr.,,,
242,5104781014,Johnnyscalz (1/10),0,94.8,1B Vladimir Guerrero Jr. 2B Brice Turang 3B Maikel Garcia C Tyler Heineman OF George Springer OF Christian Yelich OF Garrett Mitchell P Jack Flaherty P Lazaro Estrada SS Bobby Witt Jr.,,,
242,5104781015,Johnnyscalz (2/10),0,94.8,1B Vladimir Guerrero Jr. 2B Brice Turang 3B Maikel Garcia C Tyler Heineman OF George Springer OF Christian Yelich OF Garrett Mitchell P Jack Flaherty P Lazaro Estrada SS Bobby Witt Jr.,,,
242,5104781016,Johnnyscalz (3/10),0,94.8,1B Vladimir Guerrero Jr. 2B Brice Turang 3B Maikel Garcia C Tyler Heineman OF George Springer OF Christian Yelich OF Garrett Mitchell P Jack Flaherty P Lazaro Estrada SS Bobby Witt Jr.,,,
242,5104781017,Johnnyscalz (4/10),0,94.8,1B Vladimir Guerrero Jr. 2B Brice Turang 3B Maikel Garcia C Tyler Heineman OF George Springer OF Christian Yelich OF Garrett Mitchell P Jack Flaherty P Lazaro Estrada SS Bobby Witt Jr.,,,
242,5104781018,Johnnyscalz (5/10),0,94.8,1B Vladimir Guerrero Jr. 2B Brice Turang 3B Maikel Garcia C Tyler Heineman OF George Springer OF Christian Yelich OF Garrett Mitchell P Jack Flaherty P Lazaro Estrada SS Bobby Witt Jr.,,,
242,5104781019,Johnnyscalz (6/10),0,94.8,1B Vladimir Guerrero Jr. 2B Brice Turang 3B Maikel Garcia C Tyler Heineman OF George Springer OF Christian Yelich OF Garrett Mitchell P Jack Flaherty P Lazaro Estrada SS Bobby Witt Jr.,,,
242,5104781020,Johnnyscalz (7/10),0,94.8,1B Vladimir Guerrero Jr. 2B Brice Turang 3B Maikel Garcia C Tyler Heineman OF George Springer OF Christian Yelich OF Garrett Mitchell P Jack Flaherty P Lazaro Estrada SS Bobby Witt Jr.,,,
242,5104781021,Johnnyscalz (8/10),0,94.8,1B Vladimir Guerrero Jr. 2B Brice Turang 3B Maikel Garcia C Tyler Heineman OF George Springer OF Christian Yelich OF Garrett Mitchell P Jack Flaherty P Lazaro Estrada SS Bobby Witt Jr.,,,
242,5104781022,Johnnyscalz (9/10),0,94.8,1B Vladimir Guerrero Jr. 2B Brice Turang 3B Maikel Garcia C Tyler Heineman OF George Springer OF Christian Yelich OF Garrett Mitchell P Jack Flaherty P Lazaro Estrada SS Bobby Witt Jr.,,,
242,5104781023,Johnnyscalz (10/10),0,94.8,1B Vladimir Guerrero Jr. 2B Brice Turang 3B Maikel Garcia C Tyler Heineman OF George Springer OF Christian Yelich OF Garrett Mitchell P Jack Flaherty P Lazaro Estrada SS Bobby Witt Jr.,,,
242,5104842376,pat_the_hat2 (4/11),0,94.8,1B Alec Burleson 2B Brice Turang 3B Luis Rengifo C William Contreras OF Christian Yelich OF Riley Greene OF Kerry Carpenter P Chad Patrick P Anthony Kay SS Kevin McGonigle,,,
242,5104846871,jlegrand22 (9/20),0,94.8,1B Munetaka Murakami 2B Chase Meidroth 3B Colson Montgomery C William Contreras OF George Springer OF Christian Yelich OF Austin Hays P Jack Flaherty P Lazaro Estrada SS Bobby Witt Jr.,,,
255,5104821645,dmann8888 (7/20),0,94.75,1B Colt Keith 2B Gleyber Torres 3B Maikel Garcia C Salvador Perez OF Riley Greene OF Zach McKinstry OF Parker Meadows P Jack Flaherty P Anthony Kay SS Bobby Witt Jr.,,,
256,5104808143,Chunkputt7 (2/2),0,94.2,1B Colt Keith 2B Brice Turang 3B Miguel Vargas C Dillon Dingler OF George Springer OF Riley Greene OF Kerry Carpenter P Chad Patrick P Luinder Avila SS Bobby Witt Jr.,,,
257,5104796240,boys4 (1/3),0,94.15,1B Colt Keith 2B Gleyber Torres 3B Kevin McGonigle C Salvador Perez OF George Springer OF Kerry Carpenter OF Zach McKinstry P Jack Flaherty P Luinder Avila SS Bobby Witt Jr.,,,
258,5104765397,womana1mighty (3/20),0,94.05,1B Spencer Torkelson 2B Chase Meidroth 3B Colt Keith C Dillon Dingler OF Christian Yelich OF Riley Greene OF Zach McKinstry P Jack Flaherty P Chad Patrick SS Colson Montgomery,,,
258,5104766927,tigersforlife3 (1/6),0,94.05,1B Vladimir Guerrero Jr. 2B Chase Meidroth 3B Colt Keith C Dillon Dingler OF George Springer OF Kerry Carpenter OF Parker Meadows P Jack Flaherty P Chad Patrick SS Kevin McGonigle,,,
258,5104837804,blaydes (13/20),0,94.05,1B Munetaka Murakami 2B Davis Schneider 3B Colt Keith C Dillon Dingler OF George Springer OF Riley Greene OF Kerry Carpenter P Jack Flaherty P Chad Patrick SS Kevin McGonigle,,,
258,5104848355,Donso (5/5),0,94.05,1B Vladimir Guerrero Jr. 2B Brice Turang 3B Colson Montgomery C Reese McGuire OF Riley Greene OF Kerry Carpenter OF Austin Hays P Jack Flaherty P Chad Patrick SS Kevin McGonigle,,,
258,5104855954,MediumMilton,0,94.05,1B Munetaka Murakami 2B Gleyber Torres 3B Maikel Garcia C William Contreras OF George Springer OF Kerry Carpenter OF Jake Bauers P Jack Flaherty P Chad Patrick SS Andres Gimenez,,,
258,5104858158,BReezy3000 (2/3),0,94.05,1B Vladimir Guerrero Jr. 2B Brice Turang 3B Colt Keith C Dillon Dingler OF Christian Yelich OF Kerry Carpenter OF Kyle Isbel P Jack Flaherty P Chad Patrick SS Kevin McGonigle,,,
264,5104772842,Homer_For_Life (6/20),0,94,1B Vladimir Guerrero Jr. 2B Gleyber Torres 3B Kazuma Okamoto C Tyler Heineman OF Daulton Varsho OF Zach McKinstry OF Davis Schneider P Jack Flaherty P Seth Lugo SS Bobby Witt Jr.,,,
265,5104796567,BossHogDaddyDog (3/20),0,93.8,1B Vladimir Guerrero Jr. 2B Brice Turang 3B Luis Rengifo C William Contreras OF George Springer OF Kerry Carpenter OF Jake Bauers P Jack Flaherty P Lazaro Estrada SS Bobby Witt Jr.,,,
265,5104804886,BossHogDaddyDog (11/20),0,93.8,1B Vladimir Guerrero Jr. 2B Brice Turang 3B Luis Rengifo C William Contreras OF George Springer OF Kerry Carpenter OF Jake Bauers P Jack Flaherty P Lazaro Estrada SS Bobby Witt Jr.,,,
267,5104798498,FlameThrower4 (15/20),0,93.55,1B Vladimir Guerrero Jr. 2B Brice Turang 3B Kazuma Okamoto C Ivan Herrera OF George Springer OF Christian Yelich OF Jordan Walker P Chad Patrick P Dustin May SS Andres Gimenez,,,
268,5104810338,kingpin131 (1/2),0,93.15,1B Vladimir Guerrero Jr. 2B Brice Turang 3B Maikel Garcia C Dillon Dingler OF Kerry Carpenter OF Garrett Mitchell OF Kyle Isbel P Jack Flaherty P Luinder Avila SS Bobby Witt Jr.,,,
268,5104822639,Marcosamparo (3/20),0,93.15,1B Colt Keith 2B Gleyber Torres 3B Luis Rengifo C Dillon Dingler OF Riley Greene OF Kerry Carpenter OF Kyle Isbel P Jack Flaherty P Luinder Avila SS Bobby Witt Jr.,,,
270,5104772219,mawalter (2/2),0,93.05,1B Vladimir Guerrero Jr. 2B Davis Schneider 3B Kevin McGonigle C Tyler Heineman OF George Springer OF Daulton Varsho OF Kerry Carpenter P Jack Flaherty P Chad Patrick SS Colson Montgomery,,,
270,5104784552,Elwaysarmy (10/20),0,93.05,1B Vladimir Guerrero Jr. 2B Lenyn Sosa 3B Miguel Vargas C Reese McGuire OF George Springer OF Daulton Varsho OF Austin Hays P Jack Flaherty P Chad Patrick SS Colson Montgomery,,,
270,5104815686,tedsellers86 (1/2),0,93.05,1B Jake Bauers 2B Brice Turang 3B Colt Keith C William Contreras OF Christian Yelich OF Riley Greene OF Garrett Mitchell P Jack Flaherty P Chad Patrick SS Kevin McGonigle,,,
270,5104834027,Edub_76 (3/4),0,93.05,1B Vinnie Pasquantino 2B Ernie Clement 3B Colson Montgomery C William Contreras OF Christian Yelich OF Austin Hays OF Davis Schneider P Jack Flaherty P Chad Patrick SS Bobby Witt Jr.,,,
270,5104844723,bleuloc,0,93.05,1B Colt Keith 2B JJ Wetherholt 3B Kevin McGonigle C Dillon Dingler OF Christian Yelich OF Riley Greene OF Kerry Carpenter P Jack Flaherty P Chad Patrick SS Andres Gimenez,,,
270,5104870215,twinsfan5 (13/20),0,93.05,1B Spencer Torkelson 2B Brice Turang 3B Colt Keith C Dillon Dingler OF Christian Yelich OF Riley Greene OF Garrett Mitchell P Jack Flaherty P Chad Patrick SS Kevin McGonigle,,,
276,5104810365,BossHogDaddyDog (14/20),0,92.850006,1B Vladimir Guerrero Jr. 2B Brice Turang 3B Luis Rengifo C William Contreras OF George Springer OF Sal Frelick OF Jake Bauers P Chad Patrick P Lazaro Estrada SS Bobby Witt Jr.,,,
276,5104810372,BossHogDaddyDog (15/20),0,92.850006,1B Vladimir Guerrero Jr. 2B Brice Turang 3B Luis Rengifo C William Contreras OF George Springer OF Sal Frelick OF Jake Bauers P Chad Patrick P Lazaro Estrada SS Bobby Witt Jr.,,,
278,5104784457,EliReasons (14/20),0,92.75,1B Vinnie Pasquantino 2B Zach McKinstry 3B Maikel Garcia C Dillon Dingler OF Riley Greene OF Kerry Carpenter OF Parker Meadows P Jack Flaherty P Anthony Kay SS Bobby Witt Jr.,,,
278,5104787874,VariableX (13/20),0,92.75,1B Colt Keith 2B Zach McKinstry 3B Luis Rengifo C William Contreras OF Riley Greene OF Kerry Carpenter OF Nick Loftin P Jack Flaherty P Anthony Kay SS Kevin McGonigle,,,
278,5104831103,Patrick_Star (20/20),0,92.75,1B Vinnie Pasquantino 2B Brice Turang 3B Luis Rengifo C William Contreras OF Christian Yelich OF Jac Caglianone OF Garrett Mitchell P Jack Flaherty P Anthony Kay SS Bobby Witt Jr.,,,
281,5104752109,Raiderfanatic2195 (4/20),0,92.55,1B Alec Burleson 2B JJ Wetherholt 3B Nolan Gorman C Ivan Herrera OF George Springer OF Daulton Varsho OF Kerry Carpenter P Chad Patrick P Dustin May SS Bobby Witt Jr.,,,
282,5104851924,pathskins (5/6),0,92.5,1B Miguel Vargas 2B Gleyber Torres 3B Maikel Garcia C Salvador Perez OF Riley Greene OF Kerry Carpenter OF Jac Caglianone P Jack Flaherty P Dustin May SS Bobby Witt Jr.,,,
283,5104851206,137666 (1/3),0,92.3,1B Alec Burleson 2B JJ Wetherholt 3B Luis Rengifo C Ivan Herrera OF George Springer OF Christian Yelich OF Myles Straw P Dustin May P Lazaro Estrada SS Bobby Witt Jr.,,,
284,5104826018,bookert21 (13/20),0,92.2,1B Vladimir Guerrero Jr. 2B JJ Wetherholt 3B Kazuma Okamoto C Ivan Herrera OF George Springer OF Daulton Varsho OF Austin Hays P Chad Patrick P Luinder Avila SS Colson Montgomery,,,
284,5104836587,pathskins (1/6),0,92.2,1B Vladimir Guerrero Jr. 2B Gleyber Torres 3B Ernie Clement C William Contreras OF George Springer OF Riley Greene OF Kerry Carpenter P Chad Patrick P Luinder Avila SS Andres Gimenez,,,
286,5104772218,mawalter (1/2),0,92.05,1B Vladimir Guerrero Jr. 2B Brice Turang 3B Luis Rengifo C William Contreras OF Christian Yelich OF Austin Hays OF Davis Schneider P Jack Flaherty P Chad Patrick SS Kevin McGonigle,,,
286,5104817949,SinCitySlumdweller (1/2),0,92.05,1B Munetaka Murakami 2B Ernie Clement 3B Kevin McGonigle C Dillon Dingler OF Christian Yelich OF Daulton Varsho OF Riley Greene P Jack Flaherty P Chad Patrick SS Colson Montgomery,,,
286,5104823572,SinCitySlumdweller (2/2),0,92.05,1B Munetaka Murakami 2B Ernie Clement 3B Kevin McGonigle C Dillon Dingler OF Christian Yelich OF Daulton Varsho OF Riley Greene P Jack Flaherty P Chad Patrick SS Colson Montgomery,,,
286,5104834492,joem2424,0,92.05,1B Vladimir Guerrero Jr. 2B Brice Turang 3B Miguel Vargas C William Contreras OF Christian Yelich OF Sal Frelick OF Kyle Isbel P Jack Flaherty P Chad Patrick SS Andres Gimenez,,,
286,5104858220,bdskalski,0,92.05,1B Jake Bauers 2B JJ Wetherholt 3B Kevin McGonigle C William Contreras OF George Springer OF Christian Yelich OF Jac Caglianone P Jack Flaherty P Chad Patrick SS Colson Montgomery,,,
291,5104826024,bookert21 (19/20),0,91.75,1B Spencer Torkelson 2B Gleyber Torres 3B Maikel Garcia C Salvador Perez OF Riley Greene OF Zach McKinstry OF Parker Meadows P Jack Flaherty P Anthony Kay SS Bobby Witt Jr.,,,
291,5104831102,Patrick_Star (19/20),0,91.75,1B Jake Bauers 2B Brice Turang 3B Maikel Garcia C William Contreras OF Christian Yelich OF Kerry Carpenter OF Garrett Mitchell P Jack Flaherty P Anthony Kay SS Bobby Witt Jr.,,,
291,5104843844,Hawkeye1992 (5/5),0,91.75,1B Vladimir Guerrero Jr. 2B Gleyber Torres 3B Colt Keith C Salvador Perez OF Riley Greene OF Kerry Carpenter OF Jac Caglianone P Jack Flaherty P Anthony Kay SS Kevin McGonigle,,,
294,5104743708,rickd2424 (4/5),0,91.55,1B Alec Burleson 2B Brice Turang 3B Nolan Gorman C Ivan Herrera OF George Springer OF Victor Scott II OF Jordan Walker P Chad Patrick P Dustin May SS Bobby Witt Jr.,,,
294,5104784411,ajcorey,0,91.55,1B Miguel Vargas 2B JJ Wetherholt 3B Kevin McGonigle C Salvador Perez OF George Springer OF Christian Yelich OF Davis Schneider P Chad Patrick P Dustin May SS Bobby Witt Jr.,,,
296,5104767946,Hunter1057 (1/2),0,91.5,1B Miguel Vargas 2B Nolan Gorman 3B Kevin McGonigle C Ivan Herrera OF George Springer OF Christian Yelich OF Kerry Carpenter P Jack Flaherty P Dustin May SS Bobby Witt Jr.,,,
296,5104782291,Hunter1057 (2/2),0,91.5,1B Miguel Vargas 2B Nolan Gorman 3B Kevin McGonigle C Ivan Herrera OF George Springer OF Christian Yelich OF Kerry Carpenter P Jack Flaherty P Dustin May SS Bobby Witt Jr.,,,
296,5104853787,Mrrodshaun516 (17/20),0,91.5,1B Alec Burleson 2B JJ Wetherholt 3B Kazuma Okamoto C Ivan Herrera OF George Springer OF Jordan Walker OF Thomas Saggese P Dustin May P Kris Bubic SS Colson Montgomery,,,
299,5104778581,superunknowx (6/20),0,91.2,1B Vladimir Guerrero Jr. 2B JJ Wetherholt 3B Kazuma Okamoto C Ivan Herrera OF George Springer OF Daulton Varsho OF Riley Greene P Chad Patrick P Luinder Avila SS Colson Montgomery,,,
299,5104803805,newguy2015 (7/14),0,91.2,1B Vladimir Guerrero Jr. 2B JJ Wetherholt 3B Kazuma Okamoto C Ivan Herrera OF George Springer OF Daulton Varsho OF Riley Greene P Chad Patrick P Luinder Avila SS Colson Montgomery,,,
301,5104778580,superunknowx (5/20),0,91.05,1B Munetaka Murakami 2B Brice Turang 3B Colt Keith C William Contreras OF George Springer OF Kerry Carpenter OF Myles Straw P Jack Flaherty P Chad Patrick SS Kevin McGonigle,,,
301,5104783464,coach421 (1/2),0,91.05,1B Spencer Torkelson 2B JJ Wetherholt 3B Colt Keith C Dillon Dingler OF George Springer OF Christian Yelich OF Riley Greene P Jack Flaherty P Chad Patrick SS Colson Montgomery,,,
301,5104829431,themvf (1/20),0,91.05,1B Colt Keith 2B Davis Schneider 3B Kevin McGonigle C Ivan Herrera OF George Springer OF Christian Yelich OF Riley Greene P Jack Flaherty P Chad Patrick SS Colson Montgomery,,,
301,5104840810,Donso (4/5),0,91.05,1B Vladimir Guerrero Jr. 2B Lenyn Sosa 3B Colson Montgomery C Dillon Dingler OF Daulton Varsho OF Riley Greene OF Kerry Carpenter P Jack Flaherty P Chad Patrick SS Andres Gimenez,,,
301,5104879243,Ctracefan (3/12),0,91.05,1B Miguel Vargas 2B Lenyn Sosa 3B Colson Montgomery C Salvador Perez OF George Springer OF Riley Greene OF Luisangel Acuna P Jack Flaherty P Chad Patrick SS Bobby Witt Jr.,,,
306,5104772845,Homer_For_Life (9/20),0,91,1B Vladimir Guerrero Jr. 2B Zach McKinstry 3B Ernie Clement C Tyler Heineman OF George Springer OF Kerry Carpenter OF Davis Schneider P Jack Flaherty P Seth Lugo SS Bobby Witt Jr.,,,
307,5104853587,Oak1050 (3/6),0,90.950005,1B Vladimir Guerrero Jr. 2B JJ Wetherholt 3B Kazuma Okamoto C Ivan Herrera OF George Springer OF Riley Greene OF Davis Schneider P Luinder Avila P Lazaro Estrada SS Bobby Witt Jr.,,,
308,5104766930,tigersforlife3 (4/6),0,90.8,1B Vladimir Guerrero Jr. 2B Brice Turang 3B Colt Keith C William Contreras OF George Springer OF Christian Yelich OF Kerry Carpenter P Jack Flaherty P Lazaro Estrada SS Kevin McGonigle,,,
308,5104784449,EliReasons (6/20),0,90.8,1B Vladimir Guerrero Jr. 2B Brice Turang 3B Luis Rengifo C William Contreras OF George Springer OF Christian Yelich OF Davis Schneider P Jack Flaherty P Lazaro Estrada SS Bobby Witt Jr.,,,
308,5104831127,JustHeem23 (10/20),0,90.8,1B Colt Keith 2B Brice Turang 3B Luis Rengifo C Ivan Herrera OF Christian Yelich OF Sal Frelick OF Austin Hays P Chad Patrick P Anthony Kay SS Bobby Witt Jr.,,,
311,5104752114,Raiderfanatic2195 (9/20),0,90.75,1B Spencer Torkelson 2B Brice Turang 3B Kevin McGonigle C Dillon Dingler OF Christian Yelich OF Kerry Carpenter OF Zach McKinstry P Jack Flaherty P Anthony Kay SS Bobby Witt Jr.,,,
312,5104776680,TheBossinMyWorld,0,90.55,1B Vladimir Guerrero Jr. 2B JJ Wetherholt 3B Nolan Gorman C Ivan Herrera OF George Springer OF Riley Greene OF Austin Hays P Chad Patrick P Dustin May SS Bobby Witt Jr.,,,
312,5104784549,Elwaysarmy (7/20),0,90.55,1B Vladimir Guerrero Jr. 2B JJ Wetherholt 3B Kazuma Okamoto C Ivan Herrera OF George Springer OF Davis Schneider OF Myles Straw P Chad Patrick P Dustin May SS Bobby Witt Jr.,,,
312,5104852420,yaopete (10/20),0,90.55,1B Vinnie Pasquantino 2B Gleyber Torres 3B Kevin McGonigle C Salvador Perez OF Riley Greene OF Kerry Carpenter OF Starling Marte P Anthony Kay P Lazaro Estrada SS Bobby Witt Jr.,,,
315,5104796586,BossHogDaddyDog (5/20),0,90.45,1B Vladimir Guerrero Jr. 2B Brice Turang 3B Luis Rengifo C William Contreras OF George Springer OF Sal Frelick OF Garrett Mitchell P Jack Flaherty P Mason Fluharty SS Bobby Witt Jr.,,,
315,5104804870,BossHogDaddyDog (9/20),0,90.45,1B Vladimir Guerrero Jr. 2B Brice Turang 3B Luis Rengifo C William Contreras OF George Springer OF Sal Frelick OF Garrett Mitchell P Jack Flaherty P Mason Fluharty SS Bobby Witt Jr.,,,
317,5104822644,Marcosamparo (8/20),0,90.2,1B Colt Keith 2B Zach McKinstry 3B Kazuma Okamoto C Dillon Dingler OF Daulton Varsho OF Kerry Carpenter OF Parker Meadows P Chad Patrick P Luinder Avila SS Andres Gimenez,,,
318,5104762966,Gnarlo,0,90.15,1B Miguel Vargas 2B JJ Wetherholt 3B Maikel Garcia C Dillon Dingler OF George Springer OF Riley Greene OF Kerry Carpenter P Jack Flaherty P Luinder Avila SS Bobby Witt Jr.,,,
319,5104737660,SumJenks (1/3),0,90.05,1B Colt Keith 2B JJ Wetherholt 3B Kazuma Okamoto C Dillon Dingler OF Riley Greene OF Sal Frelick OF Jac Caglianone P Jack Flaherty P Chad Patrick SS Bobby Witt Jr.,,,
319,5104823703,DoomsdayX,0,90.05,1B Colt Keith 2B Davis Schneider 3B Kevin McGonigle C Dillon Dingler OF Daulton Varsho OF Riley Greene OF Kerry Carpenter P Jack Flaherty P Chad Patrick SS Bobby Witt Jr.,,,
319,5104827395,NeoRevan,0,90.05,1B Munetaka Murakami 2B JJ Wetherholt 3B Kazuma Okamoto C Pedro Pages OF George Springer OF Christian Yelich OF Riley Greene P Jack Flaherty P Chad Patrick SS Kevin McGonigle,,,
319,5104879202,twinsfan5 (19/20),0,90.05,1B Colt Keith 2B Chase Meidroth 3B Kevin McGonigle C Dillon Dingler OF Riley Greene OF Kerry Carpenter OF Austin Hays P Jack Flaherty P Chad Patrick SS Colson Montgomery,,,
323,5104826603,DraftKingsEAD (11/20),0,89.8,1B Spencer Torkelson 2B Brice Turang 3B Luis Rengifo C Salvador Perez OF Riley Greene OF Kerry Carpenter OF Zach McKinstry P Jack Flaherty P Lazaro Estrada SS Kevin McGonigle,,,
323,5104826608,DraftKingsEAD (16/20),0,89.8,1B Spencer Torkelson 2B Gleyber Torres 3B Maikel Garcia C Salvador Perez OF Riley Greene OF Kerry Carpenter OF Starling Marte P Jack Flaherty P Lazaro Estrada SS Bobby Witt Jr.,,,
323,5104828884,scrub69 (2/7),0,89.8,1B Jake Bauers 2B Brice Turang 3B Kazuma Okamoto C William Contreras OF George Springer OF Christian Yelich OF Garrett Mitchell P Jack Flaherty P Lazaro Estrada SS Bobby Witt Jr.,,,
323,5104838191,Deftones5678 (3/3),0,89.8,1B Vladimir Guerrero Jr. 2B Brice Turang 3B Maikel Garcia C William Contreras OF George Springer OF Zach McKinstry OF Kyle Isbel P Jack Flaherty P Lazaro Estrada SS Bobby Witt Jr.,,,
327,5104760906,DonBlues91,0,89.55,1B Alec Burleson 2B JJ Wetherholt 3B David Hamilton C Ivan Herrera OF George Springer OF Christian Yelich OF Daulton Varsho P Chad Patrick P Dustin May SS Colson Montgomery,,,
327,5104784546,Elwaysarmy (4/20),0,89.55,1B Jake Bauers 2B Brice Turang 3B Nolan Gorman C Ivan Herrera OF Christian Yelich OF Sal Frelick OF Garrett Mitchell P Chad Patrick P Dustin May SS Bobby Witt Jr.,,,
327,5104842382,pat_the_hat2 (10/11),0,89.55,1B Vladimir Guerrero Jr. 2B JJ Wetherholt 3B Nolan Gorman C Ivan Herrera OF George Springer OF Christian Yelich OF Victor Scott II P Chad Patrick P Dustin May SS Colson Montgomery,,,
330,5104826016,bookert21 (11/20),0,89.2,1B Miguel Vargas 2B JJ Wetherholt 3B Kazuma Okamoto C Ivan Herrera OF George Springer OF Daulton Varsho OF Riley Greene P Chad Patrick P Luinder Avila SS Kevin McGonigle,,,
331,5104762464,schnib,0,89.05,1B Alec Burleson 2B JJ Wetherholt 3B Kevin McGonigle C Dillon Dingler OF Riley Greene OF Sal Frelick OF Jake Bauers P Jack Flaherty P Chad Patrick SS Bobby Witt Jr.,,,
331,5104772837,Homer_For_Life (1/20),0,89.05,1B Vladimir Guerrero Jr. 2B Gleyber Torres 3B Kazuma Okamoto C Tyler Heineman OF George Springer OF Riley Greene OF Davis Schneider P Jack Flaherty P Chad Patrick SS Kevin McGonigle,,,
331,5104859438,cheeksday,0,89.05,1B Jake Bauers 2B JJ Wetherholt 3B Colt Keith C William Contreras OF Christian Yelich OF Sal Frelick OF Isaac Collins P Jack Flaherty P Chad Patrick SS Bobby Witt Jr.,,,
334,5104846880,jlegrand22 (18/20),0,88.8,1B Vladimir Guerrero Jr. 2B Brice Turang 3B Maikel Garcia C Ivan Herrera OF George Springer OF Kerry Carpenter OF Isaac Collins P Jack Flaherty P Lazaro Estrada SS Bobby Witt Jr.,,,
334,5104846882,jlegrand22 (20/20),0,88.8,1B Colt Keith 2B Brice Turang 3B Kevin McGonigle C William Contreras OF George Springer OF Christian Yelich OF Kerry Carpenter P Jack Flaherty P Lazaro Estrada SS Bobby Witt Jr.,,,
336,5104784448,EliReasons (5/20),0,88.75,1B Vladimir Guerrero Jr. 2B David Hamilton 3B Luis Rengifo C William Contreras OF Christian Yelich OF Riley Greene OF Austin Hays P Jack Flaherty P Anthony Kay SS Bobby Witt Jr.,,,
336,5104831125,JustHeem23 (8/20),0,88.75,1B Munetaka Murakami 2B Lenyn Sosa 3B Maikel Garcia C Ivan Herrera OF Daulton Varsho OF Riley Greene OF Zach McKinstry P Jack Flaherty P Anthony Kay SS Bobby Witt Jr.,,,
338,5104798488,FlameThrower4 (5/20),0,88.55,1B Vladimir Guerrero Jr. 2B Davis Schneider 3B Kazuma Okamoto C William Contreras OF George Springer OF Christian Yelich OF Garrett Mitchell P Chad Patrick P Dustin May SS Andres Gimenez,,,
338,5104798491,FlameThrower4 (8/20),0,88.55,1B Vladimir Guerrero Jr. 2B David Hamilton 3B Kazuma Okamoto C William Contreras OF George Springer OF Christian Yelich OF Garrett Mitchell P Chad Patrick P Dustin May SS Joey Ortiz,,,
340,5104765407,womana1mighty (13/20),0,88.5,1B Vladimir Guerrero Jr. 2B Zach McKinstry 3B Kazuma Okamoto C William Contreras OF George Springer OF Riley Greene OF Davis Schneider P Chad Patrick P Mason Fluharty SS Kevin McGonigle,,,
340,5104821652,dmann8888 (14/20),0,88.5,1B Munetaka Murakami 2B Lenyn Sosa 3B Colson Montgomery C Salvador Perez OF Garrett Mitchell OF Luisangel Acuna OF Kyle Isbel P Jack Flaherty P Dustin May SS Bobby Witt Jr.,,,
342,5104758260,LPumphrey54,0,88.2,1B Vladimir Guerrero Jr. 2B Gleyber Torres 3B Kazuma Okamoto C Salvador Perez OF Daulton Varsho OF Jac Caglianone OF Davis Schneider P Chad Patrick P Luinder Avila SS Bobby Witt Jr.,,,
343,5104837803,blaydes (12/20),0,88.15,1B Vladimir Guerrero Jr. 2B Gleyber Torres 3B Colt Keith C Dillon Dingler OF George Springer OF Kerry Carpenter OF Davis Schneider P Jack Flaherty P Luinder Avila SS Kevin McGonigle,,,
344,5104752296,miked333 (2/7),0,88.05,1B Vladimir Guerrero Jr. 2B Brice Turang 3B Kazuma Okamoto C William Contreras OF George Springer OF Garrett Mitchell OF Myles Straw P Jack Flaherty P Chad Patrick SS Andres Gimenez,,,
344,5104778577,superunknowx (2/20),0,88.05,1B Vladimir Guerrero Jr. 2B Lenyn Sosa 3B Ernie Clement C William Contreras OF George Springer OF Christian Yelich OF Luisangel Acuna P Jack Flaherty P Chad Patrick SS Colson Montgomery,,,
344,5104853777,Mrrodshaun516 (7/20),0,88.05,1B Vladimir Guerrero Jr. 2B Gleyber Torres 3B Ernie Clement C Dillon Dingler OF George Springer OF Daulton Varsho OF Davis Schneider P Jack Flaherty P Chad Patrick SS Kevin McGonigle,,,
347,5104737442,GolfSpace7 (1/5),0,87.8,1B Vladimir Guerrero Jr. 2B Davis Schneider 3B Ernie Clement C William Contreras OF George Springer OF Christian Yelich OF Riley Greene P Jack Flaherty P Lazaro Estrada SS Bobby Witt Jr.,,,
348,5104757144,godnref (4/20),0,87.75,1B Spencer Torkelson 2B Gleyber Torres 3B Maikel Garcia C Dillon Dingler OF Riley Greene OF Zach McKinstry OF Starling Marte P Jack Flaherty P Anthony Kay SS Bobby Witt Jr.,,,
348,5104761502,MaxTheMin (2/20),0,87.75,1B Vinnie Pasquantino 2B David Hamilton 3B Maikel Garcia C William Contreras OF Christian Yelich OF Jac Caglianone OF Garrett Mitchell P Jack Flaherty P Anthony Kay SS Bobby Witt Jr.,,,
348,5104776852,Misfit1138,0,87.75,1B Vladimir Guerrero Jr. 2B Gleyber Torres 3B Kazuma Okamoto C Dillon Dingler OF Daulton Varsho OF Riley Greene OF Jac Caglianone P Jack Flaherty P Anthony Kay SS Colson Montgomery,,,
348,5104784446,EliReasons (3/20),0,87.75,1B Vinnie Pasquantino 2B Brice Turang 3B Luis Rengifo C William Contreras OF Christian Yelich OF Isaac Collins OF Garrett Mitchell P Jack Flaherty P Anthony Kay SS Bobby Witt Jr.,,,
348,5104824979,BullDozier (15/20),0,87.75,1B Vinnie Pasquantino 2B Gleyber Torres 3B Luis Rengifo C William Contreras OF Christian Yelich OF Riley Greene OF Sal Frelick P Jack Flaherty P Anthony Kay SS Bobby Witt Jr.,,,
348,5104831090,Patrick_Star (7/20),0,87.75,1B Lenyn Sosa 2B JJ Wetherholt 3B Maikel Garcia C William Contreras OF Christian Yelich OF Riley Greene OF Kerry Carpenter P Jack Flaherty P Anthony Kay SS Bobby Witt Jr.,,,
354,5104826429,negraf (14/20),0,87.4,1B Lenyn Sosa 2B Gleyber Torres 3B Maikel Garcia C Ivan Herrera OF Victor Scott II OF Nick Loftin OF Jordan Walker P Luinder Avila P Grant Taylor SS Kevin McGonigle,,,
355,5104826020,bookert21 (15/20),0,87.2,1B Vladimir Guerrero Jr. 2B JJ Wetherholt 3B Kazuma Okamoto C Ivan Herrera OF Daulton Varsho OF Riley Greene OF Austin Hays P Chad Patrick P Luinder Avila SS Kevin McGonigle,,,
356,5104858254,MikelDC,0,87.15,1B Vladimir Guerrero Jr. 2B Davis Schneider 3B Miguel Vargas C Ivan Herrera OF George Springer OF Christian Yelich OF Riley Greene P Jack Flaherty P Luinder Avila SS Kevin McGonigle,,,
356,5104861611,twinsfan5 (8/20),0,87.15,1B Vladimir Guerrero Jr. 2B Gleyber Torres 3B Kazuma Okamoto C Dillon Dingler OF George Springer OF Riley Greene OF Zach McKinstry P Jack Flaherty P Luinder Avila SS Kevin McGonigle,,,
358,5104797384,celicaguy42,0,87.05,1B Colt Keith 2B Gleyber Torres 3B Kazuma Okamoto C Ivan Herrera OF George Springer OF Christian Yelich OF Riley Greene P Jack Flaherty P Chad Patrick SS Andres Gimenez,,,
358,5104807356,stag12 (1/2),0,87.05,1B Colt Keith 2B Brice Turang 3B Ernie Clement C Tyler Heineman OF Christian Yelich OF Daulton Varsho OF Zach McKinstry P Jack Flaherty P Chad Patrick SS Bobby Witt Jr.,,,
358,5104813979,Jredsie,0,87.05,1B Lenyn Sosa 2B Gleyber Torres 3B Colt Keith C Dillon Dingler OF George Springer OF Christian Yelich OF Riley Greene P Jack Flaherty P Chad Patrick SS Kevin McGonigle,,,
358,5104828085,sb214life,0,87.05,1B Jake Bauers 2B Brice Turang 3B Colt Keith C Dillon Dingler OF Christian Yelich OF Garrett Mitchell OF Brandon Lockridge P Jack Flaherty P Chad Patrick SS Kevin McGonigle,,,
362,5104784991,brandonbeene12,0,86.950005,1B Vladimir Guerrero Jr. 2B Brice Turang 3B Colson Montgomery C Ivan Herrera OF George Springer OF Christian Yelich OF Daulton Varsho P Luinder Avila P Lazaro Estrada SS Bobby Witt Jr.,,,
363,5104825351,TheBabz,0,86.850006,1B Vladimir Guerrero Jr. 2B Ernie Clement 3B Kazuma Okamoto C William Contreras OF George Springer OF Christian Yelich OF Daulton Varsho P Chad Patrick P Lazaro Estrada SS Kevin McGonigle,,,
363,5104843684,Lvar256 (2/2),0,86.850006,1B Vladimir Guerrero Jr. 2B Ernie Clement 3B Maikel Garcia C Salvador Perez OF George Springer OF Christian Yelich OF Austin Hays P Chad Patrick P Lazaro Estrada SS Bobby Witt Jr.,,,
365,5104737952,IconoclasticDraft,0,86.8,1B Vladimir Guerrero Jr. 2B Davis Schneider 3B Kazuma Okamoto C William Contreras OF George Springer OF Christian Yelich OF Myles Straw P Jack Flaherty P Lazaro Estrada SS Bobby Witt Jr.,,,
365,5104809537,newguy2015 (12/14),0,86.8,1B Vladimir Guerrero Jr. 2B Ernie Clement 3B Kazuma Okamoto C William Contreras OF George Springer OF Christian Yelich OF Davis Schneider P Jack Flaherty P Lazaro Estrada SS Bobby Witt Jr.,,,
365,5104822676,Burzerkers1,0,86.8,1B Vladimir Guerrero Jr. 2B Ernie Clement 3B Kazuma Okamoto C William Contreras OF George Springer OF Christian Yelich OF Davis Schneider P Jack Flaherty P Lazaro Estrada SS Bobby Witt Jr.,,,
365,5104831136,JustHeem23 (19/20),0,86.8,1B Vladimir Guerrero Jr. 2B Ernie Clement 3B Colt Keith C Tyler Heineman OF George Springer OF Daulton Varsho OF Kerry Carpenter P Jack Flaherty P Lazaro Estrada SS Bobby Witt Jr.,,,
365,5104846868,jlegrand22 (6/20),0,86.8,1B Vladimir Guerrero Jr. 2B Brice Turang 3B Maikel Garcia C Salvador Perez OF George Springer OF Starling Marte OF Garrett Mitchell P Jack Flaherty P Lazaro Estrada SS Bobby Witt Jr.,,,
365,5104852613,Oak1050 (2/6),0,86.8,1B Vladimir Guerrero Jr. 2B Davis Schneider 3B Kazuma Okamoto C William Contreras OF George Springer OF Christian Yelich OF Myles Straw P Jack Flaherty P Lazaro Estrada SS Bobby Witt Jr.,,,
371,5104761517,MaxTheMin (17/20),0,86.75,1B Vinnie Pasquantino 2B Brice Turang 3B Luis Rengifo C William Contreras OF Christian Yelich OF Daulton Varsho OF Garrett Mitchell P Jack Flaherty P Anthony Kay SS Bobby Witt Jr.,,,
371,5104784454,EliReasons (11/20),0,86.75,1B Vinnie Pasquantino 2B Gleyber Torres 3B Kevin McGonigle C Salvador Perez OF Christian Yelich OF Riley Greene OF Kerry Carpenter P Jack Flaherty P Anthony Kay SS Bobby Witt Jr.,,,
371,5104813023,mikey.bills (14/20),0,86.75,1B Miguel Vargas 2B Brice Turang 3B Luis Rengifo C William Contreras OF Christian Yelich OF Riley Greene OF Brandon Lockridge P Jack Flaherty P Anthony Kay SS Bobby Witt Jr.,,,
371,5104831097,Patrick_Star (14/20),0,86.75,1B Munetaka Murakami 2B Brice Turang 3B Luis Rengifo C William Contreras OF Christian Yelich OF Sal Frelick OF Austin Hays P Jack Flaherty P Anthony Kay SS Colson Montgomery,,,
375,5104837806,blaydes (15/20),0,86.15,1B Colt Keith 2B Gleyber Torres 3B Kevin McGonigle C Dillon Dingler OF George Springer OF Kerry Carpenter OF Davis Schneider P Jack Flaherty P Luinder Avila SS Bobby Witt Jr.,,,
376,5104750389,shempdevil,0,86.05,1B Vladimir Guerrero Jr. 2B Brice Turang 3B Ernie Clement C Tyler Heineman OF George Springer OF Jake Bauers OF Garrett Mitchell P Jack Flaherty P Chad Patrick SS Kevin McGonigle,,,
376,5104822651,Marcosamparo (15/20),0,86.05,1B Colt Keith 2B Zach McKinstry 3B Kevin McGonigle C Dillon Dingler OF George Springer OF Daulton Varsho OF Kerry Carpenter P Jack Flaherty P Chad Patrick SS Andres Gimenez,,,
376,5104835310,lbrown41017,0,86.05,1B Vladimir Guerrero Jr. 2B Chase Meidroth 3B Kazuma Okamoto C Salvador Perez OF George Springer OF Davis Schneider OF Garrett Mitchell P Jack Flaherty P Chad Patrick SS Kevin McGonigle,,,
376,5104868166,wrndb411,0,86.05,1B Vladimir Guerrero Jr. 2B Chase Meidroth 3B Colt Keith C William Contreras OF Sal Frelick OF Kerry Carpenter OF Jac Caglianone P Jack Flaherty P Chad Patrick SS Andres Gimenez,,,
376,5104879249,Ctracefan (9/12),0,86.05,1B Vladimir Guerrero Jr. 2B Lenyn Sosa 3B Ernie Clement C Ivan Herrera OF George Springer OF Daulton Varsho OF Starling Marte P Jack Flaherty P Chad Patrick SS Colson Montgomery,,,
381,5104787865,VariableX (4/20),0,85.8,1B Colt Keith 2B Gleyber Torres 3B Maikel Garcia C Tyler Heineman OF George Springer OF Riley Greene OF Kerry Carpenter P Jack Flaherty P Lazaro Estrada SS Kevin McGonigle,,,
381,5104846863,jlegrand22 (1/20),0,85.8,1B Vladimir Guerrero Jr. 2B Brice Turang 3B Kazuma Okamoto C Ivan Herrera OF George Springer OF Christian Yelich OF Myles Straw P Jack Flaherty P Lazaro Estrada SS Bobby Witt Jr.,,,
383,5104752112,Raiderfanatic2195 (7/20),0,85.55,1B Vladimir Guerrero Jr. 2B Brice Turang 3B Luis Rengifo C William Contreras OF George Springer OF Sal Frelick OF Garrett Mitchell P Chad Patrick P Dustin May SS Andres Gimenez,,,
383,5104784547,Elwaysarmy (5/20),0,85.55,1B Vladimir Guerrero Jr. 2B JJ Wetherholt 3B Ernie Clement C Ivan Herrera OF George Springer OF Daulton Varsho OF Myles Straw P Chad Patrick P Dustin May SS Bobby Witt Jr.,,,
383,5104798484,FlameThrower4 (1/20),0,85.55,1B Vladimir Guerrero Jr. 2B Brice Turang 3B David Hamilton C William Contreras OF Christian Yelich OF Daulton Varsho OF Garrett Mitchell P Chad Patrick P Dustin May SS Andres Gimenez,,,
386,5104852415,yaopete (5/20),0,85.5,1B Vinnie Pasquantino 2B Brice Turang 3B Luis Rengifo C William Contreras OF Christian Yelich OF Jac Caglianone OF Garrett Mitchell P Jack Flaherty P Dustin May SS Bobby Witt Jr.,,,
387,5104854736,Bmk1,0,85.3,1B Munetaka Murakami 2B Chase Meidroth 3B David Hamilton C William Contreras OF Christian Yelich OF Riley Greene OF Austin Hays P Chad Patrick P Grant Taylor SS Kevin McGonigle,,,
388,5104791858,SpeedRacer101 (6/20),0,85.25,1B Alec Burleson 2B Brice Turang 3B Luis Rengifo C Ivan Herrera OF Sal Frelick OF Garrett Mitchell OF Brandon Lockridge P Dustin May P Anthony Kay SS Bobby Witt Jr.,,,
389,5104848785,jaxdave00,0,85.2,1B Lenyn Sosa 2B Chase Meidroth 3B Miguel Vargas C William Contreras OF George Springer OF Christian Yelich OF Austin Hays P Chad Patrick P Luinder Avila SS Bobby Witt Jr.,,,
390,5104869865,DicVec (1/2),0,85.15,1B Vladimir Guerrero Jr. 2B Ernie Clement 3B Colson Montgomery C Pedro Pages OF George Springer OF Kerry Carpenter OF Davis Schneider P Jack Flaherty P Luinder Avila SS Bobby Witt Jr.,,,
391,5104774004,Hawknation3,0,85.05,1B Jake Bauers 2B Brice Turang 3B Colson Montgomery C Dillon Dingler OF Christian Yelich OF Daulton Varsho OF Kerry Carpenter P Jack Flaherty P Chad Patrick SS Kevin McGonigle,,,
391,5104852427,yaopete (17/20),0,85.05,1B Vladimir Guerrero Jr. 2B Davis Schneider 3B Colt Keith C Tyler Heineman OF George Springer OF Daulton Varsho OF Kerry Carpenter P Jack Flaherty P Chad Patrick SS Kevin McGonigle,,,
393,5104757150,godnref (10/20),0,84.8,1B Vladimir Guerrero Jr. 2B Brice Turang 3B Luis Rengifo C William Contreras OF Daulton Varsho OF Riley Greene OF Sal Frelick P Jack Flaherty P Lazaro Estrada SS Bobby Witt Jr.,,,
393,5104846870,jlegrand22 (8/20),0,84.8,1B Colt Keith 2B Brice Turang 3B Kevin McGonigle C William Contreras OF George Springer OF Riley Greene OF Kerry Carpenter P Jack Flaherty P Lazaro Estrada SS Bobby Witt Jr.,,,
393,5104859400,Jadacattt,0,84.8,1B Jake Bauers 2B Brice Turang 3B Colson Montgomery C William Contreras OF Christian Yelich OF Sal Frelick OF Austin Hays P Chad Patrick P Anthony Kay SS Bobby Witt Jr.,,,
396,5104772855,Homer_For_Life (19/20),0,84.5,1B Vladimir Guerrero Jr. 2B Brice Turang 3B Luis Rengifo C William Contreras OF Riley Greene OF Sal Frelick OF Garrett Mitchell P Jack Flaherty P Dustin May SS Kevin McGonigle,,,
396,5104824980,BullDozier (16/20),0,84.5,1B Vladimir Guerrero Jr. 2B Brice Turang 3B Miguel Vargas C William Contreras OF Christian Yelich OF Sal Frelick OF Brandon Lockridge P Jack Flaherty P Dustin May SS Colson Montgomery,,,
398,5104766804,rogs1draft (5/20),0,84.45,1B Jake Bauers 2B Gleyber Torres 3B Kevin McGonigle C William Contreras OF Riley Greene OF Zach McKinstry OF Parker Meadows P Jack Flaherty P Mason Fluharty SS Andres Gimenez,,,
399,5104822640,Marcosamparo (4/20),0,84.25,1B Colt Keith 2B David Hamilton 3B Luis Rengifo C Dillon Dingler OF Christian Yelich OF Sal Frelick OF Garrett Mitchell P Jack Flaherty P Grant Taylor SS Andres Gimenez,,,
400,5104834572,MyExIsNuts,0,84.2,1B Miguel Vargas 2B David Hamilton 3B Kevin McGonigle C Gary Sanchez OF George Springer OF Christian Yelich OF Riley Greene P Chad Patrick P Luinder Avila SS Bobby Witt Jr.,,,
401,5104822645,Marcosamparo (9/20),0,84.15,1B Vinnie Pasquantino 2B Zach McKinstry 3B Kevin McGonigle C Dillon Dingler OF Kerry Carpenter OF Austin Hays OF Kyle Isbel P Jack Flaherty P Luinder Avila SS Bobby Witt Jr.,,,
401,5104829025,chazzzzz1,0,84.15,1B Vladimir Guerrero Jr. 2B Brice Turang 3B Ernie Clement C Salvador Perez OF Christian Yelich OF Davis Schneider OF Garrett Mitchell P Jack Flaherty P Luinder Avila SS Bobby Witt Jr.,,,
401,5104837800,blaydes (9/20),0,84.15,1B Vladimir Guerrero Jr. 2B Gleyber Torres 3B Colt Keith C Tyler Heineman OF George Springer OF Riley Greene OF Kerry Carpenter P Jack Flaherty P Luinder Avila SS Kevin McGonigle,,,
404,5104752297,miked333 (3/7),0,84.05,1B Vladimir Guerrero Jr. 2B Brice Turang 3B Ernie Clement C William Contreras OF George Springer OF Davis Schneider OF Myles Straw P Jack Flaherty P Chad Patrick SS Colson Montgomery,,,
404,5104837808,blaydes (17/20),0,84.05,1B Spencer Torkelson 2B Davis Schneider 3B Colt Keith C William Contreras OF George Springer OF Riley Greene OF Kerry Carpenter P Jack Flaherty P Chad Patrick SS Kevin McGonigle,,,
404,5104852105,boggod666,0,84.05,1B Munetaka Murakami 2B JJ Wetherholt 3B Kazuma Okamoto C William Contreras OF George Springer OF Christian Yelich OF Jake Bauers P Jack Flaherty P Chad Patrick SS Andres Gimenez,,,
404,5104870048,DicVec (2/2),0,84.05,1B Vladimir Guerrero Jr. 2B Ernie Clement 3B Colson Montgomery C Reese McGuire OF George Springer OF Jake Bauers OF Davis Schneider P Jack Flaherty P Chad Patrick SS Bobby Witt Jr.,,,
408,5104819134,dhokc,0,83.850006,1B Vladimir Guerrero Jr. 2B Nick Loftin 3B Maikel Garcia C Salvador Perez OF George Springer OF Christian Yelich OF Sal Frelick P Chad Patrick P Lazaro Estrada SS Bobby Witt Jr.,,,
409,5104805663,dwillyboy23,0,83.8,1B Colt Keith 2B Brice Turang 3B Miguel Vargas C Dillon Dingler OF George Springer OF Christian Yelich OF Riley Greene P Chad Patrick P Anthony Kay SS Kevin McGonigle,,,
410,5104775160,SHW1CK,0,83.75,1B Vinnie Pasquantino 2B Davis Schneider 3B Miguel Vargas C William Contreras OF George Springer OF Christian Yelich OF Jac Caglianone P Jack Flaherty P Anthony Kay SS Bobby Witt Jr.,,,
411,5104761504,MaxTheMin (4/20),0,83.65,1B Vladimir Guerrero Jr. 2B Ernie Clement 3B Kazuma Okamoto C Ivan Herrera OF George Springer OF Daulton Varsho OF Jordan Walker P Dustin May P Luinder Avila SS Bobby Witt Jr.,,,
412,5104756138,Brothaman007 (5/8),0,83.55,1B Munetaka Murakami 2B Brice Turang 3B Maikel Garcia C William Contreras OF Christian Yelich OF Sal Frelick OF Austin Hays P Anthony Kay P Lazaro Estrada SS Bobby Witt Jr.,,,
412,5104784548,Elwaysarmy (6/20),0,83.55,1B Vladimir Guerrero Jr. 2B Ernie Clement 3B Kazuma Okamoto C Ivan Herrera OF George Springer OF Austin Hays OF Davis Schneider P Chad Patrick P Dustin May SS Colson Montgomery,,,
412,5104798487,FlameThrower4 (4/20),0,83.55,1B Vladimir Guerrero Jr. 2B Brice Turang 3B Kazuma Okamoto C William Contreras OF Christian Yelich OF Jake Bauers OF Garrett Mitchell P Chad Patrick P Dustin May SS Andres Gimenez,,,
412,5104829446,themvf (16/20),0,83.55,1B Jake Bauers 2B JJ Wetherholt 3B Colt Keith C Ivan Herrera OF Starling Marte OF Garrett Mitchell OF Thomas Saggese P Chad Patrick P Dustin May SS Andres Gimenez,,,
412,5104840047,donoliverpt,0,83.55,1B Vinnie Pasquantino 2B JJ Wetherholt 3B Kevin McGonigle C William Contreras OF George Springer OF Christian Yelich OF Jac Caglianone P Chad Patrick P Dustin May SS Colson Montgomery,,,
417,5104810069,sasinatimothy (2/2),0,83.5,1B Jake Bauers 2B David Hamilton 3B Miguel Vargas C William Contreras OF Christian Yelich OF Garrett Mitchell OF Kyle Isbel P Jack Flaherty P Dustin May SS Andres Gimenez,,,
418,5104810391,BossHogDaddyDog (17/20),0,83.45,1B Vladimir Guerrero Jr. 2B Brice Turang 3B Luis Rengifo C William Contreras OF George Springer OF Kerry Carpenter OF Davis Schneider P Jack Flaherty P Mason Fluharty SS Bobby Witt Jr.,,,
418,5104810412,BossHogDaddyDog (18/20),0,83.45,1B Vladimir Guerrero Jr. 2B Brice Turang 3B Luis Rengifo C William Contreras OF George Springer OF Kerry Carpenter OF Davis Schneider P Jack Flaherty P Mason Fluharty SS Bobby Witt Jr.,,,
418,5104810419,BossHogDaddyDog (19/20),0,83.45,1B Vladimir Guerrero Jr. 2B Brice Turang 3B Luis Rengifo C William Contreras OF George Springer OF Kerry Carpenter OF Davis Schneider P Jack Flaherty P Mason Fluharty SS Bobby Witt Jr.,,,
418,5104810426,BossHogDaddyDog (20/20),0,83.45,1B Vladimir Guerrero Jr. 2B Brice Turang 3B Luis Rengifo C William Contreras OF George Springer OF Kerry Carpenter OF Davis Schneider P Jack Flaherty P Mason Fluharty SS Bobby Witt Jr.,,,
422,5104761501,MaxTheMin (1/20),0,83.25,1B Vinnie Pasquantino 2B Brice Turang 3B Luis Rengifo C William Contreras OF Christian Yelich OF Jac Caglianone OF Garrett Mitchell P Dustin May P Anthony Kay SS Bobby Witt Jr.,,,
422,5104784450,EliReasons (7/20),0,83.25,1B Vladimir Guerrero Jr. 2B JJ Wetherholt 3B Maikel Garcia C Salvador Perez OF Christian Yelich OF Garrett Mitchell OF Thomas Saggese P Dustin May P Anthony Kay SS Bobby Witt Jr.,,,
424,5104853773,Mrrodshaun516 (3/20),0,83.2,1B Vladimir Guerrero Jr. 2B Davis Schneider 3B Kazuma Okamoto C Ivan Herrera OF George Springer OF Daulton Varsho OF Austin Hays P Chad Patrick P Luinder Avila SS Colson Montgomery,,,
425,5104800300,GOOTIMES20,0,83.15,1B Miguel Vargas 2B Brice Turang 3B Maikel Garcia C Pedro Pages OF Daulton Varsho OF Kerry Carpenter OF Parker Meadows P Jack Flaherty P Luinder Avila SS Bobby Witt Jr.,,,
425,5104832026,Thunderkop (1/2),0,83.15,1B Munetaka Murakami 2B Gleyber Torres 3B Maikel Garcia C Salvador Perez OF George Springer OF Kerry Carpenter OF Kyle Isbel P Jack Flaherty P Luinder Avila SS Bobby Witt Jr.,,,
425,5104832027,Thunderkop (2/2),0,83.15,1B Munetaka Murakami 2B Gleyber Torres 3B Maikel Garcia C Salvador Perez OF George Springer OF Kerry Carpenter OF Kyle Isbel P Jack Flaherty P Luinder Avila SS Bobby Witt Jr.,,,
428,5104752298,miked333 (4/7),0,83.05,1B Vladimir Guerrero Jr. 2B Ernie Clement 3B Luis Rengifo C William Contreras OF George Springer OF Christian Yelich OF Davis Schneider P Jack Flaherty P Chad Patrick SS Andres Gimenez,,,
428,5104763307,bdog429,0,83.05,1B Colt Keith 2B Brice Turang 3B Maikel Garcia C Dillon Dingler OF Christian Yelich OF Riley Greene OF Garrett Mitchell P Jack Flaherty P Chad Patrick SS Andres Gimenez,,,
428,5104772844,Homer_For_Life (8/20),0,83.05,1B Vladimir Guerrero Jr. 2B Ernie Clement 3B Colt Keith C Tyler Heineman OF Daulton Varsho OF Riley Greene OF Davis Schneider P Jack Flaherty P Chad Patrick SS Bobby Witt Jr.,,,
428,5104837797,blaydes (6/20),0,83.05,1B Colt Keith 2B Brice Turang 3B Luis Rengifo C Dillon Dingler OF George Springer OF Riley Greene OF Kerry Carpenter P Jack Flaherty P Chad Patrick SS Kevin McGonigle,,,
428,5104879245,Ctracefan (5/12),0,83.05,1B Vladimir Guerrero Jr. 2B Chase Meidroth 3B Ernie Clement C Ivan Herrera OF George Springer OF Daulton Varsho OF Davis Schneider P Jack Flaherty P Chad Patrick SS Colson Montgomery,,,
433,5104811187,touchdown-king,0,82.850006,1B Alec Burleson 2B Brice Turang 3B Kevin McGonigle C Salvador Perez OF George Springer OF Christian Yelich OF Riley Greene P Chad Patrick P Lazaro Estrada SS Bobby Witt Jr.,,,
433,5104813027,mikey.bills (18/20),0,82.850006,1B Alec Burleson 2B Brice Turang 3B Nolan Gorman C Ivan Herrera OF George Springer OF Daulton Varsho OF Kerry Carpenter P Chad Patrick P Lazaro Estrada SS Andres Gimenez,,,
433,5104825526,TOMMYC23 (1/2),0,82.850006,1B Vladimir Guerrero Jr. 2B Chase Meidroth 3B Maikel Garcia C Tyler Heineman OF George Springer OF Christian Yelich OF Sal Frelick P Chad Patrick P Lazaro Estrada SS Bobby Witt Jr.,,,
436,5104784555,Elwaysarmy (13/20),0,82.8,1B Vladimir Guerrero Jr. 2B Davis Schneider 3B Kazuma Okamoto C Salvador Perez OF George Springer OF Daulton Varsho OF Kerry Carpenter P Jack Flaherty P Lazaro Estrada SS Bobby Witt Jr.,,,
437,5104879169,twinsfan5 (18/20),0,82.75,1B Colt Keith 2B Gleyber Torres 3B Kevin McGonigle C Dillon Dingler OF Riley Greene OF Jac Caglianone OF Starling Marte P Jack Flaherty P Anthony Kay SS Bobby Witt Jr.,,,
438,5104809360,newguy2015 (11/14),0,82.65,1B Vladimir Guerrero Jr. 2B JJ Wetherholt 3B Colson Montgomery C Ivan Herrera OF George Springer OF Davis Schneider OF Myles Straw P Dustin May P Luinder Avila SS Bobby Witt Jr.,,,
439,5104831085,Patrick_Star (2/20),0,82.55,1B Alec Burleson 2B JJ Wetherholt 3B Nolan Gorman C Ivan Herrera OF George Springer OF Christian Yelich OF Thomas Saggese P Chad Patrick P Dustin May SS Bobby Witt Jr.,,,
440,5104860700,suzyq9363,0,82.5,1B Vladimir Guerrero Jr. 2B Brice Turang 3B David Hamilton C William Contreras OF George Springer OF Christian Yelich OF Sal Frelick P Chad Patrick P Mason Fluharty SS Colson Montgomery,,,
441,5104791869,SpeedRacer101 (17/20),0,82.3,1B Vinnie Pasquantino 2B Nolan Gorman 3B Maikel Garcia C Ivan Herrera OF George Springer OF Daulton Varsho OF Jordan Walker P Dustin May P Lazaro Estrada SS Bobby Witt Jr.,,,
442,5104841948,edwin514 (2/20),0,82.25,1B Munetaka Murakami 2B JJ Wetherholt 3B Luis Rengifo C William Contreras OF Christian Yelich OF Starling Marte OF Tristan Peters P Dustin May P Anthony Kay SS Bobby Witt Jr.,,,
443,5104745365,drewg66,0,82.15,1B Vladimir Guerrero Jr. 2B Davis Schneider 3B Colson Montgomery C Reese McGuire OF George Springer OF Riley Greene OF Kerry Carpenter P Jack Flaherty P Luinder Avila SS Bobby Witt Jr.,,,
443,5104790568,harvick2010 (1/9),0,82.15,1B Vladimir Guerrero Jr. 2B Davis Schneider 3B Colson Montgomery C Ivan Herrera OF George Springer OF Riley Greene OF Myles Straw P Jack Flaherty P Luinder Avila SS Bobby Witt Jr.,,,
443,5104837682,Oak1050 (1/6),0,82.15,1B Vladimir Guerrero Jr. 2B Davis Schneider 3B Colson Montgomery C Reese McGuire OF George Springer OF Riley Greene OF Kerry Carpenter P Jack Flaherty P Luinder Avila SS Bobby Witt Jr.,,,
443,5104837802,blaydes (11/20),0,82.15,1B Colt Keith 2B Gleyber Torres 3B Kevin McGonigle C Tyler Heineman OF George Springer OF Riley Greene OF Kerry Carpenter P Jack Flaherty P Luinder Avila SS Bobby Witt Jr.,,,
443,5104852414,yaopete (4/20),0,82.15,1B Colt Keith 2B Gleyber Torres 3B Kevin McGonigle C Salvador Perez OF Riley Greene OF Kerry Carpenter OF Starling Marte P Jack Flaherty P Luinder Avila SS Bobby Witt Jr.,,,
448,5104763909,ackpack,0,82.05,1B Vladimir Guerrero Jr. 2B Chase Meidroth 3B Kevin McGonigle C Dillon Dingler OF Jac Caglianone OF Austin Hays OF Nathan Church P Jack Flaherty P Chad Patrick SS Bobby Witt Jr.,,,
448,5104772856,Homer_For_Life (20/20),0,82.05,1B Vladimir Guerrero Jr. 2B Brice Turang 3B Luis Rengifo C William Contreras OF Riley Greene OF Sal Frelick OF Brandon Lockridge P Jack Flaherty P Chad Patrick SS Kevin McGonigle,,,
448,5104790575,harvick2010 (8/9),0,82.05,1B Vladimir Guerrero Jr. 2B Brice Turang 3B David Hamilton C William Contreras OF Jake Bauers OF Davis Schneider OF Brandon Lockridge P Jack Flaherty P Chad Patrick SS Bobby Witt Jr.,,,
448,5104794973,cdodson50 (1/2),0,82.05,1B Colt Keith 2B Gleyber Torres 3B Kevin McGonigle C Dillon Dingler OF George Springer OF Christian Yelich OF Riley Greene P Jack Flaherty P Chad Patrick SS Andres Gimenez,,,
448,5104838958,Stlcardinals777,0,82.05,1B Miguel Vargas 2B Brice Turang 3B Luis Rengifo C Dillon Dingler OF George Springer OF Daulton Varsho OF Riley Greene P Jack Flaherty P Chad Patrick SS Kevin McGonigle,,,
448,5104842860,MonkeySoupIAm,0,82.05,1B Vinnie Pasquantino 2B Chase Meidroth 3B Miguel Vargas C Tyler Heineman OF George Springer OF Christian Yelich OF Kyle Isbel P Jack Flaherty P Chad Patrick SS Bobby Witt Jr.,,,
454,5104772840,Homer_For_Life (4/20),0,82,1B Spencer Torkelson 2B Gleyber Torres 3B Ernie Clement C Dillon Dingler OF Daulton Varsho OF Riley Greene OF Kerry Carpenter P Jack Flaherty P Seth Lugo SS Bobby Witt Jr.,,,
455,5104835285,addycb,0,81.850006,1B Vladimir Guerrero Jr. 2B Brice Turang 3B Kevin McGonigle C William Contreras OF George Springer OF Christian Yelich OF Sal Frelick P Chad Patrick P Lazaro Estrada SS Andres Gimenez,,,
455,5104869283,smithj06,0,81.850006,1B Vladimir Guerrero Jr. 2B Brice Turang 3B Maikel Garcia C Ivan Herrera OF George Springer OF Christian Yelich OF Riley Greene P Chad Patrick P Lazaro Estrada SS Andres Gimenez,,,
457,5104757154,godnref (14/20),0,81.8,1B Colt Keith 2B Zach McKinstry 3B Maikel Garcia C Dillon Dingler OF George Springer OF Daulton Varsho OF Parker Meadows P Jack Flaherty P Lazaro Estrada SS Kevin McGonigle,,,
457,5104826611,DraftKingsEAD (19/20),0,81.8,1B Vladimir Guerrero Jr. 2B Brice Turang 3B Luis Rengifo C William Contreras OF George Springer OF Christian Yelich OF Sal Frelick P Jack Flaherty P Lazaro Estrada SS Kevin McGonigle,,,
457,5104831092,Patrick_Star (9/20),0,81.8,1B Vladimir Guerrero Jr. 2B Ernie Clement 3B Kazuma Okamoto C Ivan Herrera OF George Springer OF Daulton Varsho OF Riley Greene P Jack Flaherty P Lazaro Estrada SS Bobby Witt Jr.,,,
457,5104846872,jlegrand22 (10/20),0,81.8,1B Lenyn Sosa 2B Chase Meidroth 3B Colson Montgomery C William Contreras OF George Springer OF Christian Yelich OF Austin Hays P Jack Flaherty P Lazaro Estrada SS Bobby Witt Jr.,,,
461,5104824969,BullDozier (5/20),0,81.75,1B Colt Keith 2B Chase Meidroth 3B Miguel Vargas C Salvador Perez OF Riley Greene OF Kerry Carpenter OF Starling Marte P Jack Flaherty P Anthony Kay SS Bobby Witt Jr.,,,
461,5104842383,pat_the_hat2 (11/11),0,81.75,1B Vinnie Pasquantino 2B Gleyber Torres 3B Kevin McGonigle C Salvador Perez OF Kerry Carpenter OF Jac Caglianone OF Isaac Collins P Jack Flaherty P Anthony Kay SS Bobby Witt Jr.,,,
463,5104790985,flash5291,0,81.55,1B Alec Burleson 2B JJ Wetherholt 3B Nolan Gorman C Salvador Perez OF Riley Greene OF Kerry Carpenter OF Victor Scott II P Chad Patrick P Dustin May SS Bobby Witt Jr.,,,
463,5104798500,FlameThrower4 (17/20),0,81.55,1B Vladimir Guerrero Jr. 2B Brice Turang 3B David Hamilton C Ivan Herrera OF George Springer OF Christian Yelich OF Brandon Lockridge P Chad Patrick P Dustin May SS Colson Montgomery,,,
463,5104853778,Mrrodshaun516 (8/20),0,81.55,1B Vladimir Guerrero Jr. 2B JJ Wetherholt 3B Nolan Gorman C Ivan Herrera OF George Springer OF Daulton Varsho OF Thomas Saggese P Chad Patrick P Dustin May SS Colson Montgomery,,,
466,5104787881,VariableX (20/20),0,81.5,1B Vladimir Guerrero Jr. 2B Brice Turang 3B Luis Rengifo C William Contreras OF Christian Yelich OF Garrett Mitchell OF Myles Straw P Jack Flaherty P Dustin May SS Andres Gimenez,,,
467,5104766805,rogs1draft (6/20),0,81.45,1B Vladimir Guerrero Jr. 2B Brice Turang 3B Luis Rengifo C William Contreras OF George Springer OF Christian Yelich OF Garrett Mitchell P Jack Flaherty P Mason Fluharty SS Andres Gimenez,,,
467,5104849746,Dicedaddy (2/2),0,81.45,1B Vinnie Pasquantino 2B Zach McKinstry 3B Maikel Garcia C William Contreras OF Christian Yelich OF Kerry Carpenter OF Jac Caglianone P Jack Flaherty P Mason Fluharty SS Kevin McGonigle,,,
469,5104791854,SpeedRacer101 (2/20),0,81.25,1B Alec Burleson 2B Nolan Gorman 3B Maikel Garcia C Ivan Herrera OF Riley Greene OF Jordan Walker OF Thomas Saggese P Dustin May P Anthony Kay SS Bobby Witt Jr.,,,
470,5104826434,negraf (19/20),0,81.2,1B Alec Burleson 2B Lenyn Sosa 3B Nolan Gorman C Pedro Pages OF George Springer OF Davis Schneider OF Jordan Walker P Chad Patrick P Luinder Avila SS Andres Gimenez,,,
471,5104744091,GolfSpace7 (2/5),0,81.15,1B Vladimir Guerrero Jr. 2B Davis Schneider 3B Colson Montgomery C Salvador Perez OF George Springer OF Kerry Carpenter OF Myles Straw P Jack Flaherty P Luinder Avila SS Bobby Witt Jr.,,,
471,5104778579,superunknowx (4/20),0,81.15,1B Vladimir Guerrero Jr. 2B Davis Schneider 3B Colson Montgomery C Salvador Perez OF George Springer OF Kerry Carpenter OF Myles Straw P Jack Flaherty P Luinder Avila SS Bobby Witt Jr.,,,
471,5104803686,newguy2015 (3/14),0,81.15,1B Vladimir Guerrero Jr. 2B Davis Schneider 3B Colson Montgomery C Salvador Perez OF George Springer OF Kerry Carpenter OF Myles Straw P Jack Flaherty P Luinder Avila SS Bobby Witt Jr.,,,
471,5104803711,newguy2015 (4/14),0,81.15,1B Vladimir Guerrero Jr. 2B Davis Schneider 3B Colson Montgomery C Salvador Perez OF George Springer OF Kerry Carpenter OF Kyle Isbel P Jack Flaherty P Luinder Avila SS Bobby Witt Jr.,,,
471,5104809575,newguy2015 (13/14),0,81.15,1B Vladimir Guerrero Jr. 2B Ernie Clement 3B Colson Montgomery C Salvador Perez OF Daulton Varsho OF Kerry Carpenter OF Davis Schneider P Jack Flaherty P Luinder Avila SS Bobby Witt Jr.,,,
471,5104837809,blaydes (18/20),0,81.15,1B Vinnie Pasquantino 2B Gleyber Torres 3B Colt Keith C Dillon Dingler OF George Springer OF Riley Greene OF Kerry Carpenter P Jack Flaherty P Luinder Avila SS Bobby Witt Jr.,,,
471,5104861413,twinsfan5 (7/20),0,81.15,1B Vinnie Pasquantino 2B Gleyber Torres 3B Kevin McGonigle C Dillon Dingler OF Riley Greene OF Kerry Carpenter OF Isaac Collins P Jack Flaherty P Luinder Avila SS Bobby Witt Jr.,,,
478,5104778585,superunknowx (10/20),0,81.05,1B Vladimir Guerrero Jr. 2B Brice Turang 3B Kazuma Okamoto C Dillon Dingler OF George Springer OF Zach McKinstry OF Davis Schneider P Jack Flaherty P Chad Patrick SS Andres Gimenez,,,
478,5104789501,Joelybeau (1/2),0,81.05,1B Vinnie Pasquantino 2B Gleyber Torres 3B Colt Keith C William Contreras OF George Springer OF Daulton Varsho OF Davis Schneider P Jack Flaherty P Chad Patrick SS Kevin McGonigle,,,
478,5104789738,jamari01,0,81.05,1B Vladimir Guerrero Jr. 2B Brice Turang 3B Colt Keith C Tyler Heineman OF Christian Yelich OF Riley Greene OF Davis Schneider P Jack Flaherty P Chad Patrick SS Kevin McGonigle,,,
478,5104804850,Jfsmyle,0,81.05,1B Vladimir Guerrero Jr. 2B Chase Meidroth 3B Colt Keith C Tyler Heineman OF George Springer OF Daulton Varsho OF Zach McKinstry P Jack Flaherty P Chad Patrick SS Kevin McGonigle,,,
478,5104820483,Spunky3300,0,81.05,1B Vladimir Guerrero Jr. 2B Brice Turang 3B Ernie Clement C Tyler Heineman OF George Springer OF Christian Yelich OF Myles Straw P Jack Flaherty P Chad Patrick SS Colson Montgomery,,,
478,5104823560,dbokey8,0,81.05,1B Munetaka Murakami 2B Brice Turang 3B Colt Keith C Dillon Dingler OF Christian Yelich OF Riley Greene OF Jake Bauers P Jack Flaherty P Chad Patrick SS Kevin McGonigle,,,
478,5104823708,Donso (3/5),0,81.05,1B Vladimir Guerrero Jr. 2B Ernie Clement 3B Colson Montgomery C Reese McGuire OF Daulton Varsho OF Riley Greene OF Austin Hays P Jack Flaherty P Chad Patrick SS Kevin McGonigle,,,
478,5104834861,WhamRam45 (1/3),0,81.05,1B Munetaka Murakami 2B Brice Turang 3B Luis Rengifo C William Contreras OF Christian Yelich OF Daulton Varsho OF Riley Greene P Jack Flaherty P Chad Patrick SS Andres Gimenez,,,
478,5104837801,blaydes (10/20),0,81.05,1B Colt Keith 2B Davis Schneider 3B Kazuma Okamoto C Dillon Dingler OF George Springer OF Riley Greene OF Kerry Carpenter P Jack Flaherty P Chad Patrick SS Kevin McGonigle,,,
487,5104757141,godnref (1/20),0,80.8,1B Vladimir Guerrero Jr. 2B Ernie Clement 3B Maikel Garcia C Tyler Heineman OF George Springer OF Daulton Varsho OF Kerry Carpenter P Jack Flaherty P Lazaro Estrada SS Bobby Witt Jr.,,,
487,5104757145,godnref (5/20),0,80.8,1B Colt Keith 2B Davis Schneider 3B Kevin McGonigle C Tyler Heineman OF George Springer OF Riley Greene OF Parker Meadows P Jack Flaherty P Lazaro Estrada SS Bobby Witt Jr.,,,
487,5104826597,DraftKingsEAD (5/20),0,80.8,1B Vladimir Guerrero Jr. 2B Brice Turang 3B Luis Rengifo C Salvador Perez OF Christian Yelich OF Sal Frelick OF Brandon Lockridge P Jack Flaherty P Lazaro Estrada SS Bobby Witt Jr.,,,
487,5104847018,RJD15,0,80.8,1B Spencer Torkelson 2B Gleyber Torres 3B Maikel Garcia C William Contreras OF George Springer OF Christian Yelich OF Riley Greene P Jack Flaherty P Lazaro Estrada SS Kevin McGonigle,,,
491,5104813025,mikey.bills (16/20),0,80.75,1B Vinnie Pasquantino 2B Brice Turang 3B Luis Rengifo C Salvador Perez OF Christian Yelich OF Sal Frelick OF Garrett Mitchell P Jack Flaherty P Anthony Kay SS Bobby Witt Jr.,,,
491,5104826594,DraftKingsEAD (2/20),0,80.75,1B Vinnie Pasquantino 2B Brice Turang 3B Luis Rengifo C Salvador Perez OF Christian Yelich OF Sal Frelick OF Garrett Mitchell P Jack Flaherty P Anthony Kay SS Bobby Witt Jr.,,,
491,5104831099,Patrick_Star (16/20),0,80.75,1B Munetaka Murakami 2B Brice Turang 3B Maikel Garcia C Salvador Perez OF Christian Yelich OF Austin Hays OF Garrett Mitchell P Jack Flaherty P Anthony Kay SS Kevin McGonigle,,,
494,5104766813,rogs1draft (14/20),0,80.65,1B Alec Burleson 2B Brice Turang 3B Luis Rengifo C William Contreras OF George Springer OF Christian Yelich OF Garrett Mitchell P Dustin May P Luinder Avila SS Bobby Witt Jr.,,,
495,5104756141,Brothaman007 (8/8),0,80.55,1B Munetaka Murakami 2B Brice Turang 3B Maikel Garcia C William Contreras OF Riley Greene OF Jac Caglianone OF Austin Hays P Chad Patrick P Dustin May SS Colson Montgomery,,,
495,5104798486,FlameThrower4 (3/20),0,80.55,1B Vladimir Guerrero Jr. 2B David Hamilton 3B Kazuma Okamoto C William Contreras OF George Springer OF Daulton Varsho OF Garrett Mitchell P Chad Patrick P Dustin May SS Andres Gimenez,,,
495,5104798489,FlameThrower4 (6/20),0,80.55,1B Vladimir Guerrero Jr. 2B Brice Turang 3B David Hamilton C William Contreras OF George Springer OF Sal Frelick OF Garrett Mitchell P Chad Patrick P Dustin May SS Andres Gimenez,,,
495,5104820003,Coolac420,0,80.55,1B Jake Bauers 2B Chase Meidroth 3B Miguel Vargas C William Contreras OF Christian Yelich OF Sal Frelick OF Brandon Lockridge P Chad Patrick P Dustin May SS Colson Montgomery,,,
495,5104840626,Harvesters0812 (2/2),0,80.55,1B Alec Burleson 2B JJ Wetherholt 3B Nolan Gorman C Dillon Dingler OF George Springer OF Christian Yelich OF Sal Frelick P Chad Patrick P Dustin May SS Bobby Witt Jr.,,,
495,5104852413,yaopete (3/20),0,80.55,1B Vladimir Guerrero Jr. 2B Brice Turang 3B Ernie Clement C William Contreras OF George Springer OF Davis Schneider OF Garrett Mitchell P Chad Patrick P Dustin May SS Andres Gimenez,,,
501,5104784458,EliReasons (15/20),0,80.5,1B Vladimir Guerrero Jr. 2B Lenyn Sosa 3B Kazuma Okamoto C Ivan Herrera OF Daulton Varsho OF Kerry Carpenter OF Davis Schneider P Jack Flaherty P Dustin May SS Bobby Witt Jr.,,,
501,5104787868,VariableX (7/20),0,80.5,1B Munetaka Murakami 2B Brice Turang 3B Miguel Vargas C William Contreras OF Sal Frelick OF Austin Hays OF Tristan Peters P Jack Flaherty P Dustin May SS Colson Montgomery,,,
503,5104752113,Raiderfanatic2195 (8/20),0,80.3,1B Vladimir Guerrero Jr. 2B JJ Wetherholt 3B Maikel Garcia C Ivan Herrera OF George Springer OF Daulton Varsho OF Riley Greene P Dustin May P Lazaro Estrada SS Bobby Witt Jr.,,,
504,5104831130,JustHeem23 (13/20),0,80.25,1B Vinnie Pasquantino 2B Brice Turang 3B Kazuma Okamoto C Ivan Herrera OF Christian Yelich OF Jac Caglianone OF Garrett Mitchell P Dustin May P Anthony Kay SS Bobby Witt Jr.,,,
505,5104817944,sh-13,0,80.15,1B Colt Keith 2B Gleyber Torres 3B Maikel Garcia C Salvador Perez OF Riley Greene OF Kerry Carpenter OF Jac Caglianone P Jack Flaherty P Luinder Avila SS Bobby Witt Jr.,,,
505,5104833448,KillaBrown,0,80.15,1B Vladimir Guerrero Jr. 2B Davis Schneider 3B Maikel Garcia C Salvador Perez OF George Springer OF Luisangel Acuna OF Jordan Walker P Jack Flaherty P Luinder Avila SS Bobby Witt Jr.,,,
507,5104774915,uoweme,0,80.05,1B Alec Burleson 2B Brice Turang 3B Colt Keith C Dillon Dingler OF Christian Yelich OF Kerry Carpenter OF Isaac Collins P Jack Flaherty P Chad Patrick SS Andres Gimenez,,,
507,5104803472,Robandbob,0,80.05,1B Vladimir Guerrero Jr. 2B Brice Turang 3B Ernie Clement C Reese McGuire OF George Springer OF Christian Yelich OF Davis Schneider P Jack Flaherty P Chad Patrick SS Colson Montgomery,,,
507,5104810339,kingpin131 (2/2),0,80.05,1B Colt Keith 2B Brice Turang 3B David Hamilton C Dillon Dingler OF Christian Yelich OF Riley Greene OF Kyle Isbel P Jack Flaherty P Chad Patrick SS Bobby Witt Jr.,,,
507,5104827017,Obituary,0,80.05,1B Colt Keith 2B Davis Schneider 3B Kevin McGonigle C William Contreras OF Riley Greene OF Sal Frelick OF Jake Bauers P Jack Flaherty P Chad Patrick SS Bobby Witt Jr.,,,
511,5104777043,Raidermic,0,79.8,1B Munetaka Murakami 2B Chase Meidroth 3B Kevin McGonigle C Tyler Heineman OF George Springer OF Christian Yelich OF Riley Greene P Chad Patrick P Anthony Kay SS Bobby Witt Jr.,,,
511,5104778576,superunknowx (1/20),0,79.8,1B Vladimir Guerrero Jr. 2B Brice Turang 3B Colt Keith C Tyler Heineman OF George Springer OF Christian Yelich OF Riley Greene P Jack Flaherty P Lazaro Estrada SS Bobby Witt Jr.,,,
511,5104784551,Elwaysarmy (9/20),0,79.8,1B Vladimir Guerrero Jr. 2B Davis Schneider 3B Maikel Garcia C Ivan Herrera OF George Springer OF Daulton Varsho OF Myles Straw P Jack Flaherty P Lazaro Estrada SS Bobby Witt Jr.,,,
511,5104824983,BullDozier (19/20),0,79.8,1B Vladimir Guerrero Jr. 2B Ernie Clement 3B Luis Rengifo C Salvador Perez OF George Springer OF Christian Yelich OF Jake Bauers P Jack Flaherty P Lazaro Estrada SS Bobby Witt Jr.,,,
511,5104826605,DraftKingsEAD (13/20),0,79.8,1B Vinnie Pasquantino 2B Brice Turang 3B Luis Rengifo C William Contreras OF Christian Yelich OF Riley Greene OF Sal Frelick P Jack Flaherty P Lazaro Estrada SS Bobby Witt Jr.,,,
511,5104830251,Harvesters0812 (1/2),0,79.8,1B Vladimir Guerrero Jr. 2B Brice Turang 3B Colson Montgomery C William Contreras OF George Springer OF Christian Yelich OF Riley Greene P Jack Flaherty P Lazaro Estrada SS Andres Gimenez,,,
517,5104784459,EliReasons (16/20),0,79.75,1B Miguel Vargas 2B Brice Turang 3B David Hamilton C William Contreras OF George Springer OF Christian Yelich OF Starling Marte P Jack Flaherty P Anthony Kay SS Bobby Witt Jr.,,,
517,5104852428,yaopete (18/20),0,79.75,1B Vinnie Pasquantino 2B Gleyber Torres 3B Kevin McGonigle C Salvador Perez OF Riley Greene OF Kerry Carpenter OF Isaac Collins P Jack Flaherty P Anthony Kay SS Bobby Witt Jr.,,,
519,5104798501,FlameThrower4 (18/20),0,79.55,1B Vladimir Guerrero Jr. 2B Lenyn Sosa 3B David Hamilton C William Contreras OF George Springer OF Christian Yelich OF Jake Bauers P Chad Patrick P Dustin May SS Colson Montgomery,,,
519,5104803792,newguy2015 (6/14),0,79.55,1B Vladimir Guerrero Jr. 2B Davis Schneider 3B Ernie Clement C William Contreras OF George Springer OF Christian Yelich OF Jake Bauers P Chad Patrick P Dustin May SS Colson Montgomery,,,
521,5104766812,rogs1draft (13/20),0,79.45,1B Alec Burleson 2B Chase Meidroth 3B Colt Keith C Ivan Herrera OF George Springer OF Christian Yelich OF Kerry Carpenter P Jack Flaherty P Mason Fluharty SS Bobby Witt Jr.,,,
522,5104752106,Raiderfanatic2195 (1/20),0,79.3,1B Vladimir Guerrero Jr. 2B Brice Turang 3B Luis Rengifo C William Contreras OF Christian Yelich OF Daulton Varsho OF Sal Frelick P Dustin May P Lazaro Estrada SS Bobby Witt Jr.,,,
522,5104842374,pat_the_hat2 (2/11),0,79.3,1B Vladimir Guerrero Jr. 2B JJ Wetherholt 3B Kazuma Okamoto C Salvador Perez OF George Springer OF Christian Yelich OF Davis Schneider P Dustin May P Lazaro Estrada SS Bobby Witt Jr.,,,
524,5104755559,GolfSpace7 (5/5),0,79.15,1B Vladimir Guerrero Jr. 2B Lenyn Sosa 3B Maikel Garcia C Dillon Dingler OF Christian Yelich OF Zach McKinstry OF Jake Bauers P Jack Flaherty P Luinder Avila SS Bobby Witt Jr.,,,
524,5104755700,BomTrady6969,0,79.15,1B Spencer Torkelson 2B JJ Wetherholt 3B Kevin McGonigle C Dillon Dingler OF George Springer OF Kerry Carpenter OF Jac Caglianone P Jack Flaherty P Luinder Avila SS Bobby Witt Jr.,,,
524,5104795851,newguy2015 (2/14),0,79.15,1B Vladimir Guerrero Jr. 2B Davis Schneider 3B Colson Montgomery C Salvador Perez OF George Springer OF Kerry Carpenter OF Luisangel Acuna P Jack Flaherty P Luinder Avila SS Bobby Witt Jr.,,,
524,5104826427,negraf (12/20),0,79.15,1B Munetaka Murakami 2B Lenyn Sosa 3B Miguel Vargas C Salvador Perez OF George Springer OF Jac Caglianone OF Nick Loftin P Jack Flaherty P Luinder Avila SS Colson Montgomery,,,
528,5104763740,wolfpac1959,0,79.05,1B Colt Keith 2B Brice Turang 3B Kevin McGonigle C Dillon Dingler OF Christian Yelich OF Riley Greene OF Kerry Carpenter P Jack Flaherty P Chad Patrick SS Andres Gimenez,,,
528,5104795937,Mikeyi5000 (1/5),0,79.05,1B Munetaka Murakami 2B Brice Turang 3B Ernie Clement C William Contreras OF George Springer OF Daulton Varsho OF Luisangel Acuna P Jack Flaherty P Chad Patrick SS Colson Montgomery,,,
528,5104795940,Mikeyi5000 (2/5),0,79.05,1B Munetaka Murakami 2B Brice Turang 3B Ernie Clement C William Contreras OF George Springer OF Daulton Varsho OF Luisangel Acuna P Jack Flaherty P Chad Patrick SS Colson Montgomery,,,
528,5104795950,Mikeyi5000 (3/5),0,79.05,1B Munetaka Murakami 2B Brice Turang 3B Ernie Clement C William Contreras OF George Springer OF Daulton Varsho OF Luisangel Acuna P Jack Flaherty P Chad Patrick SS Colson Montgomery,,,
528,5104809616,Mikeyi5000 (4/5),0,79.05,1B Munetaka Murakami 2B Brice Turang 3B Ernie Clement C William Contreras OF George Springer OF Daulton Varsho OF Luisangel Acuna P Jack Flaherty P Chad Patrick SS Colson Montgomery,,,
528,5104809662,Mikeyi5000 (5/5),0,79.05,1B Munetaka Murakami 2B Brice Turang 3B Ernie Clement C William Contreras OF George Springer OF Daulton Varsho OF Luisangel Acuna P Jack Flaherty P Chad Patrick SS Colson Montgomery,,,
528,5104812488,Cbron1523 (1/2),0,79.05,1B Colt Keith 2B Brice Turang 3B Maikel Garcia C Dillon Dingler OF Riley Greene OF Kerry Carpenter OF Jac Caglianone P Jack Flaherty P Chad Patrick SS Kevin McGonigle,,,
528,5104821650,dmann8888 (12/20),0,79.05,1B Colt Keith 2B Gleyber Torres 3B Kazuma Okamoto C Tyler Heineman OF Daulton Varsho OF Riley Greene OF Myles Straw P Jack Flaherty P Chad Patrick SS Kevin McGonigle,,,
528,5104824972,BullDozier (8/20),0,79.05,1B Colt Keith 2B Brice Turang 3B Luis Rengifo C William Contreras OF George Springer OF Christian Yelich OF Davis Schneider P Jack Flaherty P Chad Patrick SS Kevin McGonigle,,,
528,5104844585,law123tr,0,79.05,1B Jake Bauers 2B Brice Turang 3B Colt Keith C Dillon Dingler OF George Springer OF Christian Yelich OF Garrett Mitchell P Jack Flaherty P Chad Patrick SS Andres Gimenez,,,
538,5104743773,Freeebyrd,0,78.8,1B Jake Bauers 2B Brice Turang 3B David Hamilton C Dillon Dingler OF Christian Yelich OF Garrett Mitchell OF Kyle Isbel P Chad Patrick P Anthony Kay SS Andres Gimenez,,,
538,5104879129,Oak1050 (6/6),0,78.8,1B Vladimir Guerrero Jr. 2B Brice Turang 3B Ernie Clement C William Contreras OF George Springer OF Davis Schneider OF Myles Straw P Jack Flaherty P Lazaro Estrada SS Bobby Witt Jr.,,,
540,5104761515,MaxTheMin (15/20),0,78.75,1B Jake Bauers 2B Brice Turang 3B David Hamilton C William Contreras OF Christian Yelich OF Riley Greene OF Zach McKinstry P Jack Flaherty P Anthony Kay SS Bobby Witt Jr.,,,
540,5104784456,EliReasons (13/20),0,78.75,1B Vinnie Pasquantino 2B Brice Turang 3B Maikel Garcia C Salvador Perez OF Sal Frelick OF Kerry Carpenter OF Garrett Mitchell P Jack Flaherty P Anthony Kay SS Bobby Witt Jr.,,,
542,5104755334,jamesevrard,0,78.2,1B Alec Burleson 2B JJ Wetherholt 3B Maikel Garcia C William Contreras OF Christian Yelich OF Daulton Varsho OF Riley Greene P Chad Patrick P Luinder Avila SS Kevin McGonigle,,,
542,5104784559,Elwaysarmy (17/20),0,78.2,1B Vladimir Guerrero Jr. 2B Nolan Gorman 3B Kazuma Okamoto C Ivan Herrera OF George Springer OF Daulton Varsho OF Davis Schneider P Chad Patrick P Luinder Avila SS Bobby Witt Jr.,,,
542,5104826431,negraf (16/20),0,78.2,1B Munetaka Murakami 2B Lenyn Sosa 3B Kevin McGonigle C Tyler Heineman OF Riley Greene OF Starling Marte OF Isaac Collins P Chad Patrick P Luinder Avila SS Colson Montgomery,,,
545,5104765406,womana1mighty (12/20),0,78.15,1B Vladimir Guerrero Jr. 2B Gleyber Torres 3B Maikel Garcia C Tyler Heineman OF Daulton Varsho OF Riley Greene OF Kerry Carpenter P Jack Flaherty P Luinder Avila SS Kevin McGonigle,,,
545,5104879153,twinsfan5 (17/20),0,78.15,1B Munetaka Murakami 2B Lenyn Sosa 3B Colt Keith C Dillon Dingler OF Riley Greene OF Kerry Carpenter OF Austin Hays P Jack Flaherty P Luinder Avila SS Kevin McGonigle,,,
547,5104784556,Elwaysarmy (14/20),0,78.05,1B Vladimir Guerrero Jr. 2B Lenyn Sosa 3B Kazuma Okamoto C Tyler Heineman OF George Springer OF Kerry Carpenter OF Austin Hays P Jack Flaherty P Chad Patrick SS Andres Gimenez,,,
547,5104784557,Elwaysarmy (15/20),0,78.05,1B Vladimir Guerrero Jr. 2B Lenyn Sosa 3B Kazuma Okamoto C Tyler Heineman OF George Springer OF Daulton Varsho OF Austin Hays P Jack Flaherty P Chad Patrick SS Colson Montgomery,,,
547,5104821654,dmann8888 (16/20),0,78.05,1B Vladimir Guerrero Jr. 2B Lenyn Sosa 3B Ernie Clement C Dillon Dingler OF George Springer OF Davis Schneider OF Parker Meadows P Jack Flaherty P Chad Patrick SS Andres Gimenez,,,
547,5104858444,ImSoUgly1,0,78.05,1B Jake Bauers 2B David Hamilton 3B Miguel Vargas C Dillon Dingler OF Christian Yelich OF Kyle Isbel OF Brandon Lockridge P Jack Flaherty P Chad Patrick SS Andres Gimenez,,,
547,5104879242,Ctracefan (2/12),0,78.05,1B Lenyn Sosa 2B Chase Meidroth 3B Colson Montgomery C William Contreras OF George Springer OF Austin Hays OF Luisangel Acuna P Jack Flaherty P Chad Patrick SS Bobby Witt Jr.,,,
552,5104743801,mejiachr,0,77.850006,1B Vladimir Guerrero Jr. 2B Brice Turang 3B Maikel Garcia C Dillon Dingler OF George Springer OF Sal Frelick OF Luis Matos P Chad Patrick P Lazaro Estrada SS Bobby Witt Jr.,,,
553,5104878321,Oak1050 (5/6),0,77.8,1B Vladimir Guerrero Jr. 2B Brice Turang 3B Kazuma Okamoto C Tyler Heineman OF George Springer OF Christian Yelich OF Davis Schneider P Jack Flaherty P Lazaro Estrada SS Bobby Witt Jr.,,,
554,5104831091,Patrick_Star (8/20),0,77.55,1B Alec Burleson 2B JJ Wetherholt 3B Kazuma Okamoto C Ivan Herrera OF George Springer OF Daulton Varsho OF Nathan Church P Chad Patrick P Dustin May SS Bobby Witt Jr.,,,
555,5104772847,Homer_For_Life (11/20),0,77.5,1B Vladimir Guerrero Jr. 2B Brice Turang 3B Luis Rengifo C William Contreras OF George Springer OF Jake Bauers OF Garrett Mitchell P Jack Flaherty P Dustin May SS Kevin McGonigle,,,
555,5104826012,bookert21 (7/20),0,77.5,1B Miguel Vargas 2B Brice Turang 3B Luis Rengifo C William Contreras OF Christian Yelich OF Nick Loftin OF Brandon Lockridge P Jack Flaherty P Dustin May SS Bobby Witt Jr.,,,
557,5104819018,iGAMBLE (14/20),0,77.25,1B Munetaka Murakami 2B Chase Meidroth 3B Miguel Vargas C William Contreras OF George Springer OF Jake Bauers OF Tristan Peters P Jack Flaherty P Grant Taylor SS Bobby Witt Jr.,,,
557,5104841965,edwin514 (19/20),0,77.25,1B Jake Bauers 2B JJ Wetherholt 3B Maikel Garcia C Salvador Perez OF Jac Caglianone OF Nick Loftin OF Jordan Walker P Dustin May P Anthony Kay SS Bobby Witt Jr.,,,
559,5104837327,Sweetleaf22 (1/3),0,77.15,1B Vinnie Pasquantino 2B JJ Wetherholt 3B Maikel Garcia C Ivan Herrera OF Daulton Varsho OF Riley Greene OF Kerry Carpenter P Jack Flaherty P Luinder Avila SS Bobby Witt Jr.,,,
559,5104852412,yaopete (2/20),0,77.15,1B Vinnie Pasquantino 2B Gleyber Torres 3B Kevin McGonigle C Salvador Perez OF Riley Greene OF Kerry Carpenter OF Starling Marte P Jack Flaherty P Luinder Avila SS Bobby Witt Jr.,,,
561,5104752299,miked333 (5/7),0,77.05,1B Munetaka Murakami 2B Brice Turang 3B Luis Rengifo C William Contreras OF George Springer OF Christian Yelich OF Jake Bauers P Jack Flaherty P Chad Patrick SS Andres Gimenez,,,
561,5104771229,villa51nc,0,77.05,1B Vinnie Pasquantino 2B JJ Wetherholt 3B Ernie Clement C Dillon Dingler OF George Springer OF Christian Yelich OF Riley Greene P Jack Flaherty P Chad Patrick SS Kevin McGonigle,,,
561,5104774596,Sunderer,0,77.05,1B Vladimir Guerrero Jr. 2B Brice Turang 3B Ernie Clement C Tyler Heineman OF Christian Yelich OF Jake Bauers OF Luisangel Acuna P Jack Flaherty P Chad Patrick SS Bobby Witt Jr.,,,
561,5104779809,reetz15,0,77.05,1B Vladimir Guerrero Jr. 2B Chase Meidroth 3B Kevin McGonigle C Ivan Herrera OF Christian Yelich OF Riley Greene OF Luisangel Acuna P Jack Flaherty P Chad Patrick SS Andres Gimenez,,,
561,5104858271,Joymatthew,0,77.05,1B Munetaka Murakami 2B Brice Turang 3B Nolan Gorman C Dillon Dingler OF Christian Yelich OF Daulton Varsho OF Riley Greene P Jack Flaherty P Chad Patrick SS Kevin McGonigle,,,
566,5104853784,Mrrodshaun516 (14/20),0,77,1B Vladimir Guerrero Jr. 2B Ernie Clement 3B Kazuma Okamoto C Salvador Perez OF George Springer OF Zach McKinstry OF Davis Schneider P Jack Flaherty P Kris Bubic SS Colson Montgomery,,,
567,5104833415,cpmpkpcp4,0,76.8,1B Miguel Vargas 2B Brice Turang 3B Kazuma Okamoto C Dillon Dingler OF Christian Yelich OF Riley Greene OF Kyle Isbel P Chad Patrick P Anthony Kay SS Andres Gimenez,,,
567,5104843583,Hawkeye1992 (4/5),0,76.8,1B Vladimir Guerrero Jr. 2B Davis Schneider 3B Kazuma Okamoto C William Contreras OF George Springer OF Christian Yelich OF Daulton Varsho P Jack Flaherty P Lazaro Estrada SS Kevin McGonigle,,,
569,5104737661,SumJenks (2/3),0,76.75,1B Vladimir Guerrero Jr. 2B JJ Wetherholt 3B Maikel Garcia C William Contreras OF Riley Greene OF Sal Frelick OF Jac Caglianone P Jack Flaherty P Anthony Kay SS Kevin McGonigle,,,
569,5104793035,jet0360,0,76.75,1B Munetaka Murakami 2B Luisangel Acuna 3B Kevin McGonigle C Dillon Dingler OF Christian Yelich OF Riley Greene OF Sal Frelick P Jack Flaherty P Anthony Kay SS Bobby Witt Jr.,,,
569,5104831093,Patrick_Star (10/20),0,76.75,1B Jake Bauers 2B Brice Turang 3B Nolan Gorman C Ivan Herrera OF Christian Yelich OF Riley Greene OF Kerry Carpenter P Jack Flaherty P Anthony Kay SS Bobby Witt Jr.,,,
572,5104753456,Brothaman007 (3/8),0,76.55,1B Alec Burleson 2B Brice Turang 3B Colson Montgomery C Salvador Perez OF Christian Yelich OF Jac Caglianone OF Luisangel Acuna P Chad Patrick P Dustin May SS Bobby Witt Jr.,,,
572,5104770752,ckanderson1968,0,76.55,1B Vladimir Guerrero Jr. 2B Brice Turang 3B Miguel Vargas C Dillon Dingler OF George Springer OF Christian Yelich OF Kyle Isbel P Chad Patrick P Dustin May SS Andres Gimenez,,,
574,5104757153,godnref (13/20),0,76.5,1B Miguel Vargas 2B Brice Turang 3B Luis Rengifo C William Contreras OF George Springer OF Christian Yelich OF Jake Bauers P Jack Flaherty P Dustin May SS Colson Montgomery,,,
574,5104787864,VariableX (3/20),0,76.5,1B Vladimir Guerrero Jr. 2B Davis Schneider 3B Kazuma Okamoto C William Contreras OF George Springer OF Christian Yelich OF Garrett Mitchell P Jack Flaherty P Dustin May SS Andres Gimenez,,,
574,5104853783,Mrrodshaun516 (13/20),0,76.5,1B Vladimir Guerrero Jr. 2B Davis Schneider 3B Kazuma Okamoto C William Contreras OF George Springer OF Christian Yelich OF Garrett Mitchell P Jack Flaherty P Dustin May SS Joey Ortiz,,,
577,5104752122,Raiderfanatic2195 (17/20),0,76.3,1B Vladimir Guerrero Jr. 2B Ernie Clement 3B Kazuma Okamoto C Ivan Herrera OF George Springer OF Christian Yelich OF Daulton Varsho P Dustin May P Lazaro Estrada SS Bobby Witt Jr.,,,
578,5104791872,SpeedRacer101 (20/20),0,76.25,1B Alec Burleson 2B JJ Wetherholt 3B Luis Rengifo C Ivan Herrera OF Christian Yelich OF Victor Scott II OF Nathan Church P Dustin May P Anthony Kay SS Bobby Witt Jr.,,,
579,5104853779,Mrrodshaun516 (9/20),0,76.2,1B Alec Burleson 2B JJ Wetherholt 3B Ernie Clement C Ivan Herrera OF George Springer OF Davis Schneider OF Thomas Saggese P Chad Patrick P Luinder Avila SS Kevin McGonigle,,,
580,5104810366,lincolnius77 (5/5),0,76.15,1B Vladimir Guerrero Jr. 2B Davis Schneider 3B Colson Montgomery C Dillon Dingler OF George Springer OF Austin Hays OF Myles Straw P Jack Flaherty P Luinder Avila SS Bobby Witt Jr.,,,
580,5104822647,Marcosamparo (11/20),0,76.15,1B Vladimir Guerrero Jr. 2B Zach McKinstry 3B Kevin McGonigle C Dillon Dingler OF Daulton Varsho OF Riley Greene OF Parker Meadows P Jack Flaherty P Luinder Avila SS Andres Gimenez,,,
580,5104837798,blaydes (7/20),0,76.15,1B Vladimir Guerrero Jr. 2B Gleyber Torres 3B Colt Keith C Dillon Dingler OF George Springer OF Riley Greene OF Davis Schneider P Jack Flaherty P Luinder Avila SS Kevin McGonigle,,,
583,5104790570,harvick2010 (3/9),0,76.05,1B Munetaka Murakami 2B Brice Turang 3B Kazuma Okamoto C William Contreras OF Daulton Varsho OF Jake Bauers OF Tristan Peters P Jack Flaherty P Chad Patrick SS Colson Montgomery,,,
583,5104822445,Donso (1/5),0,76.05,1B Vladimir Guerrero Jr. 2B Lenyn Sosa 3B Colson Montgomery C Reese McGuire OF George Springer OF Daulton Varsho OF Riley Greene P Jack Flaherty P Chad Patrick SS Kevin McGonigle,,,
583,5104834629,Just_Stan,0,76.05,1B Munetaka Murakami 2B Ernie Clement 3B Kevin McGonigle C Dillon Dingler OF George Springer OF Christian Yelich OF Riley Greene P Jack Flaherty P Chad Patrick SS Andres Gimenez,,,
583,5104845858,albertperry1990,0,76.05,1B Vladimir Guerrero Jr. 2B David Hamilton 3B Kazuma Okamoto C Dillon Dingler OF Riley Greene OF Sal Frelick OF Jake Bauers P Jack Flaherty P Chad Patrick SS Kevin McGonigle,,,
583,5104849104,ob1221,0,76.05,1B Alec Burleson 2B Brice Turang 3B Maikel Garcia C Ivan Herrera OF Daulton Varsho OF Riley Greene OF Kerry Carpenter P Jack Flaherty P Chad Patrick SS Andres Gimenez,,,
583,5104858155,BReezy3000 (1/3),0,76.05,1B Vladimir Guerrero Jr. 2B Ernie Clement 3B Colt Keith C Dillon Dingler OF George Springer OF Christian Yelich OF Thomas Saggese P Jack Flaherty P Chad Patrick SS Kevin McGonigle,,,
589,5104832345,tpmanion (2/2),0,75.8,1B Alec Burleson 2B Brice Turang 3B Maikel Garcia C Ivan Herrera OF Christian Yelich OF Riley Greene OF Sal Frelick P Chad Patrick P Anthony Kay SS Kevin McGonigle,,,
589,5104844540,sheldon1962 (2/3),0,75.8,1B Vladimir Guerrero Jr. 2B Brice Turang 3B Kazuma Okamoto C Tyler Heineman OF George Springer OF Christian Yelich OF Starling Marte P Jack Flaherty P Lazaro Estrada SS Bobby Witt Jr.,,,
589,5104854418,Oak1050 (4/6),0,75.8,1B Vladimir Guerrero Jr. 2B Brice Turang 3B Maikel Garcia C William Contreras OF George Springer OF Davis Schneider OF Myles Straw P Jack Flaherty P Lazaro Estrada SS Bobby Witt Jr.,,,
592,5104826598,DraftKingsEAD (6/20),0,75.75,1B Colt Keith 2B Brice Turang 3B Luis Rengifo C Salvador Perez OF Christian Yelich OF Jake Bauers OF Garrett Mitchell P Jack Flaherty P Anthony Kay SS Kevin McGonigle,,,
592,5104846756,MattH4cker,0,75.75,1B Colt Keith 2B Chase Meidroth 3B Kevin McGonigle C Dillon Dingler OF Riley Greene OF Kerry Carpenter OF Austin Hays P Jack Flaherty P Anthony Kay SS Colson Montgomery,,,
594,5104756140,Brothaman007 (7/8),0,75.55,1B Munetaka Murakami 2B Brice Turang 3B Maikel Garcia C William Contreras OF Riley Greene OF Austin Hays OF Luisangel Acuna P Chad Patrick P Dustin May SS Colson Montgomery,,,
594,5104798496,FlameThrower4 (13/20),0,75.55,1B Vladimir Guerrero Jr. 2B David Hamilton 3B Kazuma Okamoto C Ivan Herrera OF George Springer OF Daulton Varsho OF Jake Bauers P Chad Patrick P Dustin May SS Colson Montgomery,,,
594,5104798503,FlameThrower4 (20/20),0,75.55,1B Vladimir Guerrero Jr. 2B Brice Turang 3B David Hamilton C Ivan Herrera OF George Springer OF Sal Frelick OF Jake Bauers P Chad Patrick P Dustin May SS Colson Montgomery,,,
597,5104757143,godnref (3/20),0,75.5,1B Vladimir Guerrero Jr. 2B Brice Turang 3B Luis Rengifo C William Contreras OF George Springer OF Davis Schneider OF Garrett Mitchell P Jack Flaherty P Dustin May SS Andres Gimenez,,,
597,5104828415,mistafletch40 (3/3),0,75.5,1B Alec Burleson 2B Brice Turang 3B Colt Keith C Dillon Dingler OF Riley Greene OF Jake Bauers OF Jordan Walker P Jack Flaherty P Dustin May SS Kevin McGonigle,,,
597,5104831129,JustHeem23 (12/20),0,75.5,1B Munetaka Murakami 2B Lenyn Sosa 3B Miguel Vargas C Salvador Perez OF Sal Frelick OF Austin Hays OF Luisangel Acuna P Jack Flaherty P Dustin May SS Bobby Witt Jr.,,,
600,5104752301,miked333 (7/7),0,75.05,1B Vladimir Guerrero Jr. 2B Ernie Clement 3B Kazuma Okamoto C William Contreras OF Daulton Varsho OF Jake Bauers OF Davis Schneider P Jack Flaherty P Chad Patrick SS Kevin McGonigle,,,
600,5104775524,xstevex.2 (1/2),0,75.05,1B Lenyn Sosa 2B Brice Turang 3B Miguel Vargas C William Contreras OF George Springer OF Christian Yelich OF Daulton Varsho P Jack Flaherty P Chad Patrick SS Andres Gimenez,,,
600,5104778587,superunknowx (12/20),0,75.05,1B Vladimir Guerrero Jr. 2B Brice Turang 3B Colson Montgomery C Tyler Heineman OF Daulton Varsho OF Sal Frelick OF Jake Bauers P Jack Flaherty P Chad Patrick SS Kevin McGonigle,,,
600,5104782263,xstevex.2 (2/2),0,75.05,1B Lenyn Sosa 2B Brice Turang 3B Miguel Vargas C William Contreras OF George Springer OF Christian Yelich OF Daulton Varsho P Jack Flaherty P Chad Patrick SS Andres Gimenez,,,
600,5104821641,dmann8888 (3/20),0,75.05,1B Munetaka Murakami 2B Chase Meidroth 3B Miguel Vargas C Tyler Heineman OF George Springer OF Daulton Varsho OF Myles Straw P Jack Flaherty P Chad Patrick SS Andres Gimenez,,,
600,5104826604,DraftKingsEAD (12/20),0,75.05,1B Colt Keith 2B Brice Turang 3B Luis Rengifo C William Contreras OF Christian Yelich OF Daulton Varsho OF Brandon Lockridge P Jack Flaherty P Chad Patrick SS Kevin McGonigle,,,
600,5104842378,pat_the_hat2 (6/11),0,75.05,1B Spencer Torkelson 2B Brice Turang 3B Colt Keith C Dillon Dingler OF Sal Frelick OF Kerry Carpenter OF Jake Bauers P Jack Flaherty P Chad Patrick SS Kevin McGonigle,,,
600,5104850664,danielgho,0,75.05,1B Vladimir Guerrero Jr. 2B Chase Meidroth 3B Maikel Garcia C Dillon Dingler OF George Springer OF Austin Hays OF Nick Loftin P Jack Flaherty P Chad Patrick SS Colson Montgomery,,,
600,5104858159,BReezy3000 (3/3),0,75.05,1B Vladimir Guerrero Jr. 2B Brice Turang 3B Kazuma Okamoto C Dillon Dingler OF Christian Yelich OF Jake Bauers OF Kyle Isbel P Jack Flaherty P Chad Patrick SS Kevin McGonigle,,,
600,5104879246,Ctracefan (6/12),0,75.05,1B Lenyn Sosa 2B Brice Turang 3B David Hamilton C William Contreras OF George Springer OF Christian Yelich OF Jake Bauers P Jack Flaherty P Chad Patrick SS Colson Montgomery,,,
610,5104772843,Homer_For_Life (7/20),0,75,1B Vladimir Guerrero Jr. 2B Chase Meidroth 3B Miguel Vargas C Reese McGuire OF Daulton Varsho OF Riley Greene OF Austin Hays P Jack Flaherty P Seth Lugo SS Colson Montgomery,,,
611,5104782709,james2958 (2/2),0,74.8,1B Munetaka Murakami 2B Brice Turang 3B Colt Keith C Dillon Dingler OF George Springer OF Christian Yelich OF Jake Bauers P Chad Patrick P Anthony Kay SS Kevin McGonigle,,,
611,5104802481,jfabss,0,74.8,1B Jake Bauers 2B Brice Turang 3B David Hamilton C William Contreras OF George Springer OF Christian Yelich OF Austin Hays P Chad Patrick P Anthony Kay SS Colson Montgomery,,,
611,5104824976,BullDozier (12/20),0,74.8,1B Spencer Torkelson 2B Gleyber Torres 3B Kevin McGonigle C Salvador Perez OF George Springer OF Isaac Collins OF Nick Loftin P Jack Flaherty P Lazaro Estrada SS Bobby Witt Jr.,,,
614,5104826609,DraftKingsEAD (17/20),0,74.75,1B Jake Bauers 2B Brice Turang 3B Luis Rengifo C Salvador Perez OF Sal Frelick OF Starling Marte OF Garrett Mitchell P Jack Flaherty P Anthony Kay SS Bobby Witt Jr.,,,
615,5104803886,newguy2015 (9/14),0,74.55,1B Alec Burleson 2B Brice Turang 3B Kazuma Okamoto C William Contreras OF Christian Yelich OF Jake Bauers OF Davis Schneider P Chad Patrick P Dustin May SS Colson Montgomery,,,
616,5104772839,Homer_For_Life (3/20),0,74.5,1B Vladimir Guerrero Jr. 2B Gleyber Torres 3B Ernie Clement C Tyler Heineman OF Daulton Varsho OF Riley Greene OF Davis Schneider P Jack Flaherty P Dustin May SS Bobby Witt Jr.,,,
616,5104822648,Marcosamparo (12/20),0,74.5,1B Vinnie Pasquantino 2B David Hamilton 3B Luis Rengifo C Salvador Perez OF Jac Caglianone OF Isaac Collins OF Garrett Mitchell P Jack Flaherty P Dustin May SS Bobby Witt Jr.,,,
618,5104752116,Raiderfanatic2195 (11/20),0,74.3,1B Vladimir Guerrero Jr. 2B Davis Schneider 3B Kazuma Okamoto C William Contreras OF George Springer OF Christian Yelich OF Daulton Varsho P Dustin May P Lazaro Estrada SS Bobby Witt Jr.,,,
619,5104837799,blaydes (8/20),0,74.15,1B Colt Keith 2B Gleyber Torres 3B Kevin McGonigle C Dillon Dingler OF George Springer OF Riley Greene OF Davis Schneider P Jack Flaherty P Luinder Avila SS Bobby Witt Jr.,,,
620,5104735195,abernal88,0,74.05,1B Spencer Torkelson 2B Brice Turang 3B Ernie Clement C William Contreras OF Christian Yelich OF Kerry Carpenter OF Isaac Collins P Jack Flaherty P Chad Patrick SS Andres Gimenez,,,
620,5104765409,womana1mighty (15/20),0,74.05,1B Vladimir Guerrero Jr. 2B Chase Meidroth 3B Colson Montgomery C Tyler Heineman OF George Springer OF Christian Yelich OF Myles Straw P Jack Flaherty P Chad Patrick SS Andres Gimenez,,,
620,5104844858,overstreet818,0,74.05,1B Alec Burleson 2B Ernie Clement 3B Kazuma Okamoto C Ivan Herrera OF George Springer OF Christian Yelich OF Riley Greene P Jack Flaherty P Chad Patrick SS Andres Gimenez,,,
620,5104869315,Nflvikings1,0,74.05,1B Vinnie Pasquantino 2B Luisangel Acuna 3B Kevin McGonigle C Dillon Dingler OF George Springer OF Christian Yelich OF Sal Frelick P Jack Flaherty P Chad Patrick SS Colson Montgomery,,,
624,5104841951,edwin514 (5/20),0,74,1B Miguel Vargas 2B Nick Loftin 3B David Hamilton C Dillon Dingler OF Christian Yelich OF Sal Frelick OF Tristan Peters P Jack Flaherty P Seth Lugo SS Bobby Witt Jr.,,,
625,5104841940,payroll23,0,73.85,1B Vladimir Guerrero Jr. 2B Brice Turang 3B Maikel Garcia C William Contreras OF George Springer OF Christian Yelich OF Daulton Varsho P Chad Patrick P Lazaro Estrada SS Joey Ortiz,,,
626,5104763032,BigRedMachine1975,0,73.8,1B Munetaka Murakami 2B Chase Meidroth 3B Kazuma Okamoto C Dillon Dingler OF George Springer OF Christian Yelich OF Riley Greene P Chad Patrick P Anthony Kay SS Kevin McGonigle,,,
627,5104761507,MaxTheMin (7/20),0,73.75,1B Alec Burleson 2B Brice Turang 3B Luis Rengifo C Ivan Herrera OF George Springer OF Christian Yelich OF Jake Bauers P Jack Flaherty P Anthony Kay SS Bobby Witt Jr.,,,
627,5104772964,mbobos (1/2),0,73.75,1B Munetaka Murakami 2B Lenyn Sosa 3B Maikel Garcia C William Contreras OF Christian Yelich OF Sal Frelick OF Luisangel Acuna P Jack Flaherty P Anthony Kay SS Bobby Witt Jr.,,,
627,5104826022,bookert21 (17/20),0,73.75,1B Munetaka Murakami 2B Lenyn Sosa 3B Maikel Garcia C William Contreras OF Christian Yelich OF Starling Marte OF Brandon Lockridge P Jack Flaherty P Anthony Kay SS Bobby Witt Jr.,,,
627,5104826596,DraftKingsEAD (4/20),0,73.75,1B Jake Bauers 2B Brice Turang 3B Luis Rengifo C William Contreras OF Christian Yelich OF Riley Greene OF Kerry Carpenter P Jack Flaherty P Anthony Kay SS Kevin McGonigle,,,
631,5104790965,dpersichyahoo.com,0,73.55,1B Alec Burleson 2B Nolan Gorman 3B Miguel Vargas C William Contreras OF George Springer OF Christian Yelich OF Nathan Church P Chad Patrick P Dustin May SS Andres Gimenez,,,
631,5104826015,bookert21 (10/20),0,73.55,1B Vladimir Guerrero Jr. 2B JJ Wetherholt 3B Kazuma Okamoto C Ivan Herrera OF George Springer OF Daulton Varsho OF Austin Hays P Chad Patrick P Dustin May SS Andres Gimenez,,,
633,5104765412,womana1mighty (18/20),0,73.5,1B Vladimir Guerrero Jr. 2B Brice Turang 3B Kazuma Okamoto C Dillon Dingler OF George Springer OF Daulton Varsho OF Kerry Carpenter P Chad Patrick P Mason Fluharty SS Kevin McGonigle,,,
633,5104778586,superunknowx (11/20),0,73.5,1B Vladimir Guerrero Jr. 2B Ernie Clement 3B Miguel Vargas C Reese McGuire OF George Springer OF Sal Frelick OF Jac Caglianone P Jack Flaherty P Dustin May SS Bobby Witt Jr.,,,
633,5104813015,mikey.bills (6/20),0,73.5,1B Munetaka Murakami 2B Brice Turang 3B Luis Rengifo C William Contreras OF Christian Yelich OF Sal Frelick OF Luisangel Acuna P Jack Flaherty P Dustin May SS Bobby Witt Jr.,,,
636,5104773483,cbarry1220,0,73.2,1B Vladimir Guerrero Jr. 2B Chase Meidroth 3B Kazuma Okamoto C Dillon Dingler OF George Springer OF Riley Greene OF Austin Hays P Chad Patrick P Luinder Avila SS Colson Montgomery,,,
637,5104773883,b2thapizzle,0,73.15,1B Vladimir Guerrero Jr. 2B Davis Schneider 3B Kazuma Okamoto C Salvador Perez OF Christian Yelich OF Kerry Carpenter OF Victor Scott II P Jack Flaherty P Luinder Avila SS Bobby Witt Jr.,,,
637,5104837795,blaydes (4/20),0,73.15,1B Vladimir Guerrero Jr. 2B Davis Schneider 3B Colt Keith C Dillon Dingler OF George Springer OF Riley Greene OF Kerry Carpenter P Jack Flaherty P Luinder Avila SS Kevin McGonigle,,,
637,5104850669,kthompson1,0,73.15,1B Vladimir Guerrero Jr. 2B Gleyber Torres 3B Kazuma Okamoto C Dillon Dingler OF George Springer OF Riley Greene OF Austin Hays P Jack Flaherty P Luinder Avila SS Kevin McGonigle,,,
640,5104756296,skill0120,0,73.05,1B Munetaka Murakami 2B Ernie Clement 3B Nolan Gorman C William Contreras OF Jac Caglianone OF Nick Loftin OF Brandon Lockridge P Jack Flaherty P Chad Patrick SS Andres Gimenez,,,
640,5104778594,superunknowx (19/20),0,73.05,1B Spencer Torkelson 2B Chase Meidroth 3B Miguel Vargas C Dillon Dingler OF George Springer OF Daulton Varsho OF Riley Greene P Jack Flaherty P Chad Patrick SS Kevin McGonigle,,,
640,5104786309,eastaplet,0,73.05,1B Alec Burleson 2B Brice Turang 3B Kazuma Okamoto C Dillon Dingler OF Riley Greene OF Jake Bauers OF Kyle Isbel P Jack Flaherty P Chad Patrick SS Bobby Witt Jr.,,,
640,5104821647,dmann8888 (9/20),0,73.05,1B Vladimir Guerrero Jr. 2B Chase Meidroth 3B Ernie Clement C Dillon Dingler OF George Springer OF Davis Schneider OF Parker Meadows P Jack Flaherty P Chad Patrick SS Andres Gimenez,,,
640,5104853782,Mrrodshaun516 (12/20),0,73.05,1B Vladimir Guerrero Jr. 2B Davis Schneider 3B Ernie Clement C William Contreras OF George Springer OF Christian Yelich OF Jake Bauers P Jack Flaherty P Chad Patrick SS Joey Ortiz,,,
645,5104826396,Timmer21774,0,72.85,1B Jake Bauers 2B Brice Turang 3B David Hamilton C Dillon Dingler OF Christian Yelich OF Kyle Isbel OF Brandon Lockridge P Chad Patrick P Lazaro Estrada SS Kevin McGonigle,,,
646,5104797005,lincolnius77 (1/5),0,72.8,1B Vladimir Guerrero Jr. 2B Brice Turang 3B Kazuma Okamoto C Dillon Dingler OF George Springer OF Jake Bauers OF Davis Schneider P Jack Flaherty P Lazaro Estrada SS Bobby Witt Jr.,,,
646,5104804971,Markfootball1 (1/2),0,72.8,1B Vinnie Pasquantino 2B JJ Wetherholt 3B Maikel Garcia C William Contreras OF George Springer OF Daulton Varsho OF Riley Greene P Jack Flaherty P Lazaro Estrada SS Bobby Witt Jr.,,,
646,5104805529,Markfootball1 (2/2),0,72.8,1B Vinnie Pasquantino 2B JJ Wetherholt 3B Maikel Garcia C William Contreras OF George Springer OF Daulton Varsho OF Riley Greene P Jack Flaherty P Lazaro Estrada SS Bobby Witt Jr.,,,
646,5104813475,Jaycee37 (1/10),0,72.8,1B Vladimir Guerrero Jr. 2B Brice Turang 3B Kazuma Okamoto C Dillon Dingler OF George Springer OF Christian Yelich OF Riley Greene P Jack Flaherty P Lazaro Estrada SS Kevin McGonigle,,,
646,5104830075,Jaycee37 (7/10),0,72.8,1B Vladimir Guerrero Jr. 2B Brice Turang 3B Kazuma Okamoto C Dillon Dingler OF George Springer OF Christian Yelich OF Riley Greene P Jack Flaherty P Lazaro Estrada SS Kevin McGonigle,,,
651,5104826017,bookert21 (12/20),0,72.75,1B Miguel Vargas 2B David Hamilton 3B Maikel Garcia C Salvador Perez OF Christian Yelich OF Jake Bauers OF Austin Hays P Jack Flaherty P Anthony Kay SS Bobby Witt Jr.,,,
651,5104879093,twinsfan5 (14/20),0,72.75,1B Spencer Torkelson 2B Brice Turang 3B Colt Keith C William Contreras OF Christian Yelich OF Riley Greene OF Kerry Carpenter P Jack Flaherty P Anthony Kay SS Kevin McGonigle,,,
653,5104826421,negraf (6/20),0,72.55,1B Munetaka Murakami 2B Chase Meidroth 3B Nolan Gorman C Ivan Herrera OF George Springer OF Davis Schneider OF Victor Scott II P Chad Patrick P Dustin May SS Colson Montgomery,,,
654,5104756612,LOCNOTM (9/20),0,72.5,1B Vladimir Guerrero Jr. 2B Brice Turang 3B Luis Rengifo C Tyler Heineman OF Christian Yelich OF Jake Bauers OF Garrett Mitchell P Jack Flaherty P Dustin May SS Andres Gimenez,,,
655,5104766803,rogs1draft (4/20),0,72.45,1B Spencer Torkelson 2B Brice Turang 3B Colt Keith C Dillon Dingler OF Christian Yelich OF Riley Greene OF Kerry Carpenter P Jack Flaherty P Mason Fluharty SS Bobby Witt Jr.,,,
656,5104761506,MaxTheMin (6/20),0,72.25,1B Miguel Vargas 2B Brice Turang 3B David Hamilton C Ivan Herrera OF Christian Yelich OF Sal Frelick OF Austin Hays P Dustin May P Anthony Kay SS Kevin McGonigle,,,
656,5104826013,bookert21 (8/20),0,72.25,1B Alec Burleson 2B JJ Wetherholt 3B Maikel Garcia C William Contreras OF Christian Yelich OF Sal Frelick OF Austin Hays P Dustin May P Anthony Kay SS Bobby Witt Jr.,,,
658,5104847674,LIVING-LEGENDS,0,72.2,1B Munetaka Murakami 2B Brice Turang 3B Kazuma Okamoto C William Contreras OF George Springer OF Jake Bauers OF Kyle Isbel P Chad Patrick P Luinder Avila SS Bobby Witt Jr.,,,
659,5104782982,SAR61,0,72.15,1B Vladimir Guerrero Jr. 2B Davis Schneider 3B Colson Montgomery C Tyler Heineman OF George Springer OF Riley Greene OF Myles Straw P Jack Flaherty P Luinder Avila SS Bobby Witt Jr.,,,
659,5104797939,Noflyzone52,0,72.15,1B Vladimir Guerrero Jr. 2B Davis Schneider 3B Colson Montgomery C Tyler Heineman OF George Springer OF Riley Greene OF Myles Straw P Jack Flaherty P Luinder Avila SS Bobby Witt Jr.,,,
659,5104809624,newguy2015 (14/14),0,72.15,1B Vladimir Guerrero Jr. 2B Davis Schneider 3B Colson Montgomery C Tyler Heineman OF George Springer OF Riley Greene OF Myles Straw P Jack Flaherty P Luinder Avila SS Bobby Witt Jr.,,,
659,5104861651,twinsfan5 (9/20),0,72.15,1B Colt Keith 2B Gleyber Torres 3B Kazuma Okamoto C Dillon Dingler OF George Springer OF Daulton Varsho OF Kerry Carpenter P Jack Flaherty P Luinder Avila SS Kevin McGonigle,,,
663,5104766331,Kgudmunson17,0,72.05,1B Lenyn Sosa 2B Brice Turang 3B Colson Montgomery C Dillon Dingler OF George Springer OF Christian Yelich OF Jake Bauers P Jack Flaherty P Chad Patrick SS Kevin McGonigle,,,
663,5104774039,lilmig66,0,72.05,1B Munetaka Murakami 2B Nolan Gorman 3B Kazuma Okamoto C Dillon Dingler OF George Springer OF Daulton Varsho OF Riley Greene P Jack Flaherty P Chad Patrick SS Kevin McGonigle,,,
663,5104804697,Otherman77_7,0,72.05,1B Alec Burleson 2B Chase Meidroth 3B Kevin McGonigle C Tyler Heineman OF George Springer OF Riley Greene OF Sal Frelick P Jack Flaherty P Chad Patrick SS Colson Montgomery,,,
663,5104821656,dmann8888 (18/20),0,72.05,1B Lenyn Sosa 2B Ernie Clement 3B Kazuma Okamoto C Tyler Heineman OF George Springer OF Kerry Carpenter OF Myles Straw P Jack Flaherty P Chad Patrick SS Kevin McGonigle,,,
663,5104832267,Batman060901,0,72.05,1B Munetaka Murakami 2B Brice Turang 3B Kevin McGonigle C Dillon Dingler OF George Springer OF Christian Yelich OF Kyle Isbel P Jack Flaherty P Chad Patrick SS Andres Gimenez,,,
668,5104797638,mistafletch40 (1/3),0,71.8,1B Gary Sanchez 2B Brice Turang 3B Miguel Vargas C Dillon Dingler OF George Springer OF Christian Yelich OF Jake Bauers P Chad Patrick P Anthony Kay SS Kevin McGonigle,,,
668,5104805973,mistafletch40 (2/3),0,71.8,1B Gary Sanchez 2B Brice Turang 3B Miguel Vargas C Dillon Dingler OF George Springer OF Christian Yelich OF Jake Bauers P Chad Patrick P Anthony Kay SS Kevin McGonigle,,,
670,5104761503,MaxTheMin (3/20),0,71.75,1B Vladimir Guerrero Jr. 2B Chase Meidroth 3B Kevin McGonigle C Salvador Perez OF Riley Greene OF Kerry Carpenter OF Isaac Collins P Jack Flaherty P Anthony Kay SS Bobby Witt Jr.,,,
670,5104858391,eagles1985 (4/5),0,71.75,1B Jake Bauers 2B Brice Turang 3B Miguel Vargas C William Contreras OF Christian Yelich OF Riley Greene OF Sal Frelick P Jack Flaherty P Anthony Kay SS Kevin McGonigle,,,
672,5104768506,clubol,0,71.55,1B Munetaka Murakami 2B Brice Turang 3B Colson Montgomery C William Contreras OF George Springer OF Christian Yelich OF Jake Bauers P Chad Patrick P Dustin May SS Andres Gimenez,,,
672,5104791865,SpeedRacer101 (13/20),0,71.55,1B Alec Burleson 2B JJ Wetherholt 3B Nolan Gorman C Ivan Herrera OF Christian Yelich OF Sal Frelick OF Victor Scott II P Chad Patrick P Dustin May SS Andres Gimenez,,,
674,5104756617,LOCNOTM (14/20),0,71.5,1B Vladimir Guerrero Jr. 2B Davis Schneider 3B Miguel Vargas C Salvador Perez OF Daulton Varsho OF Starling Marte OF Nick Loftin P Jack Flaherty P Dustin May SS Bobby Witt Jr.,,,
674,5104792468,bebeallan (1/6),0,71.5,1B Vladimir Guerrero Jr. 2B JJ Wetherholt 3B Nolan Gorman C Ivan Herrera OF George Springer OF Riley Greene OF Victor Scott II P Jack Flaherty P Dustin May SS Bobby Witt Jr.,,,
674,5104792476,bebeallan (2/6),0,71.5,1B Vladimir Guerrero Jr. 2B JJ Wetherholt 3B Nolan Gorman C Ivan Herrera OF George Springer OF Riley Greene OF Victor Scott II P Jack Flaherty P Dustin May SS Bobby Witt Jr.,,,
674,5104792572,bebeallan (3/6),0,71.5,1B Vladimir Guerrero Jr. 2B JJ Wetherholt 3B Nolan Gorman C Ivan Herrera OF George Springer OF Riley Greene OF Victor Scott II P Jack Flaherty P Dustin May SS Bobby Witt Jr.,,,
674,5104800553,bebeallan (4/6),0,71.5,1B Vladimir Guerrero Jr. 2B JJ Wetherholt 3B Nolan Gorman C Ivan Herrera OF George Springer OF Riley Greene OF Victor Scott II P Jack Flaherty P Dustin May SS Bobby Witt Jr.,,,
674,5104800586,bebeallan (5/6),0,71.5,1B Vladimir Guerrero Jr. 2B JJ Wetherholt 3B Nolan Gorman C Ivan Herrera OF George Springer OF Riley Greene OF Victor Scott II P Jack Flaherty P Dustin May SS Bobby Witt Jr.,,,
674,5104800740,bebeallan (6/6),0,71.5,1B Vladimir Guerrero Jr. 2B JJ Wetherholt 3B Nolan Gorman C Ivan Herrera OF George Springer OF Riley Greene OF Victor Scott II P Jack Flaherty P Dustin May SS Bobby Witt Jr.,,,
674,5104819017,iGAMBLE (13/20),0,71.5,1B Vladimir Guerrero Jr. 2B Brice Turang 3B Kazuma Okamoto C Reese McGuire OF Christian Yelich OF Austin Hays OF Tristan Peters P Chad Patrick P Mason Fluharty SS Colson Montgomery,,,
674,5104829434,themvf (4/20),0,71.5,1B Jake Bauers 2B Brice Turang 3B David Hamilton C William Contreras OF Davis Schneider OF Nick Loftin OF Jordan Walker P Jack Flaherty P Dustin May SS Kevin McGonigle,,,
674,5104829440,themvf (10/20),0,71.5,1B Jake Bauers 2B Brice Turang 3B David Hamilton C William Contreras OF Davis Schneider OF Nick Loftin OF Jordan Walker P Jack Flaherty P Dustin May SS Kevin McGonigle,,,
674,5104856018,mike1123,0,71.5,1B Jake Bauers 2B Brice Turang 3B Maikel Garcia C William Contreras OF Christian Yelich OF Garrett Mitchell OF Kyle Isbel P Jack Flaherty P Dustin May SS Bobby Witt Jr.,,,
685,5104826601,DraftKingsEAD (9/20),0,71.25,1B Alec Burleson 2B JJ Wetherholt 3B David Hamilton C Ivan Herrera OF Christian Yelich OF Victor Scott II OF Nathan Church P Dustin May P Anthony Kay SS Bobby Witt Jr.,,,
686,5104837796,blaydes (5/20),0,71.15,1B Colt Keith 2B Davis Schneider 3B Kevin McGonigle C Dillon Dingler OF George Springer OF Riley Greene OF Kerry Carpenter P Jack Flaherty P Luinder Avila SS Bobby Witt Jr.,,,
686,5104855782,twinsfan5 (4/20),0,71.15,1B Vladimir Guerrero Jr. 2B Ernie Clement 3B Colt Keith C Dillon Dingler OF George Springer OF Riley Greene OF Kerry Carpenter P Jack Flaherty P Luinder Avila SS Kevin McGonigle,,,
688,5104803175,billzag1,0,71.05,1B Colt Keith 2B Ernie Clement 3B Kevin McGonigle C Tyler Heineman OF Daulton Varsho OF Riley Greene OF Kerry Carpenter P Jack Flaherty P Chad Patrick SS Andres Gimenez,,,
688,5104826417,negraf (2/20),0,71.05,1B Vladimir Guerrero Jr. 2B Luisangel Acuna 3B Kevin McGonigle C Tyler Heineman OF Riley Greene OF Austin Hays OF Davis Schneider P Jack Flaherty P Chad Patrick SS Andres Gimenez,,,
688,5104834415,John1475,0,71.05,1B Jake Bauers 2B Brice Turang 3B Nolan Gorman C Ivan Herrera OF George Springer OF Christian Yelich OF Nathan Church P Jack Flaherty P Chad Patrick SS Bobby Witt Jr.,,,
688,5104853797,hoggy3,0,71.05,1B Munetaka Murakami 2B Brice Turang 3B Maikel Garcia C Dillon Dingler OF Riley Greene OF Kyle Isbel OF Brandon Lockridge P Jack Flaherty P Chad Patrick SS Kevin McGonigle,,,
692,5104761518,MaxTheMin (18/20),0,70.8,1B Vladimir Guerrero Jr. 2B Ernie Clement 3B Kazuma Okamoto C Salvador Perez OF George Springer OF Daulton Varsho OF Jac Caglianone P Jack Flaherty P Lazaro Estrada SS Bobby Witt Jr.,,,
692,5104821646,dmann8888 (8/20),0,70.8,1B Vladimir Guerrero Jr. 2B Ernie Clement 3B Colt Keith C Dillon Dingler OF George Springer OF Daulton Varsho OF Riley Greene P Jack Flaherty P Lazaro Estrada SS Kevin McGonigle,,,
692,5104822449,tpmanion (1/2),0,70.8,1B Alec Burleson 2B Brice Turang 3B Maikel Garcia C Ivan Herrera OF Christian Yelich OF Riley Greene OF Thomas Saggese P Chad Patrick P Anthony Kay SS Kevin McGonigle,,,
692,5104824974,BullDozier (10/20),0,70.8,1B Vladimir Guerrero Jr. 2B Brice Turang 3B David Hamilton C William Contreras OF George Springer OF Christian Yelich OF Riley Greene P Jack Flaherty P Lazaro Estrada SS Andres Gimenez,,,
692,5104830175,mrcash4657 (2/2),0,70.8,1B Vladimir Guerrero Jr. 2B Ernie Clement 3B Kazuma Okamoto C Salvador Perez OF George Springer OF Daulton Varsho OF Jac Caglianone P Jack Flaherty P Lazaro Estrada SS Bobby Witt Jr.,,,
692,5104862027,StonedGroot420,0,70.8,1B Jake Bauers 2B Brice Turang 3B Kazuma Okamoto C William Contreras OF George Springer OF Christian Yelich OF Sal Frelick P Chad Patrick P Anthony Kay SS Colson Montgomery,,,
698,5104831122,JustHeem23 (5/20),0,70.55,1B Alec Burleson 2B Nolan Gorman 3B Kazuma Okamoto C Ivan Herrera OF George Springer OF Daulton Varsho OF Davis Schneider P Chad Patrick P Dustin May SS Bobby Witt Jr.,,,
699,5104756610,LOCNOTM (7/20),0,70.5,1B Vladimir Guerrero Jr. 2B Davis Schneider 3B Miguel Vargas C Salvador Perez OF Daulton Varsho OF Starling Marte OF Luisangel Acuna P Jack Flaherty P Dustin May SS Bobby Witt Jr.,,,
699,5104756622,LOCNOTM (19/20),0,70.5,1B Vladimir Guerrero Jr. 2B Chase Meidroth 3B Luis Rengifo C Tyler Heineman OF Christian Yelich OF Jake Bauers OF Garrett Mitchell P Jack Flaherty P Dustin May SS Andres Gimenez,,,
699,5104765414,womana1mighty (20/20),0,70.5,1B Vladimir Guerrero Jr. 2B Brice Turang 3B Kazuma Okamoto C Tyler Heineman OF George Springer OF Daulton Varsho OF Kerry Carpenter P Chad Patrick P Mason Fluharty SS Kevin McGonigle,,,
699,5104822642,Marcosamparo (6/20),0,70.5,1B Colt Keith 2B JJ Wetherholt 3B Kevin McGonigle C Dillon Dingler OF Riley Greene OF Jac Caglianone OF Kyle Isbel P Jack Flaherty P Dustin May SS Bobby Witt Jr.,,,
699,5104822650,Marcosamparo (14/20),0,70.5,1B Jake Bauers 2B David Hamilton 3B Kevin McGonigle C Salvador Perez OF Christian Yelich OF Garrett Mitchell OF Brandon Lockridge P Jack Flaherty P Dustin May SS Bobby Witt Jr.,,,
699,5104822652,Marcosamparo (16/20),0,70.5,1B Vinnie Pasquantino 2B David Hamilton 3B Maikel Garcia C William Contreras OF Garrett Mitchell OF Kyle Isbel OF Brandon Lockridge P Jack Flaherty P Dustin May SS Bobby Witt Jr.,,,
699,5104852421,yaopete (11/20),0,70.5,1B Vladimir Guerrero Jr. 2B Brice Turang 3B Luis Rengifo C William Contreras OF George Springer OF Daulton Varsho OF Garrett Mitchell P Jack Flaherty P Dustin May SS Andres Gimenez,,,
706,5104819009,iGAMBLE (5/20),0,70.25,1B Munetaka Murakami 2B Brice Turang 3B Miguel Vargas C Reese McGuire OF George Springer OF Jake Bauers OF Austin Hays P Jack Flaherty P Grant Taylor SS Kevin McGonigle,,,
706,5104851207,137666 (2/3),0,70.25,1B Alec Burleson 2B JJ Wetherholt 3B Maikel Garcia C Ivan Herrera OF Jac Caglianone OF Starling Marte OF Isaac Collins P Dustin May P Anthony Kay SS Bobby Witt Jr.,,,
708,5104840320,gametimedecisi0n,0,70.2,1B Vinnie Pasquantino 2B Brice Turang 3B Miguel Vargas C Salvador Perez OF Daulton Varsho OF Riley Greene OF Sal Frelick P Chad Patrick P Luinder Avila SS Bobby Witt Jr.,,,
709,5104785465,mroney1977,0,70.15,1B Vladimir Guerrero Jr. 2B Brice Turang 3B Colt Keith C Ivan Herrera OF George Springer OF Davis Schneider OF Myles Straw P Jack Flaherty P Luinder Avila SS Bobby Witt Jr.,,,
709,5104841737,samirnj,0,70.15,1B Vladimir Guerrero Jr. 2B Davis Schneider 3B Colson Montgomery C Tyler Heineman OF George Springer OF Riley Greene OF Luisangel Acuna P Jack Flaherty P Luinder Avila SS Bobby Witt Jr.,,,
709,5104842543,arturo41160,0,70.15,1B Vladimir Guerrero Jr. 2B Gleyber Torres 3B Maikel Garcia C Dillon Dingler OF George Springer OF Riley Greene OF Davis Schneider P Jack Flaherty P Luinder Avila SS Kevin McGonigle,,,
712,5104763310,MaxOut2016,0,70.05,1B Munetaka Murakami 2B Brice Turang 3B Colt Keith C Dillon Dingler OF George Springer OF Christian Yelich OF Jake Bauers P Jack Flaherty P Chad Patrick SS Andres Gimenez,,,
712,5104790574,harvick2010 (7/9),0,70.05,1B Jake Bauers 2B Brice Turang 3B Colson Montgomery C William Contreras OF George Springer OF Christian Yelich OF Austin Hays P Jack Flaherty P Chad Patrick SS Andres Gimenez,,,
712,5104820985,Nordy1867,0,70.05,1B Colt Keith 2B Chase Meidroth 3B Miguel Vargas C Salvador Perez OF George Springer OF Daulton Varsho OF Riley Greene P Jack Flaherty P Chad Patrick SS Kevin McGonigle,,,
712,5104838727,jlzinck,0,70.05,1B Vinnie Pasquantino 2B Brice Turang 3B Miguel Vargas C Salvador Perez OF George Springer OF Christian Yelich OF Jac Caglianone P Jack Flaherty P Chad Patrick SS Andres Gimenez,,,
712,5104854200,soxfan6672 (1/2),0,70.05,1B Lenyn Sosa 2B Brice Turang 3B David Hamilton C William Contreras OF Christian Yelich OF Daulton Varsho OF Riley Greene P Jack Flaherty P Chad Patrick SS Kevin McGonigle,,,
717,5104772851,Homer_For_Life (15/20),0,70,1B Vinnie Pasquantino 2B Gleyber Torres 3B Maikel Garcia C Salvador Perez OF Daulton Varsho OF Kerry Carpenter OF Kyle Isbel P Jack Flaherty P Seth Lugo SS Bobby Witt Jr.,,,
717,5104853774,Mrrodshaun516 (4/20),0,70,1B Vladimir Guerrero Jr. 2B Ernie Clement 3B Kazuma Okamoto C Ivan Herrera OF George Springer OF Riley Greene OF Davis Schneider P Kris Bubic P Brandon Sproat SS Colson Montgomery,,,
719,5104846867,jlegrand22 (5/20),0,69.8,1B Vinnie Pasquantino 2B Brice Turang 3B Maikel Garcia C Ivan Herrera OF George Springer OF Christian Yelich OF Starling Marte P Jack Flaherty P Lazaro Estrada SS Bobby Witt Jr.,,,
720,5104779229,woerp1hj,0,69.55,1B Vinnie Pasquantino 2B Brice Turang 3B Maikel Garcia C William Contreras OF Christian Yelich OF Sal Frelick OF Jac Caglianone P Anthony Kay P Lazaro Estrada SS Bobby Witt Jr.,,,
720,5104784461,EliReasons (18/20),0,69.55,1B Alec Burleson 2B Ernie Clement 3B Kazuma Okamoto C Ivan Herrera OF George Springer OF Daulton Varsho OF Myles Straw P Chad Patrick P Dustin May SS Bobby Witt Jr.,,,
722,5104766818,rogs1draft (19/20),0,69.5,1B Vinnie Pasquantino 2B Davis Schneider 3B Kazuma Okamoto C William Contreras OF Riley Greene OF Kerry Carpenter OF Austin Hays P Jack Flaherty P Dustin May SS Bobby Witt Jr.,,,
722,5104784554,Elwaysarmy (12/20),0,69.5,1B Munetaka Murakami 2B Lenyn Sosa 3B Miguel Vargas C Salvador Perez OF George Springer OF Austin Hays OF Tristan Peters P Jack Flaherty P Dustin May SS Bobby Witt Jr.,,,
722,5104787875,VariableX (14/20),0,69.5,1B Vladimir Guerrero Jr. 2B Ernie Clement 3B Luis Rengifo C Salvador Perez OF Christian Yelich OF Austin Hays OF Myles Straw P Jack Flaherty P Dustin May SS Bobby Witt Jr.,,,
722,5104826010,bookert21 (5/20),0,69.5,1B Vladimir Guerrero Jr. 2B David Hamilton 3B Luis Rengifo C Salvador Perez OF Christian Yelich OF Austin Hays OF Isaac Collins P Jack Flaherty P Dustin May SS Bobby Witt Jr.,,,
722,5104831098,Patrick_Star (15/20),0,69.5,1B Vladimir Guerrero Jr. 2B Davis Schneider 3B Kazuma Okamoto C Ivan Herrera OF George Springer OF Austin Hays OF Myles Straw P Jack Flaherty P Dustin May SS Bobby Witt Jr.,,,
722,5104845983,pathskins (3/6),0,69.5,1B Vinnie Pasquantino 2B Gleyber Torres 3B Maikel Garcia C Salvador Perez OF Riley Greene OF Kerry Carpenter OF Kyle Isbel P Jack Flaherty P Dustin May SS Bobby Witt Jr.,,,
722,5104851909,pathskins (4/6),0,69.5,1B Vinnie Pasquantino 2B Gleyber Torres 3B Maikel Garcia C Salvador Perez OF Riley Greene OF Kerry Carpenter OF Kyle Isbel P Jack Flaherty P Dustin May SS Bobby Witt Jr.,,,
722,5104858392,eagles1985 (5/5),0,69.5,1B Vladimir Guerrero Jr. 2B Chase Meidroth 3B Miguel Vargas C Salvador Perez OF George Springer OF Starling Marte OF Davis Schneider P Jack Flaherty P Dustin May SS Colson Montgomery,,,
730,5104746034,litle,0,69.45,1B Spencer Torkelson 2B Gleyber Torres 3B Kazuma Okamoto C Pedro Pages OF Christian Yelich OF Daulton Varsho OF Sal Frelick P Jack Flaherty P Mason Fluharty SS Bobby Witt Jr.,,,
730,5104766811,rogs1draft (12/20),0,69.45,1B Munetaka Murakami 2B Chase Meidroth 3B Miguel Vargas C Ivan Herrera OF George Springer OF Austin Hays OF Luisangel Acuna P Jack Flaherty P Mason Fluharty SS Andres Gimenez,,,
730,5104855950,harvick28,0,69.45,1B Vladimir Guerrero Jr. 2B Ernie Clement 3B Kazuma Okamoto C Dillon Dingler OF George Springer OF Kerry Carpenter OF Davis Schneider P Jack Flaherty P Mason Fluharty SS Kevin McGonigle,,,
733,5104752108,Raiderfanatic2195 (3/20),0,69.3,1B Vladimir Guerrero Jr. 2B Davis Schneider 3B Kazuma Okamoto C William Contreras OF George Springer OF Daulton Varsho OF Sal Frelick P Dustin May P Lazaro Estrada SS Bobby Witt Jr.,,,
733,5104752118,Raiderfanatic2195 (13/20),0,69.3,1B Vladimir Guerrero Jr. 2B JJ Wetherholt 3B Kazuma Okamoto C Salvador Perez OF George Springer OF Daulton Varsho OF Sal Frelick P Dustin May P Lazaro Estrada SS Bobby Witt Jr.,,,
735,5104847445,RunWired,0,69.25,1B Alec Burleson 2B JJ Wetherholt 3B Luis Rengifo C Ivan Herrera OF Victor Scott II OF Nathan Church OF Brandon Lockridge P Dustin May P Anthony Kay SS Bobby Witt Jr.,,,
736,5104779230,scudder25,0,69.15,1B Vladimir Guerrero Jr. 2B Davis Schneider 3B Colson Montgomery C Reese McGuire OF George Springer OF Riley Greene OF Myles Straw P Jack Flaherty P Luinder Avila SS Bobby Witt Jr.,,,
736,5104787858,stang5,0,69.15,1B Vladimir Guerrero Jr. 2B Davis Schneider 3B Colson Montgomery C Reese McGuire OF George Springer OF Riley Greene OF Myles Straw P Jack Flaherty P Luinder Avila SS Bobby Witt Jr.,,,
736,5104795844,newguy2015 (1/14),0,69.15,1B Vladimir Guerrero Jr. 2B Davis Schneider 3B Colson Montgomery C Reese McGuire OF George Springer OF Riley Greene OF Myles Straw P Jack Flaherty P Luinder Avila SS Bobby Witt Jr.,,,
736,5104820750,Jaycee37 (3/10),0,69.15,1B Vladimir Guerrero Jr. 2B Ernie Clement 3B Colson Montgomery C Reese McGuire OF George Springer OF Riley Greene OF Davis Schneider P Jack Flaherty P Luinder Avila SS Bobby Witt Jr.,,,
736,5104830073,Jaycee37 (5/10),0,69.15,1B Vladimir Guerrero Jr. 2B Ernie Clement 3B Colson Montgomery C Reese McGuire OF George Springer OF Riley Greene OF Davis Schneider P Jack Flaherty P Luinder Avila SS Bobby Witt Jr.,,,
741,5104766808,rogs1draft (9/20),0,69.05,1B Vladimir Guerrero Jr. 2B Nolan Gorman 3B Maikel Garcia C Pedro Pages OF Daulton Varsho OF Victor Scott II OF Myles Straw P Jack Flaherty P Chad Patrick SS Bobby Witt Jr.,,,
741,5104836524,BallinAlwayz247,0,69.05,1B Munetaka Murakami 2B Brice Turang 3B David Hamilton C Dillon Dingler OF George Springer OF Christian Yelich OF Jake Bauers P Jack Flaherty P Chad Patrick SS Andres Gimenez,,,
741,5104844287,WhamRam45 (2/3),0,69.05,1B Munetaka Murakami 2B Brice Turang 3B Kazuma Okamoto C William Contreras OF George Springer OF Riley Greene OF Myles Straw P Jack Flaherty P Chad Patrick SS Andres Gimenez,,,
744,5104784452,EliReasons (9/20),0,68.8,1B Vladimir Guerrero Jr. 2B Ernie Clement 3B Maikel Garcia C Tyler Heineman OF George Springer OF Daulton Varsho OF Riley Greene P Jack Flaherty P Lazaro Estrada SS Bobby Witt Jr.,,,
744,5104784558,Elwaysarmy (16/20),0,68.8,1B Vladimir Guerrero Jr. 2B Ernie Clement 3B Maikel Garcia C Tyler Heineman OF George Springer OF Daulton Varsho OF Riley Greene P Jack Flaherty P Lazaro Estrada SS Bobby Witt Jr.,,,
744,5104870505,MKSPORTS (2/2),0,68.8,1B Vladimir Guerrero Jr. 2B Brice Turang 3B Colson Montgomery C William Contreras OF George Springer OF Daulton Varsho OF Jake Bauers P Chad Patrick P Anthony Kay SS Andres Gimenez,,,
747,5104756139,Brothaman007 (6/8),0,68.65,1B Munetaka Murakami 2B Luisangel Acuna 3B Colson Montgomery C William Contreras OF Christian Yelich OF Sal Frelick OF Austin Hays P Dustin May P Luinder Avila SS Kevin McGonigle,,,
748,5104763347,shock12368 (1/7),0,68.55,1B Vladimir Guerrero Jr. 2B Zach McKinstry 3B Kazuma Okamoto C Salvador Perez OF George Springer OF Christian Yelich OF Jake Bauers P Chad Patrick P Dustin May SS Andres Gimenez,,,
748,5104763365,shock12368 (2/7),0,68.55,1B Vladimir Guerrero Jr. 2B Zach McKinstry 3B Kazuma Okamoto C Salvador Perez OF George Springer OF Christian Yelich OF Jake Bauers P Chad Patrick P Dustin May SS Andres Gimenez,,,
748,5104772250,shock12368 (3/7),0,68.55,1B Vladimir Guerrero Jr. 2B Zach McKinstry 3B Kazuma Okamoto C Salvador Perez OF George Springer OF Christian Yelich OF Jake Bauers P Chad Patrick P Dustin May SS Andres Gimenez,,,
748,5104778435,shock12368 (4/7),0,68.55,1B Vladimir Guerrero Jr. 2B Zach McKinstry 3B Kazuma Okamoto C Salvador Perez OF George Springer OF Christian Yelich OF Jake Bauers P Chad Patrick P Dustin May SS Andres Gimenez,,,
748,5104778443,shock12368 (5/7),0,68.55,1B Vladimir Guerrero Jr. 2B Zach McKinstry 3B Kazuma Okamoto C Salvador Perez OF George Springer OF Christian Yelich OF Jake Bauers P Chad Patrick P Dustin May SS Andres Gimenez,,,
748,5104778497,shock12368 (6/7),0,68.55,1B Vladimir Guerrero Jr. 2B Zach McKinstry 3B Kazuma Okamoto C Salvador Perez OF George Springer OF Christian Yelich OF Jake Bauers P Chad Patrick P Dustin May SS Andres Gimenez,,,
748,5104778503,shock12368 (7/7),0,68.55,1B Vladimir Guerrero Jr. 2B Zach McKinstry 3B Kazuma Okamoto C Salvador Perez OF George Springer OF Christian Yelich OF Jake Bauers P Chad Patrick P Dustin May SS Andres Gimenez,,,
748,5104819305,whitedog22,0,68.55,1B Colt Keith 2B Chase Meidroth 3B Maikel Garcia C Tyler Heineman OF George Springer OF Riley Greene OF Zach McKinstry P Chad Patrick P Dustin May SS Bobby Witt Jr.,,,
756,5104772848,Homer_For_Life (12/20),0,68.5,1B Vladimir Guerrero Jr. 2B Gleyber Torres 3B Maikel Garcia C Salvador Perez OF Riley Greene OF Nick Loftin OF Kyle Isbel P Jack Flaherty P Dustin May SS Bobby Witt Jr.,,,
756,5104813012,mikey.bills (3/20),0,68.5,1B Vladimir Guerrero Jr. 2B David Hamilton 3B Miguel Vargas C Tyler Heineman OF George Springer OF Christian Yelich OF Davis Schneider P Jack Flaherty P Dustin May SS Andres Gimenez,,,
756,5104813020,mikey.bills (11/20),0,68.5,1B Vladimir Guerrero Jr. 2B David Hamilton 3B Luis Rengifo C Salvador Perez OF Christian Yelich OF Sal Frelick OF Nick Loftin P Jack Flaherty P Dustin May SS Bobby Witt Jr.,,,
756,5104821648,dmann8888 (10/20),0,68.5,1B Lenyn Sosa 2B Chase Meidroth 3B Colson Montgomery C Salvador Perez OF Isaac Collins OF Garrett Mitchell OF Luisangel Acuna P Jack Flaherty P Dustin May SS Bobby Witt Jr.,,,
756,5104852411,yaopete (1/20),0,68.5,1B Vladimir Guerrero Jr. 2B Brice Turang 3B Kazuma Okamoto C William Contreras OF George Springer OF Davis Schneider OF Garrett Mitchell P Jack Flaherty P Dustin May SS Andres Gimenez,,,
761,5104841949,edwin514 (3/20),0,68.25,1B Munetaka Murakami 2B JJ Wetherholt 3B Maikel Garcia C Ivan Herrera OF Starling Marte OF Nathan Church OF Tristan Peters P Dustin May P Anthony Kay SS Bobby Witt Jr.,,,
762,5104771797,nwspring52,0,68.2,1B Munetaka Murakami 2B Chase Meidroth 3B Kazuma Okamoto C William Contreras OF George Springer OF Christian Yelich OF Jake Bauers P Chad Patrick P Luinder Avila SS Kevin McGonigle,,,
763,5104786894,mattscubs,0,68.15,1B Alec Burleson 2B Brice Turang 3B Kevin McGonigle C Dillon Dingler OF George Springer OF Kerry Carpenter OF Kyle Isbel P Jack Flaherty P Luinder Avila SS Bobby Witt Jr.,,,
764,5104755802,jc000000,0,68.05,1B Vladimir Guerrero Jr. 2B Brice Turang 3B Colt Keith C William Contreras OF Daulton Varsho OF Jake Bauers OF Davis Schneider P Jack Flaherty P Chad Patrick SS Andres Gimenez,,,
764,5104765405,womana1mighty (11/20),0,68.05,1B Vladimir Guerrero Jr. 2B Chase Meidroth 3B Ernie Clement C Tyler Heineman OF George Springer OF Daulton Varsho OF Jake Bauers P Jack Flaherty P Chad Patrick SS Colson Montgomery,,,
764,5104767072,Keep_it_Real,0,68.05,1B Vladimir Guerrero Jr. 2B Chase Meidroth 3B Kevin McGonigle C Dillon Dingler OF George Springer OF Christian Yelich OF Kyle Isbel P Jack Flaherty P Chad Patrick SS Andres Gimenez,,,
764,5104807693,TerryTerrence1738,0,68.05,1B Colt Keith 2B Brice Turang 3B Kevin McGonigle C Dillon Dingler OF George Springer OF Riley Greene OF Parker Meadows P Jack Flaherty P Chad Patrick SS Andres Gimenez,,,
764,5104819455,Bigchiefnh1924,0,68.05,1B Vladimir Guerrero Jr. 2B Brice Turang 3B Kazuma Okamoto C Dillon Dingler OF Christian Yelich OF Jake Bauers OF Starling Marte P Jack Flaherty P Chad Patrick SS Andres Gimenez,,,
769,5104761508,MaxTheMin (8/20),0,67.8,1B Vladimir Guerrero Jr. 2B Davis Schneider 3B Maikel Garcia C Tyler Heineman OF George Springer OF Daulton Varsho OF Isaac Collins P Jack Flaherty P Lazaro Estrada SS Bobby Witt Jr.,,,
769,5104782788,Yeahman2721,0,67.8,1B Vladimir Guerrero Jr. 2B Brice Turang 3B Kevin McGonigle C Dillon Dingler OF George Springer OF Christian Yelich OF Riley Greene P Jack Flaherty P Lazaro Estrada SS Andres Gimenez,,,
769,5104784463,EliReasons (20/20),0,67.8,1B Jake Bauers 2B Brice Turang 3B Kazuma Okamoto C William Contreras OF George Springer OF Christian Yelich OF Sal Frelick P Jack Flaherty P Lazaro Estrada SS Bobby Witt Jr.,,,
769,5104826612,DraftKingsEAD (20/20),0,67.8,1B Vinnie Pasquantino 2B Brice Turang 3B Luis Rengifo C Salvador Perez OF Christian Yelich OF Sal Frelick OF Brandon Lockridge P Jack Flaherty P Lazaro Estrada SS Bobby Witt Jr.,,,
773,5104831120,JustHeem23 (3/20),0,67.75,1B Munetaka Murakami 2B Chase Meidroth 3B Colson Montgomery C Salvador Perez OF George Springer OF Austin Hays OF Luisangel Acuna P Jack Flaherty P Anthony Kay SS Bobby Witt Jr.,,,
773,5104831137,JustHeem23 (20/20),0,67.75,1B Jake Bauers 2B David Hamilton 3B Maikel Garcia C Salvador Perez OF Sal Frelick OF Garrett Mitchell OF Brandon Lockridge P Jack Flaherty P Anthony Kay SS Bobby Witt Jr.,,,
775,5104819023,iGAMBLE (19/20),0,67.7,1B Munetaka Murakami 2B Chase Meidroth 3B Kevin McGonigle C William Contreras OF Christian Yelich OF Austin Hays OF Tristan Peters P Mason Fluharty P Grant Taylor SS Bobby Witt Jr.,,,
776,5104831096,Patrick_Star (13/20),0,67.65,1B Vladimir Guerrero Jr. 2B JJ Wetherholt 3B Nolan Gorman C Ivan Herrera OF George Springer OF Riley Greene OF Luisangel Acuna P Dustin May P Luinder Avila SS Bobby Witt Jr.,,,
777,5104852423,yaopete (13/20),0,67.55,1B Munetaka Murakami 2B Lenyn Sosa 3B Kazuma Okamoto C Reese McGuire OF George Springer OF Daulton Varsho OF Davis Schneider P Chad Patrick P Dustin May SS Colson Montgomery,,,
778,5104765410,womana1mighty (16/20),0,67.5,1B Vladimir Guerrero Jr. 2B Ernie Clement 3B Kazuma Okamoto C Dillon Dingler OF George Springer OF Riley Greene OF Sal Frelick P Chad Patrick P Mason Fluharty SS Kevin McGonigle,,,
778,5104791867,SpeedRacer101 (15/20),0,67.5,1B Vladimir Guerrero Jr. 2B Chase Meidroth 3B Miguel Vargas C Reese McGuire OF George Springer OF Davis Schneider OF Luisangel Acuna P Jack Flaherty P Dustin May SS Colson Montgomery,,,
778,5104826011,bookert21 (6/20),0,67.5,1B Vladimir Guerrero Jr. 2B Davis Schneider 3B Miguel Vargas C Tyler Heineman OF George Springer OF Daulton Varsho OF Tristan Peters P Jack Flaherty P Dustin May SS Bobby Witt Jr.,,,
778,5104859609,Rocker574,0,67.5,1B Vladimir Guerrero Jr. 2B Ernie Clement 3B Kazuma Okamoto C William Contreras OF George Springer OF Christian Yelich OF Sal Frelick P Chad Patrick P Mason Fluharty SS Andres Gimenez,,,
778,5104879244,Ctracefan (4/12),0,67.5,1B Vladimir Guerrero Jr. 2B Nick Loftin 3B Miguel Vargas C Salvador Perez OF George Springer OF Starling Marte OF Isaac Collins P Jack Flaherty P Dustin May SS Bobby Witt Jr.,,,
783,5104819024,iGAMBLE (20/20),0,67.25,1B Munetaka Murakami 2B Nick Loftin 3B Maikel Garcia C William Contreras OF Christian Yelich OF Starling Marte OF Isaac Collins P Jack Flaherty P Grant Taylor SS Kevin McGonigle,,,
784,5104804961,luckybird,0,67.2,1B Alec Burleson 2B Chase Meidroth 3B Kazuma Okamoto C William Contreras OF George Springer OF Christian Yelich OF Jac Caglianone P Chad Patrick P Luinder Avila SS Kevin McGonigle,,,
784,5104826425,negraf (10/20),0,67.2,1B Munetaka Murakami 2B Chase Meidroth 3B Kevin McGonigle C Tyler Heineman OF George Springer OF Starling Marte OF Isaac Collins P Chad Patrick P Luinder Avila SS Bobby Witt Jr.,,,
786,5104822638,Marcosamparo (2/20),0,67.15,1B Colt Keith 2B Zach McKinstry 3B Kevin McGonigle C Dillon Dingler OF George Springer OF Daulton Varsho OF Kerry Carpenter P Jack Flaherty P Luinder Avila SS Andres Gimenez,,,
786,5104826426,negraf (11/20),0,67.15,1B Munetaka Murakami 2B Nick Loftin 3B Miguel Vargas C Salvador Perez OF George Springer OF Davis Schneider OF Luisangel Acuna P Jack Flaherty P Luinder Avila SS Kevin McGonigle,,,
788,5104763813,raiderrice,0,67.05,1B Spencer Torkelson 2B Brice Turang 3B Nolan Gorman C Salvador Perez OF Christian Yelich OF Daulton Varsho OF Riley Greene P Jack Flaherty P Chad Patrick SS Colson Montgomery,,,
788,5104770316,award1434 (1/2),0,67.05,1B Munetaka Murakami 2B David Hamilton 3B Kazuma Okamoto C Dillon Dingler OF George Springer OF Jake Bauers OF Kyle Isbel P Jack Flaherty P Chad Patrick SS Andres Gimenez,,,
788,5104784410,Chunkputt7 (1/2),0,67.05,1B Jake Bauers 2B Brice Turang 3B Kevin McGonigle C Salvador Perez OF Christian Yelich OF Riley Greene OF Kerry Carpenter P Jack Flaherty P Chad Patrick SS Andres Gimenez,,,
788,5104809368,celtic88stl,0,67.05,1B Alec Burleson 2B JJ Wetherholt 3B Nolan Gorman C Dillon Dingler OF George Springer OF Riley Greene OF Victor Scott II P Jack Flaherty P Chad Patrick SS Andres Gimenez,,,
788,5104826545,Stay-Strong,0,67.05,1B Vladimir Guerrero Jr. 2B Brice Turang 3B Colt Keith C Dillon Dingler OF George Springer OF Riley Greene OF Kyle Isbel P Jack Flaherty P Chad Patrick SS Andres Gimenez,,,
788,5104826593,DraftKingsEAD (1/20),0,67.05,1B Vladimir Guerrero Jr. 2B Chase Meidroth 3B Kazuma Okamoto C Tyler Heineman OF George Springer OF Tristan Peters OF Luisangel Acuna P Jack Flaherty P Chad Patrick SS Colson Montgomery,,,
788,5104841918,Mrboozer,0,67.05,1B Vladimir Guerrero Jr. 2B Chase Meidroth 3B Kevin McGonigle C Dillon Dingler OF George Springer OF Christian Yelich OF Nick Loftin P Jack Flaherty P Chad Patrick SS Andres Gimenez,,,
788,5104853772,Mrrodshaun516 (2/20),0,67.05,1B Colt Keith 2B Ernie Clement 3B Kazuma Okamoto C William Contreras OF George Springer OF Daulton Varsho OF Davis Schneider P Jack Flaherty P Chad Patrick SS Kevin McGonigle,,,
796,5104825510,harper2015 (1/2),0,66.9,1B Miguel Vargas 2B Chase Meidroth 3B Kevin McGonigle C Dillon Dingler OF Daulton Varsho OF Austin Hays OF Starling Marte P Luinder Avila P Anthony Kay SS Colson Montgomery,,,
797,5104756620,LOCNOTM (17/20),0,66.8,1B Vinnie Pasquantino 2B Brice Turang 3B Luis Rengifo C Salvador Perez OF Christian Yelich OF Sal Frelick OF Jake Bauers P Jack Flaherty P Lazaro Estrada SS Bobby Witt Jr.,,,
797,5104813022,mikey.bills (13/20),0,66.8,1B Vladimir Guerrero Jr. 2B David Hamilton 3B Luis Rengifo C Tyler Heineman OF George Springer OF Daulton Varsho OF Riley Greene P Jack Flaherty P Lazaro Estrada SS Andres Gimenez,,,
797,5104826595,DraftKingsEAD (3/20),0,66.8,1B Vinnie Pasquantino 2B Brice Turang 3B Luis Rengifo C Salvador Perez OF Christian Yelich OF Sal Frelick OF Jake Bauers P Jack Flaherty P Lazaro Estrada SS Bobby Witt Jr.,,,
800,5104767986,GoAngels19,0,66.75,1B Munetaka Murakami 2B Chase Meidroth 3B Miguel Vargas C Gary Sanchez OF George Springer OF Christian Yelich OF Riley Greene P Jack Flaherty P Anthony Kay SS Andres Gimenez,,,
800,5104776195,james2958 (1/2),0,66.75,1B Munetaka Murakami 2B Brice Turang 3B Colt Keith C Dillon Dingler OF Christian Yelich OF Riley Greene OF Jake Bauers P Jack Flaherty P Anthony Kay SS Kevin McGonigle,,,
802,5104757148,godnref (8/20),0,66.5,1B Lenyn Sosa 2B David Hamilton 3B Luis Rengifo C William Contreras OF George Springer OF Christian Yelich OF Davis Schneider P Jack Flaherty P Dustin May SS Bobby Witt Jr.,,,
802,5104757157,godnref (17/20),0,66.5,1B Vladimir Guerrero Jr. 2B Brice Turang 3B Kazuma Okamoto C William Contreras OF Daulton Varsho OF Garrett Mitchell OF Myles Straw P Jack Flaherty P Dustin May SS Andres Gimenez,,,
802,5104795688,attackingcow,0,66.5,1B Munetaka Murakami 2B Luisangel Acuna 3B Maikel Garcia C Salvador Perez OF George Springer OF Christian Yelich OF Daulton Varsho P Chad Patrick P Mason Fluharty SS Bobby Witt Jr.,,,
802,5104826014,bookert21 (9/20),0,66.5,1B Vladimir Guerrero Jr. 2B Nick Loftin 3B Luis Rengifo C Salvador Perez OF Christian Yelich OF Austin Hays OF Brandon Lockridge P Jack Flaherty P Dustin May SS Bobby Witt Jr.,,,
802,5104853789,Mrrodshaun516 (19/20),0,66.5,1B Alec Burleson 2B JJ Wetherholt 3B Maikel Garcia C Ivan Herrera OF Daulton Varsho OF Jac Caglianone OF Starling Marte P Dustin May P Kris Bubic SS Bobby Witt Jr.,,,
802,5104879252,Ctracefan (12/12),0,66.5,1B Vinnie Pasquantino 2B Ernie Clement 3B Maikel Garcia C Ivan Herrera OF Riley Greene OF Kerry Carpenter OF Starling Marte P Jack Flaherty P Dustin May SS Bobby Witt Jr.,,,
808,5104826585,sheldon1962 (1/3),0,66.45,1B Colt Keith 2B Brice Turang 3B Kevin McGonigle C Dillon Dingler OF George Springer OF Riley Greene OF Kerry Carpenter P Jack Flaherty P Mason Fluharty SS Bobby Witt Jr.,,,
809,5104752123,Raiderfanatic2195 (18/20),0,66.3,1B Vladimir Guerrero Jr. 2B Brice Turang 3B Kazuma Okamoto C William Contreras OF George Springer OF Daulton Varsho OF Davis Schneider P Dustin May P Lazaro Estrada SS Bobby Witt Jr.,,,
809,5104761505,MaxTheMin (5/20),0,66.3,1B Vladimir Guerrero Jr. 2B Brice Turang 3B Kazuma Okamoto C William Contreras OF George Springer OF Daulton Varsho OF Davis Schneider P Dustin May P Lazaro Estrada SS Bobby Witt Jr.,,,
811,5104743707,rickd2424 (3/5),0,66.15,1B Colt Keith 2B Gleyber Torres 3B Maikel Garcia C Dillon Dingler OF George Springer OF Riley Greene OF Kerry Carpenter P Jack Flaherty P Luinder Avila SS Andres Gimenez,,,
811,5104778578,superunknowx (3/20),0,66.15,1B Munetaka Murakami 2B Ernie Clement 3B Kazuma Okamoto C Dillon Dingler OF George Springer OF Riley Greene OF Austin Hays P Jack Flaherty P Luinder Avila SS Bobby Witt Jr.,,,
813,5104761686,bereal07,0,66.05,1B Colt Keith 2B Brice Turang 3B Kevin McGonigle C Dillon Dingler OF Christian Yelich OF Riley Greene OF Sal Frelick P Jack Flaherty P Chad Patrick SS Andres Gimenez,,,
813,5104766456,Mr_Fixit72,0,66.05,1B Alec Burleson 2B Brice Turang 3B Kevin McGonigle C Dillon Dingler OF Christian Yelich OF Riley Greene OF Jake Bauers P Jack Flaherty P Chad Patrick SS Andres Gimenez,,,
813,5104766928,tigersforlife3 (2/6),0,66.05,1B Vladimir Guerrero Jr. 2B Nolan Gorman 3B Colt Keith C Dillon Dingler OF George Springer OF Daulton Varsho OF Riley Greene P Jack Flaherty P Chad Patrick SS Andres Gimenez,,,
813,5104767239,jlh1637 (1/6),0,66.05,1B Munetaka Murakami 2B Brice Turang 3B Kevin McGonigle C Gary Sanchez OF George Springer OF Christian Yelich OF Kyle Isbel P Jack Flaherty P Chad Patrick SS Andres Gimenez,,,
813,5104775101,jlh1637 (2/6),0,66.05,1B Munetaka Murakami 2B Brice Turang 3B Kevin McGonigle C Gary Sanchez OF George Springer OF Christian Yelich OF Kyle Isbel P Jack Flaherty P Chad Patrick SS Andres Gimenez,,,
813,5104781776,jlh1637 (3/6),0,66.05,1B Munetaka Murakami 2B Brice Turang 3B Kevin McGonigle C Gary Sanchez OF George Springer OF Christian Yelich OF Kyle Isbel P Jack Flaherty P Chad Patrick SS Andres Gimenez,,,
813,5104781828,jlh1637 (4/6),0,66.05,1B Munetaka Murakami 2B Brice Turang 3B Kevin McGonigle C Gary Sanchez OF George Springer OF Christian Yelich OF Kyle Isbel P Jack Flaherty P Chad Patrick SS Andres Gimenez,,,
813,5104781840,jlh1637 (5/6),0,66.05,1B Munetaka Murakami 2B Brice Turang 3B Kevin McGonigle C Gary Sanchez OF George Springer OF Christian Yelich OF Kyle Isbel P Jack Flaherty P Chad Patrick SS Andres Gimenez,,,
813,5104781850,jlh1637 (6/6),0,66.05,1B Munetaka Murakami 2B Brice Turang 3B Kevin McGonigle C Gary Sanchez OF George Springer OF Christian Yelich OF Kyle Isbel P Jack Flaherty P Chad Patrick SS Andres Gimenez,,,
813,5104798134,louka001 (1/20),0,66.05,1B Colt Keith 2B Brice Turang 3B David Hamilton C Dillon Dingler OF Christian Yelich OF Riley Greene OF Kyle Isbel P Jack Flaherty P Chad Patrick SS Andres Gimenez,,,
813,5104798135,louka001 (2/20),0,66.05,1B Colt Keith 2B Brice Turang 3B David Hamilton C Dillon Dingler OF Christian Yelich OF Riley Greene OF Kyle Isbel P Jack Flaherty P Chad Patrick SS Andres Gimenez,,,
813,5104798136,louka001 (3/20),0,66.05,1B Colt Keith 2B Brice Turang 3B David Hamilton C Dillon Dingler OF Christian Yelich OF Riley Greene OF Kyle Isbel P Jack Flaherty P Chad Patrick SS Andres Gimenez,,,
813,5104798137,louka001 (4/20),0,66.05,1B Colt Keith 2B Brice Turang 3B David Hamilton C Dillon Dingler OF Christian Yelich OF Riley Greene OF Kyle Isbel P Jack Flaherty P Chad Patrick SS Andres Gimenez,,,
813,5104798138,louka001 (5/20),0,66.05,1B Colt Keith 2B Brice Turang 3B David Hamilton C Dillon Dingler OF Christian Yelich OF Riley Greene OF Kyle Isbel P Jack Flaherty P Chad Patrick SS Andres Gimenez,,,
813,5104798139,louka001 (6/20),0,66.05,1B Colt Keith 2B Brice Turang 3B David Hamilton C Dillon Dingler OF Christian Yelich OF Riley Greene OF Kyle Isbel P Jack Flaherty P Chad Patrick SS Andres Gimenez,,,
813,5104798140,louka001 (7/20),0,66.05,1B Colt Keith 2B Brice Turang 3B David Hamilton C Dillon Dingler OF Christian Yelich OF Riley Greene OF Kyle Isbel P Jack Flaherty P Chad Patrick SS Andres Gimenez,,,
813,5104798141,louka001 (8/20),0,66.05,1B Colt Keith 2B Brice Turang 3B David Hamilton C Dillon Dingler OF Christian Yelich OF Riley Greene OF Kyle Isbel P Jack Flaherty P Chad Patrick SS Andres Gimenez,,,
813,5104798142,louka001 (9/20),0,66.05,1B Colt Keith 2B Brice Turang 3B David Hamilton C Dillon Dingler OF Christian Yelich OF Riley Greene OF Kyle Isbel P Jack Flaherty P Chad Patrick SS Andres Gimenez,,,
813,5104798143,louka001 (10/20),0,66.05,1B Colt Keith 2B Brice Turang 3B David Hamilton C Dillon Dingler OF Christian Yelich OF Riley Greene OF Kyle Isbel P Jack Flaherty P Chad Patrick SS Andres Gimenez,,,
813,5104798144,louka001 (11/20),0,66.05,1B Colt Keith 2B Brice Turang 3B David Hamilton C Dillon Dingler OF Christian Yelich OF Riley Greene OF Kyle Isbel P Jack Flaherty P Chad Patrick SS Andres Gimenez,,,
813,5104798145,louka001 (12/20),0,66.05,1B Colt Keith 2B Brice Turang 3B David Hamilton C Dillon Dingler OF Christian Yelich OF Riley Greene OF Kyle Isbel P Jack Flaherty P Chad Patrick SS Andres Gimenez,,,
813,5104798146,louka001 (13/20),0,66.05,1B Colt Keith 2B Brice Turang 3B David Hamilton C Dillon Dingler OF Christian Yelich OF Riley Greene OF Kyle Isbel P Jack Flaherty P Chad Patrick SS Andres Gimenez,,,
813,5104798147,louka001 (14/20),0,66.05,1B Colt Keith 2B Brice Turang 3B David Hamilton C Dillon Dingler OF Christian Yelich OF Riley Greene OF Kyle Isbel P Jack Flaherty P Chad Patrick SS Andres Gimenez,,,
813,5104798148,louka001 (15/20),0,66.05,1B Colt Keith 2B Brice Turang 3B David Hamilton C Dillon Dingler OF Christian Yelich OF Riley Greene OF Kyle Isbel P Jack Flaherty P Chad Patrick SS Andres Gimenez,,,
813,5104798149,louka001 (16/20),0,66.05,1B Colt Keith 2B Brice Turang 3B David Hamilton C Dillon Dingler OF Christian Yelich OF Riley Greene OF Kyle Isbel P Jack Flaherty P Chad Patrick SS Andres Gimenez,,,
813,5104798150,louka001 (17/20),0,66.05,1B Colt Keith 2B Brice Turang 3B David Hamilton C Dillon Dingler OF Christian Yelich OF Riley Greene OF Kyle Isbel P Jack Flaherty P Chad Patrick SS Andres Gimenez,,,
813,5104798151,louka001 (18/20),0,66.05,1B Colt Keith 2B Brice Turang 3B David Hamilton C Dillon Dingler OF Christian Yelich OF Riley Greene OF Kyle Isbel P Jack Flaherty P Chad Patrick SS Andres Gimenez,,,
813,5104798152,louka001 (19/20),0,66.05,1B Colt Keith 2B Brice Turang 3B David Hamilton C Dillon Dingler OF Christian Yelich OF Riley Greene OF Kyle Isbel P Jack Flaherty P Chad Patrick SS Andres Gimenez,,,
813,5104798153,louka001 (20/20),0,66.05,1B Colt Keith 2B Brice Turang 3B David Hamilton C Dillon Dingler OF Christian Yelich OF Riley Greene OF Kyle Isbel P Jack Flaherty P Chad Patrick SS Andres Gimenez,,,
842,5104787869,VariableX (8/20),0,65.8,1B Vinnie Pasquantino 2B Brice Turang 3B Maikel Garcia C William Contreras OF Christian Yelich OF Jake Bauers OF Starling Marte P Jack Flaherty P Lazaro Estrada SS Bobby Witt Jr.,,,
842,5104805450,lincolnius77 (4/5),0,65.8,1B Vladimir Guerrero Jr. 2B Brice Turang 3B Colt Keith C Salvador Perez OF George Springer OF Christian Yelich OF Jake Bauers P Jack Flaherty P Lazaro Estrada SS Kevin McGonigle,,,
844,5104761514,MaxTheMin (14/20),0,65.75,1B Vinnie Pasquantino 2B Brice Turang 3B Luis Rengifo C William Contreras OF Christian Yelich OF Riley Greene OF Jake Bauers P Jack Flaherty P Anthony Kay SS Bobby Witt Jr.,,,
844,5104784455,EliReasons (12/20),0,65.75,1B Vinnie Pasquantino 2B Brice Turang 3B Luis Rengifo C William Contreras OF Christian Yelich OF Riley Greene OF Jake Bauers P Jack Flaherty P Anthony Kay SS Bobby Witt Jr.,,,
844,5104826607,DraftKingsEAD (15/20),0,65.75,1B Vinnie Pasquantino 2B Brice Turang 3B Luis Rengifo C William Contreras OF Christian Yelich OF Sal Frelick OF Isaac Collins P Jack Flaherty P Anthony Kay SS Bobby Witt Jr.,,,
844,5104831128,JustHeem23 (11/20),0,65.75,1B Vladimir Guerrero Jr. 2B Lenyn Sosa 3B Maikel Garcia C Salvador Perez OF George Springer OF Christian Yelich OF Austin Hays P Jack Flaherty P Anthony Kay SS Colson Montgomery,,,
848,5104819005,iGAMBLE (1/20),0,65.7,1B Munetaka Murakami 2B Lenyn Sosa 3B Kazuma Okamoto C Reese McGuire OF George Springer OF Christian Yelich OF Davis Schneider P Mason Fluharty P Grant Taylor SS Colson Montgomery,,,
849,5104787870,VariableX (9/20),0,65.55,1B Alec Burleson 2B JJ Wetherholt 3B Nolan Gorman C Ivan Herrera OF George Springer OF Daulton Varsho OF Myles Straw P Chad Patrick P Dustin May SS Andres Gimenez,,,
850,5104756606,LOCNOTM (3/20),0,65.5,1B Vladimir Guerrero Jr. 2B Brice Turang 3B Luis Rengifo C William Contreras OF Jake Bauers OF Austin Hays OF Brandon Lockridge P Jack Flaherty P Dustin May SS Bobby Witt Jr.,,,
850,5104826007,bookert21 (2/20),0,65.5,1B Vladimir Guerrero Jr. 2B Chase Meidroth 3B Miguel Vargas C Tyler Heineman OF George Springer OF Daulton Varsho OF Myles Straw P Jack Flaherty P Dustin May SS Bobby Witt Jr.,,,
850,5104826433,negraf (18/20),0,65.5,1B Colt Keith 2B Gleyber Torres 3B Kevin McGonigle C Dillon Dingler OF George Springer OF Nick Loftin OF Luisangel Acuna P Jack Flaherty P Dustin May SS Bobby Witt Jr.,,,
853,5104766800,rogs1draft (1/20),0,65.45,1B Vladimir Guerrero Jr. 2B Ernie Clement 3B Kazuma Okamoto C Ivan Herrera OF George Springer OF Daulton Varsho OF Kyle Isbel P Jack Flaherty P Mason Fluharty SS Bobby Witt Jr.,,,
854,5104752111,Raiderfanatic2195 (6/20),0,65.3,1B Vladimir Guerrero Jr. 2B Davis Schneider 3B Kazuma Okamoto C Salvador Perez OF George Springer OF Christian Yelich OF Daulton Varsho P Dustin May P Lazaro Estrada SS Bobby Witt Jr.,,,
855,5104835348,TOMMYC23 (2/2),0,65.25,1B Vladimir Guerrero Jr. 2B Brice Turang 3B Kevin McGonigle C Tyler Heineman OF George Springer OF Christian Yelich OF Jake Bauers P Jack Flaherty P Grant Taylor SS Bobby Witt Jr.,,,
856,5104822641,Marcosamparo (5/20),0,65.2,1B Colt Keith 2B Davis Schneider 3B Kevin McGonigle C Dillon Dingler OF George Springer OF Daulton Varsho OF Kerry Carpenter P Chad Patrick P Luinder Avila SS Andres Gimenez,,,
856,5104836057,stevejohn,0,65.2,1B Jake Bauers 2B Brice Turang 3B Maikel Garcia C William Contreras OF George Springer OF Christian Yelich OF Davis Schneider P Chad Patrick P Luinder Avila SS Colson Montgomery,,,
858,5104818973,Deftones5678 (2/3),0,65.15,1B Colt Keith 2B Brice Turang 3B Kevin McGonigle C Ivan Herrera OF Christian Yelich OF Riley Greene OF Jake Bauers P Jack Flaherty P Luinder Avila SS Bobby Witt Jr.,,,
859,5104752295,miked333 (1/7),0,65.05,1B Vladimir Guerrero Jr. 2B Brice Turang 3B Ernie Clement C William Contreras OF George Springer OF Jake Bauers OF Davis Schneider P Jack Flaherty P Chad Patrick SS Andres Gimenez,,,
859,5104753975,Retired14 (1/2),0,65.05,1B Spencer Torkelson 2B Nolan Gorman 3B Kevin McGonigle C William Contreras OF George Springer OF Christian Yelich OF Riley Greene P Jack Flaherty P Chad Patrick SS Andres Gimenez,,,
859,5104787675,Hodag68,0,65.05,1B Vinnie Pasquantino 2B Brice Turang 3B Kevin McGonigle C Gary Sanchez OF Christian Yelich OF Jake Bauers OF Kyle Isbel P Jack Flaherty P Chad Patrick SS Bobby Witt Jr.,,,
859,5104790571,harvick2010 (4/9),0,65.05,1B Colt Keith 2B JJ Wetherholt 3B Kevin McGonigle C Salvador Perez OF George Springer OF Christian Yelich OF Thomas Saggese P Jack Flaherty P Chad Patrick SS Andres Gimenez,,,
859,5104829768,ZARTHANIOUS,0,65.05,1B Alec Burleson 2B Ernie Clement 3B Kevin McGonigle C Dillon Dingler OF George Springer OF Christian Yelich OF Jake Bauers P Jack Flaherty P Chad Patrick SS Joey Ortiz,,,
859,5104847029,djack81,0,65.05,1B Jake Bauers 2B Chase Meidroth 3B Colt Keith C Dillon Dingler OF Daulton Varsho OF Riley Greene OF Sal Frelick P Jack Flaherty P Chad Patrick SS Bobby Witt Jr.,,,
859,5104853781,Mrrodshaun516 (11/20),0,65.05,1B Vladimir Guerrero Jr. 2B Lenyn Sosa 3B Kazuma Okamoto C Pedro Pages OF George Springer OF Daulton Varsho OF Davis Schneider P Chad Patrick P Kris Bubic SS Kevin McGonigle,,,
866,5104834560,Hawkeye1992 (3/5),0,64.950005,1B Vinnie Pasquantino 2B Brice Turang 3B Maikel Garcia C Salvador Perez OF Riley Greene OF Kerry Carpenter OF Jac Caglianone P Luinder Avila P Lazaro Estrada SS Bobby Witt Jr.,,,
867,5104784447,EliReasons (4/20),0,64.8,1B Vladimir Guerrero Jr. 2B Ernie Clement 3B Maikel Garcia C Salvador Perez OF George Springer OF Daulton Varsho OF Starling Marte P Jack Flaherty P Lazaro Estrada SS Bobby Witt Jr.,,,
868,5104784460,EliReasons (17/20),0,64.75,1B Vinnie Pasquantino 2B Brice Turang 3B Maikel Garcia C Salvador Perez OF Christian Yelich OF Zach McKinstry OF Starling Marte P Jack Flaherty P Anthony Kay SS Bobby Witt Jr.,,,
869,5104843582,Retired14 (2/2),0,64.65,1B Vladimir Guerrero Jr. 2B Brice Turang 3B Ernie Clement C Salvador Perez OF Daulton Varsho OF Sal Frelick OF Garrett Mitchell P Dustin May P Luinder Avila SS Bobby Witt Jr.,,,
870,5104761512,MaxTheMin (12/20),0,64.55,1B Alec Burleson 2B Ernie Clement 3B Kazuma Okamoto C Ivan Herrera OF George Springer OF Daulton Varsho OF Victor Scott II P Chad Patrick P Dustin May SS Bobby Witt Jr.,,,
871,5104744277,billingj,0,64.5,1B Vladimir Guerrero Jr. 2B Brice Turang 3B David Hamilton C Dillon Dingler OF Christian Yelich OF Daulton Varsho OF Riley Greene P Chad Patrick P Mason Fluharty SS Andres Gimenez,,,
871,5104761138,essay71,0,64.5,1B Vladimir Guerrero Jr. 2B Brice Turang 3B Kazuma Okamoto C William Contreras OF George Springer OF Christian Yelich OF Sal Frelick P Chad Patrick P Mason Fluharty SS Andres Gimenez,,,
871,5104784550,Elwaysarmy (8/20),0,64.5,1B Munetaka Murakami 2B Chase Meidroth 3B Colson Montgomery C Reese McGuire OF George Springer OF Austin Hays OF Davis Schneider P Jack Flaherty P Dustin May SS Bobby Witt Jr.,,,
871,5104787880,VariableX (19/20),0,64.5,1B Vladimir Guerrero Jr. 2B Ernie Clement 3B Luis Rengifo C William Contreras OF Christian Yelich OF Sal Frelick OF Davis Schneider P Jack Flaherty P Dustin May SS Andres Gimenez,,,
871,5104813016,mikey.bills (7/20),0,64.5,1B Vladimir Guerrero Jr. 2B David Hamilton 3B Luis Rengifo C Salvador Perez OF Christian Yelich OF Sal Frelick OF Tristan Peters P Jack Flaherty P Dustin May SS Bobby Witt Jr.,,,
871,5104824975,BullDozier (11/20),0,64.5,1B Lenyn Sosa 2B Chase Meidroth 3B Luis Rengifo C William Contreras OF Christian Yelich OF Austin Hays OF Starling Marte P Jack Flaherty P Dustin May SS Colson Montgomery,,,
871,5104826008,bookert21 (3/20),0,64.5,1B Vladimir Guerrero Jr. 2B Lenyn Sosa 3B Kazuma Okamoto C Tyler Heineman OF George Springer OF Christian Yelich OF Davis Schneider P Jack Flaherty P Dustin May SS Colson Montgomery,,,
871,5104853786,Mrrodshaun516 (16/20),0,64.5,1B Alec Burleson 2B JJ Wetherholt 3B Nolan Gorman C Ivan Herrera OF Daulton Varsho OF Austin Hays OF Thomas Saggese P Dustin May P Kris Bubic SS Colson Montgomery,,,
879,5104819013,iGAMBLE (9/20),0,64.25,1B Munetaka Murakami 2B Brice Turang 3B Kazuma Okamoto C William Contreras OF Daulton Varsho OF Tristan Peters OF Luisangel Acuna P Jack Flaherty P Grant Taylor SS Colson Montgomery,,,
879,5104831089,Patrick_Star (6/20),0,64.25,1B Alec Burleson 2B JJ Wetherholt 3B Maikel Garcia C Salvador Perez OF Christian Yelich OF Jac Caglianone OF Starling Marte P Dustin May P Anthony Kay SS Bobby Witt Jr.,,,
881,5104822646,Marcosamparo (10/20),0,64.2,1B Colt Keith 2B Ernie Clement 3B Kevin McGonigle C Dillon Dingler OF Daulton Varsho OF Riley Greene OF Parker Meadows P Chad Patrick P Luinder Avila SS Andres Gimenez,,,
882,5104790964,rmoran1110,0,64.15,1B Vinnie Pasquantino 2B JJ Wetherholt 3B Kazuma Okamoto C Dillon Dingler OF Christian Yelich OF Daulton Varsho OF Sal Frelick P Jack Flaherty P Luinder Avila SS Bobby Witt Jr.,,,
882,5104793313,Jrod3005 (1/3),0,64.15,1B Vinnie Pasquantino 2B Ernie Clement 3B Kevin McGonigle C Salvador Perez OF Riley Greene OF Kerry Carpenter OF Jac Caglianone P Jack Flaherty P Luinder Avila SS Bobby Witt Jr.,,,
882,5104801119,Jrod3005 (2/3),0,64.15,1B Vinnie Pasquantino 2B Ernie Clement 3B Kevin McGonigle C Salvador Perez OF Riley Greene OF Kerry Carpenter OF Jac Caglianone P Jack Flaherty P Luinder Avila SS Bobby Witt Jr.,,,
882,5104801367,Jrod3005 (3/3),0,64.15,1B Vinnie Pasquantino 2B Ernie Clement 3B Kevin McGonigle C Salvador Perez OF Riley Greene OF Kerry Carpenter OF Jac Caglianone P Jack Flaherty P Luinder Avila SS Bobby Witt Jr.,,,
882,5104836632,pathskins (2/6),0,64.15,1B Vinnie Pasquantino 2B Gleyber Torres 3B Maikel Garcia C Salvador Perez OF Christian Yelich OF Riley Greene OF Kyle Isbel P Jack Flaherty P Luinder Avila SS Bobby Witt Jr.,,,
887,5104826003,Rockhead13,0,64.05,1B Vinnie Pasquantino 2B Brice Turang 3B Colt Keith C Salvador Perez OF Christian Yelich OF Jake Bauers OF Luisangel Acuna P Jack Flaherty P Chad Patrick SS Bobby Witt Jr.,,,
888,5104813021,mikey.bills (12/20),0,63.8,1B Vladimir Guerrero Jr. 2B Nick Loftin 3B Maikel Garcia C Salvador Perez OF George Springer OF Daulton Varsho OF Myles Straw P Jack Flaherty P Lazaro Estrada SS Bobby Witt Jr.,,,
889,5104778926,elifam77,0,63.55,1B Alec Burleson 2B Brice Turang 3B Kevin McGonigle C Ivan Herrera OF George Springer OF Christian Yelich OF Riley Greene P Chad Patrick P Dustin May SS Andres Gimenez,,,
889,5104791856,SpeedRacer101 (4/20),0,63.55,1B Vladimir Guerrero Jr. 2B JJ Wetherholt 3B Nolan Gorman C Ivan Herrera OF George Springer OF Victor Scott II OF Thomas Saggese P Chad Patrick P Dustin May SS Andres Gimenez,,,
891,5104753906,steviebud777,0,63.5,1B Vinnie Pasquantino 2B Gleyber Torres 3B Ernie Clement C William Contreras OF George Springer OF Addison Barger OF Austin Hays P Jack Flaherty P Dustin May SS Bobby Witt Jr.,,,
892,5104819015,iGAMBLE (11/20),0,63.45,1B Munetaka Murakami 2B Chase Meidroth 3B Maikel Garcia C Ivan Herrera OF George Springer OF Daulton Varsho OF Austin Hays P Jack Flaherty P Mason Fluharty SS Colson Montgomery,,,
893,5104819021,iGAMBLE (17/20),0,63.25,1B Munetaka Murakami 2B Nick Loftin 3B Maikel Garcia C Ivan Herrera OF George Springer OF Starling Marte OF Isaac Collins P Jack Flaherty P Grant Taylor SS Kevin McGonigle,,,
894,5104824686,thesnake16 (1/5),0,63.15,1B Colt Keith 2B Chase Meidroth 3B Kevin McGonigle C Dillon Dingler OF George Springer OF Daulton Varsho OF Zach McKinstry P Jack Flaherty P Luinder Avila SS Bobby Witt Jr.,,,
894,5104834406,thesnake16 (2/5),0,63.15,1B Colt Keith 2B Chase Meidroth 3B Kevin McGonigle C Dillon Dingler OF George Springer OF Daulton Varsho OF Zach McKinstry P Jack Flaherty P Luinder Avila SS Bobby Witt Jr.,,,
894,5104839919,HTTR720,0,63.15,1B Vladimir Guerrero Jr. 2B Davis Schneider 3B Kazuma Okamoto C Dillon Dingler OF George Springer OF Riley Greene OF Kerry Carpenter P Jack Flaherty P Luinder Avila SS Andres Gimenez,,,
894,5104843726,thesnake16 (3/5),0,63.15,1B Colt Keith 2B Chase Meidroth 3B Kevin McGonigle C Dillon Dingler OF George Springer OF Daulton Varsho OF Zach McKinstry P Jack Flaherty P Luinder Avila SS Bobby Witt Jr.,,,
894,5104843734,thesnake16 (4/5),0,63.15,1B Colt Keith 2B Chase Meidroth 3B Kevin McGonigle C Dillon Dingler OF George Springer OF Daulton Varsho OF Zach McKinstry P Jack Flaherty P Luinder Avila SS Bobby Witt Jr.,,,
894,5104844739,thesnake16 (5/5),0,63.15,1B Colt Keith 2B Chase Meidroth 3B Kevin McGonigle C Dillon Dingler OF George Springer OF Daulton Varsho OF Zach McKinstry P Jack Flaherty P Luinder Avila SS Bobby Witt Jr.,,,
900,5104837488,AceYeti180,0,63.05,1B Spencer Torkelson 2B Chase Meidroth 3B Kevin McGonigle C Salvador Perez OF Daulton Varsho OF Riley Greene OF Sal Frelick P Jack Flaherty P Chad Patrick SS Colson Montgomery,,,
901,5104824968,BullDozier (4/20),0,62.8,1B Vladimir Guerrero Jr. 2B Ernie Clement 3B Maikel Garcia C Dillon Dingler OF Daulton Varsho OF Riley Greene OF Davis Schneider P Jack Flaherty P Lazaro Estrada SS Andres Gimenez,,,
902,5104765420,Bulldog7088,0,62.75,1B Munetaka Murakami 2B Brice Turang 3B Kevin McGonigle C William Contreras OF George Springer OF Christian Yelich OF Davis Schneider P Jack Flaherty P Anthony Kay SS Joey Ortiz,,,
903,5104819019,iGAMBLE (15/20),0,62.7,1B Munetaka Murakami 2B Nick Loftin 3B Maikel Garcia C Ivan Herrera OF George Springer OF Daulton Varsho OF Kyle Isbel P Mason Fluharty P Grant Taylor SS Bobby Witt Jr.,,,
904,5104746090,Brothaman007 (1/8),0,62.65,1B Munetaka Murakami 2B JJ Wetherholt 3B Maikel Garcia C Salvador Perez OF Christian Yelich OF Austin Hays OF Tristan Peters P Dustin May P Luinder Avila SS Colson Montgomery,,,
904,5104859623,Edub_76 (4/4),0,62.65,1B Vladimir Guerrero Jr. 2B JJ Wetherholt 3B Kazuma Okamoto C Salvador Perez OF Christian Yelich OF Riley Greene OF Nathan Church P Dustin May P Luinder Avila SS Bobby Witt Jr.,,,
906,5104798492,FlameThrower4 (9/20),0,62.55,1B Vladimir Guerrero Jr. 2B Ernie Clement 3B Kazuma Okamoto C William Contreras OF George Springer OF Christian Yelich OF Brandon Lockridge P Chad Patrick P Dustin May SS Andres Gimenez,,,
907,5104772838,Homer_For_Life (2/20),0,62.5,1B Vladimir Guerrero Jr. 2B Ernie Clement 3B Kazuma Okamoto C Tyler Heineman OF Daulton Varsho OF Riley Greene OF Kerry Carpenter P Jack Flaherty P Dustin May SS Kevin McGonigle,,,
908,5104847419,guido6193,0,62.199997,1B Munetaka Murakami 2B Brice Turang 3B Kevin McGonigle C Dillon Dingler OF George Springer OF Christian Yelich OF Daulton Varsho P Chad Patrick P Luinder Avila SS Andres Gimenez,,,
909,5104756963,GuruGreg-K-Zoo (2/2),0,62.15,1B Munetaka Murakami 2B Luisangel Acuna 3B Maikel Garcia C Dillon Dingler OF George Springer OF Riley Greene OF Jac Caglianone P Jack Flaherty P Luinder Avila SS Bobby Witt Jr.,,,
909,5104822654,Marcosamparo (18/20),0,62.15,1B Colt Keith 2B Ernie Clement 3B Kazuma Okamoto C Dillon Dingler OF Daulton Varsho OF Kerry Carpenter OF Parker Meadows P Jack Flaherty P Luinder Avila SS Andres Gimenez,,,
909,5104828888,scrub69 (6/7),0,62.15,1B Vladimir Guerrero Jr. 2B Ernie Clement 3B Kazuma Okamoto C Reese McGuire OF George Springer OF Christian Yelich OF Davis Schneider P Jack Flaherty P Luinder Avila SS Bobby Witt Jr.,,,
912,5104786515,Swoosh33,0,62.05,1B Jake Bauers 2B Brice Turang 3B Maikel Garcia C Dillon Dingler OF Christian Yelich OF Riley Greene OF Kyle Isbel P Jack Flaherty P Chad Patrick SS Kevin McGonigle,,,
913,5104826600,DraftKingsEAD (8/20),0,61.75,1B Vinnie Pasquantino 2B Brice Turang 3B Luis Rengifo C Salvador Perez OF Christian Yelich OF Sal Frelick OF Jac Caglianone P Jack Flaherty P Anthony Kay SS Bobby Witt Jr.,,,
914,5104798485,FlameThrower4 (2/20),0,61.55,1B Vladimir Guerrero Jr. 2B Brice Turang 3B David Hamilton C William Contreras OF George Springer OF Christian Yelich OF Brandon Lockridge P Chad Patrick P Dustin May SS Andres Gimenez,,,
915,5104756615,LOCNOTM (12/20),0,61.5,1B Vladimir Guerrero Jr. 2B Lenyn Sosa 3B Miguel Vargas C Tyler Heineman OF George Springer OF Starling Marte OF Davis Schneider P Jack Flaherty P Dustin May SS Andres Gimenez,,,
915,5104787862,VariableX (1/20),0,61.5,1B Vladimir Guerrero Jr. 2B Ernie Clement 3B Luis Rengifo C Salvador Perez OF George Springer OF Starling Marte OF Davis Schneider P Jack Flaherty P Dustin May SS Bobby Witt Jr.,,,
915,5104826627,islandersjets88,0,61.5,1B Munetaka Murakami 2B Brice Turang 3B Kazuma Okamoto C Tyler Heineman OF George Springer OF Riley Greene OF Luisangel Acuna P Chad Patrick P Mason Fluharty SS Kevin McGonigle,,,
915,5104829432,themvf (2/20),0,61.5,1B Alec Burleson 2B Brice Turang 3B David Hamilton C William Contreras OF George Springer OF Christian Yelich OF Nick Loftin P Jack Flaherty P Dustin May SS Colson Montgomery,,,
915,5104829438,themvf (8/20),0,61.5,1B Alec Burleson 2B Brice Turang 3B David Hamilton C William Contreras OF Christian Yelich OF Jake Bauers OF Nick Loftin P Jack Flaherty P Dustin May SS Colson Montgomery,,,
920,5104826023,bookert21 (18/20),0,61.25,1B Alec Burleson 2B David Hamilton 3B Maikel Garcia C William Contreras OF Christian Yelich OF Austin Hays OF Isaac Collins P Dustin May P Anthony Kay SS Bobby Witt Jr.,,,
921,5104766802,rogs1draft (3/20),0,61.15,1B Vladimir Guerrero Jr. 2B Davis Schneider 3B Luis Rengifo C William Contreras OF George Springer OF Christian Yelich OF Daulton Varsho P Jack Flaherty P Luinder Avila SS Andres Gimenez,,,
921,5104795588,bledsoe2002 (2/2),0,61.15,1B Vladimir Guerrero Jr. 2B Chase Meidroth 3B Maikel Garcia C Dillon Dingler OF George Springer OF Kerry Carpenter OF Austin Hays P Jack Flaherty P Luinder Avila SS Kevin McGonigle,,,
921,5104836416,Luiyopr,0,61.15,1B Vinnie Pasquantino 2B Ernie Clement 3B Colt Keith C Dillon Dingler OF George Springer OF Daulton Varsho OF Kerry Carpenter P Jack Flaherty P Luinder Avila SS Bobby Witt Jr.,,,
924,5104765413,womana1mighty (19/20),0,61.05,1B Vladimir Guerrero Jr. 2B Chase Meidroth 3B Kazuma Okamoto C Tyler Heineman OF George Springer OF Christian Yelich OF Luisangel Acuna P Jack Flaherty P Chad Patrick SS Andres Gimenez,,,
925,5104772849,Homer_For_Life (13/20),0,61,1B Vladimir Guerrero Jr. 2B Nick Loftin 3B Maikel Garcia C Dillon Dingler OF Riley Greene OF Starling Marte OF Isaac Collins P Jack Flaherty P Seth Lugo SS Bobby Witt Jr.,,,
926,5104819006,iGAMBLE (2/20),0,60.7,1B Munetaka Murakami 2B Davis Schneider 3B Kazuma Okamoto C Reese McGuire OF George Springer OF Christian Yelich OF Tristan Peters P Mason Fluharty P Grant Taylor SS Colson Montgomery,,,
927,5104791864,SpeedRacer101 (12/20),0,60.5,1B Miguel Vargas 2B Chase Meidroth 3B Maikel Garcia C Tyler Heineman OF Jac Caglianone OF Davis Schneider OF Isaac Collins P Jack Flaherty P Dustin May SS Bobby Witt Jr.,,,
927,5104791871,SpeedRacer101 (19/20),0,60.5,1B Munetaka Murakami 2B Brice Turang 3B Luis Rengifo C Salvador Perez OF George Springer OF Austin Hays OF Luisangel Acuna P Jack Flaherty P Dustin May SS Colson Montgomery,,,
929,5104752125,Raiderfanatic2195 (20/20),0,60.25,1B Alec Burleson 2B Brice Turang 3B Maikel Garcia C Ivan Herrera OF Christian Yelich OF Sal Frelick OF Starling Marte P Dustin May P Anthony Kay SS Bobby Witt Jr.,,,
929,5104831131,JustHeem23 (14/20),0,60.25,1B Vladimir Guerrero Jr. 2B Chase Meidroth 3B Colson Montgomery C Salvador Perez OF Riley Greene OF Austin Hays OF Luisangel Acuna P Dustin May P Anthony Kay SS Bobby Witt Jr.,,,
931,5104826432,negraf (17/20),0,60.15,1B Colt Keith 2B JJ Wetherholt 3B Maikel Garcia C Salvador Perez OF Riley Greene OF Jac Caglianone OF Luisangel Acuna P Jack Flaherty P Luinder Avila SS Bobby Witt Jr.,,,
932,5104841384,JDuden5,0,60.05,1B Alec Burleson 2B Brice Turang 3B Maikel Garcia C Salvador Perez OF Christian Yelich OF Riley Greene OF Thomas Saggese P Jack Flaherty P Chad Patrick SS Kevin McGonigle,,,
932,5104853776,Mrrodshaun516 (6/20),0,60.05,1B Vladimir Guerrero Jr. 2B Chase Meidroth 3B Kazuma Okamoto C Dillon Dingler OF George Springer OF Daulton Varsho OF Davis Schneider P Jack Flaherty P Chad Patrick SS Joey Ortiz,,,
934,5104847431,danc802,0,59.9,1B Munetaka Murakami 2B Chase Meidroth 3B Kevin McGonigle C Salvador Perez OF Jac Caglianone OF Austin Hays OF Kyle Isbel P Luinder Avila P Anthony Kay SS Bobby Witt Jr.,,,
935,5104787872,VariableX (11/20),0,59.8,1B Vinnie Pasquantino 2B Davis Schneider 3B Kazuma Okamoto C Tyler Heineman OF George Springer OF Daulton Varsho OF Starling Marte P Jack Flaherty P Lazaro Estrada SS Bobby Witt Jr.,,,
935,5104793838,FearDaFeetHo,0,59.8,1B Jake Bauers 2B Brice Turang 3B Colt Keith C Tyler Heineman OF George Springer OF Christian Yelich OF Riley Greene P Chad Patrick P Anthony Kay SS Kevin McGonigle,,,
937,5104784543,Elwaysarmy (1/20),0,59.75,1B Vinnie Pasquantino 2B Brice Turang 3B Maikel Garcia C Ivan Herrera OF Jac Caglianone OF Austin Hays OF Isaac Collins P Jack Flaherty P Anthony Kay SS Bobby Witt Jr.,,,
937,5104787863,VariableX (2/20),0,59.75,1B Colt Keith 2B Brice Turang 3B Luis Rengifo C William Contreras OF Riley Greene OF Sal Frelick OF Brandon Lockridge P Jack Flaherty P Anthony Kay SS Kevin McGonigle,,,
937,5104821658,dmann8888 (20/20),0,59.75,1B Munetaka Murakami 2B Lenyn Sosa 3B Kevin McGonigle C Salvador Perez OF Starling Marte OF Tristan Peters OF Luisangel Acuna P Jack Flaherty P Anthony Kay SS Bobby Witt Jr.,,,
937,5104826602,DraftKingsEAD (10/20),0,59.75,1B Jake Bauers 2B Brice Turang 3B Luis Rengifo C Salvador Perez OF Christian Yelich OF Sal Frelick OF Austin Hays P Jack Flaherty P Anthony Kay SS Bobby Witt Jr.,,,
937,5104831088,Patrick_Star (5/20),0,59.75,1B Vinnie Pasquantino 2B Lenyn Sosa 3B Colson Montgomery C Salvador Perez OF George Springer OF Austin Hays OF Starling Marte P Jack Flaherty P Anthony Kay SS Bobby Witt Jr.,,,
942,5104756611,LOCNOTM (8/20),0,59.5,1B Munetaka Murakami 2B Ernie Clement 3B Luis Rengifo C Salvador Perez OF George Springer OF Starling Marte OF Brandon Lockridge P Jack Flaherty P Dustin May SS Bobby Witt Jr.,,,
942,5104757155,godnref (15/20),0,59.5,1B Vladimir Guerrero Jr. 2B Lenyn Sosa 3B Kazuma Okamoto C Tyler Heineman OF George Springer OF Austin Hays OF Davis Schneider P Jack Flaherty P Dustin May SS Bobby Witt Jr.,,,
942,5104772846,Homer_For_Life (10/20),0,59.5,1B Alec Burleson 2B JJ Wetherholt 3B Nolan Gorman C Ivan Herrera OF George Springer OF Daulton Varsho OF Victor Scott II P Dustin May P Seth Lugo SS Colson Montgomery,,,
942,5104787877,VariableX (16/20),0,59.5,1B Vladimir Guerrero Jr. 2B Davis Schneider 3B Luis Rengifo C Salvador Perez OF George Springer OF Starling Marte OF Isaac Collins P Jack Flaherty P Dustin May SS Bobby Witt Jr.,,,
942,5104787879,VariableX (18/20),0,59.5,1B Vladimir Guerrero Jr. 2B Ernie Clement 3B Luis Rengifo C William Contreras OF George Springer OF Christian Yelich OF Myles Straw P Jack Flaherty P Dustin May SS Andres Gimenez,,,
942,5104845285,Joelybeau (2/2),0,59.5,1B Vinnie Pasquantino 2B Brice Turang 3B Kazuma Okamoto C William Contreras OF George Springer OF Daulton Varsho OF Davis Schneider P Chad Patrick P Mason Fluharty SS Bobby Witt Jr.,,,
948,5104819014,iGAMBLE (10/20),0,59.45,1B Miguel Vargas 2B Lenyn Sosa 3B Kazuma Okamoto C Reese McGuire OF George Springer OF Austin Hays OF Davis Schneider P Jack Flaherty P Mason Fluharty SS Kevin McGonigle,,,
949,5104746140,vanwinkle81 (1/2),0,59.199997,1B Alec Burleson 2B Brice Turang 3B Kevin McGonigle C Dillon Dingler OF George Springer OF Christian Yelich OF Riley Greene P Chad Patrick P Luinder Avila SS Andres Gimenez,,,
949,5104759377,vanwinkle81 (2/2),0,59.199997,1B Alec Burleson 2B Brice Turang 3B Kevin McGonigle C Dillon Dingler OF George Springer OF Christian Yelich OF Riley Greene P Chad Patrick P Luinder Avila SS Andres Gimenez,,,
951,5104807685,choproom,0,59.15,1B Vinnie Pasquantino 2B Brice Turang 3B Miguel Vargas C Salvador Perez OF Christian Yelich OF Daulton Varsho OF Jake Bauers P Jack Flaherty P Luinder Avila SS Bobby Witt Jr.,,,
951,5104815905,bclark26,0,59.15,1B Vladimir Guerrero Jr. 2B JJ Wetherholt 3B Maikel Garcia C Dillon Dingler OF George Springer OF Riley Greene OF Jac Caglianone P Jack Flaherty P Luinder Avila SS Andres Gimenez,,,
953,5104761511,MaxTheMin (11/20),0,58.75,1B Vinnie Pasquantino 2B Nolan Gorman 3B Maikel Garcia C Salvador Perez OF George Springer OF Kerry Carpenter OF Jac Caglianone P Jack Flaherty P Anthony Kay SS Bobby Witt Jr.,,,
954,5104842584,actionjackson69,0,58.6,1B Vinnie Pasquantino 2B JJ Wetherholt 3B Kazuma Okamoto C Ivan Herrera OF George Springer OF Daulton Varsho OF Davis Schneider P Luinder Avila P Mason Fluharty SS Bobby Witt Jr.,,,
955,5104778590,superunknowx (15/20),0,58.5,1B Vladimir Guerrero Jr. 2B Brice Turang 3B Kazuma Okamoto C William Contreras OF Austin Hays OF Tristan Peters OF Myles Straw P Jack Flaherty P Dustin May SS Bobby Witt Jr.,,,
956,5104752115,Raiderfanatic2195 (10/20),0,58.3,1B Vladimir Guerrero Jr. 2B Brice Turang 3B Kazuma Okamoto C Tyler Heineman OF George Springer OF Daulton Varsho OF Sal Frelick P Dustin May P Lazaro Estrada SS Bobby Witt Jr.,,,
956,5104813024,mikey.bills (15/20),0,58.3,1B Vladimir Guerrero Jr. 2B Brice Turang 3B Luis Rengifo C William Contreras OF George Springer OF Sal Frelick OF Brandon Lockridge P Dustin May P Lazaro Estrada SS Andres Gimenez,,,
958,5104869628,texantasy2018,0,58.25,1B Vladimir Guerrero Jr. 2B Chase Meidroth 3B Kazuma Okamoto C Dillon Dingler OF George Springer OF Riley Greene OF Davis Schneider P Jack Flaherty P Grant Taylor SS Kevin McGonigle,,,
959,5104737455,chillykid47,0,58.15,1B Colt Keith 2B Chase Meidroth 3B Maikel Garcia C Salvador Perez OF Riley Greene OF Kerry Carpenter OF Austin Hays P Jack Flaherty P Luinder Avila SS Bobby Witt Jr.,,,
959,5104778584,superunknowx (9/20),0,58.15,1B Vinnie Pasquantino 2B Gleyber Torres 3B Maikel Garcia C Tyler Heineman OF George Springer OF Daulton Varsho OF Jac Caglianone P Jack Flaherty P Luinder Avila SS Bobby Witt Jr.,,,
959,5104782372,pyou2,0,58.15,1B Vinnie Pasquantino 2B Brice Turang 3B Kevin McGonigle C Dillon Dingler OF Christian Yelich OF Riley Greene OF Davis Schneider P Jack Flaherty P Luinder Avila SS Bobby Witt Jr.,,,
959,5104822643,Marcosamparo (7/20),0,58.15,1B Colt Keith 2B Gleyber Torres 3B Kevin McGonigle C Dillon Dingler OF Riley Greene OF Austin Hays OF Tristan Peters P Jack Flaherty P Luinder Avila SS Andres Gimenez,,,
959,5104879251,Ctracefan (11/12),0,58.15,1B Vladimir Guerrero Jr. 2B Chase Meidroth 3B Ernie Clement C Ivan Herrera OF George Springer OF Daulton Varsho OF Luisangel Acuna P Jack Flaherty P Luinder Avila SS Bobby Witt Jr.,,,
964,5104766931,tigersforlife3 (5/6),0,58.05,1B Colt Keith 2B Brice Turang 3B Ernie Clement C Reese McGuire OF George Springer OF Christian Yelich OF Daulton Varsho P Jack Flaherty P Chad Patrick SS Kevin McGonigle,,,
964,5104796578,bsuggs13 (1/5),0,58.05,1B Alec Burleson 2B Brice Turang 3B Kevin McGonigle C Dillon Dingler OF George Springer OF Riley Greene OF Jake Bauers P Jack Flaherty P Chad Patrick SS Andres Gimenez,,,
964,5104797003,bsuggs13 (2/5),0,58.05,1B Alec Burleson 2B Brice Turang 3B Kevin McGonigle C Dillon Dingler OF George Springer OF Riley Greene OF Jake Bauers P Jack Flaherty P Chad Patrick SS Andres Gimenez,,,
964,5104805181,bsuggs13 (3/5),0,58.05,1B Alec Burleson 2B Brice Turang 3B Kevin McGonigle C Dillon Dingler OF George Springer OF Riley Greene OF Jake Bauers P Jack Flaherty P Chad Patrick SS Andres Gimenez,,,
964,5104810678,cdodson50 (2/2),0,58.05,1B Jake Bauers 2B Brice Turang 3B Colt Keith C Dillon Dingler OF George Springer OF Christian Yelich OF Riley Greene P Jack Flaherty P Chad Patrick SS Andres Gimenez,,,
964,5104810684,bsuggs13 (4/5),0,58.05,1B Alec Burleson 2B Brice Turang 3B Kevin McGonigle C Dillon Dingler OF George Springer OF Riley Greene OF Jake Bauers P Jack Flaherty P Chad Patrick SS Andres Gimenez,,,
964,5104810711,bsuggs13 (5/5),0,58.05,1B Alec Burleson 2B Brice Turang 3B Kevin McGonigle C Dillon Dingler OF George Springer OF Riley Greene OF Jake Bauers P Jack Flaherty P Chad Patrick SS Andres Gimenez,,,
964,5104838457,jordangudelot,0,58.05,1B Spencer Torkelson 2B Luisangel Acuna 3B Kazuma Okamoto C William Contreras OF George Springer OF Christian Yelich OF Daulton Varsho P Jack Flaherty P Chad Patrick SS Andres Gimenez,,,
964,5104844275,cgkemp_79,0,58.05,1B Jake Bauers 2B Brice Turang 3B Colt Keith C Dillon Dingler OF George Springer OF Christian Yelich OF Riley Greene P Jack Flaherty P Chad Patrick SS Andres Gimenez,,,
964,5104879440,ekzablocki,0,58.05,1B Jake Bauers 2B Brice Turang 3B Maikel Garcia C William Contreras OF Riley Greene OF Sal Frelick OF Brandon Lockridge P Jack Flaherty P Chad Patrick SS Kevin McGonigle,,,
974,5104772854,Homer_For_Life (18/20),0,58,1B Vladimir Guerrero Jr. 2B Nick Loftin 3B Kazuma Okamoto C Salvador Perez OF Riley Greene OF Starling Marte OF Isaac Collins P Jack Flaherty P Seth Lugo SS Bobby Witt Jr.,,,
975,5104803885,mpldk,0,57.95,1B Vladimir Guerrero Jr. 2B Chase Meidroth 3B Maikel Garcia C Salvador Perez OF George Springer OF Christian Yelich OF Daulton Varsho P Luinder Avila P Lazaro Estrada SS Bobby Witt Jr.,,,
975,5104833257,rayrayleos,0,57.95,1B Munetaka Murakami 2B Davis Schneider 3B Kevin McGonigle C Pedro Pages OF George Springer OF Christian Yelich OF Daulton Varsho P Dustin May P Mason Fluharty SS Bobby Witt Jr.,,,
977,5104819396,27rae,0,57.8,1B Vladimir Guerrero Jr. 2B Brice Turang 3B David Hamilton C Gary Sanchez OF George Springer OF Riley Greene OF Kyle Isbel P Chad Patrick P Anthony Kay SS Andres Gimenez,,,
977,5104846889,Nugg2015,0,57.8,1B Vinnie Pasquantino 2B Brice Turang 3B Ernie Clement C William Contreras OF George Springer OF Christian Yelich OF Davis Schneider P Chad Patrick P Anthony Kay SS Andres Gimenez,,,
979,5104833245,akAAK (1/2),0,57.75,1B Alec Burleson 2B Chase Meidroth 3B Kevin McGonigle C Dillon Dingler OF George Springer OF Riley Greene OF Kerry Carpenter P Jack Flaherty P Anthony Kay SS Andres Gimenez,,,
979,5104842310,akAAK (2/2),0,57.75,1B Alec Burleson 2B Chase Meidroth 3B Kevin McGonigle C Dillon Dingler OF George Springer OF Riley Greene OF Kerry Carpenter P Jack Flaherty P Anthony Kay SS Andres Gimenez,,,
981,5104790572,harvick2010 (5/9),0,57.55,1B Jake Bauers 2B Brice Turang 3B David Hamilton C William Contreras OF George Springer OF Riley Greene OF Brandon Lockridge P Chad Patrick P Dustin May SS Bobby Witt Jr.,,,
981,5104798490,FlameThrower4 (7/20),0,57.55,1B Vladimir Guerrero Jr. 2B Brice Turang 3B David Hamilton C William Contreras OF George Springer OF Daulton Varsho OF Davis Schneider P Chad Patrick P Dustin May SS Andres Gimenez,,,
983,5104756137,Brothaman007 (4/8),0,57.5,1B Munetaka Murakami 2B Brice Turang 3B Maikel Garcia C William Contreras OF Austin Hays OF Tristan Peters OF Luisangel Acuna P Jack Flaherty P Dustin May SS Colson Montgomery,,,
983,5104756604,LOCNOTM (1/20),0,57.5,1B Lenyn Sosa 2B Brice Turang 3B Luis Rengifo C William Contreras OF Christian Yelich OF Sal Frelick OF Tristan Peters P Jack Flaherty P Dustin May SS Bobby Witt Jr.,,,
983,5104756619,LOCNOTM (16/20),0,57.5,1B Miguel Vargas 2B Brice Turang 3B Luis Rengifo C Tyler Heineman OF George Springer OF Christian Yelich OF Myles Straw P Jack Flaherty P Dustin May SS Andres Gimenez,,,
983,5104778582,superunknowx (7/20),0,57.5,1B Munetaka Murakami 2B Davis Schneider 3B Maikel Garcia C William Contreras OF George Springer OF Jake Bauers OF Luisangel Acuna P Jack Flaherty P Dustin May SS Bobby Witt Jr.,,,
983,5104842381,pat_the_hat2 (9/11),0,57.5,1B Vladimir Guerrero Jr. 2B Chase Meidroth 3B Luis Rengifo C Salvador Perez OF Austin Hays OF Starling Marte OF Isaac Collins P Jack Flaherty P Dustin May SS Bobby Witt Jr.,,,
988,5104766801,rogs1draft (2/20),0,57.45,1B Vladimir Guerrero Jr. 2B Davis Schneider 3B Maikel Garcia C Tyler Heineman OF George Springer OF Daulton Varsho OF Jac Caglianone P Jack Flaherty P Mason Fluharty SS Bobby Witt Jr.,,,
988,5104819020,iGAMBLE (16/20),0,57.45,1B Munetaka Murakami 2B Davis Schneider 3B Maikel Garcia C Salvador Perez OF Christian Yelich OF Starling Marte OF Kyle Isbel P Jack Flaherty P Mason Fluharty SS Kevin McGonigle,,,
990,5104842379,pat_the_hat2 (7/11),0,57.25,1B Vinnie Pasquantino 2B Nolan Gorman 3B Maikel Garcia C Ivan Herrera OF Christian Yelich OF Sal Frelick OF Jac Caglianone P Dustin May P Anthony Kay SS Bobby Witt Jr.,,,
991,5104855389,MKSPORTS (1/2),0,57.15,1B Munetaka Murakami 2B David Hamilton 3B Maikel Garcia C William Contreras OF George Springer OF Christian Yelich OF Riley Greene P Jack Flaherty P Luinder Avila SS Andres Gimenez,,,
992,5104841962,edwin514 (16/20),0,57,1B Vladimir Guerrero Jr. 2B Chase Meidroth 3B Luis Rengifo C William Contreras OF Daulton Varsho OF Luisangel Acuna OF Brandon Lockridge P Jack Flaherty P Seth Lugo SS Kevin McGonigle,,,
993,5104795949,sasinatimothy (1/2),0,56.8,1B Jake Bauers 2B Brice Turang 3B David Hamilton C William Contreras OF George Springer OF Christian Yelich OF Kyle Isbel P Chad Patrick P Anthony Kay SS Andres Gimenez,,,
993,5104824965,BullDozier (1/20),0,56.8,1B Vinnie Pasquantino 2B Brice Turang 3B Maikel Garcia C Salvador Perez OF Christian Yelich OF Daulton Varsho OF Starling Marte P Jack Flaherty P Lazaro Estrada SS Bobby Witt Jr.,,,
995,5104757115,Jvman61,0,56.5,1B Munetaka Murakami 2B Chase Meidroth 3B Nolan Gorman C William Contreras OF George Springer OF Christian Yelich OF Riley Greene P Jack Flaherty P Dustin May SS Kevin McGonigle,,,
995,5104791857,SpeedRacer101 (5/20),0,56.5,1B Munetaka Murakami 2B Lenyn Sosa 3B Maikel Garcia C Reese McGuire OF Austin Hays OF Davis Schneider OF Luisangel Acuna P Jack Flaherty P Dustin May SS Bobby Witt Jr.,,,
995,5104819016,iGAMBLE (12/20),0,56.5,1B Vinnie Pasquantino 2B Brice Turang 3B Kevin McGonigle C Salvador Perez OF George Springer OF Christian Yelich OF Isaac Collins P Chad Patrick P Mason Fluharty SS Bobby Witt Jr.,,,
995,5104829433,themvf (3/20),0,56.5,1B Alec Burleson 2B Brice Turang 3B David Hamilton C William Contreras OF Christian Yelich OF Davis Schneider OF Isaac Collins P Jack Flaherty P Dustin May SS Kevin McGonigle,,,
995,5104829439,themvf (9/20),0,56.5,1B Alec Burleson 2B Brice Turang 3B David Hamilton C William Contreras OF Christian Yelich OF Davis Schneider OF Isaac Collins P Jack Flaherty P Dustin May SS Kevin McGonigle,,,
1000,5104795179,Jw4778 (1/20),0,56.199997,1B Munetaka Murakami 2B Brice Turang 3B Maikel Garcia C Salvador Perez OF George Springer OF Christian Yelich OF Davis Schneider P Chad Patrick P Luinder Avila SS Andres Gimenez,,,
1000,5104795180,Jw4778 (2/20),0,56.199997,1B Munetaka Murakami 2B Brice Turang 3B Maikel Garcia C Salvador Perez OF George Springer OF Christian Yelich OF Davis Schneider P Chad Patrick P Luinder Avila SS Andres Gimenez,,,
1000,5104795181,Jw4778 (3/20),0,56.199997,1B Munetaka Murakami 2B Brice Turang 3B Maikel Garcia C Salvador Perez OF George Springer OF Christian Yelich OF Davis Schneider P Chad Patrick P Luinder Avila SS Andres Gimenez,,,
1000,5104795182,Jw4778 (4/20),0,56.199997,1B Munetaka Murakami 2B Brice Turang 3B Maikel Garcia C Salvador Perez OF George Springer OF Christian Yelich OF Davis Schneider P Chad Patrick P Luinder Avila SS Andres Gimenez,,,
1000,5104795183,Jw4778 (5/20),0,56.199997,1B Munetaka Murakami 2B Brice Turang 3B Maikel Garcia C Salvador Perez OF George Springer OF Christian Yelich OF Davis Schneider P Chad Patrick P Luinder Avila SS Andres Gimenez,,,
1000,5104795184,Jw4778 (6/20),0,56.199997,1B Munetaka Murakami 2B Brice Turang 3B Maikel Garcia C Salvador Perez OF George Springer OF Christian Yelich OF Davis Schneider P Chad Patrick P Luinder Avila SS Andres Gimenez,,,
1000,5104795185,Jw4778 (7/20),0,56.199997,1B Munetaka Murakami 2B Brice Turang 3B Maikel Garcia C Salvador Perez OF George Springer OF Christian Yelich OF Davis Schneider P Chad Patrick P Luinder Avila SS Andres Gimenez,,,
1000,5104795186,Jw4778 (8/20),0,56.199997,1B Munetaka Murakami 2B Brice Turang 3B Maikel Garcia C Salvador Perez OF George Springer OF Christian Yelich OF Davis Schneider P Chad Patrick P Luinder Avila SS Andres Gimenez,,,
1000,5104795187,Jw4778 (9/20),0,56.199997,1B Munetaka Murakami 2B Brice Turang 3B Maikel Garcia C Salvador Perez OF George Springer OF Christian Yelich OF Davis Schneider P Chad Patrick P Luinder Avila SS Andres Gimenez,,,
1000,5104795188,Jw4778 (10/20),0,56.199997,1B Munetaka Murakami 2B Brice Turang 3B Maikel Garcia C Salvador Perez OF George Springer OF Christian Yelich OF Davis Schneider P Chad Patrick P Luinder Avila SS Andres Gimenez,,,
1000,5104795189,Jw4778 (11/20),0,56.199997,1B Munetaka Murakami 2B Brice Turang 3B Maikel Garcia C Salvador Perez OF George Springer OF Christian Yelich OF Davis Schneider P Chad Patrick P Luinder Avila SS Andres Gimenez,,,
1000,5104795190,Jw4778 (12/20),0,56.199997,1B Munetaka Murakami 2B Brice Turang 3B Maikel Garcia C Salvador Perez OF George Springer OF Christian Yelich OF Davis Schneider P Chad Patrick P Luinder Avila SS Andres Gimenez,,,
1000,5104795191,Jw4778 (13/20),0,56.199997,1B Munetaka Murakami 2B Brice Turang 3B Maikel Garcia C Salvador Perez OF George Springer OF Christian Yelich OF Davis Schneider P Chad Patrick P Luinder Avila SS Andres Gimenez,,,
1000,5104795192,Jw4778 (14/20),0,56.199997,1B Munetaka Murakami 2B Brice Turang 3B Maikel Garcia C Salvador Perez OF George Springer OF Christian Yelich OF Davis Schneider P Chad Patrick P Luinder Avila SS Andres Gimenez,,,
1000,5104795193,Jw4778 (15/20),0,56.199997,1B Munetaka Murakami 2B Brice Turang 3B Maikel Garcia C Salvador Perez OF George Springer OF Christian Yelich OF Davis Schneider P Chad Patrick P Luinder Avila SS Andres Gimenez,,,
1000,5104795194,Jw4778 (16/20),0,56.199997,1B Munetaka Murakami 2B Brice Turang 3B Maikel Garcia C Salvador Perez OF George Springer OF Christian Yelich OF Davis Schneider P Chad Patrick P Luinder Avila SS Andres Gimenez,,,
1000,5104795195,Jw4778 (17/20),0,56.199997,1B Munetaka Murakami 2B Brice Turang 3B Maikel Garcia C Salvador Perez OF George Springer OF Christian Yelich OF Davis Schneider P Chad Patrick P Luinder Avila SS Andres Gimenez,,,
1000,5104795196,Jw4778 (18/20),0,56.199997,1B Munetaka Murakami 2B Brice Turang 3B Maikel Garcia C Salvador Perez OF George Springer OF Christian Yelich OF Davis Schneider P Chad Patrick P Luinder Avila SS Andres Gimenez,,,
1000,5104795197,Jw4778 (19/20),0,56.199997,1B Munetaka Murakami 2B Brice Turang 3B Maikel Garcia C Salvador Perez OF George Springer OF Christian Yelich OF Davis Schneider P Chad Patrick P Luinder Avila SS Andres Gimenez,,,
1000,5104795198,Jw4778 (20/20),0,56.199997,1B Munetaka Murakami 2B Brice Turang 3B Maikel Garcia C Salvador Perez OF George Springer OF Christian Yelich OF Davis Schneider P Chad Patrick P Luinder Avila SS Andres Gimenez,,,
1020,5104755635,GuruGreg-K-Zoo (1/2),0,56.05,1B Jake Bauers 2B Brice Turang 3B Kevin McGonigle C Dillon Dingler OF George Springer OF Christian Yelich OF Sal Frelick P Jack Flaherty P Chad Patrick SS Andres Gimenez,,,
1020,5104827223,mikepats,0,56.05,1B Jake Bauers 2B Brice Turang 3B Kevin McGonigle C Dillon Dingler OF George Springer OF Christian Yelich OF Sal Frelick P Jack Flaherty P Chad Patrick SS Andres Gimenez,,,
1022,5104772853,Homer_For_Life (17/20),0,56,1B Vladimir Guerrero Jr. 2B Nick Loftin 3B Kevin McGonigle C Salvador Perez OF George Springer OF Isaac Collins OF Kyle Isbel P Jack Flaherty P Seth Lugo SS Bobby Witt Jr.,,,
1022,5104841963,edwin514 (17/20),0,56,1B Lenyn Sosa 2B Brice Turang 3B Luis Rengifo C William Contreras OF Christian Yelich OF Luisangel Acuna OF Brandon Lockridge P Jack Flaherty P Seth Lugo SS Kevin McGonigle,,,
1024,5104766810,rogs1draft (11/20),0,55.95,1B Vladimir Guerrero Jr. 2B Lenyn Sosa 3B Colson Montgomery C Tyler Heineman OF Tristan Peters OF Luisangel Acuna OF Myles Straw P Dustin May P Mason Fluharty SS Bobby Witt Jr.,,,
1024,5104819022,iGAMBLE (18/20),0,55.95,1B Vladimir Guerrero Jr. 2B Davis Schneider 3B Kazuma Okamoto C Salvador Perez OF Christian Yelich OF Starling Marte OF Kyle Isbel P Dustin May P Mason Fluharty SS Bobby Witt Jr.,,,
1026,5104842017,stag12 (2/2),0,55.65,1B Alec Burleson 2B JJ Wetherholt 3B Maikel Garcia C Salvador Perez OF George Springer OF Christian Yelich OF Austin Hays P Dustin May P Luinder Avila SS Bobby Witt Jr.,,,
1027,5104824984,BullDozier (20/20),0,55.55,1B Alec Burleson 2B Ernie Clement 3B Kazuma Okamoto C Ivan Herrera OF George Springer OF Davis Schneider OF Victor Scott II P Chad Patrick P Dustin May SS Andres Gimenez,,,
1028,5104756608,LOCNOTM (5/20),0,55.5,1B Vladimir Guerrero Jr. 2B Davis Schneider 3B Kazuma Okamoto C Tyler Heineman OF Daulton Varsho OF Starling Marte OF Isaac Collins P Jack Flaherty P Dustin May SS Bobby Witt Jr.,,,
1028,5104778583,superunknowx (8/20),0,55.5,1B Munetaka Murakami 2B Brice Turang 3B Kazuma Okamoto C Reese McGuire OF George Springer OF Christian Yelich OF Daulton Varsho P Jack Flaherty P Dustin May SS Colson Montgomery,,,
1028,5104778593,superunknowx (18/20),0,55.5,1B Vinnie Pasquantino 2B David Hamilton 3B Luis Rengifo C Salvador Perez OF George Springer OF Christian Yelich OF Austin Hays P Jack Flaherty P Dustin May SS Bobby Witt Jr.,,,
1028,5104830076,Jaycee37 (8/10),0,55.5,1B Vinnie Pasquantino 2B Brice Turang 3B David Hamilton C William Contreras OF Christian Yelich OF Davis Schneider OF Brandon Lockridge P Jack Flaherty P Dustin May SS Bobby Witt Jr.,,,
1028,5104838468,Jaycee37 (10/10),0,55.5,1B Vinnie Pasquantino 2B Brice Turang 3B David Hamilton C William Contreras OF Christian Yelich OF Davis Schneider OF Brandon Lockridge P Jack Flaherty P Dustin May SS Bobby Witt Jr.,,,
1033,5104766809,rogs1draft (10/20),0,55.45,1B Munetaka Murakami 2B Chase Meidroth 3B Miguel Vargas C Reese McGuire OF George Springer OF Daulton Varsho OF Austin Hays P Jack Flaherty P Mason Fluharty SS Andres Gimenez,,,
1034,5104752120,Raiderfanatic2195 (15/20),0,55.3,1B Vladimir Guerrero Jr. 2B Brice Turang 3B Kazuma Okamoto C Salvador Perez OF George Springer OF Daulton Varsho OF Starling Marte P Dustin May P Lazaro Estrada SS Bobby Witt Jr.,,,
1035,5104774975,bucs70,0,55.15,1B Vladimir Guerrero Jr. 2B Brice Turang 3B Colt Keith C Reese McGuire OF George Springer OF Christian Yelich OF Thomas Saggese P Jack Flaherty P Luinder Avila SS Bobby Witt Jr.,,,
1035,5104831082,theonefromnc,0,55.15,1B Munetaka Murakami 2B Brice Turang 3B Maikel Garcia C Reese McGuire OF George Springer OF Christian Yelich OF Daulton Varsho P Jack Flaherty P Luinder Avila SS Colson Montgomery,,,
1037,5104778898,tlively13,0,55.05,1B Jake Bauers 2B Brice Turang 3B Maikel Garcia C Dillon Dingler OF Christian Yelich OF Riley Greene OF Sal Frelick P Jack Flaherty P Chad Patrick SS Andres Gimenez,,,
1038,5104756605,LOCNOTM (2/20),0,54.5,1B Vladimir Guerrero Jr. 2B Ernie Clement 3B Maikel Garcia C Tyler Heineman OF George Springer OF Austin Hays OF Myles Straw P Jack Flaherty P Dustin May SS Bobby Witt Jr.,,,
1038,5104756607,LOCNOTM (4/20),0,54.5,1B Munetaka Murakami 2B Chase Meidroth 3B Luis Rengifo C Salvador Perez OF George Springer OF Starling Marte OF Brandon Lockridge P Jack Flaherty P Dustin May SS Bobby Witt Jr.,,,
1038,5104817786,rango9,0,54.5,1B Spencer Torkelson 2B Brice Turang 3B Colt Keith C William Contreras OF George Springer OF Riley Greene OF Parker Meadows P Jack Flaherty P Dustin May SS Kevin McGonigle,,,
1038,5104842375,pat_the_hat2 (3/11),0,54.5,1B Jake Bauers 2B David Hamilton 3B Maikel Garcia C William Contreras OF Christian Yelich OF Sal Frelick OF Isaac Collins P Jack Flaherty P Dustin May SS Colson Montgomery,,,
1038,5104858388,eagles1985 (1/5),0,54.5,1B Vladimir Guerrero Jr. 2B Brice Turang 3B Luis Rengifo C William Contreras OF George Springer OF Christian Yelich OF Brandon Lockridge P Jack Flaherty P Dustin May SS Andres Gimenez,,,
1043,5104791860,SpeedRacer101 (8/20),0,54.25,1B Alec Burleson 2B JJ Wetherholt 3B Nolan Gorman C Pedro Pages OF George Springer OF Sal Frelick OF Victor Scott II P Dustin May P Anthony Kay SS Bobby Witt Jr.,,,
1044,5104813476,Jaycee37 (2/10),0,54.15,1B Colt Keith 2B Brice Turang 3B Maikel Garcia C Dillon Dingler OF George Springer OF Riley Greene OF Kerry Carpenter P Jack Flaherty P Luinder Avila SS Kevin McGonigle,,,
1044,5104830074,Jaycee37 (6/10),0,54.15,1B Colt Keith 2B Brice Turang 3B Maikel Garcia C Dillon Dingler OF George Springer OF Riley Greene OF Kerry Carpenter P Jack Flaherty P Luinder Avila SS Kevin McGonigle,,,
1046,5104789472,plumber7774,0,53.9,1B Vladimir Guerrero Jr. 2B Chase Meidroth 3B Maikel Garcia C Dillon Dingler OF George Springer OF Jac Caglianone OF Kyle Isbel P Luinder Avila P Anthony Kay SS Bobby Witt Jr.,,,
1047,5104784451,EliReasons (8/20),0,53.5,1B Munetaka Murakami 2B Lenyn Sosa 3B Maikel Garcia C Salvador Perez OF George Springer OF Austin Hays OF Starling Marte P Jack Flaherty P Dustin May SS Bobby Witt Jr.,,,
1048,5104841958,edwin514 (12/20),0,53.3,1B Vinnie Pasquantino 2B JJ Wetherholt 3B Maikel Garcia C Salvador Perez OF George Springer OF Nathan Church OF Kyle Isbel P Dustin May P Lazaro Estrada SS Bobby Witt Jr.,,,
1049,5104819010,iGAMBLE (6/20),0,53.25,1B Munetaka Murakami 2B Brice Turang 3B Kazuma Okamoto C Reese McGuire OF Daulton Varsho OF Austin Hays OF Luisangel Acuna P Jack Flaherty P Grant Taylor SS Kevin McGonigle,,,
1050,5104813649,Wizeguy1015,0,53.15,1B Vinnie Pasquantino 2B Brice Turang 3B Maikel Garcia C Dillon Dingler OF Christian Yelich OF Jac Caglianone OF Kyle Isbel P Jack Flaherty P Luinder Avila SS Bobby Witt Jr.,,,
1051,5104784553,Elwaysarmy (11/20),0,52.8,1B Vinnie Pasquantino 2B David Hamilton 3B Maikel Garcia C Salvador Perez OF George Springer OF Jac Caglianone OF Starling Marte P Jack Flaherty P Lazaro Estrada SS Kevin McGonigle,,,
1052,5104831133,JustHeem23 (16/20),0,52.75,1B Vinnie Pasquantino 2B Lenyn Sosa 3B Maikel Garcia C Salvador Perez OF Christian Yelich OF Riley Greene OF Starling Marte P Jack Flaherty P Anthony Kay SS Bobby Witt Jr.,,,
1053,5104778588,superunknowx (13/20),0,52.65,1B Vladimir Guerrero Jr. 2B Chase Meidroth 3B Maikel Garcia C Ivan Herrera OF George Springer OF Austin Hays OF Starling Marte P Dustin May P Luinder Avila SS Bobby Witt Jr.,,,
1054,5104789806,georgejester,0,52.5,1B Lenyn Sosa 2B Chase Meidroth 3B Miguel Vargas C Dillon Dingler OF George Springer OF Christian Yelich OF Riley Greene P Jack Flaherty P Dustin May SS Andres Gimenez,,,
1054,5104824978,BullDozier (14/20),0,52.5,1B Vladimir Guerrero Jr. 2B Lenyn Sosa 3B Kazuma Okamoto C Tyler Heineman OF George Springer OF Davis Schneider OF Tristan Peters P Jack Flaherty P Dustin May SS Bobby Witt Jr.,,,
1054,5104852425,yaopete (15/20),0,52.5,1B Vladimir Guerrero Jr. 2B Davis Schneider 3B Kazuma Okamoto C Salvador Perez OF George Springer OF Isaac Collins OF Myles Straw P Jack Flaherty P Dustin May SS Bobby Witt Jr.,,,
1057,5104793004,NikeGriffin32,0,52.15,1B Vinnie Pasquantino 2B David Hamilton 3B Maikel Garcia C Tyler Heineman OF George Springer OF Christian Yelich OF Jac Caglianone P Jack Flaherty P Luinder Avila SS Bobby Witt Jr.,,,
1058,5104826606,DraftKingsEAD (14/20),0,51.75,1B Jake Bauers 2B Brice Turang 3B Luis Rengifo C Salvador Perez OF Christian Yelich OF Riley Greene OF Sal Frelick P Jack Flaherty P Anthony Kay SS Kevin McGonigle,,,
1059,5104819011,iGAMBLE (7/20),0,51.7,1B Munetaka Murakami 2B Brice Turang 3B Kazuma Okamoto C Salvador Perez OF Jake Bauers OF Starling Marte OF Isaac Collins P Mason Fluharty P Grant Taylor SS Bobby Witt Jr.,,,
1060,5104756618,LOCNOTM (15/20),0,51.5,1B Vinnie Pasquantino 2B Brice Turang 3B Luis Rengifo C William Contreras OF Starling Marte OF Luisangel Acuna OF Brandon Lockridge P Jack Flaherty P Dustin May SS Bobby Witt Jr.,,,
1060,5104756623,LOCNOTM (20/20),0,51.5,1B Vladimir Guerrero Jr. 2B Davis Schneider 3B Kazuma Okamoto C Tyler Heineman OF Christian Yelich OF Sal Frelick OF Starling Marte P Jack Flaherty P Dustin May SS Andres Gimenez,,,
1060,5104813017,mikey.bills (8/20),0,51.5,1B Vladimir Guerrero Jr. 2B Chase Meidroth 3B Ernie Clement C Tyler Heineman OF George Springer OF Daulton Varsho OF Austin Hays P Jack Flaherty P Dustin May SS Colson Montgomery,,,
1060,5104813029,mikey.bills (20/20),0,51.5,1B Vladimir Guerrero Jr. 2B Brice Turang 3B Ernie Clement C Salvador Perez OF Daulton Varsho OF Davis Schneider OF Myles Straw P Jack Flaherty P Dustin May SS Bobby Witt Jr.,,,
1064,5104828887,scrub69 (5/7),0,51.15,1B Vinnie Pasquantino 2B Davis Schneider 3B Maikel Garcia C William Contreras OF George Springer OF Jac Caglianone OF Isaac Collins P Jack Flaherty P Luinder Avila SS Bobby Witt Jr.,,,
1064,5104847470,dmoneysouthside,0,51.15,1B Vladimir Guerrero Jr. 2B Davis Schneider 3B Maikel Garcia C Dillon Dingler OF George Springer OF Riley Greene OF Jake Bauers P Jack Flaherty P Luinder Avila SS Kevin McGonigle,,,
1064,5104852591,IckyBuns,0,51.15,1B Munetaka Murakami 2B Brice Turang 3B Kazuma Okamoto C Salvador Perez OF George Springer OF Austin Hays OF Victor Scott II P Jack Flaherty P Luinder Avila SS Bobby Witt Jr.,,,
1067,5104761509,MaxTheMin (9/20),0,50.9,1B Vinnie Pasquantino 2B Chase Meidroth 3B Maikel Garcia C Ivan Herrera OF George Springer OF Christian Yelich OF Riley Greene P Luinder Avila P Anthony Kay SS Bobby Witt Jr.,,,
1068,5104787873,VariableX (12/20),0,50.8,1B Vinnie Pasquantino 2B Brice Turang 3B Maikel Garcia C Salvador Perez OF George Springer OF Riley Greene OF Isaac Collins P Jack Flaherty P Lazaro Estrada SS Bobby Witt Jr.,,,
1069,5104743706,rickd2424 (2/5),0,50.55,1B Alec Burleson 2B Brice Turang 3B Kazuma Okamoto C Pedro Pages OF Victor Scott II OF Nathan Church OF Thomas Saggese P Chad Patrick P Dustin May SS Bobby Witt Jr.,,,
1070,5104755975,Henry113 (1/10),0,50.5,1B Vladimir Guerrero Jr. 2B Brice Turang 3B Luis Rengifo C William Contreras OF George Springer OF Daulton Varsho OF Davis Schneider P Jack Flaherty P Dustin May SS Andres Gimenez,,,
1070,5104755976,Henry113 (2/10),0,50.5,1B Vladimir Guerrero Jr. 2B Brice Turang 3B Luis Rengifo C William Contreras OF George Springer OF Daulton Varsho OF Davis Schneider P Jack Flaherty P Dustin May SS Andres Gimenez,,,
1070,5104755977,Henry113 (3/10),0,50.5,1B Vladimir Guerrero Jr. 2B Brice Turang 3B Luis Rengifo C William Contreras OF George Springer OF Daulton Varsho OF Davis Schneider P Jack Flaherty P Dustin May SS Andres Gimenez,,,
1070,5104755978,Henry113 (4/10),0,50.5,1B Vladimir Guerrero Jr. 2B Brice Turang 3B Luis Rengifo C William Contreras OF George Springer OF Daulton Varsho OF Davis Schneider P Jack Flaherty P Dustin May SS Andres Gimenez,,,
1070,5104755979,Henry113 (5/10),0,50.5,1B Vladimir Guerrero Jr. 2B Brice Turang 3B Luis Rengifo C William Contreras OF George Springer OF Daulton Varsho OF Davis Schneider P Jack Flaherty P Dustin May SS Andres Gimenez,,,
1070,5104755980,Henry113 (6/10),0,50.5,1B Vladimir Guerrero Jr. 2B Brice Turang 3B Luis Rengifo C William Contreras OF George Springer OF Daulton Varsho OF Davis Schneider P Jack Flaherty P Dustin May SS Andres Gimenez,,,
1070,5104755981,Henry113 (7/10),0,50.5,1B Vladimir Guerrero Jr. 2B Brice Turang 3B Luis Rengifo C William Contreras OF George Springer OF Daulton Varsho OF Davis Schneider P Jack Flaherty P Dustin May SS Andres Gimenez,,,
1070,5104755982,Henry113 (8/10),0,50.5,1B Vladimir Guerrero Jr. 2B Brice Turang 3B Luis Rengifo C William Contreras OF George Springer OF Daulton Varsho OF Davis Schneider P Jack Flaherty P Dustin May SS Andres Gimenez,,,
1070,5104755983,Henry113 (9/10),0,50.5,1B Vladimir Guerrero Jr. 2B Brice Turang 3B Luis Rengifo C William Contreras OF George Springer OF Daulton Varsho OF Davis Schneider P Jack Flaherty P Dustin May SS Andres Gimenez,,,
1070,5104755984,Henry113 (10/10),0,50.5,1B Vladimir Guerrero Jr. 2B Brice Turang 3B Luis Rengifo C William Contreras OF George Springer OF Daulton Varsho OF Davis Schneider P Jack Flaherty P Dustin May SS Andres Gimenez,,,
1070,5104821642,dmann8888 (4/20),0,50.5,1B Vinnie Pasquantino 2B Luisangel Acuna 3B Miguel Vargas C Reese McGuire OF Daulton Varsho OF Starling Marte OF Tristan Peters P Jack Flaherty P Dustin May SS Bobby Witt Jr.,,,
1070,5104826009,bookert21 (4/20),0,50.5,1B Vladimir Guerrero Jr. 2B David Hamilton 3B Kazuma Okamoto C Tyler Heineman OF George Springer OF Christian Yelich OF Austin Hays P Jack Flaherty P Dustin May SS Andres Gimenez,,,
1070,5104852417,yaopete (7/20),0,50.5,1B Vladimir Guerrero Jr. 2B Brice Turang 3B Luis Rengifo C William Contreras OF George Springer OF Daulton Varsho OF Davis Schneider P Jack Flaherty P Dustin May SS Andres Gimenez,,,
1083,5104752110,Raiderfanatic2195 (5/20),0,50.3,1B Vladimir Guerrero Jr. 2B Brice Turang 3B Kazuma Okamoto C Salvador Perez OF George Springer OF Daulton Varsho OF Victor Scott II P Dustin May P Lazaro Estrada SS Bobby Witt Jr.,,,
1084,5104831132,JustHeem23 (15/20),0,50.25,1B Alec Burleson 2B David Hamilton 3B Maikel Garcia C Salvador Perez OF Christian Yelich OF Sal Frelick OF Isaac Collins P Dustin May P Anthony Kay SS Bobby Witt Jr.,,,
1085,5104781068,BoomerTesch,0,50.15,1B Spencer Torkelson 2B JJ Wetherholt 3B Colt Keith C Salvador Perez OF George Springer OF Christian Yelich OF Riley Greene P Jack Flaherty P Luinder Avila SS Andres Gimenez,,,
1085,5104822653,Marcosamparo (17/20),0,50.15,1B Colt Keith 2B Ernie Clement 3B Kazuma Okamoto C Dillon Dingler OF Daulton Varsho OF Riley Greene OF Parker Meadows P Jack Flaherty P Luinder Avila SS Andres Gimenez,,,
1087,5104841961,edwin514 (15/20),0,50,1B Vladimir Guerrero Jr. 2B Chase Meidroth 3B Ernie Clement C William Contreras OF Daulton Varsho OF Luisangel Acuna OF Brandon Lockridge P Jack Flaherty P Seth Lugo SS Kevin McGonigle,,,
1088,5104805942,Gerfdawg,0,49.9,1B Munetaka Murakami 2B Brice Turang 3B David Hamilton C Salvador Perez OF Christian Yelich OF Austin Hays OF Kyle Isbel P Luinder Avila P Anthony Kay SS Andres Gimenez,,,
1089,5104841952,edwin514 (6/20),0,49.75,1B Jake Bauers 2B Nick Loftin 3B Kevin McGonigle C Salvador Perez OF Sal Frelick OF Starling Marte OF Kyle Isbel P Jack Flaherty P Anthony Kay SS Bobby Witt Jr.,,,
1090,5104809222,newguy2015 (10/14),0,49.65,1B Alec Burleson 2B JJ Wetherholt 3B Colson Montgomery C Pedro Pages OF George Springer OF Daulton Varsho OF Myles Straw P Dustin May P Luinder Avila SS Andres Gimenez,,,
1091,5104756621,LOCNOTM (18/20),0,49.5,1B Vinnie Pasquantino 2B Lenyn Sosa 3B Miguel Vargas C Salvador Perez OF George Springer OF Daulton Varsho OF Tristan Peters P Jack Flaherty P Dustin May SS Bobby Witt Jr.,,,
1091,5104757151,godnref (11/20),0,49.5,1B Vladimir Guerrero Jr. 2B Nick Loftin 3B Maikel Garcia C Tyler Heineman OF Daulton Varsho OF Starling Marte OF Isaac Collins P Jack Flaherty P Dustin May SS Bobby Witt Jr.,,,
1091,5104779476,teamlindsay,0,49.5,1B Vinnie Pasquantino 2B Brice Turang 3B Maikel Garcia C William Contreras OF Christian Yelich OF Daulton Varsho OF Riley Greene P Chad Patrick P Mason Fluharty SS Andres Gimenez,,,
1091,5104787876,VariableX (15/20),0,49.5,1B Vladimir Guerrero Jr. 2B Davis Schneider 3B Kazuma Okamoto C Reese McGuire OF George Springer OF Daulton Varsho OF Brandon Lockridge P Jack Flaherty P Dustin May SS Bobby Witt Jr.,,,
1091,5104791855,SpeedRacer101 (3/20),0,49.5,1B Vladimir Guerrero Jr. 2B Brice Turang 3B Luis Rengifo C Tyler Heineman OF George Springer OF Austin Hays OF Davis Schneider P Jack Flaherty P Dustin May SS Andres Gimenez,,,
1091,5104813013,mikey.bills (4/20),0,49.5,1B Vladimir Guerrero Jr. 2B Lenyn Sosa 3B Ernie Clement C Reese McGuire OF George Springer OF Daulton Varsho OF Myles Straw P Jack Flaherty P Dustin May SS Bobby Witt Jr.,,,
1097,5104815245,Deftones5678 (1/3),0,49.25,1B Vinnie Pasquantino 2B Brice Turang 3B Maikel Garcia C Ivan Herrera OF George Springer OF Christian Yelich OF Kyle Isbel P Dustin May P Anthony Kay SS Bobby Witt Jr.,,,
1097,5104819007,iGAMBLE (3/20),0,49.25,1B Vinnie Pasquantino 2B Brice Turang 3B Maikel Garcia C Salvador Perez OF George Springer OF Christian Yelich OF Davis Schneider P Jack Flaherty P Grant Taylor SS Bobby Witt Jr.,,,
1099,5104826424,negraf (9/20),0,49.199997,1B Alec Burleson 2B Luisangel Acuna 3B Kevin McGonigle C Ivan Herrera OF Victor Scott II OF Tristan Peters OF Thomas Saggese P Chad Patrick P Luinder Avila SS Andres Gimenez,,,
1100,5104756835,neterka,0,49.15,1B Vinnie Pasquantino 2B Brice Turang 3B Colt Keith C Dillon Dingler OF George Springer OF Riley Greene OF Kyle Isbel P Jack Flaherty P Luinder Avila SS Bobby Witt Jr.,,,
1101,5104787866,VariableX (5/20),0,48.75,1B Lenyn Sosa 2B Chase Meidroth 3B Maikel Garcia C Salvador Perez OF Christian Yelich OF Jac Caglianone OF Jake Bauers P Jack Flaherty P Anthony Kay SS Bobby Witt Jr.,,,
1102,5104813018,mikey.bills (9/20),0,48.5,1B Vladimir Guerrero Jr. 2B David Hamilton 3B Kazuma Okamoto C Tyler Heineman OF Christian Yelich OF Daulton Varsho OF Sal Frelick P Jack Flaherty P Dustin May SS Andres Gimenez,,,
1102,5104822649,Marcosamparo (13/20),0,48.5,1B Jake Bauers 2B David Hamilton 3B Luis Rengifo C Salvador Perez OF Starling Marte OF Kyle Isbel OF Brandon Lockridge P Jack Flaherty P Dustin May SS Bobby Witt Jr.,,,
1102,5104853785,Mrrodshaun516 (15/20),0,48.5,1B Vladimir Guerrero Jr. 2B Ernie Clement 3B Luis Rengifo C William Contreras OF George Springer OF Daulton Varsho OF Jake Bauers P Jack Flaherty P Dustin May SS Joey Ortiz,,,
1105,5104844368,kenielsen2,0,48.199997,1B Vinnie Pasquantino 2B Brice Turang 3B Maikel Garcia C Dillon Dingler OF George Springer OF Christian Yelich OF Jac Caglianone P Chad Patrick P Luinder Avila SS Andres Gimenez,,,
1106,5104826418,negraf (3/20),0,48.15,1B Colt Keith 2B Chase Meidroth 3B Kevin McGonigle C Dillon Dingler OF George Springer OF Isaac Collins OF Luisangel Acuna P Jack Flaherty P Luinder Avila SS Colson Montgomery,,,
1107,5104793356,mbobos (2/2),0,47.75,1B Jake Bauers 2B Brice Turang 3B Kazuma Okamoto C Dillon Dingler OF George Springer OF Christian Yelich OF Riley Greene P Jack Flaherty P Anthony Kay SS Kevin McGonigle,,,
1108,5104815687,tedsellers86 (2/2),0,47.65,1B Vladimir Guerrero Jr. 2B Ernie Clement 3B Kazuma Okamoto C Salvador Perez OF George Springer OF Starling Marte OF Davis Schneider P Dustin May P Luinder Avila SS Bobby Witt Jr.,,,
1109,5104791862,SpeedRacer101 (10/20),0,47.5,1B Vladimir Guerrero Jr. 2B Brice Turang 3B Luis Rengifo C Tyler Heineman OF George Springer OF Sal Frelick OF Davis Schneider P Jack Flaherty P Dustin May SS Andres Gimenez,,,
1109,5104813011,mikey.bills (2/20),0,47.5,1B Vladimir Guerrero Jr. 2B Ernie Clement 3B Maikel Garcia C Tyler Heineman OF George Springer OF Tristan Peters OF Myles Straw P Jack Flaherty P Dustin May SS Bobby Witt Jr.,,,
1109,5104821644,dmann8888 (6/20),0,47.5,1B Munetaka Murakami 2B Lenyn Sosa 3B Kazuma Okamoto C Tyler Heineman OF George Springer OF Austin Hays OF Davis Schneider P Jack Flaherty P Dustin May SS Andres Gimenez,,,
1109,5104824981,BullDozier (17/20),0,47.5,1B Vladimir Guerrero Jr. 2B Chase Meidroth 3B Kazuma Okamoto C Salvador Perez OF Daulton Varsho OF Starling Marte OF Myles Straw P Jack Flaherty P Dustin May SS Bobby Witt Jr.,,,
1109,5104846888,Sweetleaf22 (2/3),0,47.5,1B Vinnie Pasquantino 2B David Hamilton 3B Kazuma Okamoto C Dillon Dingler OF Christian Yelich OF Daulton Varsho OF Tristan Peters P Jack Flaherty P Dustin May SS Bobby Witt Jr.,,,
1114,5104826021,bookert21 (16/20),0,47.25,1B Alec Burleson 2B Brice Turang 3B Maikel Garcia C Salvador Perez OF Christian Yelich OF Austin Hays OF Brandon Lockridge P Dustin May P Anthony Kay SS Bobby Witt Jr.,,,
1115,5104798493,FlameThrower4 (10/20),0,46.55,1B Jake Bauers 2B Brice Turang 3B David Hamilton C William Contreras OF George Springer OF Christian Yelich OF Daulton Varsho P Chad Patrick P Dustin May SS Andres Gimenez,,,
1116,5104756609,LOCNOTM (6/20),0,46.5,1B Vinnie Pasquantino 2B Brice Turang 3B Luis Rengifo C Salvador Perez OF Sal Frelick OF Starling Marte OF Kyle Isbel P Jack Flaherty P Dustin May SS Bobby Witt Jr.,,,
1117,5104841966,edwin514 (20/20),0,46.25,1B Jake Bauers 2B JJ Wetherholt 3B Maikel Garcia C Salvador Perez OF Jac Caglianone OF Nathan Church OF Nick Loftin P Dustin May P Anthony Kay SS Bobby Witt Jr.,,,
1118,5104826419,negraf (4/20),0,46.199997,1B Lenyn Sosa 2B Luisangel Acuna 3B Maikel Garcia C Salvador Perez OF Isaac Collins OF Victor Scott II OF Nick Loftin P Chad Patrick P Luinder Avila SS Bobby Witt Jr.,,,
1119,5104859404,BudAdd,0,46.15,1B Lenyn Sosa 2B Nolan Gorman 3B Colt Keith C Salvador Perez OF George Springer OF Riley Greene OF Kerry Carpenter P Jack Flaherty P Luinder Avila SS Andres Gimenez,,,
1120,5104784462,EliReasons (19/20),0,45.75,1B Vinnie Pasquantino 2B Brice Turang 3B Maikel Garcia C Salvador Perez OF Christian Yelich OF Jake Bauers OF Starling Marte P Jack Flaherty P Anthony Kay SS Bobby Witt Jr.,,,
1120,5104831094,Patrick_Star (11/20),0,45.75,1B Vinnie Pasquantino 2B Lenyn Sosa 3B Maikel Garcia C Salvador Perez OF George Springer OF Austin Hays OF Starling Marte P Jack Flaherty P Anthony Kay SS Bobby Witt Jr.,,,
1122,5104826428,negraf (13/20),0,45.55,1B Vinnie Pasquantino 2B Nick Loftin 3B Maikel Garcia C Pedro Pages OF Jac Caglianone OF Starling Marte OF Victor Scott II P Chad Patrick P Dustin May SS Kevin McGonigle,,,
1123,5104778595,superunknowx (20/20),0,45.5,1B Vladimir Guerrero Jr. 2B Davis Schneider 3B Maikel Garcia C Salvador Perez OF Christian Yelich OF Daulton Varsho OF Jac Caglianone P Jack Flaherty P Dustin May SS Andres Gimenez,,,
1123,5104803724,newguy2015 (5/14),0,45.5,1B Munetaka Murakami 2B Lenyn Sosa 3B Colson Montgomery C Salvador Perez OF George Springer OF Daulton Varsho OF Jake Bauers P Jack Flaherty P Dustin May SS Andres Gimenez,,,
1125,5104797741,Hartert55,0,45.45,1B Vladimir Guerrero Jr. 2B Brice Turang 3B Kevin McGonigle C Tyler Heineman OF George Springer OF Christian Yelich OF Daulton Varsho P Jack Flaherty P Mason Fluharty SS Andres Gimenez,,,
1126,5104826422,negraf (7/20),0,45.15,1B Colt Keith 2B Lenyn Sosa 3B Maikel Garcia C Salvador Perez OF George Springer OF Jac Caglianone OF Luisangel Acuna P Jack Flaherty P Luinder Avila SS Bobby Witt Jr.,,,
1127,5104766806,rogs1draft (7/20),0,44.45,1B Jake Bauers 2B Brice Turang 3B David Hamilton C Salvador Perez OF Sal Frelick OF Jac Caglianone OF Brandon Lockridge P Jack Flaherty P Mason Fluharty SS Bobby Witt Jr.,,,
1128,5104858227,Sweetleaf22 (3/3),0,44.15,1B Vinnie Pasquantino 2B Chase Meidroth 3B Maikel Garcia C William Contreras OF Riley Greene OF Sal Frelick OF Nathan Church P Jack Flaherty P Luinder Avila SS Bobby Witt Jr.,,,
1129,5104766814,rogs1draft (15/20),0,43.65,1B Jake Bauers 2B Brice Turang 3B David Hamilton C Ivan Herrera OF Sal Frelick OF Kerry Carpenter OF Brandon Lockridge P Dustin May P Luinder Avila SS Andres Gimenez,,,
1130,5104757146,godnref (6/20),0,43.5,1B Vladimir Guerrero Jr. 2B Brice Turang 3B Kazuma Okamoto C Tyler Heineman OF Christian Yelich OF Daulton Varsho OF Sal Frelick P Jack Flaherty P Dustin May SS Andres Gimenez,,,
1130,5104824970,BullDozier (6/20),0,43.5,1B Jake Bauers 2B David Hamilton 3B Maikel Garcia C Salvador Perez OF Christian Yelich OF Sal Frelick OF Brandon Lockridge P Jack Flaherty P Dustin May SS Bobby Witt Jr.,,,
1132,5104841956,edwin514 (10/20),0,43.25,1B Jake Bauers 2B Nick Loftin 3B David Hamilton C Salvador Perez OF Sal Frelick OF Jac Caglianone OF Starling Marte P Dustin May P Anthony Kay SS Bobby Witt Jr.,,,
1133,5104826416,negraf (1/20),0,43.15,1B Munetaka Murakami 2B Chase Meidroth 3B Maikel Garcia C Dillon Dingler OF Riley Greene OF Starling Marte OF Luisangel Acuna P Jack Flaherty P Luinder Avila SS Andres Gimenez,,,
1134,5104852422,yaopete (12/20),0,42.65,1B Vladimir Guerrero Jr. 2B Davis Schneider 3B Ernie Clement C Salvador Perez OF George Springer OF Daulton Varsho OF Isaac Collins P Dustin May P Luinder Avila SS Bobby Witt Jr.,,,
1135,5104787878,VariableX (17/20),0,42.5,1B Jake Bauers 2B Brice Turang 3B Luis Rengifo C William Contreras OF George Springer OF Christian Yelich OF Myles Straw P Jack Flaherty P Dustin May SS Andres Gimenez,,,
1135,5104852430,yaopete (20/20),0,42.5,1B Vinnie Pasquantino 2B Ernie Clement 3B Kazuma Okamoto C Salvador Perez OF Daulton Varsho OF Jac Caglianone OF Starling Marte P Jack Flaherty P Dustin May SS Bobby Witt Jr.,,,
1137,5104819008,iGAMBLE (4/20),0,42.45,1B Vinnie Pasquantino 2B Brice Turang 3B Kazuma Okamoto C Salvador Perez OF George Springer OF Christian Yelich OF Isaac Collins P Jack Flaherty P Mason Fluharty SS Bobby Witt Jr.,,,
1138,5104841959,edwin514 (13/20),0,42.3,1B Vinnie Pasquantino 2B Ernie Clement 3B Maikel Garcia C Salvador Perez OF George Springer OF Nathan Church OF Kyle Isbel P Dustin May P Lazaro Estrada SS Bobby Witt Jr.,,,
1138,5104841960,edwin514 (14/20),0,42.3,1B Vinnie Pasquantino 2B Ernie Clement 3B Maikel Garcia C Salvador Perez OF George Springer OF Daulton Varsho OF Kyle Isbel P Dustin May P Lazaro Estrada SS Bobby Witt Jr.,,,
1140,5104845028,ababyxo,0,42.15,1B Colt Keith 2B Chase Meidroth 3B Kazuma Okamoto C William Contreras OF George Springer OF Daulton Varsho OF Riley Greene P Jack Flaherty P Luinder Avila SS Kevin McGonigle,,,
1141,5104841950,edwin514 (4/20),0,42,1B Lenyn Sosa 2B Chase Meidroth 3B Colt Keith C Salvador Perez OF Austin Hays OF Tristan Peters OF Luisangel Acuna P Jack Flaherty P Seth Lugo SS Bobby Witt Jr.,,,
1142,5104831124,JustHeem23 (7/20),0,41.9,1B Alec Burleson 2B Nolan Gorman 3B Maikel Garcia C Salvador Perez OF Daulton Varsho OF Starling Marte OF Isaac Collins P Luinder Avila P Anthony Kay SS Bobby Witt Jr.,,,
1143,5104757152,godnref (12/20),0,41.25,1B Alec Burleson 2B Brice Turang 3B Nolan Gorman C Salvador Perez OF Christian Yelich OF Jake Bauers OF Thomas Saggese P Dustin May P Anthony Kay SS Bobby Witt Jr.,,,
1144,5104778365,brodd4,0,41.15,1B Munetaka Murakami 2B Brice Turang 3B Maikel Garcia C Dillon Dingler OF George Springer OF Daulton Varsho OF Riley Greene P Jack Flaherty P Luinder Avila SS Andres Gimenez,,,
1144,5104821651,dmann8888 (13/20),0,41.15,1B Vladimir Guerrero Jr. 2B Lenyn Sosa 3B Kazuma Okamoto C Tyler Heineman OF George Springer OF Isaac Collins OF Nick Loftin P Jack Flaherty P Luinder Avila SS Andres Gimenez,,,
1144,5104851933,pathskins (6/6),0,41.15,1B Vinnie Pasquantino 2B Chase Meidroth 3B Miguel Vargas C Salvador Perez OF George Springer OF Tristan Peters OF Luisangel Acuna P Jack Flaherty P Luinder Avila SS Kevin McGonigle,,,
1147,5104756616,LOCNOTM (13/20),0,40.5,1B Vinnie Pasquantino 2B Ernie Clement 3B Luis Rengifo C Tyler Heineman OF George Springer OF Christian Yelich OF Myles Straw P Jack Flaherty P Dustin May SS Andres Gimenez,,,
1147,5104841964,edwin514 (18/20),0,40.5,1B Jake Bauers 2B JJ Wetherholt 3B Maikel Garcia C Salvador Perez OF Starling Marte OF Nathan Church OF Nick Loftin P Dustin May P Seth Lugo SS Bobby Witt Jr.,,,
1149,5104821982,bucsnpucks9 (1/2),0,39.9,1B Vinnie Pasquantino 2B Brice Turang 3B Kazuma Okamoto C Salvador Perez OF George Springer OF Christian Yelich OF Isaac Collins P Luinder Avila P Anthony Kay SS Bobby Witt Jr.,,,
1149,5104831653,bucsnpucks9 (2/2),0,39.9,1B Vinnie Pasquantino 2B Brice Turang 3B Kazuma Okamoto C Salvador Perez OF George Springer OF Christian Yelich OF Isaac Collins P Luinder Avila P Anthony Kay SS Bobby Witt Jr.,,,
1151,5104813014,mikey.bills (5/20),0,39.5,1B Vinnie Pasquantino 2B Lenyn Sosa 3B Kazuma Okamoto C Tyler Heineman OF George Springer OF Daulton Varsho OF Myles Straw P Jack Flaherty P Dustin May SS Bobby Witt Jr.,,,
1151,5104879250,Ctracefan (10/12),0,39.5,1B Vinnie Pasquantino 2B Luisangel Acuna 3B Maikel Garcia C Salvador Perez OF George Springer OF Jac Caglianone OF Davis Schneider P Jack Flaherty P Dustin May SS Bobby Witt Jr.,,,
1153,5104791861,SpeedRacer101 (9/20),0,39.25,1B Vinnie Pasquantino 2B JJ Wetherholt 3B Maikel Garcia C Salvador Perez OF Victor Scott II OF Nathan Church OF Nick Loftin P Dustin May P Anthony Kay SS Bobby Witt Jr.,,,
1154,5104826423,negraf (8/20),0,39.15,1B Colt Keith 2B Ernie Clement 3B Kazuma Okamoto C Salvador Perez OF Jac Caglianone OF Starling Marte OF Kyle Isbel P Jack Flaherty P Luinder Avila SS Andres Gimenez,,,
1155,5104810055,MEDMAN,0,38.95,1B Vinnie Pasquantino 2B Brice Turang 3B Colt Keith C Pedro Pages OF George Springer OF Christian Yelich OF Daulton Varsho P Dustin May P Mason Fluharty SS Bobby Witt Jr.,,,
1156,5104766929,tigersforlife3 (3/6),0,38.5,1B Colt Keith 2B Brice Turang 3B Kevin McGonigle C William Contreras OF George Springer OF Daulton Varsho OF Jac Caglianone P Jack Flaherty P Dustin May SS Andres Gimenez,,,
1156,5104766932,tigersforlife3 (6/6),0,38.5,1B Colt Keith 2B Brice Turang 3B Kevin McGonigle C William Contreras OF George Springer OF Daulton Varsho OF Jac Caglianone P Jack Flaherty P Dustin May SS Andres Gimenez,,,
1156,5104791859,SpeedRacer101 (7/20),0,38.5,1B Vladimir Guerrero Jr. 2B Chase Meidroth 3B Kazuma Okamoto C Tyler Heineman OF Austin Hays OF Davis Schneider OF Tristan Peters P Jack Flaherty P Dustin May SS Andres Gimenez,,,
1156,5104813010,mikey.bills (1/20),0,38.5,1B Vinnie Pasquantino 2B Davis Schneider 3B Ernie Clement C Salvador Perez OF George Springer OF Daulton Varsho OF Myles Straw P Jack Flaherty P Dustin May SS Bobby Witt Jr.,,,
1160,5104781056,PetePeterson,0,37.9,1B Vinnie Pasquantino 2B Brice Turang 3B Maikel Garcia C Dillon Dingler OF Daulton Varsho OF Riley Greene OF Jake Bauers P Luinder Avila P Anthony Kay SS Bobby Witt Jr.,,,
1161,5104756613,LOCNOTM (10/20),0,37.5,1B Jake Bauers 2B Brice Turang 3B Luis Rengifo C William Contreras OF George Springer OF Sal Frelick OF Myles Straw P Jack Flaherty P Dustin May SS Andres Gimenez,,,
1161,5104795587,bledsoe2002 (1/2),0,37.5,1B Vladimir Guerrero Jr. 2B Lenyn Sosa 3B Kazuma Okamoto C Reese McGuire OF George Springer OF Daulton Varsho OF Austin Hays P Jack Flaherty P Dustin May SS Andres Gimenez,,,
1161,5104813019,mikey.bills (10/20),0,37.5,1B Vinnie Pasquantino 2B Ernie Clement 3B Kazuma Okamoto C Salvador Perez OF George Springer OF Starling Marte OF Isaac Collins P Jack Flaherty P Dustin May SS Bobby Witt Jr.,,,
1161,5104842377,pat_the_hat2 (5/11),0,37.5,1B Vinnie Pasquantino 2B Nick Loftin 3B Maikel Garcia C Salvador Perez OF Daulton Varsho OF Austin Hays OF Myles Straw P Jack Flaherty P Dustin May SS Bobby Witt Jr.,,,
1165,5104752117,Raiderfanatic2195 (12/20),0,37.25,1B Vinnie Pasquantino 2B Brice Turang 3B Maikel Garcia C Salvador Perez OF Christian Yelich OF Sal Frelick OF Brandon Lockridge P Dustin May P Anthony Kay SS Bobby Witt Jr.,,,
1166,5104757147,godnref (7/20),0,36.5,1B Vinnie Pasquantino 2B Ernie Clement 3B Maikel Garcia C Salvador Perez OF George Springer OF Starling Marte OF Myles Straw P Jack Flaherty P Dustin May SS Bobby Witt Jr.,,,
1166,5104851208,137666 (3/3),0,36.5,1B Lenyn Sosa 2B Chase Meidroth 3B Maikel Garcia C Salvador Perez OF Daulton Varsho OF Riley Greene OF Starling Marte P Jack Flaherty P Dustin May SS Colson Montgomery,,,
1168,5104752124,Raiderfanatic2195 (19/20),0,36.25,1B Vinnie Pasquantino 2B Brice Turang 3B Maikel Garcia C Salvador Perez OF Christian Yelich OF Sal Frelick OF Jake Bauers P Dustin May P Anthony Kay SS Bobby Witt Jr.,,,
1168,5104841954,edwin514 (8/20),0,36.25,1B Jake Bauers 2B Nick Loftin 3B Maikel Garcia C Salvador Perez OF Sal Frelick OF Jac Caglianone OF Luisangel Acuna P Dustin May P Anthony Kay SS Bobby Witt Jr.,,,
1170,5104833104,WOODATAYLOR,0,36.15,1B Vinnie Pasquantino 2B Ernie Clement 3B Maikel Garcia C Salvador Perez OF George Springer OF Daulton Varsho OF Myles Straw P Jack Flaherty P Luinder Avila SS Bobby Witt Jr.,,,
1171,5104756614,LOCNOTM (11/20),0,35.5,1B Vinnie Pasquantino 2B Davis Schneider 3B Maikel Garcia C Salvador Perez OF George Springer OF Jake Bauers OF Kyle Isbel P Jack Flaherty P Dustin May SS Bobby Witt Jr.,,,
1171,5104787867,VariableX (6/20),0,35.5,1B Vladimir Guerrero Jr. 2B Brice Turang 3B Ernie Clement C Salvador Perez OF Daulton Varsho OF Sal Frelick OF Myles Straw P Jack Flaherty P Dustin May SS Andres Gimenez,,,
1173,5104757158,godnref (18/20),0,34.5,1B Lenyn Sosa 2B Chase Meidroth 3B Maikel Garcia C Salvador Perez OF George Springer OF Jac Caglianone OF Isaac Collins P Jack Flaherty P Dustin May SS Bobby Witt Jr.,,,
1174,5104848598,elchispon,0,34.15,1B Vinnie Pasquantino 2B Luisangel Acuna 3B Maikel Garcia C Salvador Perez OF George Springer OF Daulton Varsho OF Starling Marte P Jack Flaherty P Luinder Avila SS Bobby Witt Jr.,,,
1175,5104765774,Edub_76 (1/4),0,33.65,1B Jake Bauers 2B Brice Turang 3B Kazuma Okamoto C Salvador Perez OF Christian Yelich OF Daulton Varsho OF Sal Frelick P Dustin May P Luinder Avila SS Bobby Witt Jr.,,,
1176,5104841955,edwin514 (9/20),0,33.25,1B Jake Bauers 2B Nick Loftin 3B Maikel Garcia C Salvador Perez OF Sal Frelick OF Starling Marte OF Luisangel Acuna P Dustin May P Anthony Kay SS Bobby Witt Jr.,,,
1177,5104852418,yaopete (8/20),0,32.65,1B Vinnie Pasquantino 2B Ernie Clement 3B Kazuma Okamoto C Salvador Perez OF Daulton Varsho OF Starling Marte OF Myles Straw P Dustin May P Luinder Avila SS Bobby Witt Jr.,,,
1178,5104858389,eagles1985 (2/5),0,32.5,1B Lenyn Sosa 2B Nick Loftin 3B Maikel Garcia C Salvador Perez OF George Springer OF Daulton Varsho OF Isaac Collins P Jack Flaherty P Dustin May SS Bobby Witt Jr.,,,
1179,5104798494,FlameThrower4 (11/20),0,31.65,1B Vinnie Pasquantino 2B Davis Schneider 3B Maikel Garcia C Salvador Perez OF George Springer OF Daulton Varsho OF Jac Caglianone P Dustin May P Luinder Avila SS Bobby Witt Jr.,,,
1180,5104791863,SpeedRacer101 (11/20),0,31.5,1B Vinnie Pasquantino 2B Chase Meidroth 3B Maikel Garcia C Salvador Perez OF George Springer OF Starling Marte OF Myles Straw P Jack Flaherty P Dustin May SS Bobby Witt Jr.,,,
1180,5104824971,BullDozier (7/20),0,31.5,1B Vladimir Guerrero Jr. 2B Ernie Clement 3B Maikel Garcia C Salvador Perez OF George Springer OF Daulton Varsho OF Nick Loftin P Jack Flaherty P Dustin May SS Andres Gimenez,,,
1182,5104852426,yaopete (16/20),0,30.65,1B Vinnie Pasquantino 2B Ernie Clement 3B Kazuma Okamoto C Salvador Perez OF Daulton Varsho OF Starling Marte OF Isaac Collins P Dustin May P Luinder Avila SS Bobby Witt Jr.,,,
1183,5104824966,BullDozier (2/20),0,30.5,1B Vladimir Guerrero Jr. 2B Chase Meidroth 3B Kazuma Okamoto C Reese McGuire OF Daulton Varsho OF Austin Hays OF Tristan Peters P Jack Flaherty P Dustin May SS Andres Gimenez,,,
1184,5104841953,edwin514 (7/20),0,30.25,1B Jake Bauers 2B Nick Loftin 3B Maikel Garcia C Salvador Perez OF Sal Frelick OF Starling Marte OF Tristan Peters P Dustin May P Anthony Kay SS Bobby Witt Jr.,,,
1185,5104772850,Homer_For_Life (14/20),0,30,1B Vinnie Pasquantino 2B Nick Loftin 3B Maikel Garcia C Salvador Perez OF George Springer OF Daulton Varsho OF Starling Marte P Jack Flaherty P Seth Lugo SS Kevin McGonigle,,,
1186,5104869290,Tubaguy1970,0,29.65,1B Vladimir Guerrero Jr. 2B Chase Meidroth 3B Maikel Garcia C Salvador Perez OF George Springer OF Victor Scott II OF Nathan Church P Dustin May P Luinder Avila SS Bobby Witt Jr.,,,
1187,5104841957,edwin514 (11/20),0,29.5,1B Lenyn Sosa 2B Nick Loftin 3B Maikel Garcia C Salvador Perez OF George Springer OF Nathan Church OF Kyle Isbel P Dustin May P Seth Lugo SS Bobby Witt Jr.,,,
1188,5104826430,negraf (15/20),0,28.15,1B Vinnie Pasquantino 2B Lenyn Sosa 3B Maikel Garcia C Reese McGuire OF George Springer OF Isaac Collins OF Luisangel Acuna P Jack Flaherty P Luinder Avila SS Kevin McGonigle,,,
1189,5104766815,rogs1draft (16/20),0,23.75,1B Spencer Torkelson 2B Nick Loftin 3B Kazuma Okamoto C Tyler Heineman OF Daulton Varsho OF Sal Frelick OF Victor Scott II P Dustin May P Grant Taylor SS Andres Gimenez,,,
